site,year,month,day,fin,blue,ship,wind
H,2006,1,15,NaN,NaN,NaN,NaN
H,2006,1,16,NaN,NaN,NaN,NaN
H,2006,1,17,NaN,NaN,NaN,NaN
H,2006,1,18,NaN,NaN,NaN,NaN
H,2006,1,19,NaN,NaN,NaN,NaN
H,2006,1,20,NaN,NaN,NaN,NaN
H,2006,1,21,NaN,NaN,NaN,NaN
H,2006,1,22,NaN,NaN,NaN,NaN
H,2006,1,23,NaN,NaN,NaN,NaN
H,2006,1,24,NaN,NaN,NaN,NaN
H,2006,1,25,NaN,NaN,NaN,NaN
H,2006,1,26,NaN,NaN,NaN,NaN
H,2006,1,27,NaN,NaN,NaN,NaN
H,2006,1,28,NaN,NaN,NaN,NaN
H,2006,1,29,NaN,NaN,NaN,NaN
H,2006,1,30,NaN,NaN,NaN,NaN
H,2006,1,31,NaN,NaN,NaN,NaN
H,2006,2,1,NaN,NaN,NaN,NaN
H,2006,2,2,NaN,NaN,NaN,NaN
H,2006,2,3,NaN,NaN,NaN,NaN
H,2006,2,4,NaN,NaN,NaN,NaN
H,2006,2,5,NaN,NaN,NaN,NaN
H,2006,2,6,NaN,NaN,NaN,NaN
H,2006,2,7,NaN,NaN,NaN,NaN
H,2006,2,8,NaN,NaN,NaN,NaN
H,2006,2,9,NaN,NaN,NaN,NaN
H,2006,2,10,NaN,NaN,NaN,NaN
H,2006,2,11,NaN,NaN,NaN,NaN
H,2006,2,12,NaN,NaN,NaN,NaN
H,2006,2,13,NaN,NaN,NaN,NaN
H,2006,2,14,NaN,NaN,NaN,NaN
H,2006,2,15,NaN,NaN,NaN,NaN
H,2006,2,16,NaN,NaN,NaN,NaN
H,2006,2,17,NaN,NaN,NaN,NaN
H,2006,2,18,NaN,NaN,NaN,NaN
H,2006,2,19,NaN,NaN,NaN,NaN
H,2006,2,20,NaN,NaN,NaN,NaN
H,2006,2,21,NaN,NaN,NaN,NaN
H,2006,2,22,NaN,NaN,NaN,NaN
H,2006,2,23,NaN,NaN,NaN,NaN
H,2006,2,24,NaN,NaN,NaN,NaN
H,2006,2,25,NaN,NaN,NaN,NaN
H,2006,2,26,NaN,NaN,NaN,NaN
H,2006,2,27,NaN,NaN,NaN,NaN
H,2006,2,28,NaN,NaN,NaN,NaN
H,2006,3,1,NaN,NaN,NaN,NaN
H,2006,3,2,NaN,NaN,NaN,NaN
H,2006,3,3,NaN,NaN,NaN,NaN
H,2006,3,4,NaN,NaN,NaN,NaN
H,2006,3,5,NaN,NaN,NaN,NaN
H,2006,3,6,NaN,NaN,NaN,NaN
H,2006,3,7,NaN,NaN,NaN,NaN
H,2006,3,8,NaN,NaN,NaN,NaN
H,2006,3,9,NaN,NaN,NaN,NaN
H,2006,3,10,NaN,NaN,NaN,NaN
H,2006,3,11,NaN,NaN,NaN,NaN
H,2006,3,12,NaN,NaN,NaN,NaN
H,2006,3,13,NaN,NaN,NaN,NaN
H,2006,3,14,NaN,NaN,NaN,NaN
H,2006,3,15,NaN,NaN,NaN,NaN
H,2006,3,16,NaN,NaN,NaN,NaN
H,2006,3,17,NaN,NaN,NaN,NaN
H,2006,3,18,NaN,NaN,NaN,NaN
H,2006,3,19,NaN,NaN,NaN,NaN
H,2006,3,20,NaN,NaN,NaN,NaN
H,2006,3,21,NaN,NaN,NaN,NaN
H,2006,3,22,NaN,NaN,NaN,NaN
H,2006,3,23,NaN,NaN,NaN,NaN
H,2006,3,24,NaN,NaN,NaN,NaN
H,2006,3,25,NaN,NaN,NaN,NaN
H,2006,3,26,NaN,NaN,NaN,NaN
H,2006,3,27,NaN,NaN,NaN,NaN
H,2006,3,28,NaN,NaN,NaN,NaN
H,2006,3,29,NaN,NaN,NaN,NaN
H,2006,3,30,NaN,NaN,NaN,NaN
H,2006,3,31,NaN,NaN,NaN,NaN
H,2006,4,1,NaN,NaN,NaN,NaN
H,2006,4,2,NaN,NaN,NaN,NaN
H,2006,4,3,NaN,NaN,NaN,NaN
H,2006,4,4,NaN,NaN,NaN,NaN
H,2006,4,5,NaN,NaN,NaN,NaN
H,2006,4,6,NaN,NaN,NaN,NaN
H,2006,4,7,NaN,NaN,NaN,NaN
H,2006,4,8,NaN,NaN,NaN,NaN
H,2006,4,9,NaN,NaN,NaN,NaN
H,2006,4,10,NaN,NaN,NaN,NaN
H,2006,4,11,NaN,NaN,NaN,NaN
H,2006,4,12,NaN,NaN,NaN,NaN
H,2006,4,13,NaN,NaN,NaN,NaN
H,2006,4,14,NaN,NaN,NaN,NaN
H,2006,4,15,NaN,NaN,NaN,NaN
H,2006,4,16,NaN,NaN,NaN,NaN
H,2006,4,17,NaN,NaN,NaN,NaN
H,2006,4,18,NaN,NaN,NaN,NaN
H,2006,4,19,NaN,NaN,NaN,NaN
H,2006,4,20,NaN,NaN,NaN,NaN
H,2006,4,21,NaN,NaN,NaN,NaN
H,2006,4,22,NaN,NaN,NaN,NaN
H,2006,4,23,NaN,NaN,NaN,NaN
H,2006,4,24,NaN,NaN,NaN,NaN
H,2006,4,25,NaN,NaN,NaN,NaN
H,2006,4,26,NaN,NaN,NaN,NaN
H,2006,4,27,NaN,NaN,NaN,NaN
H,2006,4,28,NaN,NaN,NaN,NaN
H,2006,4,29,NaN,NaN,NaN,NaN
H,2006,4,30,NaN,NaN,NaN,NaN
H,2006,5,1,NaN,NaN,NaN,NaN
H,2006,5,2,NaN,NaN,NaN,NaN
H,2006,5,3,NaN,NaN,NaN,NaN
H,2006,5,4,NaN,NaN,NaN,NaN
H,2006,5,5,NaN,NaN,NaN,NaN
H,2006,5,6,NaN,NaN,NaN,NaN
H,2006,5,7,NaN,NaN,NaN,NaN
H,2006,5,8,NaN,NaN,NaN,NaN
H,2006,5,9,NaN,NaN,NaN,NaN
H,2006,5,10,NaN,NaN,NaN,NaN
H,2006,5,11,NaN,NaN,NaN,NaN
H,2006,5,12,NaN,NaN,NaN,NaN
H,2006,5,13,NaN,NaN,NaN,NaN
H,2006,5,14,NaN,NaN,NaN,NaN
H,2006,5,15,NaN,NaN,NaN,NaN
H,2006,5,16,NaN,NaN,NaN,NaN
H,2006,5,17,NaN,NaN,NaN,NaN
H,2006,5,18,NaN,NaN,NaN,NaN
H,2006,5,19,NaN,NaN,NaN,NaN
H,2006,5,20,NaN,NaN,NaN,NaN
H,2006,5,21,NaN,NaN,NaN,NaN
H,2006,5,22,NaN,NaN,NaN,NaN
H,2006,5,23,NaN,NaN,NaN,NaN
H,2006,5,24,NaN,NaN,NaN,NaN
H,2006,5,25,NaN,NaN,NaN,NaN
H,2006,5,26,NaN,NaN,NaN,NaN
H,2006,5,27,NaN,NaN,NaN,NaN
H,2006,5,28,NaN,NaN,NaN,NaN
H,2006,5,29,NaN,NaN,NaN,NaN
H,2006,5,30,NaN,NaN,NaN,NaN
H,2006,5,31,NaN,NaN,NaN,NaN
H,2006,6,1,NaN,NaN,NaN,NaN
H,2006,6,2,NaN,NaN,NaN,NaN
H,2006,6,3,NaN,NaN,NaN,NaN
H,2006,6,4,NaN,NaN,NaN,NaN
H,2006,6,5,NaN,NaN,NaN,NaN
H,2006,6,6,NaN,NaN,NaN,NaN
H,2006,6,7,NaN,NaN,NaN,NaN
H,2006,6,8,NaN,NaN,NaN,NaN
H,2006,6,9,NaN,NaN,NaN,NaN
H,2006,6,10,NaN,NaN,NaN,NaN
H,2006,6,11,NaN,NaN,NaN,NaN
H,2006,6,12,NaN,NaN,NaN,NaN
H,2006,6,13,NaN,NaN,NaN,NaN
H,2006,6,14,NaN,NaN,NaN,NaN
H,2006,6,15,NaN,NaN,NaN,NaN
H,2006,6,16,NaN,NaN,NaN,NaN
H,2006,6,17,NaN,NaN,NaN,NaN
H,2006,6,18,NaN,NaN,NaN,NaN
H,2006,6,19,NaN,NaN,NaN,NaN
H,2006,6,20,NaN,NaN,NaN,NaN
H,2006,6,21,NaN,NaN,NaN,NaN
H,2006,6,22,NaN,NaN,NaN,NaN
H,2006,6,23,NaN,NaN,NaN,NaN
H,2006,6,24,NaN,NaN,NaN,NaN
H,2006,6,25,NaN,NaN,NaN,NaN
H,2006,6,26,NaN,NaN,NaN,NaN
H,2006,6,27,NaN,NaN,NaN,NaN
H,2006,6,28,NaN,NaN,NaN,NaN
H,2006,6,29,NaN,NaN,NaN,NaN
H,2006,6,30,NaN,NaN,NaN,NaN
H,2006,7,1,NaN,NaN,NaN,NaN
H,2006,7,2,NaN,NaN,NaN,NaN
H,2006,7,3,NaN,NaN,NaN,NaN
H,2006,7,4,NaN,NaN,NaN,NaN
H,2006,7,5,NaN,NaN,NaN,NaN
H,2006,7,6,NaN,NaN,NaN,NaN
H,2006,7,7,NaN,NaN,NaN,NaN
H,2006,7,8,NaN,NaN,NaN,NaN
H,2006,7,9,NaN,NaN,NaN,NaN
H,2006,7,10,NaN,NaN,NaN,NaN
H,2006,7,11,NaN,NaN,NaN,NaN
H,2006,7,12,NaN,NaN,NaN,NaN
H,2006,7,13,NaN,NaN,NaN,NaN
H,2006,7,14,NaN,NaN,NaN,NaN
H,2006,7,15,NaN,NaN,NaN,NaN
H,2006,7,16,NaN,NaN,NaN,NaN
H,2006,7,17,NaN,NaN,NaN,NaN
H,2006,7,18,NaN,NaN,NaN,NaN
H,2006,7,19,NaN,NaN,NaN,NaN
H,2006,7,20,NaN,NaN,NaN,NaN
H,2006,7,21,NaN,NaN,NaN,NaN
H,2006,7,22,NaN,NaN,NaN,NaN
H,2006,7,23,NaN,NaN,NaN,NaN
H,2006,7,24,NaN,NaN,NaN,NaN
H,2006,7,25,NaN,NaN,NaN,NaN
H,2006,7,26,NaN,NaN,NaN,NaN
H,2006,7,27,NaN,NaN,NaN,NaN
H,2006,7,28,NaN,NaN,NaN,NaN
H,2006,7,29,NaN,NaN,NaN,NaN
H,2006,7,30,NaN,NaN,NaN,NaN
H,2006,7,31,NaN,NaN,NaN,NaN
H,2006,8,1,NaN,NaN,NaN,NaN
H,2006,8,2,NaN,NaN,NaN,NaN
H,2006,8,3,NaN,NaN,NaN,NaN
H,2006,8,4,NaN,NaN,NaN,NaN
H,2006,8,5,NaN,NaN,NaN,NaN
H,2006,8,6,NaN,NaN,NaN,NaN
H,2006,8,7,NaN,NaN,NaN,NaN
H,2006,8,8,NaN,NaN,NaN,NaN
H,2006,8,9,NaN,NaN,NaN,NaN
H,2006,8,10,NaN,NaN,NaN,NaN
H,2006,8,11,NaN,NaN,NaN,NaN
H,2006,8,12,NaN,NaN,NaN,NaN
H,2006,8,13,NaN,NaN,NaN,NaN
H,2006,8,14,NaN,NaN,NaN,NaN
H,2006,8,15,NaN,NaN,NaN,NaN
H,2006,8,16,NaN,NaN,NaN,NaN
H,2006,8,17,NaN,NaN,NaN,NaN
H,2006,8,18,NaN,NaN,NaN,NaN
H,2006,8,19,NaN,NaN,NaN,NaN
H,2006,8,20,NaN,NaN,NaN,NaN
H,2006,8,21,NaN,NaN,NaN,NaN
H,2006,8,22,NaN,NaN,NaN,NaN
H,2006,8,23,NaN,NaN,NaN,NaN
H,2006,8,24,NaN,NaN,NaN,NaN
H,2006,8,25,NaN,NaN,NaN,NaN
H,2006,8,26,NaN,NaN,NaN,NaN
H,2006,8,27,NaN,NaN,NaN,NaN
H,2006,8,28,NaN,NaN,NaN,NaN
H,2006,8,29,NaN,NaN,NaN,NaN
H,2006,8,30,NaN,NaN,NaN,NaN
H,2006,8,31,NaN,NaN,NaN,NaN
H,2006,9,1,NaN,NaN,NaN,NaN
H,2006,9,2,NaN,NaN,NaN,NaN
H,2006,9,3,NaN,NaN,NaN,NaN
H,2006,9,4,NaN,NaN,NaN,NaN
H,2006,9,5,NaN,NaN,NaN,NaN
H,2006,9,6,NaN,NaN,NaN,NaN
H,2006,9,7,NaN,NaN,NaN,NaN
H,2006,9,8,NaN,NaN,NaN,NaN
H,2006,9,9,NaN,NaN,NaN,NaN
H,2006,9,10,NaN,NaN,NaN,NaN
H,2006,9,11,NaN,NaN,NaN,NaN
H,2006,9,12,NaN,NaN,NaN,NaN
H,2006,9,13,NaN,NaN,NaN,NaN
H,2006,9,14,NaN,NaN,NaN,NaN
H,2006,9,15,NaN,NaN,NaN,NaN
H,2006,9,16,NaN,NaN,NaN,NaN
H,2006,9,17,NaN,NaN,NaN,NaN
H,2006,9,18,NaN,NaN,NaN,NaN
H,2006,9,19,NaN,NaN,NaN,NaN
H,2006,9,20,NaN,NaN,NaN,NaN
H,2006,9,21,NaN,NaN,NaN,NaN
H,2006,9,22,NaN,NaN,NaN,NaN
H,2006,9,23,NaN,NaN,NaN,NaN
H,2006,9,24,NaN,NaN,NaN,NaN
H,2006,9,25,NaN,NaN,NaN,NaN
H,2006,9,26,NaN,NaN,NaN,NaN
H,2006,9,27,NaN,NaN,NaN,NaN
H,2006,9,28,NaN,NaN,NaN,NaN
H,2006,9,29,NaN,NaN,NaN,NaN
H,2006,9,30,NaN,NaN,NaN,NaN
H,2006,10,1,NaN,NaN,NaN,NaN
H,2006,10,2,NaN,NaN,NaN,NaN
H,2006,10,3,NaN,NaN,NaN,NaN
H,2006,10,4,NaN,NaN,NaN,NaN
H,2006,10,5,NaN,NaN,NaN,NaN
H,2006,10,6,NaN,NaN,NaN,NaN
H,2006,10,7,NaN,NaN,NaN,NaN
H,2006,10,8,NaN,NaN,NaN,NaN
H,2006,10,9,NaN,NaN,NaN,NaN
H,2006,10,10,NaN,NaN,NaN,NaN
H,2006,10,11,NaN,NaN,NaN,NaN
H,2006,10,12,NaN,NaN,NaN,NaN
H,2006,10,13,NaN,NaN,NaN,NaN
H,2006,10,14,NaN,NaN,NaN,NaN
H,2006,10,15,NaN,NaN,NaN,NaN
H,2006,10,16,NaN,NaN,NaN,NaN
H,2006,10,17,NaN,NaN,NaN,NaN
H,2006,10,18,NaN,NaN,NaN,NaN
H,2006,10,19,NaN,NaN,NaN,NaN
H,2006,10,20,NaN,NaN,NaN,NaN
H,2006,10,21,NaN,NaN,NaN,NaN
H,2006,10,22,NaN,NaN,NaN,NaN
H,2006,10,23,NaN,NaN,NaN,NaN
H,2006,10,24,NaN,NaN,NaN,NaN
H,2006,10,25,NaN,NaN,NaN,NaN
H,2006,10,26,NaN,NaN,NaN,NaN
H,2006,10,27,NaN,NaN,NaN,NaN
H,2006,10,28,NaN,NaN,NaN,NaN
H,2006,10,29,NaN,NaN,NaN,NaN
H,2006,10,30,NaN,NaN,NaN,NaN
H,2006,10,31,NaN,NaN,NaN,NaN
H,2006,11,1,NaN,NaN,NaN,NaN
H,2006,11,2,NaN,NaN,NaN,NaN
H,2006,11,3,NaN,NaN,NaN,NaN
H,2006,11,4,NaN,NaN,NaN,NaN
H,2006,11,5,NaN,NaN,NaN,NaN
H,2006,11,6,NaN,NaN,NaN,NaN
H,2006,11,7,NaN,NaN,NaN,NaN
H,2006,11,8,NaN,NaN,NaN,NaN
H,2006,11,9,NaN,NaN,NaN,NaN
H,2006,11,10,NaN,NaN,NaN,NaN
H,2006,11,11,NaN,NaN,NaN,NaN
H,2006,11,12,NaN,NaN,NaN,NaN
H,2006,11,13,NaN,NaN,NaN,NaN
H,2006,11,14,NaN,NaN,NaN,NaN
H,2006,11,15,NaN,NaN,NaN,NaN
H,2006,11,16,NaN,NaN,NaN,NaN
H,2006,11,17,NaN,NaN,NaN,NaN
H,2006,11,18,NaN,NaN,NaN,NaN
H,2006,11,19,NaN,NaN,NaN,NaN
H,2006,11,20,NaN,NaN,NaN,NaN
H,2006,11,21,NaN,NaN,NaN,NaN
H,2006,11,22,NaN,NaN,NaN,NaN
H,2006,11,23,NaN,NaN,NaN,NaN
H,2006,11,24,NaN,NaN,NaN,NaN
H,2006,11,25,NaN,NaN,NaN,NaN
H,2006,11,26,NaN,NaN,NaN,NaN
H,2006,11,27,NaN,NaN,NaN,NaN
H,2006,11,28,NaN,NaN,NaN,NaN
H,2006,11,29,NaN,NaN,NaN,NaN
H,2006,11,30,NaN,NaN,NaN,NaN
H,2006,12,1,NaN,NaN,NaN,NaN
H,2006,12,2,NaN,NaN,NaN,NaN
H,2006,12,3,NaN,NaN,NaN,NaN
H,2006,12,4,NaN,NaN,NaN,NaN
H,2006,12,5,NaN,NaN,NaN,NaN
H,2006,12,6,NaN,NaN,NaN,NaN
H,2006,12,7,NaN,NaN,NaN,NaN
H,2006,12,8,NaN,NaN,NaN,NaN
H,2006,12,9,NaN,NaN,NaN,NaN
H,2006,12,10,NaN,NaN,NaN,NaN
H,2006,12,11,NaN,NaN,NaN,NaN
H,2006,12,12,NaN,NaN,NaN,NaN
H,2006,12,13,NaN,NaN,NaN,NaN
H,2006,12,14,NaN,NaN,NaN,NaN
H,2006,12,15,NaN,NaN,NaN,NaN
H,2006,12,16,NaN,NaN,NaN,NaN
H,2006,12,17,NaN,NaN,NaN,NaN
H,2006,12,18,NaN,NaN,NaN,NaN
H,2006,12,19,NaN,NaN,NaN,NaN
H,2006,12,20,NaN,NaN,NaN,NaN
H,2006,12,21,NaN,NaN,NaN,NaN
H,2006,12,22,NaN,NaN,NaN,NaN
H,2006,12,23,NaN,NaN,NaN,NaN
H,2006,12,24,NaN,NaN,NaN,NaN
H,2006,12,25,NaN,NaN,NaN,NaN
H,2006,12,26,NaN,NaN,NaN,NaN
H,2006,12,27,NaN,NaN,NaN,NaN
H,2006,12,28,NaN,NaN,NaN,NaN
H,2006,12,29,NaN,NaN,NaN,NaN
H,2006,12,30,NaN,NaN,NaN,NaN
H,2006,12,31,NaN,NaN,NaN,NaN
H,2007,1,1,NaN,NaN,NaN,NaN
H,2007,1,2,NaN,NaN,NaN,NaN
H,2007,1,3,NaN,NaN,NaN,NaN
H,2007,1,4,NaN,NaN,NaN,NaN
H,2007,1,5,NaN,NaN,NaN,NaN
H,2007,1,6,NaN,NaN,NaN,NaN
H,2007,1,7,NaN,NaN,NaN,NaN
H,2007,1,8,NaN,NaN,NaN,NaN
H,2007,1,9,NaN,NaN,NaN,NaN
H,2007,1,10,NaN,NaN,NaN,NaN
H,2007,1,11,NaN,NaN,NaN,NaN
H,2007,1,12,NaN,NaN,NaN,NaN
H,2007,1,13,NaN,NaN,NaN,NaN
H,2007,1,14,NaN,NaN,NaN,NaN
H,2007,1,15,NaN,NaN,NaN,NaN
H,2007,1,16,NaN,NaN,NaN,NaN
H,2007,1,17,NaN,NaN,NaN,NaN
H,2007,1,18,NaN,NaN,NaN,NaN
H,2007,1,19,NaN,NaN,NaN,NaN
H,2007,1,20,NaN,NaN,NaN,NaN
H,2007,1,21,NaN,NaN,NaN,NaN
H,2007,1,22,NaN,NaN,NaN,NaN
H,2007,1,23,NaN,NaN,NaN,NaN
H,2007,1,24,NaN,NaN,NaN,NaN
H,2007,1,25,NaN,NaN,NaN,NaN
H,2007,1,26,NaN,NaN,NaN,NaN
H,2007,1,27,NaN,NaN,NaN,NaN
H,2007,1,28,NaN,NaN,NaN,NaN
H,2007,1,29,NaN,NaN,NaN,NaN
H,2007,1,30,NaN,NaN,NaN,NaN
H,2007,1,31,NaN,NaN,NaN,NaN
H,2007,2,1,NaN,NaN,NaN,NaN
H,2007,2,2,NaN,NaN,NaN,NaN
H,2007,2,3,NaN,NaN,NaN,NaN
H,2007,2,4,NaN,NaN,NaN,NaN
H,2007,2,5,NaN,NaN,NaN,NaN
H,2007,2,6,NaN,NaN,NaN,NaN
H,2007,2,7,NaN,NaN,NaN,NaN
H,2007,2,8,NaN,NaN,NaN,NaN
H,2007,2,9,NaN,NaN,NaN,NaN
H,2007,2,10,NaN,NaN,NaN,NaN
H,2007,2,11,NaN,NaN,NaN,NaN
H,2007,2,12,NaN,NaN,NaN,NaN
H,2007,2,13,NaN,NaN,NaN,NaN
H,2007,2,14,NaN,NaN,NaN,NaN
H,2007,2,15,NaN,NaN,NaN,NaN
H,2007,2,16,NaN,NaN,NaN,NaN
H,2007,2,17,NaN,NaN,NaN,NaN
H,2007,2,18,NaN,NaN,NaN,NaN
H,2007,2,19,NaN,NaN,NaN,NaN
H,2007,2,20,NaN,NaN,NaN,NaN
H,2007,2,21,NaN,NaN,NaN,NaN
H,2007,2,22,NaN,NaN,NaN,NaN
H,2007,2,23,NaN,NaN,NaN,NaN
H,2007,2,24,NaN,NaN,NaN,NaN
H,2007,2,25,NaN,NaN,NaN,NaN
H,2007,2,26,NaN,NaN,NaN,NaN
H,2007,2,27,NaN,NaN,NaN,NaN
H,2007,2,28,NaN,NaN,NaN,NaN
H,2007,3,1,NaN,NaN,NaN,NaN
H,2007,3,2,NaN,NaN,NaN,NaN
H,2007,3,3,NaN,NaN,NaN,NaN
H,2007,3,4,NaN,NaN,NaN,NaN
H,2007,3,5,NaN,NaN,NaN,NaN
H,2007,3,6,NaN,NaN,NaN,NaN
H,2007,3,7,NaN,NaN,NaN,NaN
H,2007,3,8,NaN,NaN,NaN,NaN
H,2007,3,9,NaN,NaN,NaN,NaN
H,2007,3,10,NaN,NaN,NaN,NaN
H,2007,3,11,NaN,NaN,NaN,NaN
H,2007,3,12,NaN,NaN,NaN,NaN
H,2007,3,13,NaN,NaN,NaN,NaN
H,2007,3,14,NaN,NaN,NaN,NaN
H,2007,3,15,NaN,NaN,NaN,NaN
H,2007,3,16,NaN,NaN,NaN,NaN
H,2007,3,17,NaN,NaN,NaN,NaN
H,2007,3,18,NaN,NaN,NaN,NaN
H,2007,3,19,NaN,NaN,NaN,NaN
H,2007,3,20,NaN,NaN,NaN,NaN
H,2007,3,21,NaN,NaN,NaN,NaN
H,2007,3,22,NaN,NaN,NaN,NaN
H,2007,3,23,NaN,NaN,NaN,NaN
H,2007,3,24,NaN,NaN,NaN,NaN
H,2007,3,25,NaN,NaN,NaN,NaN
H,2007,3,26,NaN,NaN,NaN,NaN
H,2007,3,27,NaN,NaN,NaN,NaN
H,2007,3,28,NaN,NaN,NaN,NaN
H,2007,3,29,NaN,NaN,NaN,NaN
H,2007,3,30,NaN,NaN,NaN,NaN
H,2007,3,31,NaN,NaN,NaN,NaN
H,2007,4,1,NaN,NaN,NaN,NaN
H,2007,4,2,NaN,NaN,NaN,NaN
H,2007,4,3,NaN,NaN,NaN,NaN
H,2007,4,4,NaN,NaN,NaN,NaN
H,2007,4,5,NaN,NaN,NaN,NaN
H,2007,4,6,NaN,NaN,NaN,NaN
H,2007,4,7,NaN,NaN,NaN,NaN
H,2007,4,8,NaN,NaN,NaN,NaN
H,2007,4,9,NaN,NaN,NaN,NaN
H,2007,4,10,NaN,NaN,NaN,NaN
H,2007,4,11,NaN,NaN,NaN,NaN
H,2007,4,12,NaN,NaN,NaN,NaN
H,2007,4,13,NaN,NaN,NaN,NaN
H,2007,4,14,NaN,NaN,NaN,NaN
H,2007,4,15,NaN,NaN,NaN,NaN
H,2007,4,16,NaN,NaN,NaN,NaN
H,2007,4,17,NaN,NaN,NaN,NaN
H,2007,4,18,NaN,NaN,NaN,NaN
H,2007,4,19,NaN,NaN,NaN,NaN
H,2007,4,20,NaN,NaN,NaN,NaN
H,2007,4,21,NaN,NaN,NaN,NaN
H,2007,4,22,NaN,NaN,NaN,NaN
H,2007,4,23,NaN,NaN,NaN,NaN
H,2007,4,24,NaN,NaN,NaN,NaN
H,2007,4,25,NaN,NaN,NaN,NaN
H,2007,4,26,NaN,NaN,NaN,NaN
H,2007,4,27,NaN,NaN,NaN,NaN
H,2007,4,28,NaN,NaN,NaN,NaN
H,2007,4,29,NaN,NaN,NaN,NaN
H,2007,4,30,NaN,NaN,NaN,NaN
H,2007,5,1,NaN,NaN,NaN,NaN
H,2007,5,2,NaN,NaN,NaN,NaN
H,2007,5,3,NaN,NaN,NaN,NaN
H,2007,5,4,NaN,NaN,NaN,NaN
H,2007,5,5,NaN,NaN,NaN,NaN
H,2007,5,6,NaN,NaN,NaN,NaN
H,2007,5,7,NaN,NaN,NaN,NaN
H,2007,5,8,NaN,NaN,NaN,NaN
H,2007,5,9,NaN,NaN,NaN,NaN
H,2007,5,10,NaN,NaN,NaN,NaN
H,2007,5,11,NaN,NaN,NaN,NaN
H,2007,5,12,NaN,NaN,NaN,NaN
H,2007,5,13,NaN,NaN,NaN,NaN
H,2007,5,14,NaN,NaN,NaN,NaN
H,2007,5,15,NaN,NaN,NaN,NaN
H,2007,5,16,NaN,NaN,NaN,NaN
H,2007,5,17,NaN,NaN,NaN,NaN
H,2007,5,18,NaN,NaN,NaN,NaN
H,2007,5,19,NaN,NaN,NaN,NaN
H,2007,5,20,NaN,NaN,NaN,NaN
H,2007,5,21,NaN,NaN,NaN,NaN
H,2007,5,22,NaN,NaN,NaN,NaN
H,2007,5,23,NaN,NaN,NaN,NaN
H,2007,5,24,NaN,NaN,NaN,NaN
H,2007,5,25,NaN,NaN,NaN,NaN
H,2007,5,26,NaN,NaN,NaN,NaN
H,2007,5,27,NaN,NaN,NaN,NaN
H,2007,5,28,NaN,NaN,NaN,NaN
H,2007,5,29,NaN,NaN,NaN,NaN
H,2007,5,30,NaN,NaN,NaN,NaN
H,2007,5,31,NaN,NaN,NaN,NaN
H,2007,6,1,NaN,NaN,NaN,NaN
H,2007,6,2,NaN,NaN,NaN,NaN
H,2007,6,3,NaN,NaN,NaN,NaN
H,2007,6,4,NaN,NaN,NaN,NaN
H,2007,6,5,NaN,NaN,NaN,NaN
H,2007,6,6,NaN,NaN,NaN,NaN
H,2007,6,7,NaN,NaN,NaN,NaN
H,2007,6,8,NaN,NaN,NaN,NaN
H,2007,6,9,NaN,NaN,NaN,NaN
H,2007,6,10,NaN,NaN,NaN,NaN
H,2007,6,11,NaN,NaN,NaN,NaN
H,2007,6,12,NaN,NaN,NaN,NaN
H,2007,6,13,NaN,NaN,NaN,NaN
H,2007,6,14,NaN,NaN,NaN,NaN
H,2007,6,15,NaN,NaN,NaN,NaN
H,2007,6,16,NaN,NaN,NaN,NaN
H,2007,6,17,NaN,NaN,NaN,NaN
H,2007,6,18,NaN,NaN,NaN,NaN
H,2007,6,19,NaN,NaN,NaN,NaN
H,2007,6,20,NaN,NaN,NaN,NaN
H,2007,6,21,NaN,NaN,NaN,NaN
H,2007,6,22,NaN,NaN,NaN,NaN
H,2007,6,23,NaN,NaN,NaN,NaN
H,2007,6,24,NaN,NaN,NaN,NaN
H,2007,6,25,NaN,NaN,NaN,NaN
H,2007,6,26,NaN,NaN,NaN,NaN
H,2007,6,27,NaN,NaN,NaN,NaN
H,2007,6,28,NaN,NaN,NaN,NaN
H,2007,6,29,NaN,NaN,NaN,NaN
H,2007,6,30,NaN,NaN,NaN,NaN
H,2007,7,1,NaN,NaN,NaN,NaN
H,2007,7,2,NaN,NaN,NaN,NaN
H,2007,7,3,NaN,NaN,NaN,NaN
H,2007,7,4,NaN,NaN,NaN,NaN
H,2007,7,5,NaN,NaN,NaN,NaN
H,2007,7,6,NaN,NaN,NaN,NaN
H,2007,7,7,NaN,NaN,NaN,NaN
H,2007,7,8,NaN,NaN,NaN,NaN
H,2007,7,9,NaN,NaN,NaN,NaN
H,2007,7,10,NaN,NaN,NaN,NaN
H,2007,7,11,NaN,NaN,NaN,NaN
H,2007,7,12,NaN,NaN,NaN,NaN
H,2007,7,13,NaN,NaN,NaN,NaN
H,2007,7,14,NaN,NaN,NaN,NaN
H,2007,7,15,NaN,NaN,NaN,NaN
H,2007,7,16,NaN,NaN,NaN,NaN
H,2007,7,17,NaN,NaN,NaN,NaN
H,2007,7,18,NaN,NaN,NaN,NaN
H,2007,7,19,NaN,NaN,NaN,NaN
H,2007,7,20,NaN,NaN,NaN,NaN
H,2007,7,21,NaN,NaN,NaN,NaN
H,2007,7,22,NaN,NaN,NaN,NaN
H,2007,7,23,NaN,NaN,NaN,NaN
H,2007,7,24,NaN,NaN,NaN,NaN
H,2007,7,25,NaN,NaN,NaN,NaN
H,2007,7,26,NaN,NaN,NaN,NaN
H,2007,7,27,NaN,NaN,NaN,NaN
H,2007,7,28,NaN,NaN,NaN,NaN
H,2007,7,29,NaN,NaN,NaN,NaN
H,2007,7,30,NaN,NaN,NaN,NaN
H,2007,7,31,NaN,NaN,NaN,NaN
H,2007,8,1,NaN,NaN,NaN,NaN
H,2007,8,2,NaN,NaN,NaN,NaN
H,2007,8,3,NaN,NaN,NaN,NaN
H,2007,8,4,NaN,NaN,NaN,NaN
H,2007,8,5,NaN,NaN,NaN,NaN
H,2007,8,6,NaN,NaN,NaN,NaN
H,2007,8,7,NaN,NaN,NaN,NaN
H,2007,8,8,NaN,NaN,NaN,NaN
H,2007,8,9,NaN,NaN,NaN,NaN
H,2007,8,10,NaN,NaN,NaN,NaN
H,2007,8,11,NaN,NaN,NaN,NaN
H,2007,8,12,NaN,NaN,NaN,NaN
H,2007,8,13,NaN,NaN,NaN,NaN
H,2007,8,14,NaN,NaN,NaN,NaN
H,2007,8,15,NaN,NaN,NaN,NaN
H,2007,8,16,NaN,NaN,NaN,NaN
H,2007,8,17,NaN,NaN,NaN,NaN
H,2007,8,18,NaN,NaN,NaN,NaN
H,2007,8,19,NaN,NaN,NaN,NaN
H,2007,8,20,NaN,NaN,NaN,NaN
H,2007,8,21,NaN,NaN,NaN,NaN
H,2007,8,22,NaN,NaN,NaN,NaN
H,2007,8,23,NaN,NaN,NaN,NaN
H,2007,8,24,NaN,NaN,NaN,NaN
H,2007,8,25,NaN,NaN,NaN,NaN
H,2007,8,26,NaN,NaN,NaN,NaN
H,2007,8,27,NaN,NaN,NaN,NaN
H,2007,8,28,NaN,NaN,NaN,NaN
H,2007,8,29,NaN,NaN,NaN,NaN
H,2007,8,30,NaN,NaN,NaN,NaN
H,2007,8,31,NaN,NaN,NaN,NaN
H,2007,9,1,NaN,NaN,NaN,NaN
H,2007,9,2,NaN,NaN,NaN,NaN
H,2007,9,3,NaN,NaN,NaN,NaN
H,2007,9,4,NaN,NaN,NaN,NaN
H,2007,9,5,NaN,NaN,NaN,NaN
H,2007,9,6,NaN,NaN,NaN,NaN
H,2007,9,7,NaN,NaN,NaN,NaN
H,2007,9,8,NaN,NaN,NaN,NaN
H,2007,9,9,NaN,NaN,NaN,NaN
H,2007,9,10,NaN,NaN,NaN,NaN
H,2007,9,11,NaN,NaN,NaN,NaN
H,2007,9,12,NaN,NaN,NaN,NaN
H,2007,9,13,NaN,NaN,NaN,NaN
H,2007,9,14,NaN,NaN,NaN,NaN
H,2007,9,15,NaN,NaN,NaN,NaN
H,2007,9,16,NaN,NaN,NaN,NaN
H,2007,9,17,NaN,NaN,NaN,NaN
H,2007,9,18,NaN,NaN,NaN,NaN
H,2007,9,19,NaN,NaN,NaN,NaN
H,2007,9,20,NaN,NaN,NaN,NaN
H,2007,9,21,NaN,NaN,NaN,NaN
H,2007,9,22,NaN,NaN,NaN,NaN
H,2007,9,23,NaN,NaN,NaN,NaN
H,2007,9,24,NaN,NaN,NaN,NaN
H,2007,9,25,NaN,NaN,NaN,NaN
H,2007,9,26,NaN,NaN,NaN,NaN
H,2007,9,27,NaN,NaN,NaN,NaN
H,2007,9,28,NaN,NaN,NaN,NaN
H,2007,9,29,NaN,NaN,NaN,NaN
H,2007,9,30,NaN,NaN,NaN,NaN
H,2007,10,1,NaN,NaN,NaN,NaN
H,2007,10,2,NaN,NaN,NaN,NaN
H,2007,10,3,NaN,NaN,NaN,NaN
H,2007,10,4,NaN,NaN,NaN,NaN
H,2007,10,5,NaN,NaN,NaN,NaN
H,2007,10,6,NaN,NaN,NaN,NaN
H,2007,10,7,NaN,NaN,NaN,NaN
H,2007,10,8,NaN,NaN,NaN,NaN
H,2007,10,9,NaN,NaN,NaN,NaN
H,2007,10,10,NaN,NaN,NaN,NaN
H,2007,10,11,NaN,NaN,NaN,NaN
H,2007,10,12,NaN,NaN,NaN,NaN
H,2007,10,13,NaN,NaN,NaN,NaN
H,2007,10,14,NaN,NaN,NaN,NaN
H,2007,10,15,NaN,NaN,NaN,NaN
H,2007,10,16,NaN,NaN,NaN,NaN
H,2007,10,17,NaN,NaN,NaN,NaN
H,2007,10,18,NaN,NaN,NaN,NaN
H,2007,10,19,NaN,NaN,NaN,NaN
H,2007,10,20,NaN,NaN,NaN,NaN
H,2007,10,21,NaN,NaN,NaN,NaN
H,2007,10,22,NaN,NaN,NaN,NaN
H,2007,10,23,NaN,NaN,NaN,NaN
H,2007,10,24,NaN,NaN,NaN,NaN
H,2007,10,25,NaN,NaN,NaN,NaN
H,2007,10,26,NaN,NaN,NaN,NaN
H,2007,10,27,NaN,NaN,NaN,NaN
H,2007,10,28,NaN,NaN,NaN,NaN
H,2007,10,29,NaN,NaN,NaN,NaN
H,2007,10,30,NaN,NaN,NaN,NaN
H,2007,10,31,NaN,NaN,NaN,NaN
H,2007,11,1,NaN,NaN,NaN,NaN
H,2007,11,2,NaN,NaN,NaN,NaN
H,2007,11,3,NaN,NaN,NaN,NaN
H,2007,11,4,NaN,NaN,NaN,NaN
H,2007,11,5,NaN,NaN,NaN,NaN
H,2007,11,6,NaN,NaN,NaN,NaN
H,2007,11,7,NaN,NaN,NaN,NaN
H,2007,11,8,NaN,NaN,NaN,NaN
H,2007,11,9,NaN,NaN,NaN,NaN
H,2007,11,10,NaN,NaN,NaN,NaN
H,2007,11,11,NaN,NaN,NaN,NaN
H,2007,11,12,NaN,NaN,NaN,NaN
H,2007,11,13,NaN,NaN,NaN,NaN
H,2007,11,14,NaN,NaN,NaN,NaN
H,2007,11,15,NaN,NaN,NaN,NaN
H,2007,11,16,NaN,NaN,NaN,NaN
H,2007,11,17,NaN,NaN,NaN,NaN
H,2007,11,18,NaN,NaN,NaN,NaN
H,2007,11,19,NaN,NaN,NaN,NaN
H,2007,11,20,NaN,NaN,NaN,NaN
H,2007,11,21,NaN,NaN,NaN,NaN
H,2007,11,22,NaN,NaN,NaN,NaN
H,2007,11,23,NaN,NaN,NaN,NaN
H,2007,11,24,NaN,NaN,NaN,NaN
H,2007,11,25,NaN,NaN,NaN,NaN
H,2007,11,26,NaN,NaN,NaN,NaN
H,2007,11,27,NaN,NaN,NaN,NaN
H,2007,11,28,NaN,NaN,NaN,NaN
H,2007,11,29,NaN,NaN,NaN,NaN
H,2007,11,30,NaN,NaN,NaN,NaN
H,2007,12,1,NaN,NaN,NaN,NaN
H,2007,12,2,NaN,NaN,NaN,NaN
H,2007,12,3,NaN,NaN,NaN,NaN
H,2007,12,4,NaN,NaN,NaN,NaN
H,2007,12,5,NaN,NaN,NaN,NaN
H,2007,12,6,NaN,NaN,NaN,NaN
H,2007,12,7,NaN,NaN,NaN,NaN
H,2007,12,8,NaN,NaN,NaN,NaN
H,2007,12,9,NaN,NaN,NaN,NaN
H,2007,12,10,NaN,NaN,NaN,NaN
H,2007,12,11,NaN,NaN,NaN,NaN
H,2007,12,12,NaN,NaN,NaN,NaN
H,2007,12,13,NaN,NaN,NaN,NaN
H,2007,12,14,NaN,NaN,NaN,NaN
H,2007,12,15,NaN,NaN,NaN,NaN
H,2007,12,16,NaN,NaN,NaN,NaN
H,2007,12,17,NaN,NaN,NaN,NaN
H,2007,12,18,NaN,NaN,NaN,NaN
H,2007,12,19,NaN,NaN,NaN,NaN
H,2007,12,20,NaN,NaN,NaN,NaN
H,2007,12,21,NaN,NaN,NaN,NaN
H,2007,12,22,NaN,NaN,NaN,NaN
H,2007,12,23,NaN,NaN,NaN,NaN
H,2007,12,24,NaN,NaN,NaN,NaN
H,2007,12,25,NaN,NaN,NaN,NaN
H,2007,12,26,NaN,NaN,NaN,NaN
H,2007,12,27,NaN,NaN,NaN,NaN
H,2007,12,28,NaN,NaN,NaN,NaN
H,2007,12,29,NaN,NaN,NaN,NaN
H,2007,12,30,NaN,NaN,NaN,NaN
H,2007,12,31,NaN,NaN,NaN,NaN
H,2008,1,1,NaN,NaN,NaN,NaN
H,2008,1,2,NaN,NaN,NaN,NaN
H,2008,1,3,NaN,NaN,NaN,NaN
H,2008,1,4,NaN,NaN,NaN,NaN
H,2008,1,5,NaN,NaN,NaN,NaN
H,2008,1,6,NaN,NaN,NaN,NaN
H,2008,1,7,NaN,NaN,NaN,NaN
H,2008,1,8,NaN,NaN,NaN,NaN
H,2008,1,9,NaN,NaN,NaN,NaN
H,2008,1,10,NaN,NaN,NaN,NaN
H,2008,1,11,NaN,NaN,NaN,NaN
H,2008,1,12,NaN,NaN,NaN,NaN
H,2008,1,13,NaN,NaN,NaN,NaN
H,2008,1,14,NaN,NaN,NaN,NaN
H,2008,1,15,NaN,NaN,NaN,NaN
H,2008,1,16,NaN,NaN,NaN,NaN
H,2008,1,17,NaN,NaN,NaN,NaN
H,2008,1,18,NaN,NaN,NaN,NaN
H,2008,1,19,NaN,NaN,NaN,NaN
H,2008,1,20,NaN,NaN,NaN,NaN
H,2008,1,21,NaN,NaN,NaN,NaN
H,2008,1,22,NaN,NaN,NaN,NaN
H,2008,1,23,NaN,NaN,NaN,NaN
H,2008,1,24,NaN,NaN,NaN,NaN
H,2008,1,25,NaN,NaN,NaN,NaN
H,2008,1,26,NaN,NaN,NaN,NaN
H,2008,1,27,NaN,NaN,NaN,NaN
H,2008,1,28,NaN,NaN,NaN,NaN
H,2008,1,29,NaN,NaN,NaN,NaN
H,2008,1,30,NaN,NaN,NaN,NaN
H,2008,1,31,NaN,NaN,NaN,NaN
H,2008,2,1,NaN,NaN,NaN,NaN
H,2008,2,2,NaN,NaN,NaN,NaN
H,2008,2,3,NaN,NaN,NaN,NaN
H,2008,2,4,NaN,NaN,NaN,NaN
H,2008,2,5,NaN,NaN,NaN,NaN
H,2008,2,6,NaN,NaN,NaN,NaN
H,2008,2,7,NaN,NaN,NaN,NaN
H,2008,2,8,NaN,NaN,NaN,NaN
H,2008,2,9,NaN,NaN,NaN,NaN
H,2008,2,10,NaN,NaN,NaN,NaN
H,2008,2,11,NaN,NaN,NaN,NaN
H,2008,2,12,NaN,NaN,NaN,NaN
H,2008,2,13,NaN,NaN,NaN,NaN
H,2008,2,14,NaN,NaN,NaN,NaN
H,2008,2,15,NaN,NaN,NaN,NaN
H,2008,2,16,NaN,NaN,NaN,NaN
H,2008,2,17,NaN,NaN,NaN,NaN
H,2008,2,18,NaN,NaN,NaN,NaN
H,2008,2,19,NaN,NaN,NaN,NaN
H,2008,2,20,NaN,NaN,NaN,NaN
H,2008,2,21,NaN,NaN,NaN,NaN
H,2008,2,22,NaN,NaN,NaN,NaN
H,2008,2,23,NaN,NaN,NaN,NaN
H,2008,2,24,NaN,NaN,NaN,NaN
H,2008,2,25,NaN,NaN,NaN,NaN
H,2008,2,26,NaN,NaN,NaN,NaN
H,2008,2,27,NaN,NaN,NaN,NaN
H,2008,2,28,NaN,NaN,NaN,NaN
H,2008,2,29,NaN,NaN,NaN,NaN
H,2008,3,1,NaN,NaN,NaN,NaN
H,2008,3,2,NaN,NaN,NaN,NaN
H,2008,3,3,NaN,NaN,NaN,NaN
H,2008,3,4,NaN,NaN,NaN,NaN
H,2008,3,5,NaN,NaN,NaN,NaN
H,2008,3,6,NaN,NaN,NaN,NaN
H,2008,3,7,NaN,NaN,NaN,NaN
H,2008,3,8,NaN,NaN,NaN,NaN
H,2008,3,9,NaN,NaN,NaN,NaN
H,2008,3,10,NaN,NaN,NaN,NaN
H,2008,3,11,NaN,NaN,NaN,NaN
H,2008,3,12,NaN,NaN,NaN,NaN
H,2008,3,13,NaN,NaN,NaN,NaN
H,2008,3,14,NaN,NaN,NaN,NaN
H,2008,3,15,NaN,NaN,NaN,NaN
H,2008,3,16,NaN,NaN,NaN,NaN
H,2008,3,17,NaN,NaN,NaN,NaN
H,2008,3,18,NaN,NaN,NaN,NaN
H,2008,3,19,NaN,NaN,NaN,NaN
H,2008,3,20,NaN,NaN,NaN,NaN
H,2008,3,21,NaN,NaN,NaN,NaN
H,2008,3,22,NaN,NaN,NaN,NaN
H,2008,3,23,NaN,NaN,NaN,NaN
H,2008,3,24,NaN,NaN,NaN,NaN
H,2008,3,25,NaN,NaN,NaN,NaN
H,2008,3,26,NaN,NaN,NaN,NaN
H,2008,3,27,NaN,NaN,NaN,NaN
H,2008,3,28,NaN,NaN,NaN,NaN
H,2008,3,29,NaN,NaN,NaN,NaN
H,2008,3,30,NaN,NaN,NaN,NaN
H,2008,3,31,NaN,NaN,NaN,NaN
H,2008,4,1,NaN,NaN,NaN,NaN
H,2008,4,2,NaN,NaN,NaN,NaN
H,2008,4,3,NaN,NaN,NaN,NaN
H,2008,4,4,NaN,NaN,NaN,NaN
H,2008,4,5,NaN,NaN,NaN,NaN
H,2008,4,6,NaN,NaN,NaN,NaN
H,2008,4,7,NaN,NaN,NaN,NaN
H,2008,4,8,NaN,NaN,NaN,NaN
H,2008,4,9,NaN,NaN,NaN,NaN
H,2008,4,10,NaN,NaN,NaN,NaN
H,2008,4,11,NaN,NaN,NaN,NaN
H,2008,4,12,NaN,NaN,NaN,NaN
H,2008,4,13,NaN,NaN,NaN,NaN
H,2008,4,14,NaN,NaN,NaN,NaN
H,2008,4,15,NaN,NaN,NaN,NaN
H,2008,4,16,NaN,NaN,NaN,NaN
H,2008,4,17,NaN,NaN,NaN,NaN
H,2008,4,18,NaN,NaN,NaN,NaN
H,2008,4,19,NaN,NaN,NaN,NaN
H,2008,4,20,NaN,NaN,NaN,NaN
H,2008,4,21,NaN,NaN,NaN,NaN
H,2008,4,22,NaN,NaN,NaN,NaN
H,2008,4,23,NaN,NaN,NaN,NaN
H,2008,4,24,NaN,NaN,NaN,NaN
H,2008,4,25,NaN,NaN,NaN,NaN
H,2008,4,26,NaN,NaN,NaN,NaN
H,2008,4,27,NaN,NaN,NaN,NaN
H,2008,4,28,NaN,NaN,NaN,NaN
H,2008,4,29,NaN,NaN,NaN,NaN
H,2008,4,30,NaN,NaN,NaN,NaN
H,2008,5,1,NaN,NaN,NaN,NaN
H,2008,5,2,NaN,NaN,NaN,NaN
H,2008,5,3,NaN,NaN,NaN,NaN
H,2008,5,4,NaN,NaN,NaN,NaN
H,2008,5,5,NaN,NaN,NaN,NaN
H,2008,5,6,NaN,NaN,NaN,NaN
H,2008,5,7,NaN,NaN,NaN,NaN
H,2008,5,8,NaN,NaN,NaN,NaN
H,2008,5,9,NaN,NaN,NaN,NaN
H,2008,5,10,NaN,NaN,NaN,NaN
H,2008,5,11,NaN,NaN,NaN,NaN
H,2008,5,12,NaN,NaN,NaN,NaN
H,2008,5,13,NaN,NaN,NaN,NaN
H,2008,5,14,NaN,NaN,NaN,NaN
H,2008,5,15,NaN,NaN,NaN,NaN
H,2008,5,16,NaN,NaN,NaN,NaN
H,2008,5,17,NaN,NaN,NaN,NaN
H,2008,5,18,NaN,NaN,NaN,NaN
H,2008,5,19,NaN,NaN,NaN,NaN
H,2008,5,20,NaN,NaN,NaN,NaN
H,2008,5,21,NaN,NaN,NaN,NaN
H,2008,5,22,NaN,NaN,NaN,NaN
H,2008,5,23,NaN,NaN,NaN,NaN
H,2008,5,24,NaN,NaN,NaN,NaN
H,2008,5,25,NaN,NaN,NaN,NaN
H,2008,5,26,NaN,NaN,NaN,NaN
H,2008,5,27,NaN,NaN,NaN,NaN
H,2008,5,28,NaN,NaN,NaN,NaN
H,2008,5,29,NaN,NaN,NaN,NaN
H,2008,5,30,NaN,NaN,NaN,NaN
H,2008,5,31,NaN,NaN,NaN,NaN
H,2008,6,1,NaN,NaN,NaN,NaN
H,2008,6,2,NaN,NaN,NaN,NaN
H,2008,6,3,NaN,NaN,NaN,NaN
H,2008,6,4,75.93,76.13,73.68,68.75
H,2008,6,5,75.75,77.10,74.16,64.76
H,2008,6,6,68.73,73.05,69.67,64.61
H,2008,6,7,75.55,78.41,75.01,68.07
H,2008,6,8,69.48,73.62,70.65,55.16
H,2008,6,9,73.83,80.46,75.48,53.54
H,2008,6,10,68.63,74.06,70.93,51.99
H,2008,6,11,68.29,70.39,66.54,51.33
H,2008,6,12,68.80,72.89,69.89,53.63
H,2008,6,13,65.85,68.40,67.01,52.98
H,2008,6,14,68.03,74.17,70.63,59.27
H,2008,6,15,69.54,74.01,70.67,63.05
H,2008,6,16,68.39,69.38,67.30,63.22
H,2008,6,17,74.02,73.50,70.44,63.22
H,2008,6,18,74.45,74.26,70.13,57.28
H,2008,6,19,71.88,75.42,72.35,53.37
H,2008,6,20,68.05,68.94,66.24,53.45
H,2008,6,21,69.76,76.80,74.24,53.88
H,2008,6,22,69.29,73.13,71.60,60.29
H,2008,6,23,70.42,72.04,70.20,65.41
H,2008,6,24,69.92,71.82,69.98,65.83
H,2008,6,25,67.72,66.92,65.59,63.78
H,2008,6,26,70.33,74.35,70.49,62.48
H,2008,6,27,70.05,74.32,69.60,55.38
H,2008,6,28,68.11,73.54,70.31,53.55
H,2008,6,29,69.70,73.88,73.34,60.40
H,2008,6,30,67.87,71.04,68.58,65.15
H,2008,7,1,71.40,73.08,70.48,65.85
H,2008,7,2,71.04,72.03,69.87,65.61
H,2008,7,3,71.59,77.47,72.21,64.59
H,2008,7,4,74.55,77.66,72.44,64.11
H,2008,7,5,74.55,77.73,73.95,65.94
H,2008,7,6,70.91,71.50,68.58,63.00
H,2008,7,7,67.32,67.64,66.64,60.27
H,2008,7,8,68.97,69.79,67.39,55.20
H,2008,7,9,69.93,73.37,70.92,57.79
H,2008,7,10,70.11,76.89,74.58,54.43
H,2008,7,11,66.97,71.84,68.03,53.75
H,2008,7,12,67.01,72.34,71.57,53.97
H,2008,7,13,69.39,73.53,68.82,54.15
H,2008,7,14,70.11,74.10,69.98,58.66
H,2008,7,15,71.62,71.17,68.68,64.75
H,2008,7,16,72.97,72.11,70.53,64.91
H,2008,7,17,70.63,74.95,71.75,62.94
H,2008,7,18,71.86,72.81,69.99,63.57
H,2008,7,19,71.53,77.63,75.29,57.75
H,2008,7,20,73.20,74.58,70.67,55.08
H,2008,7,21,71.20,74.50,70.52,57.44
H,2008,7,22,72.02,74.97,70.75,61.50
H,2008,7,23,73.41,75.75,70.54,54.11
H,2008,7,24,71.89,76.65,71.87,59.34
H,2008,7,25,70.30,74.19,69.44,60.41
H,2008,7,26,70.48,77.31,70.92,53.36
H,2008,7,27,68.62,74.20,68.78,52.91
H,2008,7,28,67.52,75.33,67.44,52.03
H,2008,7,29,71.01,76.68,70.32,57.04
H,2008,7,30,NaN,NaN,NaN,NaN
H,2008,7,31,NaN,NaN,NaN,NaN
H,2008,8,1,NaN,NaN,NaN,NaN
H,2008,8,2,NaN,NaN,NaN,NaN
H,2008,8,3,NaN,NaN,NaN,NaN
H,2008,8,4,NaN,NaN,NaN,NaN
H,2008,8,5,NaN,NaN,NaN,NaN
H,2008,8,6,NaN,NaN,NaN,NaN
H,2008,8,7,NaN,NaN,NaN,NaN
H,2008,8,8,NaN,NaN,NaN,NaN
H,2008,8,9,NaN,NaN,NaN,NaN
H,2008,8,10,NaN,NaN,NaN,NaN
H,2008,8,11,NaN,NaN,NaN,NaN
H,2008,8,12,NaN,NaN,NaN,NaN
H,2008,8,13,NaN,NaN,NaN,NaN
H,2008,8,14,NaN,NaN,NaN,NaN
H,2008,8,15,NaN,NaN,NaN,NaN
H,2008,8,16,NaN,NaN,NaN,NaN
H,2008,8,17,NaN,NaN,NaN,NaN
H,2008,8,18,NaN,NaN,NaN,NaN
H,2008,8,19,NaN,NaN,NaN,NaN
H,2008,8,20,NaN,NaN,NaN,NaN
H,2008,8,21,NaN,NaN,NaN,NaN
H,2008,8,22,NaN,NaN,NaN,NaN
H,2008,8,23,NaN,NaN,NaN,NaN
H,2008,8,24,NaN,NaN,NaN,NaN
H,2008,8,25,NaN,NaN,NaN,NaN
H,2008,8,26,NaN,NaN,NaN,NaN
H,2008,8,27,NaN,NaN,NaN,NaN
H,2008,8,28,NaN,NaN,NaN,NaN
H,2008,8,29,NaN,NaN,NaN,NaN
H,2008,8,30,NaN,NaN,NaN,NaN
H,2008,8,31,NaN,NaN,NaN,NaN
H,2008,9,1,NaN,NaN,NaN,NaN
H,2008,9,2,NaN,NaN,NaN,NaN
H,2008,9,3,NaN,NaN,NaN,NaN
H,2008,9,4,NaN,NaN,NaN,NaN
H,2008,9,5,NaN,NaN,NaN,NaN
H,2008,9,6,NaN,NaN,NaN,NaN
H,2008,9,7,NaN,NaN,NaN,NaN
H,2008,9,8,NaN,NaN,NaN,NaN
H,2008,9,9,NaN,NaN,NaN,NaN
H,2008,9,10,NaN,NaN,NaN,NaN
H,2008,9,11,NaN,NaN,NaN,NaN
H,2008,9,12,NaN,NaN,NaN,NaN
H,2008,9,13,NaN,NaN,NaN,NaN
H,2008,9,14,NaN,NaN,NaN,NaN
H,2008,9,15,NaN,NaN,NaN,NaN
H,2008,9,16,NaN,NaN,NaN,NaN
H,2008,9,17,NaN,NaN,NaN,NaN
H,2008,9,18,NaN,NaN,NaN,NaN
H,2008,9,19,NaN,NaN,NaN,NaN
H,2008,9,20,NaN,NaN,NaN,NaN
H,2008,9,21,NaN,NaN,NaN,NaN
H,2008,9,22,NaN,NaN,NaN,NaN
H,2008,9,23,NaN,NaN,NaN,NaN
H,2008,9,24,NaN,NaN,NaN,NaN
H,2008,9,25,NaN,NaN,NaN,NaN
H,2008,9,26,NaN,NaN,NaN,NaN
H,2008,9,27,NaN,NaN,NaN,NaN
H,2008,9,28,NaN,NaN,NaN,NaN
H,2008,9,29,NaN,NaN,NaN,NaN
H,2008,9,30,NaN,NaN,NaN,NaN
H,2008,10,1,NaN,NaN,NaN,NaN
H,2008,10,2,NaN,NaN,NaN,NaN
H,2008,10,3,NaN,NaN,NaN,NaN
H,2008,10,4,NaN,NaN,NaN,NaN
H,2008,10,5,NaN,NaN,NaN,NaN
H,2008,10,6,NaN,NaN,NaN,NaN
H,2008,10,7,NaN,NaN,NaN,NaN
H,2008,10,8,NaN,NaN,NaN,NaN
H,2008,10,9,NaN,NaN,NaN,NaN
H,2008,10,10,NaN,NaN,NaN,NaN
H,2008,10,11,NaN,NaN,NaN,NaN
H,2008,10,12,NaN,NaN,NaN,NaN
H,2008,10,13,NaN,NaN,NaN,NaN
H,2008,10,14,NaN,NaN,NaN,NaN
H,2008,10,15,NaN,NaN,NaN,NaN
H,2008,10,16,NaN,NaN,NaN,NaN
H,2008,10,17,NaN,NaN,NaN,NaN
H,2008,10,18,NaN,NaN,NaN,NaN
H,2008,10,19,NaN,NaN,NaN,NaN
H,2008,10,20,NaN,NaN,NaN,NaN
H,2008,10,21,NaN,NaN,NaN,NaN
H,2008,10,22,NaN,NaN,NaN,NaN
H,2008,10,23,NaN,NaN,NaN,NaN
H,2008,10,24,NaN,NaN,NaN,NaN
H,2008,10,25,NaN,NaN,NaN,NaN
H,2008,10,26,NaN,NaN,NaN,NaN
H,2008,10,27,NaN,NaN,NaN,NaN
H,2008,10,28,NaN,NaN,NaN,NaN
H,2008,10,29,NaN,NaN,NaN,NaN
H,2008,10,30,NaN,NaN,NaN,NaN
H,2008,10,31,NaN,NaN,NaN,NaN
H,2008,11,1,NaN,NaN,NaN,NaN
H,2008,11,2,NaN,NaN,NaN,NaN
H,2008,11,3,NaN,NaN,NaN,NaN
H,2008,11,4,NaN,NaN,NaN,NaN
H,2008,11,5,NaN,NaN,NaN,NaN
H,2008,11,6,NaN,NaN,NaN,NaN
H,2008,11,7,NaN,NaN,NaN,NaN
H,2008,11,8,NaN,NaN,NaN,NaN
H,2008,11,9,NaN,NaN,NaN,NaN
H,2008,11,10,NaN,NaN,NaN,NaN
H,2008,11,11,NaN,NaN,NaN,NaN
H,2008,11,12,NaN,NaN,NaN,NaN
H,2008,11,13,NaN,NaN,NaN,NaN
H,2008,11,14,NaN,NaN,NaN,NaN
H,2008,11,15,NaN,NaN,NaN,NaN
H,2008,11,16,NaN,NaN,NaN,NaN
H,2008,11,17,89.65,77.40,70.24,48.44
H,2008,11,18,88.32,71.50,66.16,51.01
H,2008,11,19,88.26,68.91,64.70,59.07
H,2008,11,20,89.44,71.17,67.70,61.18
H,2008,11,21,88.17,70.11,65.18,48.95
H,2008,11,22,86.22,71.49,66.19,47.35
H,2008,11,23,86.66,72.44,65.36,49.94
H,2008,11,24,86.91,71.00,67.24,50.59
H,2008,11,25,84.92,67.33,62.28,50.61
H,2008,11,26,83.55,70.37,65.99,56.60
H,2008,11,27,84.65,69.74,67.55,51.16
H,2008,11,28,82.02,62.94,61.31,56.16
H,2008,11,29,86.08,67.67,66.45,52.28
H,2008,11,30,85.15,70.12,64.59,54.95
H,2008,12,1,83.09,68.05,64.37,58.15
H,2008,12,2,81.22,72.41,68.33,59.61
H,2008,12,3,83.70,70.94,68.25,52.59
H,2008,12,4,84.05,71.39,68.82,49.19
H,2008,12,5,85.72,71.30,68.08,49.01
H,2008,12,6,84.66,69.05,66.80,49.39
H,2008,12,7,82.45,68.02,66.83,57.95
H,2008,12,8,85.06,70.79,70.59,63.90
H,2008,12,9,83.50,68.12,66.14,58.66
H,2008,12,10,85.94,68.92,65.09,48.09
H,2008,12,11,86.22,70.65,66.83,54.16
H,2008,12,12,84.09,67.42,64.90,57.86
H,2008,12,13,84.72,78.39,75.36,61.86
H,2008,12,14,85.96,77.92,74.66,66.20
H,2008,12,15,NaN,NaN,NaN,NaN
H,2008,12,16,NaN,NaN,NaN,NaN
H,2008,12,17,NaN,NaN,NaN,NaN
H,2008,12,18,NaN,NaN,NaN,NaN
H,2008,12,19,NaN,NaN,NaN,NaN
H,2008,12,20,NaN,NaN,NaN,NaN
H,2008,12,21,NaN,NaN,NaN,NaN
H,2008,12,22,NaN,NaN,NaN,NaN
H,2008,12,23,NaN,NaN,NaN,NaN
H,2008,12,24,NaN,NaN,NaN,NaN
H,2008,12,25,NaN,NaN,NaN,NaN
H,2008,12,26,NaN,NaN,NaN,NaN
H,2008,12,27,NaN,NaN,NaN,NaN
H,2008,12,28,NaN,NaN,NaN,NaN
H,2008,12,29,NaN,NaN,NaN,NaN
H,2008,12,30,NaN,NaN,NaN,NaN
H,2008,12,31,NaN,NaN,NaN,NaN
H,2009,1,1,NaN,NaN,NaN,NaN
H,2009,1,2,NaN,NaN,NaN,NaN
H,2009,1,3,NaN,NaN,NaN,NaN
H,2009,1,4,NaN,NaN,NaN,NaN
H,2009,1,5,NaN,NaN,NaN,NaN
H,2009,1,6,NaN,NaN,NaN,NaN
H,2009,1,7,NaN,NaN,NaN,NaN
H,2009,1,8,NaN,NaN,NaN,NaN
H,2009,1,9,NaN,NaN,NaN,NaN
H,2009,1,10,NaN,NaN,NaN,NaN
H,2009,1,11,NaN,NaN,NaN,NaN
H,2009,1,13,88.18,76.06,73.11,47.05
H,2009,1,14,86.33,73.58,74.47,46.83
H,2009,1,15,87.85,75.10,72.44,45.51
H,2009,1,16,88.02,72.56,71.34,46.62
H,2009,1,17,84.97,72.01,70.16,50.28
H,2009,1,18,84.62,70.98,69.52,47.93
H,2009,1,19,84.61,68.54,65.68,47.05
H,2009,1,20,84.27,71.77,71.10,47.37
H,2009,1,21,85.33,69.34,67.09,46.42
H,2009,1,22,84.91,73.68,71.56,48.74
H,2009,1,23,84.03,68.97,66.47,49.84
H,2009,1,24,84.99,71.01,69.49,48.57
H,2009,1,25,85.57,72.64,71.63,61.93
H,2009,1,26,84.88,74.32,73.39,65.24
H,2009,1,27,85.12,69.86,70.73,61.30
H,2009,1,28,84.40,71.86,69.97,55.30
H,2009,1,29,81.45,69.44,67.78,50.07
H,2009,1,30,81.99,72.77,68.58,47.90
H,2009,1,31,82.49,71.79,69.30,55.06
H,2009,2,1,81.76,68.70,68.16,51.91
H,2009,2,2,81.13,68.81,67.33,46.79
H,2009,2,3,80.94,68.55,66.44,46.47
H,2009,2,4,82.28,71.10,68.24,49.60
H,2009,2,5,81.03,67.96,66.47,57.38
H,2009,2,6,83.01,70.99,69.99,59.68
H,2009,2,7,85.21,71.69,68.95,55.12
H,2009,2,8,83.56,71.07,70.54,54.93
H,2009,2,9,83.68,71.35,70.48,62.61
H,2009,2,10,83.84,73.33,72.29,65.94
H,2009,2,11,85.31,76.93,74.61,60.08
H,2009,2,12,81.97,72.07,69.91,63.43
H,2009,2,13,83.69,71.26,68.06,60.88
H,2009,2,14,84.84,72.20,67.62,58.33
H,2009,2,15,85.64,67.27,69.19,54.26
H,2009,2,16,86.61,70.70,69.63,62.73
H,2009,2,17,86.37,69.55,66.35,58.24
H,2009,2,18,87.69,77.36,76.62,49.43
H,2009,2,19,85.40,71.57,70.90,52.12
H,2009,2,20,86.10,72.92,73.23,54.96
H,2009,2,21,86.35,72.66,70.38,50.95
H,2009,2,22,83.71,67.27,65.92,48.58
H,2009,2,23,84.70,71.99,70.12,50.24
H,2009,2,24,86.74,76.20,73.32,57.65
H,2009,2,25,85.84,74.44,72.38,59.60
H,2009,2,26,84.66,68.54,67.76,62.13
H,2009,2,27,83.23,69.19,67.09,62.25
H,2009,2,28,84.69,70.73,68.13,51.72
H,2009,3,1,83.56,69.44,67.39,47.57
H,2009,3,2,82.97,71.48,72.21,54.87
H,2009,3,3,83.34,66.21,64.86,50.05
H,2009,3,4,85.29,70.15,68.91,54.62
H,2009,3,5,84.40,69.28,67.78,59.66
H,2009,3,6,83.99,75.00,73.65,61.04
H,2009,3,7,85.14,70.79,70.03,63.20
H,2009,3,8,86.35,78.39,74.57,53.20
H,2009,3,9,NaN,NaN,NaN,NaN
H,2009,3,10,NaN,NaN,NaN,NaN
H,2009,3,11,NaN,NaN,NaN,NaN
H,2009,3,12,NaN,NaN,NaN,NaN
H,2009,3,13,86.49,67.73,64.41,60.51
H,2009,3,14,84.77,68.81,66.98,63.67
H,2009,3,15,84.47,69.80,67.89,63.04
H,2009,3,16,84.66,71.53,70.64,59.22
H,2009,3,17,84.70,69.22,67.03,59.03
H,2009,3,18,84.69,69.43,68.26,51.02
H,2009,3,19,83.29,68.37,66.76,50.57
H,2009,3,20,83.51,70.51,69.93,48.95
H,2009,3,21,84.78,67.10,66.14,55.16
H,2009,3,22,84.04,72.69,71.74,63.38
H,2009,3,23,85.83,72.49,71.38,67.15
H,2009,3,24,85.31,68.32,66.16,62.44
H,2009,3,25,84.26,70.67,68.02,58.37
H,2009,3,26,83.83,71.74,70.43,63.92
H,2009,3,27,82.58,71.67,69.99,56.46
H,2009,3,28,84.90,68.51,66.62,53.66
H,2009,3,29,83.30,71.48,70.24,62.89
H,2009,3,30,81.75,72.31,71.39,56.83
H,2009,3,31,84.38,69.80,68.49,59.76
H,2009,4,1,85.15,69.73,67.84,63.28
H,2009,4,2,84.95,68.38,65.03,54.31
H,2009,4,3,84.95,70.08,69.60,65.83
H,2009,4,4,83.80,74.26,72.50,63.50
H,2009,4,5,83.86,67.47,65.21,51.83
H,2009,4,6,80.84,70.17,69.76,50.01
H,2009,4,7,84.30,73.95,72.54,53.74
H,2009,4,8,85.55,72.92,72.03,57.06
H,2009,4,9,83.79,75.40,73.14,61.51
H,2009,4,10,77.82,67.66,70.18,56.70
H,2009,4,11,79.48,71.22,70.93,67.21
H,2009,4,12,76.29,66.82,66.45,58.43
H,2009,4,13,79.11,67.71,66.30,54.05
H,2009,4,14,79.59,71.95,70.17,66.14
H,2009,4,15,82.73,76.22,74.42,69.65
H,2009,4,16,82.98,76.64,73.74,68.37
H,2009,4,17,79.70,69.10,68.52,59.81
H,2009,4,18,78.09,70.74,69.81,53.43
H,2009,4,19,76.73,67.54,66.82,55.56
H,2009,4,20,78.32,69.39,67.52,50.14
H,2009,4,21,78.38,66.07,65.51,55.71
H,2009,4,22,82.41,69.20,68.19,60.25
H,2009,4,23,81.00,68.59,68.32,58.09
H,2009,4,24,78.76,65.27,65.23,53.34
H,2009,4,25,81.50,72.40,71.90,66.22
H,2009,4,26,81.00,74.18,72.49,65.40
H,2009,4,27,78.14,71.95,71.81,64.26
H,2009,4,28,76.85,70.66,69.40,65.80
H,2009,4,29,75.02,71.70,70.85,66.21
H,2009,4,30,75.91,73.82,72.30,63.88
H,2009,5,1,72.28,71.14,71.19,61.78
H,2009,5,2,71.38,68.76,67.86,58.32
H,2009,5,3,76.27,69.08,68.46,61.88
H,2009,5,4,72.74,69.41,68.89,65.10
H,2009,5,5,76.69,76.59,73.02,65.99
H,2009,5,6,73.26,71.73,70.71,66.61
H,2009,5,7,78.04,76.33,74.71,67.99
H,2009,5,8,NaN,NaN,NaN,NaN
H,2009,5,9,NaN,NaN,NaN,NaN
H,2009,5,10,NaN,NaN,NaN,NaN
H,2009,5,11,NaN,NaN,NaN,NaN
H,2009,5,12,NaN,NaN,NaN,NaN
H,2009,5,13,NaN,NaN,NaN,NaN
H,2009,5,14,NaN,NaN,NaN,NaN
H,2009,5,15,NaN,NaN,NaN,NaN
H,2009,5,16,NaN,NaN,NaN,NaN
H,2009,5,17,NaN,NaN,NaN,NaN
H,2009,5,18,NaN,NaN,NaN,NaN
H,2009,5,19,NaN,NaN,NaN,NaN
H,2009,5,20,NaN,NaN,NaN,NaN
H,2009,5,21,NaN,NaN,NaN,NaN
H,2009,5,22,NaN,NaN,NaN,NaN
H,2009,5,23,NaN,NaN,NaN,NaN
H,2009,5,24,NaN,NaN,NaN,NaN
H,2009,5,25,NaN,NaN,NaN,NaN
H,2009,5,26,NaN,NaN,NaN,NaN
H,2009,5,27,NaN,NaN,NaN,NaN
H,2009,5,28,NaN,NaN,NaN,NaN
H,2009,5,29,NaN,NaN,NaN,NaN
H,2009,5,30,NaN,NaN,NaN,NaN
H,2009,5,31,NaN,NaN,NaN,NaN
H,2009,6,1,NaN,NaN,NaN,NaN
H,2009,6,2,NaN,NaN,NaN,NaN
H,2009,6,3,NaN,NaN,NaN,NaN
H,2009,6,4,NaN,NaN,NaN,NaN
H,2009,6,5,NaN,NaN,NaN,NaN
H,2009,6,6,NaN,NaN,NaN,NaN
H,2009,6,7,NaN,NaN,NaN,NaN
H,2009,6,8,NaN,NaN,NaN,NaN
H,2009,6,9,NaN,NaN,NaN,NaN
H,2009,6,10,NaN,NaN,NaN,NaN
H,2009,6,11,NaN,NaN,NaN,NaN
H,2009,6,12,NaN,NaN,NaN,NaN
H,2009,6,13,NaN,NaN,NaN,NaN
H,2009,6,14,NaN,NaN,NaN,NaN
H,2009,6,15,NaN,NaN,NaN,NaN
H,2009,6,16,NaN,NaN,NaN,NaN
H,2009,6,17,NaN,NaN,NaN,NaN
H,2009,6,18,NaN,NaN,NaN,NaN
H,2009,6,19,NaN,NaN,NaN,NaN
H,2009,6,20,NaN,NaN,NaN,NaN
H,2009,6,21,NaN,NaN,NaN,NaN
H,2009,6,22,NaN,NaN,NaN,NaN
H,2009,6,23,NaN,NaN,NaN,NaN
H,2009,6,24,NaN,NaN,NaN,NaN
H,2009,6,25,NaN,NaN,NaN,NaN
H,2009,6,26,NaN,NaN,NaN,NaN
H,2009,6,27,NaN,NaN,NaN,NaN
H,2009,6,28,NaN,NaN,NaN,NaN
H,2009,6,29,NaN,NaN,NaN,NaN
H,2009,6,30,NaN,NaN,NaN,NaN
H,2009,7,1,NaN,NaN,NaN,NaN
H,2009,7,2,NaN,NaN,NaN,NaN
H,2009,7,3,NaN,NaN,NaN,NaN
H,2009,7,4,NaN,NaN,NaN,NaN
H,2009,7,5,NaN,NaN,NaN,NaN
H,2009,7,6,NaN,NaN,NaN,NaN
H,2009,7,7,NaN,NaN,NaN,NaN
H,2009,7,8,NaN,NaN,NaN,NaN
H,2009,7,9,NaN,NaN,NaN,NaN
H,2009,7,10,NaN,NaN,NaN,NaN
H,2009,7,11,NaN,NaN,NaN,NaN
H,2009,7,12,NaN,NaN,NaN,NaN
H,2009,7,13,NaN,NaN,NaN,NaN
H,2009,7,14,NaN,NaN,NaN,NaN
H,2009,7,15,NaN,NaN,NaN,NaN
H,2009,7,16,NaN,NaN,NaN,NaN
H,2009,7,17,NaN,NaN,NaN,NaN
H,2009,7,18,NaN,NaN,NaN,NaN
H,2009,7,19,NaN,NaN,NaN,NaN
H,2009,7,20,NaN,NaN,NaN,NaN
H,2009,7,21,NaN,NaN,NaN,NaN
H,2009,7,22,NaN,NaN,NaN,NaN
H,2009,7,23,73.59,66.78,66.12,53.62
H,2009,7,24,69.76,69.62,68.70,58.07
H,2009,7,25,69.64,70.14,68.32,58.38
H,2009,7,26,70.79,71.50,69.77,52.00
H,2009,7,27,68.73,71.00,69.26,52.57
H,2009,7,28,68.97,69.84,67.14,58.88
H,2009,7,29,68.52,69.61,67.05,60.33
H,2009,7,30,67.63,67.83,64.92,56.82
H,2009,7,31,67.17,70.08,66.58,48.19
H,2009,8,1,67.94,67.41,64.79,50.68
H,2009,8,2,64.94,67.48,63.87,58.21
H,2009,8,3,67.80,68.07,64.86,61.43
H,2009,8,4,68.11,70.64,66.55,61.45
H,2009,8,5,70.42,69.59,66.12,61.02
H,2009,8,6,75.73,76.62,72.66,62.42
H,2009,8,7,73.66,75.27,69.86,61.65
H,2009,8,8,70.43,70.76,67.27,62.18
H,2009,8,9,72.52,67.68,64.85,56.54
H,2009,8,10,71.87,69.87,66.47,51.27
H,2009,8,11,68.12,68.68,64.32,52.73
H,2009,8,12,67.99,69.42,65.53,56.81
H,2009,8,13,66.77,68.93,66.07,49.13
H,2009,8,14,63.12,66.64,64.14,49.05
H,2009,8,15,66.34,69.93,66.26,61.06
H,2009,8,16,71.59,70.11,67.46,55.10
H,2009,8,17,70.17,69.57,65.96,55.82
H,2009,8,18,69.12,69.19,63.45,51.35
H,2009,8,19,71.37,72.28,68.56,51.00
H,2009,8,20,73.38,70.42,68.30,54.47
H,2009,8,21,73.07,70.38,67.85,58.06
H,2009,8,22,71.63,69.42,64.43,53.89
H,2009,8,23,69.15,72.05,70.03,49.02
H,2009,8,24,68.75,69.29,65.43,53.78
H,2009,8,25,69.94,68.56,63.58,58.95
H,2009,8,26,68.86,68.96,63.90,56.86
H,2009,8,27,69.46,69.95,63.65,56.28
H,2009,8,28,70.76,70.06,65.24,56.67
H,2009,8,29,71.19,69.88,63.90,54.54
H,2009,8,30,72.31,70.16,63.61,55.55
H,2009,8,31,68.38,69.20,63.57,56.82
H,2009,9,1,70.73,72.22,66.58,55.10
H,2009,9,2,74.19,74.47,68.97,49.19
H,2009,9,3,77.81,75.07,66.98,52.08
H,2009,9,4,75.18,73.36,64.84,54.28
H,2009,9,5,76.14,76.16,68.01,61.93
H,2009,9,6,76.65,75.88,70.24,61.97
H,2009,9,7,79.71,74.87,67.68,60.36
H,2009,9,8,78.84,74.93,65.88,54.70
H,2009,9,9,82.85,75.22,68.21,52.02
H,2009,9,10,79.11,78.34,69.18,58.58
H,2009,9,11,77.78,75.05,68.52,59.20
H,2009,9,12,76.80,74.08,66.84,58.46
H,2009,9,13,76.20,73.28,66.95,56.11
H,2009,9,14,78.84,71.59,65.41,52.82
H,2009,9,15,77.17,72.66,67.38,59.78
H,2009,9,16,NaN,NaN,NaN,NaN
H,2009,9,17,NaN,NaN,NaN,NaN
H,2009,9,18,NaN,NaN,NaN,NaN
H,2009,9,19,NaN,NaN,NaN,NaN
H,2009,9,20,NaN,NaN,NaN,NaN
H,2009,9,21,NaN,NaN,NaN,NaN
H,2009,9,22,NaN,NaN,NaN,NaN
H,2009,9,23,NaN,NaN,NaN,NaN
H,2009,9,24,NaN,NaN,NaN,NaN
H,2009,9,25,NaN,NaN,NaN,NaN
H,2009,9,26,NaN,NaN,NaN,NaN
H,2009,9,27,NaN,NaN,NaN,NaN
H,2009,9,28,NaN,NaN,NaN,NaN
H,2009,9,29,NaN,NaN,NaN,NaN
H,2009,9,30,NaN,NaN,NaN,NaN
H,2009,10,1,NaN,NaN,NaN,NaN
H,2009,10,2,NaN,NaN,NaN,NaN
H,2009,10,3,NaN,NaN,NaN,NaN
H,2009,10,4,NaN,NaN,NaN,NaN
H,2009,10,5,NaN,NaN,NaN,NaN
H,2009,10,6,NaN,NaN,NaN,NaN
H,2009,10,7,NaN,NaN,NaN,NaN
H,2009,10,8,NaN,NaN,NaN,NaN
H,2009,10,9,NaN,NaN,NaN,NaN
H,2009,10,10,NaN,NaN,NaN,NaN
H,2009,10,11,NaN,NaN,NaN,NaN
H,2009,10,12,NaN,NaN,NaN,NaN
H,2009,10,13,NaN,NaN,NaN,NaN
H,2009,10,14,NaN,NaN,NaN,NaN
H,2009,10,15,NaN,NaN,NaN,NaN
H,2009,10,16,NaN,NaN,NaN,NaN
H,2009,10,17,NaN,NaN,NaN,NaN
H,2009,10,18,NaN,NaN,NaN,NaN
H,2009,10,19,NaN,NaN,NaN,NaN
H,2009,10,20,NaN,NaN,NaN,NaN
H,2009,10,21,NaN,NaN,NaN,NaN
H,2009,10,22,NaN,NaN,NaN,NaN
H,2009,10,23,NaN,NaN,NaN,NaN
H,2009,10,24,NaN,NaN,NaN,NaN
H,2009,10,25,NaN,NaN,NaN,NaN
H,2009,10,26,NaN,NaN,NaN,NaN
H,2009,10,27,NaN,NaN,NaN,NaN
H,2009,10,28,NaN,NaN,NaN,NaN
H,2009,10,29,NaN,NaN,NaN,NaN
H,2009,10,30,NaN,NaN,NaN,NaN
H,2009,10,31,NaN,NaN,NaN,NaN
H,2009,11,1,NaN,NaN,NaN,NaN
H,2009,11,2,NaN,NaN,NaN,NaN
H,2009,11,3,NaN,NaN,NaN,NaN
H,2009,11,4,NaN,NaN,NaN,NaN
H,2009,11,5,NaN,NaN,NaN,NaN
H,2009,11,6,NaN,NaN,NaN,NaN
H,2009,11,7,NaN,NaN,NaN,NaN
H,2009,11,8,NaN,NaN,NaN,NaN
H,2009,11,9,NaN,NaN,NaN,NaN
H,2009,11,10,NaN,NaN,NaN,NaN
H,2009,11,11,NaN,NaN,NaN,NaN
H,2009,11,12,NaN,NaN,NaN,NaN
H,2009,11,13,NaN,NaN,NaN,NaN
H,2009,11,14,NaN,NaN,NaN,NaN
H,2009,11,15,NaN,NaN,NaN,NaN
H,2009,11,16,NaN,NaN,NaN,NaN
H,2009,11,17,NaN,NaN,NaN,NaN
H,2009,11,18,NaN,NaN,NaN,NaN
H,2009,11,19,NaN,NaN,NaN,NaN
H,2009,11,20,NaN,NaN,NaN,NaN
H,2009,11,21,NaN,NaN,NaN,NaN
H,2009,11,22,NaN,NaN,NaN,NaN
H,2009,11,23,NaN,NaN,NaN,NaN
H,2009,11,24,NaN,NaN,NaN,NaN
H,2009,11,25,NaN,NaN,NaN,NaN
H,2009,11,26,NaN,NaN,NaN,NaN
H,2009,11,27,NaN,NaN,NaN,NaN
H,2009,11,28,NaN,NaN,NaN,NaN
H,2009,11,29,NaN,NaN,NaN,NaN
H,2009,11,30,NaN,NaN,NaN,NaN
H,2009,12,1,NaN,NaN,NaN,NaN
H,2009,12,2,NaN,NaN,NaN,NaN
H,2009,12,3,NaN,NaN,NaN,NaN
H,2009,12,4,NaN,NaN,NaN,NaN
H,2009,12,5,86.26,85.27,73.26,61.95
H,2009,12,6,84.18,73.74,69.19,60.00
H,2009,12,7,84.61,72.95,69.41,55.77
H,2009,12,8,82.32,73.82,72.00,63.56
H,2009,12,9,79.53,72.86,70.14,58.74
H,2009,12,10,81.38,75.73,69.88,48.12
H,2009,12,11,78.20,69.44,65.42,55.64
H,2009,12,12,78.68,70.85,67.30,57.42
H,2009,12,13,75.07,72.79,69.88,59.33
H,2009,12,14,78.35,70.80,67.07,57.39
H,2009,12,15,81.01,70.39,67.72,50.26
H,2009,12,16,81.71,75.56,72.21,57.85
H,2009,12,17,81.44,70.53,67.27,55.38
H,2009,12,18,81.99,71.69,69.55,53.87
H,2009,12,19,82.80,71.56,68.38,43.98
H,2009,12,20,82.18,69.38,68.24,44.49
H,2009,12,21,82.77,67.26,65.35,46.86
H,2009,12,22,82.30,73.62,71.76,65.61
H,2009,12,23,81.41,74.69,70.11,64.66
H,2009,12,24,81.46,64.64,62.41,55.75
H,2009,12,25,80.24,67.78,66.16,47.96
H,2009,12,26,80.90,68.59,64.53,48.46
H,2009,12,27,83.20,71.32,69.37,45.80
H,2009,12,28,83.54,69.06,66.23,46.90
H,2009,12,29,81.59,65.19,62.55,52.90
H,2009,12,30,81.93,70.32,66.28,58.94
H,2009,12,31,81.75,71.59,72.20,56.16
H,2010,1,1,81.10,69.31,65.61,54.08
H,2010,1,2,83.32,68.92,65.53,58.36
H,2010,1,3,84.00,70.99,68.25,49.73
H,2010,1,4,78.41,66.75,64.56,46.57
H,2010,1,5,81.95,68.78,65.61,53.64
H,2010,1,6,81.74,70.04,67.90,52.75
H,2010,1,7,84.22,73.07,68.42,53.40
H,2010,1,8,82.42,67.98,66.15,51.69
H,2010,1,9,80.89,70.13,67.64,48.88
H,2010,1,10,82.02,70.08,67.26,56.36
H,2010,1,11,79.21,69.04,65.14,53.85
H,2010,1,12,79.69,70.37,68.21,49.61
H,2010,1,13,79.91,68.99,66.93,56.77
H,2010,1,14,81.42,73.47,71.37,62.96
H,2010,1,15,77.40,69.45,65.98,51.94
H,2010,1,16,78.95,70.10,67.92,52.60
H,2010,1,17,78.32,73.51,71.85,48.78
H,2010,1,18,77.05,69.20,67.36,59.21
H,2010,1,19,81.26,70.12,65.71,59.56
H,2010,1,20,77.82,70.62,70.67,62.84
H,2010,1,21,79.17,73.00,71.44,62.46
H,2010,1,22,79.48,72.79,72.34,64.28
H,2010,1,23,82.92,70.70,68.09,61.52
H,2010,1,24,81.80,71.01,68.33,55.02
H,2010,1,25,80.22,68.07,65.84,54.82
H,2010,1,26,78.41,70.92,70.62,49.32
H,2010,1,27,80.61,76.61,73.99,56.85
H,2010,1,28,80.76,71.50,69.75,55.52
H,2010,1,29,79.43,72.63,67.79,49.76
H,2010,1,30,78.29,75.60,76.25,47.97
H,2010,1,31,77.06,67.58,64.71,51.57
H,2010,2,1,81.21,73.45,70.84,48.13
H,2010,2,2,83.91,69.16,66.51,48.48
H,2010,2,3,81.53,69.69,66.38,56.16
H,2010,2,4,78.92,71.40,68.95,56.45
H,2010,2,5,76.77,69.45,68.35,62.29
H,2010,2,6,75.83,72.06,70.27,60.16
H,2010,2,7,77.52,72.82,72.14,64.52
H,2010,2,8,78.36,72.25,70.58,63.55
H,2010,2,9,77.68,70.06,68.68,59.75
H,2010,2,10,81.03,74.37,70.85,58.49
H,2010,2,11,80.45,73.45,68.50,60.63
H,2010,2,12,79.83,72.12,67.39,58.56
H,2010,2,13,77.92,70.44,64.43,56.53
H,2010,2,14,78.56,69.83,66.66,56.70
H,2010,2,15,78.50,71.41,68.72,52.57
H,2010,2,16,78.01,68.84,65.83,50.75
H,2010,2,17,78.84,71.39,67.82,50.75
H,2010,2,18,76.45,71.61,67.55,53.50
H,2010,2,19,76.86,68.77,65.46,51.01
H,2010,2,20,76.14,67.93,65.35,55.47
H,2010,2,21,74.06,70.76,68.08,60.90
H,2010,2,22,76.36,70.53,69.38,64.29
H,2010,2,23,75.91,69.38,66.44,49.47
H,2010,2,24,78.85,74.97,72.99,53.06
H,2010,2,25,78.30,73.57,70.51,60.18
H,2010,2,26,79.71,73.10,71.07,51.72
H,2010,2,27,81.36,76.78,70.82,61.98
H,2010,2,28,82.00,74.72,72.00,62.07
H,2010,3,1,80.52,70.52,70.34,49.97
H,2010,3,2,80.14,73.55,69.18,48.19
H,2010,3,3,80.06,71.99,70.33,58.69
H,2010,3,4,78.33,70.93,69.43,61.49
H,2010,3,5,79.78,74.71,71.93,58.23
H,2010,3,6,78.51,71.00,69.08,54.65
H,2010,3,7,78.06,73.06,69.34,56.50
H,2010,3,8,76.76,73.40,71.42,65.26
H,2010,3,9,77.78,75.86,74.59,67.20
H,2010,3,10,78.42,75.17,74.35,68.61
H,2010,3,11,78.49,75.45,71.62,59.91
H,2010,3,12,76.77,72.76,65.67,49.99
H,2010,3,13,79.13,72.67,70.06,62.69
H,2010,3,14,76.74,70.64,69.93,58.98
H,2010,3,15,76.80,70.10,69.92,50.36
H,2010,3,16,80.13,72.10,70.32,45.50
H,2010,3,17,83.07,70.44,68.82,49.41
H,2010,3,18,81.20,70.87,67.28,58.27
H,2010,3,19,81.94,69.06,68.19,53.32
H,2010,3,20,81.47,68.86,66.16,55.15
H,2010,3,21,81.08,69.26,66.69,51.30
H,2010,3,22,81.63,69.51,68.73,59.92
H,2010,3,23,NaN,NaN,NaN,NaN
H,2010,3,24,NaN,NaN,NaN,NaN
H,2010,3,25,NaN,NaN,NaN,NaN
H,2010,3,26,NaN,NaN,NaN,NaN
H,2010,3,27,NaN,NaN,NaN,NaN
H,2010,3,28,NaN,NaN,NaN,NaN
H,2010,3,29,NaN,NaN,NaN,NaN
H,2010,3,30,NaN,NaN,NaN,NaN
H,2010,3,31,NaN,NaN,NaN,NaN
H,2010,4,1,NaN,NaN,NaN,NaN
H,2010,4,2,NaN,NaN,NaN,NaN
H,2010,4,3,NaN,NaN,NaN,NaN
H,2010,4,4,NaN,NaN,NaN,NaN
H,2010,4,5,NaN,NaN,NaN,NaN
H,2010,4,6,NaN,NaN,NaN,NaN
H,2010,4,7,NaN,NaN,NaN,NaN
H,2010,4,8,NaN,NaN,NaN,NaN
H,2010,4,9,NaN,NaN,NaN,NaN
H,2010,4,10,82.35,79.59,74.81,47.27
H,2010,4,11,80.32,70.76,69.74,54.32
H,2010,4,12,79.38,71.31,69.04,60.03
H,2010,4,13,81.35,72.50,71.56,59.86
H,2010,4,14,78.84,71.54,70.26,60.86
H,2010,4,15,79.42,70.39,69.11,59.15
H,2010,4,16,80.17,73.24,72.41,61.22
H,2010,4,17,80.82,78.50,73.69,58.28
H,2010,4,18,79.29,68.92,67.42,57.89
H,2010,4,19,73.97,65.18,64.72,48.77
H,2010,4,20,75.81,66.86,66.39,51.27
H,2010,4,21,76.21,76.19,74.29,65.11
H,2010,4,22,76.83,72.13,69.03,64.22
H,2010,4,23,74.02,65.95,63.96,55.21
H,2010,4,24,77.24,72.70,69.53,58.04
H,2010,4,25,73.05,67.35,67.87,48.85
H,2010,4,26,74.49,72.70,68.91,46.48
H,2010,4,27,74.93,66.93,66.59,59.95
H,2010,4,28,74.79,68.47,66.37,56.96
H,2010,4,29,77.18,74.69,74.33,67.77
H,2010,4,30,80.08,75.96,74.82,67.70
H,2010,5,1,75.63,71.56,71.20,63.82
H,2010,5,2,75.16,72.29,71.13,58.78
H,2010,5,3,73.79,72.14,70.01,47.96
H,2010,5,4,72.58,70.72,70.44,57.49
H,2010,5,5,71.40,68.91,68.74,61.73
H,2010,5,6,71.89,69.58,69.98,63.74
H,2010,5,7,71.61,70.19,71.53,59.90
H,2010,5,8,72.16,71.48,71.30,63.32
H,2010,5,9,74.41,73.28,73.25,65.86
H,2010,5,10,74.66,72.01,70.45,64.96
H,2010,5,11,78.53,72.96,72.71,67.96
H,2010,5,12,74.22,70.14,69.12,62.12
H,2010,5,13,74.14,72.33,70.43,62.96
H,2010,5,14,69.66,67.25,65.51,56.41
H,2010,5,15,74.00,71.97,69.93,56.42
H,2010,5,16,74.33,73.81,73.15,58.26
H,2010,5,17,72.76,67.82,66.75,48.65
H,2010,5,18,73.28,64.29,64.80,46.61
H,2010,5,19,73.87,71.70,70.35,60.58
H,2010,5,20,75.50,72.17,70.36,64.47
H,2010,5,21,75.31,72.70,71.77,66.14
H,2010,5,22,79.56,76.02,74.17,68.97
H,2010,5,23,79.24,75.62,74.18,67.77
H,2010,5,24,75.21,70.75,70.36,65.68
H,2010,5,25,76.40,72.92,70.48,61.53
H,2010,5,26,71.39,70.00,69.54,46.09
H,2010,5,27,72.29,71.42,69.62,52.06
H,2010,5,28,73.53,71.75,69.47,61.89
H,2010,5,29,76.59,72.33,70.40,59.20
H,2010,5,30,70.52,68.31,67.87,49.34
H,2010,5,31,73.12,68.72,67.36,49.11
H,2010,6,1,70.01,69.97,68.40,54.88
H,2010,6,2,69.38,70.18,69.10,56.62
H,2010,6,3,72.23,76.26,74.38,54.73
H,2010,6,4,69.85,71.97,70.26,55.21
H,2010,6,5,66.68,70.01,68.82,53.30
H,2010,6,6,68.94,72.33,70.61,45.90
H,2010,6,7,66.73,72.32,71.48,45.87
H,2010,6,8,64.85,66.73,67.07,61.66
H,2010,6,9,67.67,69.64,67.80,62.39
H,2010,6,10,72.59,72.46,71.86,65.86
H,2010,6,11,73.80,72.85,71.90,65.26
H,2010,6,12,69.45,69.80,67.44,53.62
H,2010,6,13,68.13,68.97,69.04,46.48
H,2010,6,14,67.87,67.47,67.40,55.36
H,2010,6,15,69.23,69.66,68.50,61.68
H,2010,6,16,72.15,70.89,70.20,64.26
H,2010,6,17,71.62,76.01,73.73,59.56
H,2010,6,18,71.97,71.26,71.39,63.51
H,2010,6,19,73.00,72.74,71.46,65.52
H,2010,6,20,71.68,70.51,69.71,65.33
H,2010,6,21,69.79,70.12,68.76,62.21
H,2010,6,22,69.06,67.14,66.36,56.13
H,2010,6,23,72.61,74.80,71.89,58.11
H,2010,6,24,72.24,68.02,66.71,56.84
H,2010,6,25,71.58,71.64,68.90,62.66
H,2010,6,26,70.40,70.17,70.04,63.53
H,2010,6,27,69.10,72.81,70.50,59.53
H,2010,6,28,67.33,68.73,68.46,47.16
H,2010,6,29,69.84,70.54,68.67,48.16
H,2010,6,30,68.27,70.10,68.78,49.95
H,2010,7,1,69.92,72.15,70.86,64.20
H,2010,7,2,70.91,72.84,73.48,64.50
H,2010,7,3,69.28,74.91,73.95,63.52
H,2010,7,4,69.18,73.00,70.91,54.71
H,2010,7,5,66.73,73.87,69.23,49.22
H,2010,7,6,65.07,67.64,66.17,49.38
H,2010,7,7,63.86,66.32,66.07,48.92
H,2010,7,8,69.62,72.94,70.19,51.07
H,2010,7,9,71.16,69.35,67.55,60.55
H,2010,7,10,74.26,76.77,73.94,60.51
H,2010,7,11,71.60,71.01,69.63,58.46
H,2010,7,12,74.28,73.45,70.20,58.55
H,2010,7,13,74.94,76.40,75.20,61.04
H,2010,7,14,74.43,71.22,69.96,63.25
H,2010,7,15,74.94,73.14,71.61,63.14
H,2010,7,16,71.52,68.75,68.03,62.22
H,2010,7,17,76.28,74.89,72.09,63.70
H,2010,7,18,72.82,74.32,74.31,63.46
H,2010,7,19,72.72,71.08,69.77,56.02
H,2010,7,20,71.67,73.82,71.87,58.94
H,2010,7,21,70.52,73.45,70.47,57.61
H,2010,7,22,70.94,73.79,72.02,49.52
H,2010,7,23,72.18,73.43,70.27,49.14
H,2010,7,24,71.41,71.88,68.75,58.79
H,2010,7,25,72.90,73.65,72.46,61.30
H,2010,7,26,72.60,73.25,68.96,59.75
H,2010,7,27,71.71,72.67,68.95,57.95
H,2010,7,28,76.49,73.41,72.98,56.87
H,2010,7,29,75.13,72.50,67.24,58.70
H,2010,7,30,71.53,69.81,67.17,56.85
H,2010,7,31,76.85,71.95,69.12,51.52
H,2010,8,1,73.23,72.34,69.16,48.71
H,2010,8,2,71.92,72.70,69.73,54.89
H,2010,8,3,68.59,68.82,69.78,59.42
H,2010,8,4,73.74,71.44,69.25,59.07
H,2010,8,5,71.60,69.46,67.05,60.27
H,2010,8,6,71.23,70.44,67.92,59.69
H,2010,8,7,73.28,72.55,69.19,52.99
H,2010,8,8,69.56,68.81,68.59,47.13
H,2010,8,9,72.98,69.61,67.43,46.31
H,2010,8,10,72.75,69.03,68.31,54.77
H,2010,8,11,75.64,73.06,69.41,56.99
H,2010,8,12,72.85,71.99,70.13,61.38
H,2010,8,13,75.37,72.30,69.32,62.00
H,2010,8,14,73.44,72.65,70.99,62.01
H,2010,8,15,71.11,71.16,70.60,62.43
H,2010,8,16,68.62,67.93,65.58,61.16
H,2010,8,17,71.12,71.09,66.51,46.76
H,2010,8,18,68.52,69.35,66.28,52.09
H,2010,8,19,70.89,71.99,70.42,60.61
H,2010,8,20,72.95,73.15,69.06,61.27
H,2010,8,21,75.06,70.23,66.18,61.58
H,2010,8,22,73.56,72.90,68.73,62.58
H,2010,8,23,71.56,70.32,66.67,58.61
H,2010,8,24,72.54,68.95,65.99,55.97
H,2010,8,25,77.76,71.97,69.52,59.82
H,2010,8,26,74.69,72.64,68.92,61.56
H,2010,8,27,76.00,71.85,68.33,61.27
H,2010,8,28,75.79,73.34,70.32,63.23
H,2010,8,29,72.78,73.66,70.37,64.09
H,2010,8,30,74.05,70.28,67.57,60.58
H,2010,8,31,73.54,70.40,67.14,59.74
H,2010,9,1,77.89,73.81,70.39,54.70
H,2010,9,2,75.67,72.55,67.47,50.20
H,2010,9,3,74.29,72.03,68.31,59.39
H,2010,9,4,75.21,73.83,69.87,62.21
H,2010,9,5,73.85,73.23,70.47,62.08
H,2010,9,6,75.96,73.37,70.26,55.43
H,2010,9,7,74.93,73.34,66.81,48.65
H,2010,9,8,76.71,73.73,69.11,55.65
H,2010,9,9,76.05,73.60,67.27,59.80
H,2010,9,10,75.26,71.35,66.03,55.89
H,2010,9,11,72.17,69.44,65.91,48.86
H,2010,9,12,73.87,72.75,69.22,57.14
H,2010,9,13,77.75,74.59,67.44,61.13
H,2010,9,14,76.49,73.01,68.46,61.02
H,2010,9,15,73.61,75.23,70.10,58.44
H,2010,9,16,74.38,73.59,69.24,57.52
H,2010,9,17,71.74,72.03,66.23,56.00
H,2010,9,18,73.36,72.70,69.13,63.06
H,2010,9,19,75.78,74.55,70.27,63.30
H,2010,9,20,73.82,73.94,70.45,64.23
H,2010,9,21,75.42,71.68,67.35,60.81
H,2010,9,22,73.57,73.97,69.92,63.83
H,2010,9,23,75.27,73.54,69.02,61.29
H,2010,9,24,75.39,73.58,71.35,50.47
H,2010,9,25,72.13,72.17,67.99,49.11
H,2010,9,26,73.28,74.67,72.22,53.79
H,2010,9,27,71.80,71.31,68.51,51.57
H,2010,9,28,74.31,73.79,70.01,50.07
H,2010,9,29,75.43,75.14,71.23,48.79
H,2010,9,30,76.91,76.15,72.47,50.75
H,2010,10,1,74.73,72.49,70.16,53.50
H,2010,10,2,75.57,72.20,68.75,50.56
H,2010,10,3,78.84,75.62,73.54,50.44
H,2010,10,4,80.71,76.82,74.74,58.25
H,2010,10,5,80.10,74.44,72.06,62.18
H,2010,10,6,76.46,73.49,68.73,48.11
H,2010,10,7,78.88,75.08,71.04,48.33
H,2010,10,8,79.23,72.88,71.45,57.10
H,2010,10,9,78.67,73.03,69.07,54.85
H,2010,10,10,78.94,74.64,71.65,52.24
H,2010,10,11,78.30,73.10,68.90,54.00
H,2010,10,12,75.99,72.28,67.45,47.57
H,2010,10,13,75.09,74.28,70.43,47.65
H,2010,10,14,75.54,75.91,69.86,48.77
H,2010,10,15,76.49,73.77,68.85,46.79
H,2010,10,16,80.04,75.52,71.05,48.93
H,2010,10,17,79.39,74.08,69.32,46.00
H,2010,10,18,74.60,74.08,69.22,56.29
H,2010,10,19,77.13,74.66,71.41,57.15
H,2010,10,20,77.05,75.11,72.30,52.12
H,2010,10,21,78.11,74.86,70.55,52.47
H,2010,10,22,76.26,72.84,69.07,56.78
H,2010,10,23,78.76,78.79,74.71,60.00
H,2010,10,24,76.41,77.34,70.92,58.14
H,2010,10,25,79.35,75.16,72.12,63.13
H,2010,10,26,77.01,73.04,72.42,65.36
H,2010,10,27,79.62,74.77,73.35,55.67
H,2010,10,28,77.66,74.58,71.30,52.11
H,2010,10,29,78.40,73.37,69.18,51.35
H,2010,10,30,80.52,72.46,69.40,55.72
H,2010,10,31,80.61,73.95,71.16,56.52
H,2010,11,1,86.32,73.99,70.40,57.71
H,2010,11,2,86.42,77.89,73.92,59.51
H,2010,11,3,81.28,76.59,73.21,55.48
H,2010,11,4,84.25,77.09,75.34,57.19
H,2010,11,5,81.14,74.77,71.54,49.70
H,2010,11,6,81.35,72.87,70.10,53.70
H,2010,11,7,82.79,73.34,71.28,53.52
H,2010,11,8,75.44,71.25,67.54,55.41
H,2010,11,9,NaN,NaN,NaN,NaN
H,2010,11,10,NaN,NaN,NaN,NaN
H,2010,11,11,NaN,NaN,NaN,NaN
H,2010,11,12,NaN,NaN,NaN,NaN
H,2010,11,13,NaN,NaN,NaN,NaN
H,2010,11,14,NaN,NaN,NaN,NaN
H,2010,11,15,NaN,NaN,NaN,NaN
H,2010,11,16,NaN,NaN,NaN,NaN
H,2010,11,17,NaN,NaN,NaN,NaN
H,2010,11,18,NaN,NaN,NaN,NaN
H,2010,11,19,NaN,NaN,NaN,NaN
H,2010,11,20,NaN,NaN,NaN,NaN
H,2010,11,21,NaN,NaN,NaN,NaN
H,2010,11,22,NaN,NaN,NaN,NaN
H,2010,11,23,NaN,NaN,NaN,NaN
H,2010,11,24,NaN,NaN,NaN,NaN
H,2010,11,25,NaN,NaN,NaN,NaN
H,2010,11,26,NaN,NaN,NaN,NaN
H,2010,11,27,NaN,NaN,NaN,NaN
H,2010,11,28,NaN,NaN,NaN,NaN
H,2010,11,29,NaN,NaN,NaN,NaN
H,2010,11,30,NaN,NaN,NaN,NaN
H,2010,12,1,NaN,NaN,NaN,NaN
H,2010,12,2,NaN,NaN,NaN,NaN
H,2010,12,3,NaN,NaN,NaN,NaN
H,2010,12,4,NaN,NaN,NaN,NaN
H,2010,12,5,NaN,NaN,NaN,NaN
H,2010,12,6,77.51,74.09,72.40,58.24
H,2010,12,7,78.49,76.70,72.62,58.07
H,2010,12,8,77.43,73.89,71.79,60.50
H,2010,12,9,78.67,75.14,74.26,62.32
H,2010,12,10,78.12,71.31,70.93,64.19
H,2010,12,11,81.57,77.83,71.87,63.29
H,2010,12,12,74.94,71.03,68.96,44.83
H,2010,12,13,76.40,68.26,67.38,56.86
H,2010,12,14,74.97,66.44,64.38,59.69
H,2010,12,15,77.27,70.43,65.91,54.91
H,2010,12,16,77.82,71.48,68.78,52.14
H,2010,12,17,77.00,66.24,65.42,56.96
H,2010,12,18,73.85,69.20,67.69,49.78
H,2010,12,19,72.50,71.49,68.48,60.72
H,2010,12,20,76.53,69.81,67.11,56.53
H,2010,12,21,74.61,70.47,66.40,55.66
H,2010,12,22,74.36,73.61,72.25,59.23
H,2010,12,23,76.83,76.67,73.76,56.72
H,2010,12,24,76.29,70.35,66.09,42.62
H,2010,12,25,76.70,74.55,70.00,51.30
H,2010,12,26,69.48,67.19,65.95,63.50
H,2010,12,27,75.84,70.10,68.11,59.01
H,2010,12,28,72.58,70.06,66.61,51.76
H,2010,12,29,74.27,71.91,70.39,60.26
H,2010,12,30,78.45,76.02,74.90,69.52
H,2010,12,31,75.13,70.40,68.63,64.06
H,2011,1,1,70.42,69.13,67.04,52.16
H,2011,1,2,67.71,65.53,63.92,54.13
H,2011,1,3,67.92,67.62,65.92,49.28
H,2011,1,4,73.55,69.99,66.88,43.89
H,2011,1,5,77.22,72.74,70.23,43.81
H,2011,1,6,82.49,75.28,74.41,43.91
H,2011,1,7,75.78,72.07,68.35,44.12
H,2011,1,8,76.31,71.11,67.51,61.17
H,2011,1,9,77.73,74.07,69.46,59.75
H,2011,1,10,73.83,71.64,67.42,59.95
H,2011,1,11,73.34,72.57,68.68,44.20
H,2011,1,12,74.53,70.94,68.01,49.83
H,2011,1,13,72.25,72.61,68.68,57.91
H,2011,1,14,71.13,70.48,67.44,58.63
H,2011,1,15,70.72,71.10,68.75,44.75
H,2011,1,16,70.99,71.97,70.58,44.88
H,2011,1,17,74.94,70.66,68.46,44.19
H,2011,1,18,73.90,71.97,65.86,45.68
H,2011,1,19,75.92,73.05,70.12,51.54
H,2011,1,20,76.20,76.37,72.64,52.97
H,2011,1,21,76.32,76.29,70.99,48.65
H,2011,1,22,75.59,72.63,70.50,54.06
H,2011,1,23,77.67,77.13,73.52,53.52
H,2011,1,24,73.85,74.24,70.53,48.51
H,2011,1,25,77.24,69.81,67.52,43.97
H,2011,1,26,77.70,72.30,70.24,43.85
H,2011,1,27,72.92,70.53,67.11,43.93
H,2011,1,28,73.38,70.46,67.20,44.12
H,2011,1,29,75.75,72.45,67.98,58.30
H,2011,1,30,72.12,66.84,66.09,58.68
H,2011,1,31,72.73,71.17,70.34,62.16
H,2011,2,1,73.14,71.52,69.55,61.23
H,2011,2,2,73.16,70.82,68.41,55.09
H,2011,2,3,78.78,77.13,71.81,51.83
H,2011,2,4,73.69,68.98,65.64,58.88
H,2011,2,5,76.12,72.73,70.77,54.84
H,2011,2,6,82.25,77.32,73.61,47.86
H,2011,2,7,78.45,76.85,73.37,45.35
H,2011,2,8,75.79,69.55,68.45,62.20
H,2011,2,9,75.26,69.71,67.83,51.91
H,2011,2,10,76.38,74.24,70.27,51.53
H,2011,2,11,76.33,74.77,70.58,49.91
H,2011,2,12,76.77,72.15,67.61,44.75
H,2011,2,13,71.31,71.03,67.17,50.32
H,2011,2,14,70.48,69.10,66.03,49.88
H,2011,2,15,73.03,68.19,64.88,49.16
H,2011,2,16,70.08,70.07,67.06,57.66
H,2011,2,17,75.49,76.69,72.19,59.11
H,2011,2,18,NaN,NaN,NaN,NaN
H,2011,2,19,NaN,NaN,NaN,NaN
H,2011,2,20,NaN,NaN,NaN,NaN
H,2011,2,21,NaN,NaN,NaN,NaN
H,2011,2,22,NaN,NaN,NaN,NaN
H,2011,2,23,NaN,NaN,NaN,NaN
H,2011,2,24,NaN,NaN,NaN,NaN
H,2011,2,25,NaN,NaN,NaN,NaN
H,2011,2,26,NaN,NaN,NaN,NaN
H,2011,2,27,NaN,NaN,NaN,NaN
H,2011,2,28,NaN,NaN,NaN,NaN
H,2011,3,1,NaN,NaN,NaN,NaN
H,2011,3,2,NaN,NaN,NaN,NaN
H,2011,3,3,NaN,NaN,NaN,NaN
H,2011,3,4,NaN,NaN,NaN,NaN
H,2011,3,5,NaN,NaN,NaN,NaN
H,2011,3,6,NaN,NaN,NaN,NaN
H,2011,3,7,NaN,NaN,NaN,NaN
H,2011,3,8,NaN,NaN,NaN,NaN
H,2011,3,9,NaN,NaN,NaN,NaN
H,2011,3,10,NaN,NaN,NaN,NaN
H,2011,3,11,NaN,NaN,NaN,NaN
H,2011,3,12,NaN,NaN,NaN,NaN
H,2011,3,13,NaN,NaN,NaN,NaN
H,2011,3,14,NaN,NaN,NaN,NaN
H,2011,3,15,NaN,NaN,NaN,NaN
H,2011,3,16,NaN,NaN,NaN,NaN
H,2011,3,17,NaN,NaN,NaN,NaN
H,2011,3,18,NaN,NaN,NaN,NaN
H,2011,3,19,NaN,NaN,NaN,NaN
H,2011,3,20,NaN,NaN,NaN,NaN
H,2011,3,21,NaN,NaN,NaN,NaN
H,2011,3,22,NaN,NaN,NaN,NaN
H,2011,3,23,NaN,NaN,NaN,NaN
H,2011,3,24,NaN,NaN,NaN,NaN
H,2011,3,25,NaN,NaN,NaN,NaN
H,2011,3,26,NaN,NaN,NaN,NaN
H,2011,3,27,NaN,NaN,NaN,NaN
H,2011,3,28,NaN,NaN,NaN,NaN
H,2011,3,29,NaN,NaN,NaN,NaN
H,2011,3,30,NaN,NaN,NaN,NaN
H,2011,3,31,NaN,NaN,NaN,NaN
H,2011,4,1,NaN,NaN,NaN,NaN
H,2011,4,2,NaN,NaN,NaN,NaN
H,2011,4,3,NaN,NaN,NaN,NaN
H,2011,4,4,NaN,NaN,NaN,NaN
H,2011,4,5,NaN,NaN,NaN,NaN
H,2011,4,6,NaN,NaN,NaN,NaN
H,2011,4,7,NaN,NaN,NaN,NaN
H,2011,4,8,NaN,NaN,NaN,NaN
H,2011,4,9,NaN,NaN,NaN,NaN
H,2011,4,10,NaN,NaN,NaN,NaN
H,2011,4,11,NaN,NaN,NaN,NaN
H,2011,4,12,NaN,NaN,NaN,NaN
H,2011,4,13,NaN,NaN,NaN,NaN
H,2011,4,14,NaN,NaN,NaN,NaN
H,2011,4,15,NaN,NaN,NaN,NaN
H,2011,4,16,NaN,NaN,NaN,NaN
H,2011,4,17,NaN,NaN,NaN,NaN
H,2011,4,18,NaN,NaN,NaN,NaN
H,2011,4,19,NaN,NaN,NaN,NaN
H,2011,4,20,NaN,NaN,NaN,NaN
H,2011,4,21,NaN,NaN,NaN,NaN
H,2011,4,22,NaN,NaN,NaN,NaN
H,2011,4,23,NaN,NaN,NaN,NaN
H,2011,4,24,NaN,NaN,NaN,NaN
H,2011,4,25,NaN,NaN,NaN,NaN
H,2011,4,26,NaN,NaN,NaN,NaN
H,2011,4,27,NaN,NaN,NaN,NaN
H,2011,4,28,NaN,NaN,NaN,NaN
H,2011,4,29,NaN,NaN,NaN,NaN
H,2011,4,30,NaN,NaN,NaN,NaN
H,2011,5,1,NaN,NaN,NaN,NaN
H,2011,5,2,NaN,NaN,NaN,NaN
H,2011,5,3,NaN,NaN,NaN,NaN
H,2011,5,4,NaN,NaN,NaN,NaN
H,2011,5,5,NaN,NaN,NaN,NaN
H,2011,5,6,NaN,NaN,NaN,NaN
H,2011,5,7,NaN,NaN,NaN,NaN
H,2011,5,8,NaN,NaN,NaN,NaN
H,2011,5,9,NaN,NaN,NaN,NaN
H,2011,5,10,NaN,NaN,NaN,NaN
H,2011,5,11,77.68,71.75,70.26,61.67
H,2011,5,12,80.69,70.01,67.39,61.74
H,2011,5,13,79.46,69.08,67.73,61.63
H,2011,5,14,79.57,70.94,69.52,63.66
H,2011,5,15,80.10,73.06,70.34,59.69
H,2011,5,16,82.18,69.27,67.31,61.53
H,2011,5,17,81.61,77.52,75.52,61.62
H,2011,5,18,82.62,72.57,70.59,63.93
H,2011,5,19,82.57,74.76,73.03,66.91
H,2011,5,20,81.51,70.43,68.90,62.13
H,2011,5,21,79.83,73.69,70.73,59.53
H,2011,5,22,75.81,71.26,69.38,65.36
H,2011,5,23,79.05,73.19,71.86,67.64
H,2011,5,24,75.87,71.86,71.26,66.26
H,2011,5,25,74.12,72.46,71.59,64.47
H,2011,5,26,73.98,73.26,70.74,65.42
H,2011,5,27,75.35,71.22,70.46,66.47
H,2011,5,28,77.26,74.97,73.20,68.42
H,2011,5,29,78.44,74.93,74.44,67.66
H,2011,5,30,76.42,71.72,70.99,66.22
H,2011,5,31,76.24,73.41,69.56,63.59
H,2011,6,1,74.40,72.05,68.77,63.26
H,2011,6,2,77.30,75.24,72.71,67.20
H,2011,6,3,75.84,71.39,70.26,65.66
H,2011,6,4,75.14,69.41,67.44,54.21
H,2011,6,5,75.95,70.45,68.22,53.51
H,2011,6,6,72.05,71.35,70.42,45.17
H,2011,6,7,72.78,72.35,69.66,63.50
H,2011,6,8,73.97,74.22,72.92,64.34
H,2011,6,9,69.70,70.91,69.59,62.64
H,2011,6,10,69.22,68.37,66.73,61.76
H,2011,6,11,74.00,71.06,69.84,64.40
H,2011,6,12,75.80,72.73,71.77,64.24
H,2011,6,13,72.58,73.14,69.69,58.01
H,2011,6,14,73.10,69.38,68.02,56.31
H,2011,6,15,74.54,72.67,70.79,57.87
H,2011,6,16,73.98,72.03,69.34,56.27
H,2011,6,17,75.34,72.55,71.36,58.10
H,2011,6,18,73.54,71.45,69.62,56.77
H,2011,6,19,74.34,71.37,70.40,59.33
H,2011,6,20,74.09,71.32,69.20,51.74
H,2011,6,21,69.86,71.53,69.75,49.66
H,2011,6,22,70.13,72.56,70.71,50.22
H,2011,6,23,71.62,74.76,71.98,56.21
H,2011,6,24,73.62,73.65,71.91,54.93
H,2011,6,25,69.20,69.66,68.08,61.05
H,2011,6,26,70.55,71.61,70.28,63.08
H,2011,6,27,71.95,72.14,70.61,62.32
H,2011,6,28,70.70,69.92,66.75,61.51
H,2011,6,29,70.26,71.64,69.18,60.65
H,2011,6,30,72.64,74.02,69.37,60.91
H,2011,7,1,74.79,74.88,71.03,59.09
H,2011,7,2,75.11,72.19,68.74,58.47
H,2011,7,3,75.01,73.03,70.54,57.35
H,2011,7,4,71.43,70.23,67.68,50.37
H,2011,7,5,71.09,71.02,67.00,50.16
H,2011,7,6,70.82,71.56,68.19,51.62
H,2011,7,7,69.94,71.11,67.99,57.62
H,2011,7,8,68.66,71.91,70.18,60.53
H,2011,7,9,69.06,70.14,67.23,60.55
H,2011,7,10,69.44,72.63,70.01,62.19
H,2011,7,11,69.10,69.76,68.46,61.43
H,2011,7,12,69.80,71.06,69.52,61.88
H,2011,7,13,70.39,72.99,69.51,59.70
H,2011,7,14,72.22,73.10,70.10,63.58
H,2011,7,15,68.69,69.84,66.65,62.57
H,2011,7,16,74.81,73.86,70.03,61.92
H,2011,7,17,71.20,72.30,69.08,61.99
H,2011,7,18,73.58,74.53,72.65,63.17
H,2011,7,19,71.02,71.14,69.32,64.17
H,2011,7,20,67.62,70.81,68.92,61.97
H,2011,7,21,69.54,71.95,69.93,60.24
H,2011,7,22,65.81,69.58,65.89,54.51
H,2011,7,23,66.50,70.31,70.56,48.98
H,2011,7,24,71.80,72.40,72.63,51.82
H,2011,7,25,69.43,74.16,74.33,61.85
H,2011,7,26,68.71,74.74,72.44,59.13
H,2011,7,27,67.52,72.01,69.64,50.56
H,2011,7,28,68.54,70.94,67.99,50.05
H,2011,7,29,67.16,71.59,69.31,51.29
H,2011,7,30,69.96,71.28,69.44,59.19
H,2011,7,31,69.29,70.89,68.25,62.20
H,2011,8,1,68.42,70.63,67.60,61.92
H,2011,8,2,68.04,70.68,68.64,62.85
H,2011,8,3,74.11,73.22,69.67,62.79
H,2011,8,4,70.42,72.16,70.92,63.77
H,2011,8,5,70.49,72.04,69.75,63.43
H,2011,8,6,68.85,73.86,70.97,60.84
H,2011,8,7,66.03,70.13,67.57,61.11
H,2011,8,8,68.16,72.40,68.47,58.25
H,2011,8,9,68.06,74.11,69.89,57.94
H,2011,8,10,66.96,71.30,68.67,53.14
H,2011,8,11,74.49,78.58,74.53,51.71
H,2011,8,12,73.23,78.18,73.47,46.95
H,2011,8,13,75.06,77.32,71.22,46.83
H,2011,8,14,73.13,73.87,68.89,44.56
H,2011,8,15,73.45,73.75,69.70,53.01
H,2011,8,16,67.54,72.43,64.76,52.35
H,2011,8,17,74.27,75.57,71.18,61.33
H,2011,8,18,71.27,74.48,69.77,62.95
H,2011,8,19,70.17,73.41,67.80,63.60
H,2011,8,20,71.20,71.77,68.03,62.58
H,2011,8,21,69.22,72.59,67.66,59.21
H,2011,8,22,74.85,76.28,71.85,61.36
H,2011,8,23,73.08,75.05,71.03,62.18
H,2011,8,24,70.06,71.96,67.71,62.07
H,2011,8,25,72.38,73.01,67.74,63.62
H,2011,8,26,70.64,74.30,70.53,64.40
H,2011,8,27,74.87,72.24,70.39,62.96
H,2011,8,28,73.56,73.36,68.74,62.13
H,2011,8,29,73.14,74.27,66.79,61.83
H,2011,8,30,71.40,71.75,67.73,62.96
H,2011,8,31,73.43,74.17,68.53,61.91
H,2011,9,1,71.98,75.37,67.70,57.43
H,2011,9,2,72.23,74.12,67.46,57.18
H,2011,9,3,72.67,74.73,68.48,58.92
H,2011,9,4,74.49,73.79,69.64,61.05
H,2011,9,5,75.05,73.11,68.89,62.29
H,2011,9,6,74.42,71.32,67.28,61.87
H,2011,9,7,75.00,73.09,70.21,57.32
H,2011,9,8,74.56,73.82,70.89,56.16
H,2011,9,9,74.93,71.02,67.41,63.57
H,2011,9,10,72.25,70.96,66.45,50.33
H,2011,9,11,70.33,70.48,66.15,47.53
H,2011,9,12,74.15,71.76,67.24,50.27
H,2011,9,13,70.31,73.24,66.56,50.32
H,2011,9,14,73.23,73.65,70.06,55.80
H,2011,9,15,73.50,72.42,68.12,58.47
H,2011,9,16,77.79,71.76,66.26,60.11
H,2011,9,17,72.88,71.91,66.74,56.40
H,2011,9,18,75.75,72.12,67.76,52.14
H,2011,9,19,72.52,71.61,68.38,52.05
H,2011,9,20,74.87,72.38,68.17,55.14
H,2011,9,21,75.44,70.43,65.67,54.41
H,2011,9,22,75.19,73.76,69.64,50.58
H,2011,9,23,73.37,70.74,67.24,50.29
H,2011,9,24,74.18,72.86,68.23,47.07
H,2011,9,25,72.69,74.72,69.60,60.98
H,2011,9,26,71.79,74.84,69.66,61.63
H,2011,9,27,71.24,72.83,68.59,49.70
H,2011,9,28,73.63,75.76,70.40,49.24
H,2011,9,29,74.36,74.25,68.86,46.18
H,2011,9,30,80.81,76.32,73.63,47.89
H,2011,10,1,81.67,73.61,70.82,60.62
H,2011,10,2,84.18,74.74,71.76,62.38
H,2011,10,3,82.26,73.49,70.43,61.39
H,2011,10,4,79.07,70.61,67.55,56.33
H,2011,10,5,77.13,70.65,65.77,58.03
H,2011,10,6,82.75,73.62,70.39,64.17
H,2011,10,7,79.31,71.81,68.68,61.79
H,2011,10,8,83.95,71.30,67.39,53.72
H,2011,10,9,79.84,71.33,66.04,57.00
H,2011,10,10,81.09,70.15,65.63,57.00
H,2011,10,11,76.14,68.99,66.63,58.84
H,2011,10,12,79.65,71.33,70.34,56.02
H,2011,10,13,NaN,NaN,NaN,NaN
H,2011,10,14,NaN,NaN,NaN,NaN
H,2011,10,15,NaN,NaN,NaN,NaN
H,2011,10,16,74.33,72.34,65.89,55.21
H,2011,10,17,76.02,74.97,68.73,60.08
H,2011,10,18,75.76,71.52,67.76,59.96
H,2011,10,19,74.26,70.70,68.17,63.34
H,2011,10,20,75.41,70.09,68.50,58.81
H,2011,10,21,75.57,71.04,67.36,51.02
H,2011,10,22,74.41,71.10,67.55,47.23
H,2011,10,23,73.78,70.69,66.02,45.78
H,2011,10,24,77.15,69.99,63.69,45.31
H,2011,10,25,74.62,70.51,66.31,46.34
H,2011,10,26,77.21,70.27,66.41,56.91
H,2011,10,27,77.79,73.25,70.44,54.52
H,2011,10,28,79.35,68.70,64.52,49.04
H,2011,10,29,76.42,69.93,65.79,56.03
H,2011,10,30,79.54,72.99,69.19,48.15
H,2011,10,31,77.57,71.32,67.08,53.55
H,2011,11,1,78.72,70.72,65.99,57.17
H,2011,11,2,80.76,73.25,68.86,47.68
H,2011,11,3,78.25,72.74,67.69,50.46
H,2011,11,4,77.99,71.81,65.95,57.73
H,2011,11,5,78.61,75.47,72.38,66.09
H,2011,11,6,78.83,71.86,66.62,61.41
H,2011,11,7,76.68,72.14,68.87,64.88
H,2011,11,8,79.66,67.45,64.81,50.76
H,2011,11,9,79.02,67.71,64.01,49.91
H,2011,11,10,77.89,69.03,66.66,50.35
H,2011,11,11,77.24,68.35,64.68,48.81
H,2011,11,12,76.46,69.46,65.01,54.54
H,2011,11,13,77.95,70.20,65.80,57.56
H,2011,11,14,78.02,70.62,65.29,59.04
H,2011,11,15,76.32,70.20,67.15,53.07
H,2011,11,16,74.98,68.91,65.16,47.89
H,2011,11,17,78.53,73.61,69.61,49.91
H,2011,11,18,77.59,71.97,69.34,62.63
H,2011,11,19,77.01,71.83,69.48,64.35
H,2011,11,20,76.38,66.89,63.19,55.06
H,2011,11,21,76.13,68.10,65.05,52.06
H,2011,11,22,76.09,66.51,62.74,50.12
H,2011,11,23,76.93,71.33,68.14,55.96
H,2011,11,24,76.85,69.21,66.24,50.56
H,2011,11,25,77.70,69.54,65.57,55.46
H,2011,11,26,81.83,72.27,69.13,44.92
H,2011,11,27,79.25,72.19,68.24,44.04
H,2011,11,28,80.39,69.64,65.49,48.15
H,2011,11,29,78.32,67.63,62.78,47.99
H,2011,11,30,78.33,69.86,66.66,59.39
H,2011,12,1,75.82,71.50,70.09,65.44
H,2011,12,2,78.92,72.82,69.57,49.71
H,2011,12,3,76.75,71.65,69.87,53.17
H,2011,12,4,75.50,69.85,67.60,53.85
H,2011,12,5,73.17,68.74,65.44,53.97
H,2011,12,6,78.11,69.21,66.39,49.31
H,2011,12,7,75.48,69.27,67.06,54.25
H,2011,12,8,75.53,68.53,66.89,58.75
H,2011,12,9,79.05,69.27,67.88,53.15
H,2011,12,10,78.91,72.51,71.41,57.96
H,2011,12,11,79.63,72.44,71.35,58.14
H,2011,12,12,71.95,68.41,64.53,51.93
H,2011,12,13,75.47,69.34,69.95,52.22
H,2011,12,14,78.51,70.74,69.89,56.46
H,2011,12,15,76.56,71.22,68.99,56.39
H,2011,12,16,74.44,68.15,64.52,59.21
H,2011,12,17,75.10,69.47,66.72,46.85
H,2011,12,18,77.38,72.14,70.12,50.03
H,2011,12,19,77.24,66.19,65.28,61.47
H,2011,12,20,80.78,72.91,69.70,51.62
H,2011,12,21,75.16,69.56,67.96,60.24
H,2011,12,22,75.56,70.61,68.03,56.53
H,2011,12,23,79.34,64.93,62.65,55.90
H,2011,12,24,81.42,63.88,62.02,54.19
H,2011,12,25,79.33,68.26,66.36,48.18
H,2011,12,26,78.60,64.49,61.46,51.57
H,2011,12,27,78.76,71.97,68.76,60.64
H,2011,12,28,74.17,65.88,62.53,49.30
H,2011,12,29,76.40,69.45,66.11,51.51
H,2011,12,30,76.32,66.83,64.45,52.12
H,2011,12,31,75.81,69.22,67.21,48.71
H,2012,1,1,74.16,63.65,60.61,44.52
H,2012,1,2,74.95,63.84,61.35,50.51
H,2012,1,3,74.77,67.79,63.86,55.22
H,2012,1,4,75.54,67.76,66.74,54.27
H,2012,1,5,74.84,67.07,64.31,55.32
H,2012,1,6,73.16,69.23,66.89,58.87
H,2012,1,7,76.13,68.04,66.71,57.87
H,2012,1,8,76.21,64.04,61.66,45.93
H,2012,1,9,74.89,70.35,67.79,48.22
H,2012,1,10,73.37,65.77,64.55,45.02
H,2012,1,11,73.87,66.39,63.16,53.38
H,2012,1,12,74.91,71.70,69.82,51.69
H,2012,1,13,73.54,68.31,66.76,46.39
H,2012,1,14,73.11,65.61,64.50,46.37
H,2012,1,15,74.22,64.41,62.97,45.19
H,2012,1,16,74.25,70.12,68.21,63.34
H,2012,1,17,73.51,66.51,63.80,56.59
H,2012,1,18,73.70,65.99,63.67,57.47
H,2012,1,19,75.47,70.47,69.71,63.16
H,2012,1,20,75.51,69.49,68.04,63.54
H,2012,1,21,73.94,66.98,64.43,58.01
H,2012,1,22,74.62,69.69,69.63,62.52
H,2012,1,23,71.26,69.32,67.10,58.21
H,2012,1,24,71.35,68.75,67.77,64.67
H,2012,1,25,69.60,65.80,63.22,52.39
H,2012,1,26,72.98,70.80,68.57,53.96
H,2012,1,27,75.21,68.91,68.02,61.17
H,2012,1,28,75.96,68.44,67.19,54.98
H,2012,1,29,73.94,66.57,64.86,48.23
H,2012,1,30,77.10,69.26,65.80,55.76
H,2012,1,31,76.59,69.22,67.61,54.02
H,2012,2,1,75.61,68.06,65.90,58.57
H,2012,2,2,76.63,74.48,70.71,57.13
H,2012,2,3,78.03,65.62,63.19,47.23
H,2012,2,4,81.36,68.10,65.26,47.69
H,2012,2,5,79.58,66.58,64.58,46.05
H,2012,2,6,79.42,65.65,61.83,45.62
H,2012,2,7,76.95,67.26,65.04,58.02
H,2012,2,8,77.08,67.74,64.88,52.22
H,2012,2,9,78.59,69.40,67.65,53.06
H,2012,2,10,77.72,68.18,66.83,59.78
H,2012,2,11,75.37,70.22,68.06,64.15
H,2012,2,12,76.99,71.24,69.47,64.86
H,2012,2,13,76.86,69.88,69.08,62.75
H,2012,2,14,77.68,71.03,70.23,66.52
H,2012,2,15,75.50,68.50,68.04,63.01
H,2012,2,16,76.64,72.66,72.20,63.47
H,2012,2,17,75.59,68.58,66.09,60.83
H,2012,2,18,75.35,69.52,66.16,59.87
H,2012,2,19,75.80,71.47,70.26,64.90
H,2012,2,20,73.90,68.36,67.09,62.39
H,2012,2,21,75.50,63.09,63.88,54.20
H,2012,2,22,77.28,67.28,64.57,54.00
H,2012,2,23,76.83,71.60,69.94,51.88
H,2012,2,24,74.72,66.43,64.09,52.27
H,2012,2,25,75.96,71.15,66.71,50.27
H,2012,2,26,76.44,65.13,63.77,52.33
H,2012,2,27,75.97,67.01,64.80,60.72
H,2012,2,28,77.37,70.70,69.98,65.69
H,2012,2,29,79.17,71.94,69.78,60.39
H,2012,3,1,77.16,71.28,69.66,64.61
H,2012,3,2,77.88,74.44,73.42,66.42
H,2012,3,3,78.59,68.29,65.02,51.60
H,2012,3,4,78.00,67.77,64.53,52.96
H,2012,3,5,79.40,68.39,66.27,55.17
H,2012,3,6,NaN,NaN,NaN,NaN
H,2012,3,7,NaN,NaN,NaN,NaN
H,2012,3,8,NaN,NaN,NaN,NaN
H,2012,3,9,NaN,NaN,NaN,NaN
H,2012,3,10,NaN,NaN,NaN,NaN
H,2012,3,11,NaN,NaN,NaN,NaN
H,2012,3,12,NaN,NaN,NaN,NaN
H,2012,3,13,NaN,NaN,NaN,NaN
H,2012,3,14,NaN,NaN,NaN,NaN
H,2012,3,15,NaN,NaN,NaN,NaN
H,2012,3,16,NaN,NaN,NaN,NaN
H,2012,3,17,NaN,NaN,NaN,NaN
H,2012,3,18,NaN,NaN,NaN,NaN
H,2012,3,19,NaN,NaN,NaN,NaN
H,2012,3,20,NaN,NaN,NaN,NaN
H,2012,3,21,NaN,NaN,NaN,NaN
H,2012,3,22,NaN,NaN,NaN,NaN
H,2012,3,23,NaN,NaN,NaN,NaN
H,2012,3,24,73.33,72.37,70.84,70.36
H,2012,3,25,NaN,NaN,NaN,NaN
H,2012,3,26,NaN,NaN,NaN,NaN
H,2012,3,27,NaN,NaN,NaN,NaN
H,2012,3,28,NaN,NaN,NaN,NaN
H,2012,3,29,NaN,NaN,NaN,NaN
H,2012,3,30,NaN,NaN,NaN,NaN
H,2012,3,31,NaN,NaN,NaN,NaN
H,2012,4,1,NaN,NaN,NaN,NaN
H,2012,4,2,NaN,NaN,NaN,NaN
H,2012,4,3,NaN,NaN,NaN,NaN
H,2012,4,4,NaN,NaN,NaN,NaN
H,2012,4,5,NaN,NaN,NaN,NaN
H,2012,4,6,NaN,NaN,NaN,NaN
H,2012,4,7,NaN,NaN,NaN,NaN
H,2012,4,8,NaN,NaN,NaN,NaN
H,2012,4,9,NaN,NaN,NaN,NaN
H,2012,4,10,NaN,NaN,NaN,NaN
H,2012,4,11,NaN,NaN,NaN,NaN
H,2012,4,12,NaN,NaN,NaN,NaN
H,2012,4,13,NaN,NaN,NaN,NaN
H,2012,4,14,NaN,NaN,NaN,NaN
H,2012,4,15,NaN,NaN,NaN,NaN
H,2012,4,16,NaN,NaN,NaN,NaN
H,2012,4,17,NaN,NaN,NaN,NaN
H,2012,4,18,NaN,NaN,NaN,NaN
H,2012,4,19,NaN,NaN,NaN,NaN
H,2012,4,20,NaN,NaN,NaN,NaN
H,2012,4,21,NaN,NaN,NaN,NaN
H,2012,4,22,NaN,NaN,NaN,NaN
H,2012,4,23,NaN,NaN,NaN,NaN
H,2012,4,24,NaN,NaN,NaN,NaN
H,2012,4,25,NaN,NaN,NaN,NaN
H,2012,4,26,NaN,NaN,NaN,NaN
H,2012,4,27,NaN,NaN,NaN,NaN
H,2012,4,28,NaN,NaN,NaN,NaN
H,2012,4,29,NaN,NaN,NaN,NaN
H,2012,4,30,NaN,NaN,NaN,NaN
H,2012,5,1,NaN,NaN,NaN,NaN
H,2012,5,2,NaN,NaN,NaN,NaN
H,2012,5,3,NaN,NaN,NaN,NaN
H,2012,5,4,NaN,NaN,NaN,NaN
H,2012,5,5,NaN,NaN,NaN,NaN
H,2012,5,6,NaN,NaN,NaN,NaN
H,2012,5,7,NaN,NaN,NaN,NaN
H,2012,5,8,NaN,NaN,NaN,NaN
H,2012,5,9,NaN,NaN,NaN,NaN
H,2012,5,10,NaN,NaN,NaN,NaN
H,2012,5,11,NaN,NaN,NaN,NaN
H,2012,5,12,NaN,NaN,NaN,NaN
H,2012,5,13,NaN,NaN,NaN,NaN
H,2012,5,14,NaN,NaN,NaN,NaN
H,2012,5,15,NaN,NaN,NaN,NaN
H,2012,5,16,NaN,NaN,NaN,NaN
H,2012,5,17,NaN,NaN,NaN,NaN
H,2012,5,18,NaN,NaN,NaN,NaN
H,2012,5,19,NaN,NaN,NaN,NaN
H,2012,5,20,NaN,NaN,NaN,NaN
H,2012,5,21,NaN,NaN,NaN,NaN
H,2012,5,22,NaN,NaN,NaN,NaN
H,2012,5,23,NaN,NaN,NaN,NaN
H,2012,5,24,NaN,NaN,NaN,NaN
H,2012,5,25,NaN,NaN,NaN,NaN
H,2012,5,26,NaN,NaN,NaN,NaN
H,2012,5,27,NaN,NaN,NaN,NaN
H,2012,5,28,NaN,NaN,NaN,NaN
H,2012,5,29,NaN,NaN,NaN,NaN
H,2012,5,30,NaN,NaN,NaN,NaN
H,2012,5,31,NaN,NaN,NaN,NaN
H,2012,6,1,NaN,NaN,NaN,NaN
H,2012,6,2,NaN,NaN,NaN,NaN
H,2012,6,3,NaN,NaN,NaN,NaN
H,2012,6,4,NaN,NaN,NaN,NaN
H,2012,6,5,NaN,NaN,NaN,NaN
H,2012,6,6,NaN,NaN,NaN,NaN
H,2012,6,7,NaN,NaN,NaN,NaN
H,2012,6,8,NaN,NaN,NaN,NaN
H,2012,6,9,NaN,NaN,NaN,NaN
H,2012,6,10,NaN,NaN,NaN,NaN
H,2012,6,11,NaN,NaN,NaN,NaN
H,2012,6,12,NaN,NaN,NaN,NaN
H,2012,6,13,NaN,NaN,NaN,NaN
H,2012,6,14,NaN,NaN,NaN,NaN
H,2012,6,15,NaN,NaN,NaN,NaN
H,2012,6,16,NaN,NaN,NaN,NaN
H,2012,6,17,NaN,NaN,NaN,NaN
H,2012,6,18,NaN,NaN,NaN,NaN
H,2012,6,19,NaN,NaN,NaN,NaN
H,2012,6,20,NaN,NaN,NaN,NaN
H,2012,6,21,NaN,NaN,NaN,NaN
H,2012,6,22,NaN,NaN,NaN,NaN
H,2012,6,23,NaN,NaN,NaN,NaN
H,2012,6,24,NaN,NaN,NaN,NaN
H,2012,6,25,NaN,NaN,NaN,NaN
H,2012,6,26,NaN,NaN,NaN,NaN
H,2012,6,27,NaN,NaN,NaN,NaN
H,2012,6,28,NaN,NaN,NaN,NaN
H,2012,6,29,NaN,NaN,NaN,NaN
H,2012,6,30,NaN,NaN,NaN,NaN
H,2012,7,1,NaN,NaN,NaN,NaN
H,2012,7,2,NaN,NaN,NaN,NaN
H,2012,7,3,NaN,NaN,NaN,NaN
H,2012,7,4,NaN,NaN,NaN,NaN
H,2012,7,5,NaN,NaN,NaN,NaN
H,2012,7,6,NaN,NaN,NaN,NaN
H,2012,7,7,NaN,NaN,NaN,NaN
H,2012,7,8,NaN,NaN,NaN,NaN
H,2012,7,9,NaN,NaN,NaN,NaN
H,2012,7,10,NaN,NaN,NaN,NaN
H,2012,7,11,NaN,NaN,NaN,NaN
H,2012,7,12,NaN,NaN,NaN,NaN
H,2012,7,13,NaN,NaN,NaN,NaN
H,2012,7,14,NaN,NaN,NaN,NaN
H,2012,7,15,NaN,NaN,NaN,NaN
H,2012,7,16,NaN,NaN,NaN,NaN
H,2012,7,17,NaN,NaN,NaN,NaN
H,2012,7,18,NaN,NaN,NaN,NaN
H,2012,7,19,NaN,NaN,NaN,NaN
H,2012,7,20,NaN,NaN,NaN,NaN
H,2012,7,21,63.53,64.92,62.81,58.80
H,2012,7,22,NaN,NaN,NaN,NaN
H,2012,7,23,NaN,NaN,NaN,NaN
H,2012,7,24,NaN,NaN,NaN,NaN
H,2012,7,25,NaN,NaN,NaN,NaN
H,2012,7,26,NaN,NaN,NaN,NaN
H,2012,7,27,NaN,NaN,NaN,NaN
H,2012,7,28,NaN,NaN,NaN,NaN
H,2012,7,29,NaN,NaN,NaN,NaN
H,2012,7,30,NaN,NaN,NaN,NaN
H,2012,7,31,NaN,NaN,NaN,NaN
H,2012,8,1,NaN,NaN,NaN,NaN
H,2012,8,2,NaN,NaN,NaN,NaN
H,2012,8,3,NaN,NaN,NaN,NaN
H,2012,8,4,NaN,NaN,NaN,NaN
H,2012,8,5,NaN,NaN,NaN,NaN
H,2012,8,6,NaN,NaN,NaN,NaN
H,2012,8,7,NaN,NaN,NaN,NaN
H,2012,8,8,NaN,NaN,NaN,NaN
H,2012,8,9,72.92,71.57,64.67,63.03
H,2012,8,10,70.53,73.01,67.99,59.15
H,2012,8,11,69.70,73.58,66.74,55.70
H,2012,8,12,71.76,73.11,68.61,56.22
H,2012,8,13,70.51,73.40,67.65,59.96
H,2012,8,14,70.07,75.12,67.48,60.12
H,2012,8,15,67.43,73.95,65.23,60.26
H,2012,8,16,69.28,75.09,66.37,60.97
H,2012,8,17,69.11,72.30,65.34,60.51
H,2012,8,18,67.04,72.01,64.12,53.95
H,2012,8,19,70.17,74.28,64.94,52.19
H,2012,8,20,69.45,72.32,65.26,55.43
H,2012,8,21,72.50,72.26,63.82,51.27
H,2012,8,22,72.94,74.02,66.64,51.05
H,2012,8,23,74.14,75.96,69.68,55.49
H,2012,8,24,74.81,76.37,66.00,57.09
H,2012,8,25,73.99,75.10,65.03,58.57
H,2012,8,26,75.69,75.54,68.27,55.54
H,2012,8,27,77.80,75.43,66.86,59.68
H,2012,8,28,76.83,75.08,68.60,60.93
H,2012,8,29,72.33,75.04,68.91,59.65
H,2012,8,30,70.76,74.15,67.19,58.76
H,2012,8,31,71.32,74.11,67.27,62.72
H,2012,9,1,72.19,77.10,69.01,63.64
H,2012,9,2,70.09,75.57,68.61,63.56
H,2012,9,3,70.65,73.04,63.82,61.12
H,2012,9,4,69.28,72.78,62.67,55.40
H,2012,9,5,71.09,73.94,67.23,53.59
H,2012,9,6,72.05,73.36,65.85,52.00
H,2012,9,7,69.94,72.51,63.01,56.94
H,2012,9,8,73.57,75.12,67.78,63.80
H,2012,9,9,72.31,74.38,68.38,64.16
H,2012,9,10,70.88,75.31,65.73,51.93
H,2012,9,11,73.36,75.11,65.50,53.55
H,2012,9,12,73.48,75.94,69.42,50.12
H,2012,9,13,74.63,74.35,64.56,58.92
H,2012,9,14,75.78,75.79,67.77,62.39
H,2012,9,15,76.56,78.78,67.43,58.40
H,2012,9,16,78.15,75.67,64.99,54.89
H,2012,9,17,79.19,76.54,67.94,56.34
H,2012,9,18,77.55,77.02,69.51,62.29
H,2012,9,19,79.32,76.92,69.78,63.73
H,2012,9,20,78.04,75.80,68.67,64.43
H,2012,9,21,78.55,74.79,67.13,60.90
H,2012,9,22,80.14,76.56,67.65,56.15
H,2012,9,23,77.20,75.99,66.22,56.58
H,2012,9,24,76.18,76.27,64.33,59.27
H,2012,9,25,76.05,75.60,65.62,57.77
H,2012,9,26,78.01,77.00,67.13,50.65
H,2012,9,27,76.98,77.67,68.03,47.93
H,2012,9,28,77.70,75.34,65.44,49.61
H,2012,9,29,74.15,76.27,66.55,61.15
H,2012,9,30,79.33,75.53,66.36,61.18
H,2012,10,1,82.00,73.36,66.09,57.50
H,2012,10,2,80.64,74.32,66.94,55.73
H,2012,10,3,77.21,73.37,64.93,55.26
H,2012,10,4,77.39,74.67,65.80,56.90
H,2012,10,5,77.42,74.93,66.00,61.51
H,2012,10,6,78.25,73.25,67.73,62.17
H,2012,10,7,78.63,71.79,65.12,63.12
H,2012,10,8,78.43,73.34,66.96,64.37
H,2012,10,9,77.99,71.51,66.91,64.33
H,2012,10,10,78.42,72.72,65.89,52.23
H,2012,10,11,81.22,73.98,67.15,51.13
H,2012,10,12,80.46,73.07,65.17,57.09
H,2012,10,13,83.60,75.82,69.42,58.63
H,2012,10,14,85.50,73.40,64.22,55.11
H,2012,10,15,83.26,76.11,66.92,59.51
H,2012,10,16,86.71,74.39,64.65,51.92
H,2012,10,17,86.31,77.26,71.70,48.52
H,2012,10,18,88.51,76.12,66.20,53.34
H,2012,10,19,84.21,77.17,66.65,48.00
H,2012,10,20,86.13,76.83,68.16,58.80
H,2012,10,21,86.16,74.66,65.05,61.84
H,2012,10,22,87.50,73.88,64.57,56.50
H,2012,10,23,85.37,76.41,68.23,62.13
H,2012,10,24,85.53,76.27,70.08,65.52
H,2012,10,25,84.21,74.12,70.84,66.58
H,2012,10,26,85.04,72.01,66.19,57.86
H,2012,10,27,87.22,69.83,64.21,53.02
H,2012,10,28,82.93,72.01,64.82,46.73
H,2012,10,29,85.52,75.04,66.89,47.46
H,2012,10,30,83.06,73.82,65.17,51.18
H,2012,10,31,80.31,75.73,66.96,46.55
H,2012,11,1,84.33,73.94,66.97,57.91
H,2012,11,2,86.10,69.31,62.64,58.95
H,2012,11,3,86.57,73.05,66.54,56.82
H,2012,11,4,83.26,66.82,63.05,50.90
H,2012,11,5,80.09,70.25,65.17,48.46
H,2012,11,6,83.41,71.22,64.61,50.18
H,2012,11,7,81.83,71.85,67.01,57.54
H,2012,11,8,79.75,69.18,65.88,57.52
H,2012,11,9,82.62,68.74,65.23,62.71
H,2012,11,10,84.92,70.04,67.66,64.93
H,2012,11,11,85.90,72.62,70.86,63.40
H,2012,11,12,83.10,70.99,67.59,57.61
H,2012,11,13,85.42,67.40,63.10,50.85
H,2012,11,14,82.53,69.57,64.62,48.50
H,2012,11,15,82.73,70.43,66.99,47.53
H,2012,11,16,85.19,73.56,70.95,51.76
H,2012,11,17,81.31,70.80,66.65,49.88
H,2012,11,18,82.29,72.84,68.40,54.78
H,2012,11,19,83.80,69.23,67.42,50.85
H,2012,11,20,80.99,69.44,67.79,62.12
H,2012,11,21,82.25,70.26,68.81,64.37
H,2012,11,22,80.06,68.21,66.91,62.40
H,2012,11,23,78.40,66.93,65.67,53.31
H,2012,11,24,79.30,64.42,61.86,50.03
H,2012,11,25,75.15,70.47,68.03,55.37
H,2012,11,26,76.96,66.32,63.59,50.09
H,2012,11,27,79.61,67.42,65.27,51.04
H,2012,11,28,81.15,69.94,66.40,52.28
H,2012,11,29,80.54,68.57,64.48,50.03
H,2012,11,30,76.19,68.39,65.00,50.87
H,2012,12,1,76.40,68.59,64.41,48.54
H,2012,12,2,79.95,65.69,63.95,46.51
H,2012,12,3,80.75,67.92,63.82,53.90
H,2012,12,4,78.33,63.97,62.06,51.93
H,2012,12,5,76.84,68.94,67.17,62.60
H,2012,12,6,78.85,71.84,69.22,64.19
H,2012,12,7,76.04,66.76,63.42,58.15
H,2012,12,8,76.16,67.49,64.90,49.02
H,2012,12,9,78.32,67.67,65.01,45.89
H,2012,12,10,81.14,66.40,64.22,47.64
H,2012,12,11,78.13,69.75,65.70,52.36
H,2012,12,12,79.34,68.54,64.05,50.39
H,2012,12,13,79.18,67.67,65.66,61.95
H,2012,12,14,77.86,68.93,67.21,64.47
H,2012,12,15,78.73,64.51,62.56,61.75
H,2012,12,16,81.48,64.55,63.73,60.22
H,2012,12,17,80.84,66.67,65.69,57.57
H,2012,12,18,79.05,69.52,66.84,57.09
H,2012,12,19,79.48,71.08,69.52,64.21
H,2012,12,20,82.25,67.52,66.56,56.36
H,2012,12,21,80.00,69.27,66.53,60.67
H,2012,12,22,78.59,70.07,68.74,59.38
H,2012,12,23,78.33,68.33,67.13,58.88
H,2012,12,24,80.72,64.36,63.69,60.86
H,2012,12,25,79.91,65.59,65.14,59.47
H,2012,12,26,78.71,67.35,66.85,64.28
H,2012,12,27,81.22,74.21,72.61,68.45
H,2012,12,28,79.06,70.10,67.19,61.08
H,2012,12,29,79.10,65.21,62.84,59.23
H,2012,12,30,80.32,68.97,68.09,61.01
H,2012,12,31,79.76,67.16,65.98,62.91
H,2013,1,1,78.89,66.61,64.51,58.20
H,2013,1,2,78.75,63.40,62.54,58.72
H,2013,1,3,79.83,65.18,62.25,58.90
H,2013,1,4,80.79,68.51,65.96,58.27
H,2013,1,5,79.66,66.60,64.26,58.17
H,2013,1,6,79.43,69.52,67.61,64.40
H,2013,1,7,80.32,69.91,69.89,65.74
H,2013,1,8,82.95,70.51,70.26,61.26
H,2013,1,9,78.81,68.07,65.61,58.26
H,2013,1,10,79.16,71.70,70.41,67.53
H,2013,1,11,80.90,71.59,70.56,67.08
H,2013,1,12,81.01,71.33,69.41,63.43
H,2013,1,13,81.15,72.09,71.88,59.63
H,2013,1,14,81.82,72.66,70.07,60.39
H,2013,1,15,80.75,67.69,67.48,60.68
H,2013,1,16,82.48,69.19,67.13,59.10
H,2013,1,17,85.70,70.21,67.31,58.58
H,2013,1,18,85.72,68.70,66.40,58.14
H,2013,1,19,84.87,65.84,62.93,58.38
H,2013,1,20,83.56,68.53,63.83,58.15
H,2013,1,21,85.85,66.43,63.87,58.23
H,2013,1,22,86.19,66.57,63.48,58.17
H,2013,1,23,85.21,67.50,64.44,58.37
H,2013,1,24,85.90,67.81,65.80,62.40
H,2013,1,25,86.71,68.71,65.36,60.26
H,2013,1,26,85.02,68.89,65.66,60.40
H,2013,1,27,85.64,71.82,71.32,67.51
H,2013,1,28,82.46,73.09,72.53,68.63
H,2013,1,29,83.52,70.67,68.64,65.54
H,2013,1,30,84.31,69.67,66.12,59.89
H,2013,1,31,82.77,70.94,67.15,59.59
H,2013,2,1,82.47,67.62,64.99,60.53
H,2013,2,2,83.54,69.88,68.03,59.17
H,2013,2,3,82.85,65.68,65.67,61.92
H,2013,2,4,83.61,66.29,65.88,64.22
H,2013,2,5,85.00,67.99,65.38,61.55
H,2013,2,6,83.53,70.67,68.88,61.73
H,2013,2,7,85.98,71.10,68.86,63.51
H,2013,2,8,83.21,70.07,69.05,65.91
H,2013,2,9,83.56,72.42,71.69,66.63
H,2013,2,10,83.69,68.74,66.54,61.49
H,2013,2,11,85.02,70.34,69.26,60.30
H,2013,2,12,81.55,66.98,65.63,59.37
H,2013,2,13,82.80,67.39,65.37,62.61
H,2013,2,14,83.35,70.12,68.62,61.39
H,2013,2,15,84.10,66.48,65.03,58.12
H,2013,2,16,84.62,65.76,63.40,59.02
H,2013,2,17,83.04,67.70,67.11,63.45
H,2013,2,18,83.44,65.92,64.05,62.80
H,2013,2,19,82.99,68.47,64.52,62.62
H,2013,2,20,82.54,73.48,73.07,69.03
H,2013,2,21,82.95,73.72,71.91,67.11
H,2013,2,22,81.42,67.09,65.28,59.19
H,2013,2,23,81.34,68.98,66.55,59.37
H,2013,2,24,80.12,66.95,64.18,62.40
H,2013,2,25,80.48,66.95,65.30,60.03
H,2013,2,26,79.67,68.06,66.68,60.55
H,2013,2,27,80.61,70.48,68.66,57.79
H,2013,2,28,79.40,68.43,65.63,58.26
H,2013,3,1,80.05,67.05,63.96,57.57
H,2013,3,2,80.73,70.83,67.19,56.74
H,2013,3,3,81.57,68.49,66.82,60.38
H,2013,3,4,79.59,69.04,67.66,63.80
H,2013,3,5,78.84,64.44,63.06,60.33
H,2013,3,6,79.94,67.44,65.02,57.52
H,2013,3,7,80.54,67.22,64.54,57.55
H,2013,3,8,79.51,67.90,66.86,62.20
H,2013,3,9,81.91,73.26,72.36,68.24
H,2013,3,10,81.03,67.61,65.53,59.06
H,2013,3,11,83.28,65.85,64.81,61.84
H,2013,3,12,80.84,67.15,64.19,59.35
H,2013,3,13,82.62,67.38,66.00,60.54
H,2013,3,14,82.58,66.70,64.50,59.75
H,2013,3,15,77.97,65.46,64.75,60.21
H,2013,3,16,80.83,69.84,69.04,57.37
H,2013,3,17,82.06,70.70,69.75,57.88
H,2013,3,18,82.71,69.55,67.47,61.21
H,2013,3,19,84.11,67.53,66.36,58.06
H,2013,3,20,83.31,68.28,66.92,59.73
H,2013,3,21,82.69,71.29,70.37,65.92
H,2013,3,22,84.21,69.86,68.14,64.86
H,2013,3,23,81.56,66.49,65.87,62.77
H,2013,3,24,81.80,64.83,62.61,57.74
H,2013,3,25,81.59,65.25,63.42,59.95
H,2013,3,26,84.35,70.40,69.15,61.67
H,2013,3,27,84.49,70.13,69.04,62.53
H,2013,3,28,85.24,65.82,65.24,60.33
H,2013,3,29,83.20,67.40,65.47,59.51
H,2013,3,30,84.80,70.39,67.08,58.53
H,2013,3,31,84.46,65.72,64.64,57.28
H,2013,4,1,85.00,66.47,65.82,58.94
H,2013,4,2,84.19,68.01,67.89,63.45
H,2013,4,3,84.11,69.77,69.42,62.34
H,2013,4,4,84.81,68.49,66.79,59.75
H,2013,4,5,83.87,68.18,68.11,65.13
H,2013,4,6,83.92,72.35,71.58,66.18
H,2013,4,7,84.14,72.50,71.26,66.79
H,2013,4,8,85.32,74.90,74.34,70.04
H,2013,4,9,86.17,74.30,72.89,67.57
H,2013,4,10,84.23,70.18,68.82,60.66
H,2013,4,11,83.16,69.93,67.94,62.41
H,2013,4,12,85.03,69.20,67.10,60.90
H,2013,4,13,83.82,71.41,71.96,61.12
H,2013,4,14,83.06,68.36,67.61,61.79
H,2013,4,15,81.86,69.86,69.16,63.42
H,2013,4,16,82.51,74.36,73.15,68.42
H,2013,4,17,82.61,71.27,70.57,66.38
H,2013,4,18,82.73,69.83,68.07,58.83
H,2013,4,19,83.36,69.98,69.04,61.13
H,2013,4,20,82.52,70.11,69.30,60.68
H,2013,4,21,84.51,67.31,67.33,57.65
H,2013,4,22,85.29,68.17,67.41,58.09
H,2013,4,23,83.82,69.41,68.37,57.15
H,2013,4,24,84.02,69.63,69.73,58.54
H,2013,4,25,81.32,70.60,69.56,57.38
H,2013,4,26,79.80,67.82,68.20,58.06
H,2013,4,27,80.01,71.08,70.33,63.40
H,2013,4,28,79.25,69.32,69.05,63.44
H,2013,4,29,78.90,68.80,67.44,62.01
H,2013,4,30,79.68,69.98,70.17,54.22
H,2013,5,1,74.12,76.52,71.94,66.66
H,2013,5,2,NaN,NaN,NaN,NaN
H,2013,5,3,NaN,NaN,NaN,NaN
H,2013,5,4,NaN,NaN,NaN,NaN
H,2013,5,5,NaN,NaN,NaN,NaN
H,2013,5,6,NaN,NaN,NaN,NaN
H,2013,5,7,NaN,NaN,NaN,NaN
H,2013,5,8,NaN,NaN,NaN,NaN
H,2013,5,9,NaN,NaN,NaN,NaN
H,2013,5,10,NaN,NaN,NaN,NaN
H,2013,5,11,NaN,NaN,NaN,NaN
H,2013,5,12,NaN,NaN,NaN,NaN
H,2013,5,13,NaN,NaN,NaN,NaN
H,2013,5,14,NaN,NaN,NaN,NaN
H,2013,5,15,NaN,NaN,NaN,NaN
H,2013,5,16,NaN,NaN,NaN,NaN
H,2013,5,17,NaN,NaN,NaN,NaN
H,2013,5,18,NaN,NaN,NaN,NaN
H,2013,5,19,NaN,NaN,NaN,NaN
H,2013,5,20,NaN,NaN,NaN,NaN
H,2013,5,21,NaN,NaN,NaN,NaN
H,2013,5,22,NaN,NaN,NaN,NaN
H,2013,5,23,NaN,NaN,NaN,NaN
H,2013,5,24,NaN,NaN,NaN,NaN
H,2013,5,25,NaN,NaN,NaN,NaN
H,2013,5,26,NaN,NaN,NaN,NaN
H,2013,5,27,NaN,NaN,NaN,NaN
H,2013,5,28,NaN,NaN,NaN,NaN
H,2013,5,29,NaN,NaN,NaN,NaN
H,2013,5,30,NaN,NaN,NaN,NaN
H,2013,5,31,NaN,NaN,NaN,NaN
H,2013,6,1,NaN,NaN,NaN,NaN
H,2013,6,2,NaN,NaN,NaN,NaN
H,2013,6,3,NaN,NaN,NaN,NaN
H,2013,6,4,NaN,NaN,NaN,NaN
H,2013,6,5,NaN,NaN,NaN,NaN
H,2013,6,6,NaN,NaN,NaN,NaN
H,2013,6,7,NaN,NaN,NaN,NaN
H,2013,6,8,NaN,NaN,NaN,NaN
H,2013,6,9,NaN,NaN,NaN,NaN
H,2013,6,10,NaN,NaN,NaN,NaN
H,2013,6,11,NaN,NaN,NaN,NaN
H,2013,6,12,NaN,NaN,NaN,NaN
H,2013,6,13,NaN,NaN,NaN,NaN
H,2013,6,14,NaN,NaN,NaN,NaN
H,2013,6,15,NaN,NaN,NaN,NaN
H,2013,6,16,NaN,NaN,NaN,NaN
H,2013,6,17,NaN,NaN,NaN,NaN
H,2013,6,18,NaN,NaN,NaN,NaN
H,2013,6,19,NaN,NaN,NaN,NaN
H,2013,6,20,NaN,NaN,NaN,NaN
H,2013,6,21,NaN,NaN,NaN,NaN
H,2013,6,22,NaN,NaN,NaN,NaN
H,2013,6,23,NaN,NaN,NaN,NaN
H,2013,6,24,NaN,NaN,NaN,NaN
H,2013,6,25,NaN,NaN,NaN,NaN
H,2013,6,26,NaN,NaN,NaN,NaN
H,2013,6,27,NaN,NaN,NaN,NaN
H,2013,6,28,NaN,NaN,NaN,NaN
H,2013,6,29,NaN,NaN,NaN,NaN
H,2013,6,30,NaN,NaN,NaN,NaN
H,2013,7,1,NaN,NaN,NaN,NaN
H,2013,7,2,NaN,NaN,NaN,NaN
H,2013,7,3,NaN,NaN,NaN,NaN
H,2013,7,4,NaN,NaN,NaN,NaN
H,2013,7,5,NaN,NaN,NaN,NaN
H,2013,7,6,NaN,NaN,NaN,NaN
H,2013,7,7,NaN,NaN,NaN,NaN
H,2013,7,8,NaN,NaN,NaN,NaN
H,2013,7,9,NaN,NaN,NaN,NaN
H,2013,7,10,NaN,NaN,NaN,NaN
H,2013,7,11,NaN,NaN,NaN,NaN
H,2013,7,12,NaN,NaN,NaN,NaN
H,2013,7,13,NaN,NaN,NaN,NaN
H,2013,7,14,NaN,NaN,NaN,NaN
H,2013,7,15,NaN,NaN,NaN,NaN
H,2013,7,16,NaN,NaN,NaN,NaN
H,2013,7,17,NaN,NaN,NaN,NaN
H,2013,7,18,NaN,NaN,NaN,NaN
H,2013,7,19,NaN,NaN,NaN,NaN
H,2013,7,20,NaN,NaN,NaN,NaN
H,2013,7,21,NaN,NaN,NaN,NaN
H,2013,7,22,NaN,NaN,NaN,NaN
H,2013,7,23,NaN,NaN,NaN,NaN
H,2013,7,24,NaN,NaN,NaN,NaN
H,2013,7,25,NaN,NaN,NaN,NaN
H,2013,7,26,NaN,NaN,NaN,NaN
H,2013,7,27,NaN,NaN,NaN,NaN
H,2013,7,28,NaN,NaN,NaN,NaN
H,2013,7,29,NaN,NaN,NaN,NaN
H,2013,7,30,NaN,NaN,NaN,NaN
H,2013,7,31,NaN,NaN,NaN,NaN
H,2013,8,1,NaN,NaN,NaN,NaN
H,2013,8,2,NaN,NaN,NaN,NaN
H,2013,8,3,NaN,NaN,NaN,NaN
H,2013,8,4,NaN,NaN,NaN,NaN
H,2013,8,5,NaN,NaN,NaN,NaN
H,2013,8,6,NaN,NaN,NaN,NaN
H,2013,8,7,NaN,NaN,NaN,NaN
H,2013,8,8,NaN,NaN,NaN,NaN
H,2013,8,9,NaN,NaN,NaN,NaN
H,2013,8,10,NaN,NaN,NaN,NaN
H,2013,8,11,NaN,NaN,NaN,NaN
H,2013,8,12,NaN,NaN,NaN,NaN
H,2013,8,13,NaN,NaN,NaN,NaN
H,2013,8,14,NaN,NaN,NaN,NaN
H,2013,8,15,NaN,NaN,NaN,NaN
H,2013,8,16,NaN,NaN,NaN,NaN
H,2013,8,17,NaN,NaN,NaN,NaN
H,2013,8,18,NaN,NaN,NaN,NaN
H,2013,8,19,NaN,NaN,NaN,NaN
H,2013,8,20,NaN,NaN,NaN,NaN
H,2013,8,21,NaN,NaN,NaN,NaN
H,2013,8,22,NaN,NaN,NaN,NaN
H,2013,8,23,NaN,NaN,NaN,NaN
H,2013,8,24,NaN,NaN,NaN,NaN
H,2013,8,25,NaN,NaN,NaN,NaN
H,2013,8,26,NaN,NaN,NaN,NaN
H,2013,8,27,NaN,NaN,NaN,NaN
H,2013,8,28,NaN,NaN,NaN,NaN
H,2013,8,29,NaN,NaN,NaN,NaN
H,2013,8,30,NaN,NaN,NaN,NaN
H,2013,8,31,NaN,NaN,NaN,NaN
H,2013,9,1,NaN,NaN,NaN,NaN
H,2013,9,2,NaN,NaN,NaN,NaN
H,2013,9,3,NaN,NaN,NaN,NaN
H,2013,9,4,NaN,NaN,NaN,NaN
H,2013,9,5,NaN,NaN,NaN,NaN
H,2013,9,6,NaN,NaN,NaN,NaN
H,2013,9,7,NaN,NaN,NaN,NaN
H,2013,9,8,NaN,NaN,NaN,NaN
H,2013,9,9,NaN,NaN,NaN,NaN
H,2013,9,10,71.11,70.37,65.90,48.29
H,2013,9,11,69.06,72.42,67.34,49.60
H,2013,9,12,67.90,71.38,65.92,56.31
H,2013,9,13,68.45,71.38,65.13,60.84
H,2013,9,14,70.52,71.89,67.22,60.25
H,2013,9,15,73.37,69.81,64.20,60.85
H,2013,9,16,77.59,70.21,66.49,63.36
H,2013,9,17,76.83,71.41,67.03,63.40
H,2013,9,18,79.66,71.88,68.66,59.63
H,2013,9,19,75.99,70.95,63.88,49.25
H,2013,9,20,77.99,70.87,64.63,49.08
H,2013,9,21,78.17,72.93,64.14,54.47
H,2013,9,22,76.43,73.58,68.04,63.57
H,2013,9,23,78.79,72.75,65.81,52.27
H,2013,9,24,79.97,71.63,63.56,49.95
H,2013,9,25,80.37,71.91,67.60,63.40
H,2013,9,26,76.86,71.30,69.14,65.03
H,2013,9,27,75.62,71.96,68.62,62.44
H,2013,9,28,76.51,71.51,65.09,50.23
H,2013,9,29,73.44,71.05,64.44,55.59
H,2013,9,30,72.56,68.65,63.68,55.47
H,2013,10,1,74.98,70.08,65.08,60.64
H,2013,10,2,75.22,69.68,67.10,58.95
H,2013,10,3,77.49,69.54,63.64,58.15
H,2013,10,4,77.96,70.52,67.89,53.83
H,2013,10,5,79.92,69.18,63.99,49.23
H,2013,10,6,79.96,67.90,62.76,48.75
H,2013,10,7,82.23,71.29,64.97,57.68
H,2013,10,8,79.77,69.26,63.26,58.81
H,2013,10,9,79.70,70.20,65.44,60.69
H,2013,10,10,79.53,68.53,64.61,58.38
H,2013,10,11,80.76,68.62,64.04,55.84
H,2013,10,12,78.28,68.65,62.68,57.35
H,2013,10,13,80.34,69.13,62.84,57.23
H,2013,10,14,81.97,67.29,62.14,52.09
H,2013,10,15,78.05,66.25,62.92,50.83
H,2013,10,16,78.08,66.52,61.90,48.44
H,2013,10,17,77.16,68.65,65.83,48.10
H,2013,10,18,76.16,65.45,62.15,52.51
H,2013,10,19,77.84,65.74,62.05,53.74
H,2013,10,20,80.70,67.14,65.09,57.45
H,2013,10,21,83.64,65.29,61.29,51.75
H,2013,10,22,78.91,65.43,61.25,50.30
H,2013,10,23,79.15,66.27,62.48,50.43
H,2013,10,24,77.29,65.78,61.07,50.88
H,2013,10,25,77.99,67.33,65.02,55.88
H,2013,10,26,75.63,65.92,62.34,57.12
H,2013,10,27,78.86,63.94,60.49,59.56
H,2013,10,28,78.88,65.68,64.24,62.17
H,2013,10,29,80.51,66.13,61.83,52.59
H,2013,10,30,77.67,65.98,63.09,56.89
H,2013,10,31,74.61,66.26,63.96,52.13
H,2013,11,1,67.85,63.26,62.41,49.00
H,2013,11,2,73.97,67.13,61.72,54.01
H,2013,11,3,75.12,64.01,63.41,59.10
H,2013,11,4,70.26,63.61,62.10,55.45
H,2013,11,5,69.74,64.97,63.04,50.47
H,2013,11,6,70.56,68.31,62.43,49.12
H,2013,11,7,74.59,68.74,65.16,50.85
H,2013,11,8,75.29,65.65,60.93,53.34
H,2013,11,9,74.18,66.45,64.51,49.44
H,2013,11,10,70.19,65.42,60.49,48.04
H,2013,11,11,70.67,63.33,60.95,51.00
H,2013,11,12,67.59,64.78,62.08,56.65
H,2013,11,13,69.40,66.82,66.56,59.04
H,2013,11,14,68.63,66.96,66.07,58.73
H,2013,11,15,71.82,68.16,67.27,62.97
H,2013,11,16,69.64,66.89,65.00,57.88
H,2013,11,17,68.17,64.03,62.14,53.70
H,2013,11,18,74.90,66.06,62.73,51.45
H,2013,11,19,76.01,68.77,65.71,59.28
H,2013,11,20,74.40,66.08,64.23,59.31
H,2013,11,21,74.97,66.61,64.31,59.99
H,2013,11,22,74.41,67.05,63.66,50.38
H,2013,11,23,76.75,63.26,60.39,50.15
H,2013,11,24,76.51,65.97,64.35,47.58
H,2013,11,25,76.64,66.32,62.67,49.22
H,2013,11,26,74.09,63.56,60.05,48.55
H,2013,11,27,76.18,66.11,63.08,47.68
H,2013,11,28,75.34,64.35,62.07,50.90
H,2013,11,29,75.33,63.23,62.57,58.93
H,2013,11,30,79.31,66.18,63.09,48.71
H,2013,12,1,76.89,64.05,61.94,47.43
H,2013,12,2,75.05,62.77,60.06,46.96
H,2013,12,3,75.12,66.24,63.70,60.65
H,2013,12,4,78.36,70.14,68.07,64.56
H,2013,12,5,79.57,67.60,67.02,62.96
H,2013,12,6,79.53,69.04,68.02,60.56
H,2013,12,7,80.45,66.50,65.91,60.67
H,2013,12,8,80.86,68.63,68.47,64.89
H,2013,12,9,79.88,65.28,65.04,56.62
H,2013,12,10,81.53,64.98,62.43,53.36
H,2013,12,11,81.49,63.63,61.60,51.93
H,2013,12,12,78.98,65.27,62.27,47.50
H,2013,12,13,77.80,67.02,65.73,57.67
H,2013,12,14,79.43,65.30,62.63,53.34
H,2013,12,15,79.92,65.89,63.26,48.77
H,2013,12,16,79.23,66.65,63.32,48.88
H,2013,12,17,81.31,62.81,59.85,48.01
H,2013,12,18,81.00,66.44,62.48,54.11
H,2013,12,19,81.17,68.00,64.14,60.28
H,2013,12,20,81.18,64.74,62.78,60.11
H,2013,12,21,80.38,62.04,60.25,52.58
H,2013,12,22,82.32,65.95,64.44,48.87
H,2013,12,23,81.72,66.31,63.92,51.22
H,2013,12,24,83.12,64.87,62.30,56.60
H,2013,12,25,81.78,65.35,61.87,47.20
H,2013,12,26,85.13,63.82,60.86,47.22
H,2013,12,27,83.33,63.65,61.18,48.22
H,2013,12,28,84.59,64.04,62.20,52.51
H,2013,12,29,81.51,64.38,61.16,52.77
H,2013,12,30,82.76,63.55,61.25,48.49
H,2013,12,31,80.25,64.86,62.31,52.53
H,2014,1,1,79.99,64.68,63.05,57.23
H,2014,1,2,80.22,62.28,61.28,48.12
H,2014,1,3,81.40,65.46,63.35,49.49
H,2014,1,4,82.05,66.75,63.25,49.76
H,2014,1,5,80.66,63.98,61.67,48.43
H,2014,1,6,79.20,63.90,61.71,49.46
H,2014,1,7,79.07,67.07,65.76,57.31
H,2014,1,8,82.40,70.01,69.01,62.18
H,2014,1,9,82.77,64.92,64.72,62.78
H,2014,1,10,82.60,69.11,67.86,57.78
H,2014,1,11,83.10,61.97,59.83,53.29
H,2014,1,12,80.74,69.13,69.24,63.16
H,2014,1,13,80.57,67.10,67.23,55.45
H,2014,1,14,81.26,67.04,65.20,52.76
H,2014,1,15,80.46,68.86,68.13,49.72
H,2014,1,16,80.56,67.61,63.10,50.85
H,2014,1,17,82.03,67.53,64.95,51.47
H,2014,1,18,82.30,65.50,63.00,51.21
H,2014,1,19,81.49,67.34,66.11,50.80
H,2014,1,20,81.06,67.82,64.02,53.01
H,2014,1,21,78.43,66.69,66.65,54.78
H,2014,1,22,81.39,72.99,71.10,54.94
H,2014,1,23,82.74,73.05,71.38,54.00
H,2014,1,24,81.97,69.73,67.89,55.05
H,2014,1,25,81.94,66.58,63.62,51.03
H,2014,1,26,80.99,65.29,63.89,50.19
H,2014,1,27,80.96,65.83,63.99,53.77
H,2014,1,28,80.30,64.33,64.04,56.82
H,2014,1,29,81.49,70.07,69.00,52.25
H,2014,1,30,82.07,66.41,65.06,59.42
H,2014,1,31,81.67,68.38,66.93,62.37
H,2014,2,1,79.51,71.51,71.23,65.28
H,2014,2,2,82.51,68.60,68.31,60.90
H,2014,2,3,81.10,65.45,64.21,58.93
H,2014,2,4,82.91,70.16,70.16,65.04
H,2014,2,5,83.09,69.85,67.29,63.63
H,2014,2,6,80.89,67.64,67.33,62.47
H,2014,2,7,81.69,66.16,65.12,61.69
H,2014,2,8,84.11,67.59,67.21,53.76
H,2014,2,9,83.91,68.84,66.40,57.90
H,2014,2,10,82.92,68.22,67.31,64.12
H,2014,2,11,81.91,68.37,66.46,58.23
H,2014,2,12,82.81,68.72,67.28,53.38
H,2014,2,13,83.35,69.70,69.36,57.90
H,2014,2,14,81.37,63.29,64.26,60.90
H,2014,2,15,83.22,65.42,65.52,59.05
H,2014,2,16,84.57,70.58,68.16,61.94
H,2014,2,17,81.28,64.38,64.87,61.12
H,2014,2,18,82.12,65.69,64.00,55.35
H,2014,2,19,79.18,67.72,66.36,54.67
H,2014,2,20,80.36,68.35,67.05,59.36
H,2014,2,21,79.71,62.72,62.16,51.26
H,2014,2,22,80.96,69.02,66.19,53.51
H,2014,2,23,79.66,64.42,62.88,51.96
H,2014,2,24,78.71,65.35,64.20,52.65
H,2014,2,25,78.91,65.86,65.73,51.28
H,2014,2,26,77.84,70.30,66.65,53.26
H,2014,2,27,77.12,66.52,63.54,58.90
H,2014,2,28,81.54,65.96,65.18,63.74
H,2014,3,1,82.50,69.71,67.51,61.80
H,2014,3,2,83.82,68.85,67.17,52.87
H,2014,3,3,85.48,65.22,65.05,57.67
H,2014,3,4,87.19,70.02,70.62,63.33
H,2014,3,5,86.91,72.26,72.52,62.12
H,2014,3,6,87.87,69.81,68.21,61.04
H,2014,3,7,86.09,69.37,68.72,64.53
H,2014,3,8,81.29,68.37,66.69,58.04
H,2014,3,9,82.30,70.01,67.22,50.79
H,2014,3,10,82.47,68.50,67.30,56.29
H,2014,3,11,79.87,66.67,64.49,57.17
H,2014,3,12,81.61,67.98,65.46,52.18
H,2014,3,13,80.97,69.15,66.83,54.61
H,2014,3,14,81.26,64.86,64.22,58.53
H,2014,3,15,85.04,65.84,64.39,59.10
H,2014,3,16,86.33,68.14,67.07,58.24
H,2014,3,17,84.23,68.13,67.88,63.70
H,2014,3,18,87.90,71.46,71.01,63.10
H,2014,3,19,89.83,71.57,69.41,57.96
H,2014,3,20,87.82,68.01,65.59,55.09
H,2014,3,21,85.86,66.98,65.17,57.95
H,2014,3,22,85.54,66.02,65.31,59.19
H,2014,3,23,85.89,67.11,63.85,57.84
H,2014,3,24,85.60,67.30,67.04,58.50
H,2014,3,25,85.63,68.45,67.76,57.85
H,2014,3,26,85.91,70.05,68.83,61.61
H,2014,3,27,84.92,68.81,67.13,62.42
H,2014,3,28,84.23,67.51,66.28,62.24
H,2014,3,29,83.99,65.90,65.29,61.13
H,2014,3,30,82.03,68.82,68.14,64.38
H,2014,3,31,82.74,69.45,69.15,64.11
H,2014,4,1,82.53,67.98,66.79,59.93
H,2014,4,2,83.72,71.59,70.24,63.07
H,2014,4,3,84.24,69.53,68.11,59.07
H,2014,4,4,84.14,68.05,67.04,59.10
H,2014,4,5,82.80,73.39,72.54,66.98
H,2014,4,6,84.05,70.60,70.16,61.84
H,2014,4,7,84.93,67.32,66.28,55.48
H,2014,4,8,84.86,68.21,66.32,54.05
H,2014,4,9,84.37,67.21,66.11,60.30
H,2014,4,10,83.26,71.19,68.02,60.40
H,2014,4,11,82.31,66.20,65.90,58.41
H,2014,4,12,83.84,69.69,68.79,61.94
H,2014,4,13,84.92,70.12,69.35,59.36
H,2014,4,14,81.88,68.99,68.72,58.83
H,2014,4,15,85.50,68.86,67.17,59.32
H,2014,4,16,85.26,69.96,68.01,63.10
H,2014,4,17,83.00,68.27,68.18,56.57
H,2014,4,18,83.51,70.59,70.67,55.31
H,2014,4,19,83.67,68.98,68.84,58.92
H,2014,4,20,81.46,67.07,67.73,57.90
H,2014,4,21,83.49,67.87,67.53,56.49
H,2014,4,22,83.92,71.11,71.23,64.64
H,2014,4,23,81.20,73.10,72.56,67.43
H,2014,4,24,82.87,70.22,68.23,60.32
H,2014,4,25,79.47,70.24,70.23,64.74
H,2014,4,26,78.04,73.43,72.47,67.39
H,2014,4,27,78.37,73.41,73.15,68.62
H,2014,4,28,77.75,71.45,71.87,65.79
H,2014,4,29,77.24,70.45,69.24,57.93
H,2014,4,30,76.33,68.27,67.18,55.98
H,2014,5,1,78.02,71.75,69.48,52.82
H,2014,5,2,76.02,68.68,66.71,53.72
H,2014,5,3,79.30,72.79,71.65,59.14
H,2014,5,4,76.80,70.16,69.64,65.13
H,2014,5,5,77.87,71.30,70.68,65.25
H,2014,5,6,81.60,73.77,72.84,67.08
H,2014,5,7,84.34,75.75,74.93,68.53
H,2014,5,8,83.33,75.14,73.48,65.51
H,2014,5,9,82.17,72.89,72.62,65.34
H,2014,5,10,86.17,75.14,73.82,67.43
H,2014,5,11,83.05,75.76,74.73,66.33
H,2014,5,12,80.40,70.69,69.67,57.54
H,2014,5,13,79.57,68.96,68.92,56.72
H,2014,5,14,76.64,72.22,71.38,55.62
H,2014,5,15,76.68,71.74,71.74,53.13
H,2014,5,16,75.87,69.84,70.01,55.12
H,2014,5,17,79.55,71.38,71.58,64.29
H,2014,5,18,76.77,69.55,69.50,64.81
H,2014,5,19,76.72,70.55,70.66,65.60
H,2014,5,20,75.70,71.57,71.36,63.88
H,2014,5,21,77.48,71.42,71.35,64.25
H,2014,5,22,73.64,71.54,71.56,62.29
H,2014,5,23,73.55,70.23,69.96,59.12
H,2014,5,24,72.50,70.22,69.55,59.29
H,2014,5,25,72.54,69.24,69.03,56.85
H,2014,5,26,71.23,66.52,67.49,49.58
H,2014,5,27,71.64,65.45,64.24,45.27
H,2014,5,28,73.87,69.46,70.19,48.77
H,2014,5,29,74.90,73.33,70.30,48.45
H,2014,5,30,77.12,69.87,68.95,59.36
H,2014,5,31,75.71,72.63,70.21,63.30
H,2014,6,1,73.30,69.34,69.37,62.95
H,2014,6,2,74.92,73.25,71.46,62.95
H,2014,6,3,74.73,72.54,71.16,64.67
H,2014,6,4,71.35,70.80,70.32,62.83
H,2014,6,5,71.51,68.40,67.96,62.29
H,2014,6,6,70.31,71.59,70.89,62.98
H,2014,6,7,70.99,71.83,70.99,61.25
H,2014,6,8,68.56,71.26,69.88,59.91
H,2014,6,9,70.43,70.71,70.35,53.79
H,2014,6,10,65.15,69.99,69.12,46.53
H,2014,6,11,67.35,69.96,69.27,47.09
H,2014,6,12,67.09,69.73,69.58,50.96
H,2014,6,13,64.96,68.90,67.22,56.03
H,2014,6,14,67.32,67.12,66.88,59.72
H,2014,6,15,70.00,69.98,70.38,60.35
H,2014,6,16,67.94,69.93,70.02,63.16
H,2014,6,17,69.43,71.45,69.97,63.44
H,2014,6,18,67.31,69.93,67.70,62.10
H,2014,6,19,65.45,66.69,65.36,54.03
H,2014,6,20,63.62,66.24,65.96,58.43
H,2014,6,21,65.20,70.11,68.29,53.90
H,2014,6,22,65.72,67.81,64.58,55.19
H,2014,6,23,65.86,67.27,66.37,61.17
H,2014,6,24,67.75,69.46,65.91,54.00
H,2014,6,25,72.07,72.72,70.84,63.45
H,2014,6,26,69.05,70.62,67.97,63.63
H,2014,6,27,69.98,70.73,69.91,65.44
H,2014,6,28,69.81,73.06,69.61,63.78
H,2014,6,29,67.80,72.13,69.25,54.57
H,2014,6,30,69.62,71.68,70.77,51.59
H,2014,7,1,67.07,69.60,67.73,51.19
H,2014,7,2,64.93,69.60,66.47,54.35
H,2014,7,3,65.93,71.24,68.39,55.76
H,2014,7,4,62.48,69.79,67.80,51.85
H,2014,7,5,65.84,73.59,72.33,51.81
H,2014,7,6,60.80,66.89,62.86,54.35
H,2014,7,7,64.34,69.29,66.81,58.49
H,2014,7,8,63.60,68.60,65.86,56.37
H,2014,7,9,66.41,71.10,68.76,58.91
H,2014,7,10,64.28,68.78,66.12,58.35
H,2014,7,11,66.85,68.80,65.72,59.27
H,2014,7,12,68.27,70.18,67.66,63.25
H,2014,7,13,69.59,69.43,66.37,60.25
H,2014,7,14,66.09,68.34,65.35,52.70
H,2014,7,15,62.91,69.80,62.74,51.43
H,2014,7,16,68.80,71.58,68.07,50.72
H,2014,7,17,66.73,73.17,68.03,51.15
H,2014,7,18,64.56,70.20,66.15,53.13
H,2014,7,19,66.04,72.68,68.57,56.31
H,2014,7,20,61.99,70.35,65.50,51.12
H,2014,7,21,63.85,69.40,66.01,52.11
H,2014,7,22,63.32,67.46,64.17,60.82
H,2014,7,23,69.09,73.28,70.45,64.96
H,2014,7,24,67.15,71.29,70.32,64.35
H,2014,7,25,64.74,69.22,65.96,61.41
H,2014,7,26,67.75,71.33,68.20,51.95
H,2014,7,27,63.45,69.14,64.50,50.90
H,2014,7,28,65.31,69.40,64.28,54.12
H,2014,7,29,62.70,69.13,63.43,58.73
H,2014,7,30,63.82,67.52,64.91,61.35
H,2014,7,31,65.01,71.14,67.14,63.04
H,2014,8,1,64.63,72.22,66.89,60.65
H,2014,8,2,64.90,71.69,66.78,57.82
H,2014,8,3,61.88,69.98,64.76,52.98
H,2014,8,4,62.78,67.85,63.56,59.30
H,2014,8,5,64.11,73.06,66.01,60.32
H,2014,8,6,65.40,73.22,68.28,55.81
H,2014,8,7,63.35,69.87,65.38,56.95
H,2014,8,8,64.92,71.86,66.10,52.78
H,2014,8,9,63.63,72.38,65.29,50.05
H,2014,8,10,63.95,73.38,65.72,50.13
H,2014,8,11,65.49,73.09,66.31,53.78
H,2014,8,12,66.06,76.47,66.58,56.04
H,2014,8,13,64.71,72.90,66.55,52.44
H,2014,8,14,64.26,72.48,64.45,52.58
H,2014,8,15,66.87,73.88,65.87,56.95
H,2014,8,16,62.87,74.40,64.53,59.62
H,2014,8,17,64.23,74.49,66.31,61.95
H,2014,8,18,64.61,72.60,67.35,63.00
H,2014,8,19,64.91,74.72,67.10,55.30
H,2014,8,20,65.20,75.04,67.87,50.18
H,2014,8,21,65.52,73.42,64.59,50.95
H,2014,8,22,63.92,71.61,64.38,49.00
H,2014,8,23,64.85,71.88,68.04,51.56
H,2014,8,24,64.39,73.47,65.35,54.91
H,2014,8,25,65.03,71.19,66.48,57.15
H,2014,8,26,64.56,70.33,63.48,56.42
H,2014,8,27,66.40,70.71,66.28,55.12
H,2014,8,28,65.58,71.09,64.86,58.26
H,2014,8,29,66.82,73.92,67.52,63.39
H,2014,8,30,66.35,72.90,67.71,59.93
H,2014,8,31,64.36,73.42,64.33,57.82
H,2014,9,1,64.79,69.96,65.33,61.83
H,2014,9,2,64.06,69.88,61.89,53.72
H,2014,9,3,65.53,70.77,64.80,54.34
H,2014,9,4,66.33,72.99,65.60,55.65
H,2014,9,5,67.19,72.08,65.14,54.85
H,2014,9,6,65.55,74.61,64.26,59.66
H,2014,9,7,65.40,71.09,65.53,61.43
H,2014,9,8,69.71,71.78,65.29,58.97
H,2014,9,9,67.83,72.81,65.70,58.88
H,2014,9,10,70.84,72.77,67.11,56.40
H,2014,9,11,67.71,71.32,64.72,57.27
H,2014,9,12,68.43,73.28,67.23,60.49
H,2014,9,13,75.45,72.46,66.31,62.74
H,2014,9,14,71.84,69.85,66.60,62.66
H,2014,9,15,68.88,68.71,63.88,60.52
H,2014,9,16,70.52,70.35,67.05,62.81
H,2014,9,17,68.66,71.51,66.50,61.56
H,2014,9,18,69.64,73.18,68.96,62.31
H,2014,9,19,66.58,72.59,67.97,57.84
H,2014,9,20,66.28,70.81,64.13,55.10
H,2014,9,21,63.87,68.63,61.15,54.85
H,2014,9,22,64.55,67.04,62.14,59.45
H,2014,9,23,65.92,68.29,64.36,58.01
H,2014,9,24,66.85,68.99,65.30,61.20
H,2014,9,25,66.87,70.03,66.60,62.51
H,2014,9,26,69.63,70.96,68.82,64.70
H,2014,9,27,72.69,75.01,71.98,66.04
H,2014,9,28,70.24,71.64,68.15,64.60
H,2014,9,29,66.48,73.04,65.70,59.68
H,2014,9,30,67.57,73.47,65.96,59.00
H,2014,10,1,69.02,73.96,66.66,60.03
H,2014,10,2,68.66,75.04,67.27,49.49
H,2014,10,3,65.66,70.43,65.03,49.31
H,2014,10,4,65.02,70.55,65.25,56.81
H,2014,10,5,68.31,73.52,67.30,49.68
H,2014,10,6,67.89,74.58,64.07,49.56
H,2014,10,7,75.26,74.42,65.61,53.28
H,2014,10,8,76.84,74.83,67.73,55.81
H,2014,10,9,81.35,76.05,67.42,52.36
H,2014,10,10,75.43,75.26,65.49,52.08
H,2014,10,11,77.76,74.78,66.25,57.85
H,2014,10,12,79.55,70.78,66.76,52.39
H,2014,10,13,76.02,71.24,64.99,49.74
H,2014,10,14,72.62,70.99,63.61,49.45
H,2014,10,15,69.08,71.51,65.79,51.23
H,2014,10,16,72.54,72.17,67.87,56.18
H,2014,10,17,71.43,68.56,63.57,59.28
H,2014,10,18,75.70,71.86,64.19,60.04
H,2014,10,19,73.72,72.50,66.98,59.03
H,2014,10,20,72.40,69.60,64.67,59.69
H,2014,10,21,72.61,68.96,65.97,62.74
H,2014,10,22,75.92,70.65,67.41,58.07
H,2014,10,23,76.48,71.45,67.37,52.07
H,2014,10,24,77.28,70.49,66.63,50.82
H,2014,10,25,75.14,70.86,66.56,57.94
H,2014,10,26,73.04,69.68,68.63,64.96
H,2014,10,27,76.72,70.91,69.07,58.79
H,2014,10,28,77.52,72.17,68.51,51.43
H,2014,10,29,75.02,69.49,66.40,50.81
H,2014,10,30,75.99,72.21,66.83,50.97
H,2014,10,31,72.57,71.60,65.45,49.81
H,2014,11,1,71.94,71.56,65.87,60.76
H,2014,11,2,72.38,69.03,67.25,63.66
H,2014,11,3,74.03,71.09,65.14,54.70
H,2014,11,4,77.42,72.52,66.51,53.71
H,2014,11,5,75.51,70.86,66.24,51.35
H,2014,11,6,73.13,68.33,64.56,50.47
H,2014,11,7,74.17,71.22,66.13,52.81
H,2014,11,8,73.78,62.54,61.10,56.19
H,2014,11,9,73.95,65.35,62.91,55.32
H,2014,11,10,73.62,64.26,63.13,52.20
H,2014,11,11,76.76,67.32,65.45,51.45
H,2014,11,12,73.51,69.13,67.13,56.44
H,2014,11,13,73.42,64.56,63.65,58.80
H,2014,11,14,73.35,68.61,67.73,61.88
H,2014,11,15,71.12,67.76,66.81,62.48
H,2014,11,16,73.45,68.71,67.69,63.14
H,2014,11,17,70.83,66.24,63.54,53.22
H,2014,11,18,74.71,69.41,67.86,52.65
H,2014,11,19,73.31,69.38,67.55,51.98
H,2014,11,20,73.01,68.80,66.91,55.84
H,2014,11,21,72.28,67.99,67.45,64.10
H,2014,11,22,73.62,70.57,68.76,62.38
H,2014,11,23,76.57,70.44,69.89,63.67
H,2014,11,24,76.62,67.31,65.98,58.69
H,2014,11,25,77.80,64.52,65.05,50.98
H,2014,11,26,75.72,64.65,63.30,50.48
H,2014,11,27,75.44,63.84,62.08,51.67
H,2014,11,28,74.12,67.27,64.73,50.74
H,2014,11,29,73.22,65.77,62.53,51.10
H,2014,11,30,74.52,68.05,64.52,58.31
H,2014,12,1,74.81,64.22,62.45,54.76
H,2014,12,2,74.68,68.19,65.89,57.45
H,2014,12,3,71.53,65.24,63.93,55.99
H,2014,12,4,72.82,65.43,61.98,51.35
H,2014,12,5,75.09,72.30,70.23,50.09
H,2014,12,6,75.80,62.49,60.92,49.84
H,2014,12,7,77.22,67.29,63.73,56.28
H,2014,12,8,74.95,67.84,67.71,61.33
H,2014,12,9,78.18,67.63,67.05,63.04
H,2014,12,10,78.47,68.76,65.78,61.10
H,2014,12,11,78.67,67.73,65.10,53.16
H,2014,12,12,75.83,70.63,69.51,64.36
H,2014,12,13,77.07,65.27,64.25,60.52
H,2014,12,14,75.99,66.39,64.68,54.05
H,2014,12,15,78.27,66.82,64.74,54.31
H,2014,12,16,81.26,66.82,64.66,58.12
H,2014,12,17,78.79,67.17,66.16,62.10
H,2014,12,18,81.59,67.47,64.93,58.19
H,2014,12,19,79.09,63.17,63.18,52.45
H,2014,12,20,78.16,64.27,62.27,55.93
H,2014,12,21,80.36,65.92,65.51,61.94
H,2014,12,22,79.87,63.83,64.72,54.93
H,2014,12,23,77.61,63.51,62.24,50.04
H,2014,12,24,77.28,64.82,62.95,48.99
H,2014,12,25,77.87,73.37,71.77,66.27
H,2014,12,26,77.34,66.47,65.30,60.67
H,2014,12,27,77.56,67.00,65.51,56.08
H,2014,12,28,75.70,64.96,62.24,53.75
H,2014,12,29,75.95,67.23,66.06,59.10
H,2014,12,30,77.77,68.65,68.42,65.30
H,2014,12,31,79.72,70.98,70.94,65.72
H,2015,1,1,77.87,63.01,62.38,56.16
H,2015,1,2,75.40,65.57,64.49,50.83
H,2015,1,3,76.26,64.68,62.24,49.68
H,2015,1,4,72.75,63.42,61.41,50.38
H,2015,1,5,75.84,64.50,62.26,54.11
H,2015,1,6,73.98,63.81,62.19,49.22
H,2015,1,7,74.33,67.93,65.49,49.68
H,2015,1,8,74.54,65.44,62.88,49.79
H,2015,1,9,69.02,66.00,63.46,49.88
H,2015,1,10,71.51,62.49,62.08,51.48
H,2015,1,11,70.70,64.09,62.61,53.13
H,2015,1,12,73.24,62.48,61.29,55.37
H,2015,1,13,73.36,65.28,64.69,53.72
H,2015,1,14,73.68,67.90,66.47,51.19
H,2015,1,15,73.28,65.00,62.23,50.19
H,2015,1,16,71.85,61.69,59.57,54.49
H,2015,1,17,73.96,64.41,62.63,49.39
H,2015,1,18,71.03,63.06,61.01,49.57
H,2015,1,19,71.78,67.15,65.31,56.47
H,2015,1,20,71.74,66.51,64.83,56.37
H,2015,1,21,71.87,68.81,67.05,56.25
H,2015,1,22,74.00,66.05,64.22,49.73
H,2015,1,23,71.65,67.00,64.54,49.59
H,2015,1,24,72.04,66.59,64.49,55.93
H,2015,1,25,70.75,63.62,63.54,48.98
H,2015,1,26,71.17,64.67,62.25,48.99
H,2015,1,27,72.68,65.86,64.03,50.87
H,2015,1,28,71.92,68.02,66.88,54.20
H,2015,1,29,69.47,66.36,64.28,50.19
H,2015,1,30,71.22,66.25,64.41,53.04
H,2015,1,31,70.65,66.44,64.49,60.44
H,2015,2,1,70.72,66.81,64.31,55.30
H,2015,2,2,69.63,63.51,62.77,55.85
H,2015,2,3,71.38,66.38,64.58,50.77
H,2015,2,4,71.01,68.06,66.50,51.18
H,2015,2,5,77.21,65.74,64.87,51.62
H,2015,2,6,70.69,64.84,63.26,52.51
H,2015,2,7,70.20,65.57,64.47,50.83
H,2015,2,8,66.76,64.37,62.92,47.49
H,2015,2,9,67.84,66.53,64.57,54.93
H,2015,2,10,71.01,69.71,67.91,61.79
H,2015,2,11,68.87,67.22,66.16,55.27
H,2015,2,12,67.30,65.91,64.67,49.51
H,2015,2,13,66.41,65.71,64.65,47.21
H,2015,2,14,66.16,66.44,66.47,49.58
H,2015,2,15,67.43,68.52,65.90,51.91
H,2015,2,16,68.05,63.41,64.00,58.28
H,2015,2,17,70.52,67.10,65.48,57.28
H,2015,2,18,68.91,67.73,65.45,58.63
H,2015,2,19,69.78,64.74,64.25,53.76
H,2015,2,20,70.52,67.97,65.78,56.69
H,2015,2,21,71.33,68.86,65.59,50.15
H,2015,2,22,67.03,65.46,63.70,55.38
H,2015,2,23,66.18,66.80,66.52,61.27
H,2015,2,24,66.80,67.86,66.95,61.03
H,2015,2,25,68.10,71.65,71.71,60.84
H,2015,2,26,67.79,67.77,67.92,61.45
H,2015,2,27,70.33,70.26,70.15,63.75
H,2015,2,28,70.27,71.85,70.35,64.92
H,2015,3,1,67.71,65.74,65.73,53.08
H,2015,3,2,67.07,66.68,65.37,54.86
H,2015,3,3,66.61,69.46,68.79,51.69
H,2015,3,4,66.59,68.12,67.44,55.49
H,2015,3,5,63.43,66.61,64.69,50.66
H,2015,3,6,65.55,68.37,68.99,56.78
H,2015,3,7,64.71,67.14,64.47,51.87
H,2015,3,8,63.69,65.77,64.10,60.07
H,2015,3,9,63.81,65.91,65.22,55.88
H,2015,3,10,63.99,64.84,63.76,49.42
H,2015,3,11,64.19,66.52,63.11,56.45
H,2015,3,12,64.77,67.81,65.92,59.18
H,2015,3,13,65.65,65.70,64.95,51.91
H,2015,3,14,63.72,67.13,64.05,49.69
H,2015,3,15,63.53,66.23,64.16,48.26
H,2015,3,16,61.85,65.40,63.06,51.56
H,2015,3,17,63.30,67.09,65.70,59.59
H,2015,3,18,66.81,68.58,67.51,62.53
H,2015,3,19,64.95,66.31,65.92,54.18
H,2015,3,20,65.30,65.32,65.29,52.12
H,2015,3,21,65.14,65.45,65.36,53.56
H,2015,3,22,67.38,68.87,68.02,60.88
H,2015,3,23,68.26,70.07,69.32,64.47
H,2015,3,24,69.49,70.13,69.25,65.18
H,2015,3,25,71.05,72.70,70.99,63.90
H,2015,3,26,62.83,65.47,64.36,52.01
H,2015,3,27,62.66,65.76,63.62,56.32
H,2015,3,28,63.18,67.16,67.94,60.52
H,2015,3,29,62.98,66.08,65.15,56.54
H,2015,3,30,62.37,65.76,64.59,50.66
H,2015,3,31,62.93,65.19,64.85,59.19
H,2015,4,1,67.81,68.63,68.23,63.33
H,2015,4,2,72.15,72.93,70.83,65.89
H,2015,4,3,62.06,64.47,63.51,53.46
H,2015,4,4,62.45,64.32,63.77,59.20
H,2015,4,5,69.46,70.15,69.35,65.56
H,2015,4,6,65.86,67.45,66.72,63.27
H,2015,4,7,63.50,67.57,66.80,56.92
H,2015,4,8,63.90,67.26,67.49,63.47
H,2015,4,9,67.58,70.42,68.55,61.91
H,2015,4,10,64.06,68.86,68.47,61.52
H,2015,4,11,65.88,72.68,71.91,61.72
H,2015,4,12,64.62,67.87,65.68,58.95
H,2015,4,13,63.08,66.12,64.83,56.49
H,2015,4,14,63.68,66.22,65.49,61.83
H,2015,4,15,69.60,72.04,69.37,63.01
H,2015,4,16,68.34,71.59,70.80,53.15
H,2015,4,17,62.35,65.17,64.55,51.43
H,2015,4,18,65.57,67.91,67.52,59.26
H,2015,4,19,63.58,67.36,67.24,59.99
H,2015,4,20,61.34,64.78,63.54,57.74
H,2015,4,21,63.14,66.27,66.66,54.44
H,2015,4,22,64.45,68.61,64.88,51.82
H,2015,4,23,67.07,69.27,66.65,58.38
H,2015,4,24,64.15,68.12,67.23,60.85
H,2015,4,25,68.25,70.68,69.95,65.24
H,2015,4,26,73.04,74.63,73.00,67.73
H,2015,4,27,65.29,67.78,65.58,56.73
H,2015,4,28,63.47,67.32,64.49,58.82
H,2015,4,29,67.57,70.01,68.49,60.82
H,2015,4,30,68.42,70.97,70.02,61.28
H,2015,5,1,64.24,66.31,65.06,57.67
H,2015,5,2,65.59,69.20,69.05,61.39
H,2015,5,3,62.85,65.96,66.48,59.95
H,2015,5,4,62.74,65.13,64.51,60.61
H,2015,5,5,62.46,65.29,65.82,57.93
H,2015,5,6,66.30,68.41,67.56,62.81
H,2015,5,7,69.38,70.85,70.27,64.10
H,2015,5,8,65.09,68.08,67.65,63.25
H,2015,5,9,64.54,67.76,67.12,60.91
H,2015,5,10,61.77,65.94,66.46,59.99
H,2015,5,11,61.90,64.96,63.99,60.16
H,2015,5,12,70.72,73.51,71.70,65.84
H,2015,5,13,68.42,70.51,70.07,64.85
H,2015,5,14,65.53,68.76,69.12,60.03
H,2015,5,15,63.82,66.67,67.81,58.20
H,2015,5,16,67.06,69.43,69.62,64.41
H,2015,5,17,63.08,66.05,65.88,62.33
H,2015,5,18,64.62,67.83,67.58,63.18
H,2015,5,19,67.67,69.57,68.46,65.14
H,2015,5,20,64.52,67.45,66.64,63.47
H,2015,5,21,66.02,69.46,67.96,61.86
H,2015,5,22,64.26,67.37,67.65,59.91
H,2015,5,23,64.50,68.19,66.99,61.95
H,2015,5,24,65.61,69.77,70.37,63.79
H,2015,5,25,62.08,65.49,66.03,60.26
H,2015,5,26,62.73,67.05,65.78,59.01
H,2015,5,27,64.40,68.27,68.00,61.00
H,2015,5,28,65.92,68.91,68.27,59.82
H,2015,5,29,62.54,65.61,65.15,59.45
H,2015,5,30,61.32,63.84,63.80,54.77
H,2015,5,31,64.90,69.12,68.72,54.59
H,2015,6,1,63.12,67.15,67.50,59.96
H,2015,6,2,65.39,67.93,67.32,63.56
H,2015,6,3,69.56,71.51,69.79,64.71
H,2015,6,4,68.81,70.67,69.93,65.26
H,2015,6,5,66.90,69.03,67.73,60.40
H,2015,6,6,68.87,71.06,68.64,55.92
H,2015,6,7,63.16,66.38,66.14,58.99
H,2015,6,8,61.52,64.23,65.17,54.65
H,2015,6,9,62.04,66.76,65.19,59.63
H,2015,6,10,66.20,69.54,68.50,58.14
H,2015,6,11,64.88,68.35,68.67,58.53
H,2015,6,12,66.21,69.02,68.24,58.98
H,2015,6,13,65.50,68.93,68.91,53.87
H,2015,6,14,65.58,69.06,67.52,55.00
H,2015,6,15,67.03,69.50,67.52,59.71
H,2015,6,16,65.01,68.37,66.96,60.86
H,2015,6,17,64.46,67.94,66.18,55.90
H,2015,6,18,66.85,68.49,67.86,55.88
H,2015,6,19,65.64,68.92,68.12,61.69
H,2015,6,20,65.27,68.09,67.55,61.91
H,2015,6,21,65.25,69.00,67.28,61.67
H,2015,6,22,66.24,68.55,67.51,63.29
H,2015,6,23,65.03,67.49,66.40,63.50
H,2015,6,24,68.55,70.25,69.26,65.24
H,2015,6,25,67.05,71.11,69.20,60.46
H,2015,6,26,65.94,66.87,67.36,57.59
H,2015,6,27,62.88,66.42,66.16,60.97
H,2015,6,28,65.32,69.28,68.78,63.63
H,2015,6,29,66.04,68.36,68.31,64.35
H,2015,6,30,66.11,68.22,66.98,60.02
H,2015,7,1,67.12,68.50,67.63,57.36
H,2015,7,2,66.15,68.08,67.79,57.58
H,2015,7,3,65.02,66.47,65.38,60.18
H,2015,7,4,72.21,71.67,71.28,61.34
H,2015,7,5,63.41,66.80,65.15,57.44
H,2015,7,6,64.93,68.34,67.20,57.82
H,2015,7,7,67.98,69.46,68.41,63.01
H,2015,7,8,66.45,69.52,66.91,62.24
H,2015,7,9,65.74,68.40,66.63,58.00
H,2015,7,10,64.29,67.17,65.67,53.84
H,2015,7,11,65.58,69.78,67.41,55.90
H,2015,7,12,63.19,66.65,66.38,60.16
H,2015,7,13,65.93,68.28,68.21,63.29
H,2015,7,14,65.70,69.03,66.65,62.63
H,2015,7,15,73.20,71.00,70.77,62.50
H,2015,7,16,68.22,69.87,69.03,55.39
H,2015,7,17,66.23,67.99,66.89,55.03
H,2015,7,18,68.30,71.01,69.38,54.69
H,2015,7,19,64.61,68.28,66.99,53.61
H,2015,7,20,64.48,66.37,65.68,58.87
H,2015,7,21,65.36,68.05,66.63,51.95
H,2015,7,22,63.94,66.05,64.25,53.44
H,2015,7,23,64.90,67.26,65.27,53.22
H,2015,7,24,67.03,70.41,67.37,53.10
H,2015,7,25,64.10,67.26,64.79,58.37
H,2015,7,26,65.46,69.50,68.16,62.81
H,2015,7,27,63.10,67.07,65.89,61.34
H,2015,7,28,63.81,65.79,64.52,57.85
H,2015,7,29,67.81,69.93,68.04,53.44
H,2015,7,30,66.72,68.79,66.71,55.79
H,2015,7,31,64.82,67.99,65.57,53.44
H,2015,8,1,71.83,72.60,70.31,59.13
H,2015,8,2,69.04,69.98,69.57,63.44
H,2015,8,3,67.64,70.46,68.94,64.37
H,2015,8,4,70.67,72.98,70.22,64.57
H,2015,8,5,71.17,73.30,70.92,64.86
H,2015,8,6,66.16,69.15,67.36,62.44
H,2015,8,7,66.73,68.81,66.49,59.87
H,2015,8,8,66.95,69.59,67.20,51.92
H,2015,8,9,68.19,70.14,67.91,52.55
H,2015,8,10,69.62,69.93,67.69,51.89
H,2015,8,11,67.81,70.43,67.47,57.11
H,2015,8,12,72.38,72.92,70.37,61.97
H,2015,8,13,73.30,74.80,73.26,64.82
H,2015,8,14,71.62,72.42,71.00,64.63
H,2015,8,15,68.25,70.43,68.40,62.88
H,2015,8,16,65.49,68.13,65.69,59.69
H,2015,8,17,65.06,68.16,64.82,54.30
H,2015,8,18,64.77,66.96,64.43,49.26
H,2015,8,19,66.28,69.97,66.44,57.79
H,2015,8,20,65.97,68.19,66.43,63.24
H,2015,8,21,64.66,66.74,65.72,62.13
H,2015,8,22,64.76,68.58,67.02,60.56
H,2015,8,23,65.54,69.24,66.42,59.39
H,2015,8,24,64.42,67.84,65.23,59.98
H,2015,8,25,65.97,69.69,65.01,59.32
H,2015,8,26,67.26,73.11,67.95,52.26
H,2015,8,27,67.16,72.49,68.35,53.54
H,2015,8,28,62.42,66.27,63.59,50.82
H,2015,8,29,66.28,72.08,68.80,61.99
H,2015,8,30,69.23,71.64,69.40,65.25
H,2015,8,31,67.03,71.86,68.36,62.46
H,2015,9,1,72.93,73.17,70.75,59.86
H,2015,9,2,75.55,73.58,71.96,54.46
H,2015,9,3,69.12,71.89,69.91,55.82
H,2015,9,4,70.30,72.66,70.39,59.51
H,2015,9,5,69.36,73.56,73.15,59.35
H,2015,9,6,63.17,65.87,64.18,55.31
H,2015,9,7,63.71,68.12,63.80,53.07
H,2015,9,8,64.01,66.08,62.14,55.33
H,2015,9,9,65.81,67.88,65.55,54.40
H,2015,9,10,64.45,67.01,64.59,50.21
H,2015,9,11,67.90,70.86,67.77,50.77
H,2015,9,12,65.44,71.15,65.45,51.60
H,2015,9,13,63.98,70.22,64.48,52.38
H,2015,9,14,62.84,71.35,63.47,49.80
H,2015,9,15,63.91,69.06,63.33,56.96
H,2015,9,16,65.99,72.87,68.64,59.13
H,2015,9,17,65.92,70.96,67.91,62.75
H,2015,9,18,64.29,70.28,66.49,58.43
H,2015,9,19,64.44,69.65,65.24,52.07
H,2015,9,20,65.97,69.65,65.59,50.32
H,2015,9,21,63.77,70.03,65.26,59.95
H,2015,9,22,66.15,69.87,64.19,54.96
H,2015,9,23,65.49,72.23,67.23,58.13
H,2015,9,24,67.48,73.39,67.04,55.32
H,2015,9,25,64.42,69.44,63.30,51.19
H,2015,9,26,69.05,70.97,66.15,57.86
H,2015,9,27,70.29,73.02,68.14,56.26
H,2015,9,28,64.31,71.03,63.23,57.21
H,2015,9,29,66.35,72.84,65.98,60.78
H,2015,9,30,68.36,73.11,68.24,62.51
H,2015,10,1,68.58,72.38,69.01,63.42
H,2015,10,2,68.39,71.61,68.77,64.59
H,2015,10,3,NaN,NaN,NaN,NaN
H,2015,10,4,NaN,NaN,NaN,NaN
H,2015,10,5,NaN,NaN,NaN,NaN
H,2015,10,6,NaN,NaN,NaN,NaN
H,2015,10,7,NaN,NaN,NaN,NaN
H,2015,10,8,NaN,NaN,NaN,NaN
H,2015,10,9,NaN,NaN,NaN,NaN
H,2015,10,10,NaN,NaN,NaN,NaN
H,2015,10,11,NaN,NaN,NaN,NaN
H,2015,10,12,NaN,NaN,NaN,NaN
H,2015,10,13,NaN,NaN,NaN,NaN
H,2015,10,14,NaN,NaN,NaN,NaN
H,2015,10,15,NaN,NaN,NaN,NaN
H,2015,10,16,NaN,NaN,NaN,NaN
H,2015,10,17,NaN,NaN,NaN,NaN
H,2015,10,18,NaN,NaN,NaN,NaN
H,2015,10,19,NaN,NaN,NaN,NaN
H,2015,10,20,NaN,NaN,NaN,NaN
H,2015,10,21,NaN,NaN,NaN,NaN
H,2015,10,22,NaN,NaN,NaN,NaN
H,2015,10,23,NaN,NaN,NaN,NaN
H,2015,10,24,NaN,NaN,NaN,NaN
H,2015,10,25,NaN,NaN,NaN,NaN
H,2015,10,26,NaN,NaN,NaN,NaN
H,2015,10,27,NaN,NaN,NaN,NaN
H,2015,10,28,NaN,NaN,NaN,NaN
H,2015,10,29,NaN,NaN,NaN,NaN
H,2015,10,30,NaN,NaN,NaN,NaN
H,2015,10,31,NaN,NaN,NaN,NaN
H,2015,11,1,NaN,NaN,NaN,NaN
H,2015,11,2,NaN,NaN,NaN,NaN
H,2015,11,3,NaN,NaN,NaN,NaN
H,2015,11,4,NaN,NaN,NaN,NaN
H,2015,11,5,NaN,NaN,NaN,NaN
H,2015,11,6,NaN,NaN,NaN,NaN
H,2015,11,7,NaN,NaN,NaN,NaN
H,2015,11,8,NaN,NaN,NaN,NaN
H,2015,11,9,NaN,NaN,NaN,NaN
H,2015,11,10,NaN,NaN,NaN,NaN
H,2015,11,11,NaN,NaN,NaN,NaN
H,2015,11,12,NaN,NaN,NaN,NaN
H,2015,11,13,NaN,NaN,NaN,NaN
H,2015,11,14,NaN,NaN,NaN,NaN
H,2015,11,15,NaN,NaN,NaN,NaN
H,2015,11,16,NaN,NaN,NaN,NaN
H,2015,11,17,NaN,NaN,NaN,NaN
H,2015,11,18,NaN,NaN,NaN,NaN
H,2015,11,19,NaN,NaN,NaN,NaN
H,2015,11,20,NaN,NaN,NaN,NaN
H,2015,11,21,61.80,61.05,61.06,44.01
H,2015,11,22,68.50,67.15,63.68,51.00
H,2015,11,23,72.82,65.55,62.46,50.82
H,2015,11,24,71.76,65.16,63.02,58.69
H,2015,11,25,75.66,70.31,69.11,64.60
H,2015,11,26,69.98,68.18,66.94,63.70
H,2015,11,27,72.22,65.11,63.96,61.29
H,2015,11,28,70.55,67.14,65.86,53.60
H,2015,11,29,67.04,67.38,64.31,49.80
H,2015,11,30,65.46,66.17,61.89,51.67
H,2015,12,1,68.32,65.68,62.30,59.95
H,2015,12,2,67.63,66.84,64.52,52.43
H,2015,12,3,67.86,67.45,63.02,53.26
H,2015,12,4,71.29,67.90,67.01,62.61
H,2015,12,5,71.26,69.68,67.49,53.41
H,2015,12,6,70.75,71.74,65.93,55.40
H,2015,12,7,67.91,67.73,66.13,61.71
H,2015,12,8,71.41,69.65,66.64,59.24
H,2015,12,9,69.24,69.68,65.89,58.63
H,2015,12,10,74.83,70.62,68.44,62.51
H,2015,12,11,73.68,66.85,67.13,62.80
H,2015,12,12,76.39,74.79,73.52,68.81
H,2015,12,13,73.10,71.45,69.55,63.98
H,2015,12,14,77.84,73.79,72.95,68.40
H,2015,12,15,72.67,70.89,69.93,62.57
H,2015,12,16,71.20,70.13,67.31,52.66
H,2015,12,17,75.48,68.90,66.57,54.34
H,2015,12,18,69.80,65.43,63.52,49.13
H,2015,12,19,73.01,65.74,65.66,59.97
H,2015,12,20,73.24,69.13,68.32,64.79
H,2015,12,21,76.42,69.81,68.49,63.68
H,2015,12,22,77.81,69.21,67.08,63.43
H,2015,12,23,80.34,76.62,75.21,69.44
H,2015,12,24,78.47,73.67,72.35,67.87
H,2015,12,25,76.61,70.46,69.87,65.66
H,2015,12,26,76.52,72.42,71.42,66.84
H,2015,12,27,76.81,68.01,67.52,58.35
H,2015,12,28,73.77,67.17,65.66,60.50
H,2015,12,29,76.68,73.05,71.09,65.89
H,2015,12,30,73.96,67.64,65.64,49.37
H,2015,12,31,71.43,67.63,65.90,47.56
H,2016,1,1,72.47,64.91,62.82,51.22
H,2016,1,2,71.81,62.60,62.66,45.79
H,2016,1,3,66.94,61.90,61.52,51.88
H,2016,1,4,70.14,65.95,63.91,62.12
H,2016,1,5,67.72,64.78,63.43,60.58
H,2016,1,6,73.40,69.25,67.65,63.81
H,2016,1,7,72.25,68.83,67.55,63.13
H,2016,1,8,74.83,71.42,70.17,65.38
H,2016,1,9,76.34,69.32,67.79,51.93
H,2016,1,10,80.71,69.61,69.44,53.57
H,2016,1,11,77.53,72.00,70.72,51.29
H,2016,1,12,72.63,66.41,64.86,47.64
H,2016,1,13,72.57,67.28,64.57,54.62
H,2016,1,14,73.12,68.37,66.96,62.69
H,2016,1,15,74.47,69.79,68.42,62.15
H,2016,1,16,72.97,66.48,65.00,54.85
H,2016,1,17,75.47,69.88,68.39,55.79
H,2016,1,18,66.84,64.45,63.45,54.94
H,2016,1,19,71.01,65.13,63.39,49.51
H,2016,1,20,74.71,68.23,66.36,52.80
H,2016,1,21,73.66,67.88,66.43,46.89
H,2016,1,22,72.95,70.62,71.42,46.42
H,2016,1,23,69.31,68.66,67.06,57.75
H,2016,1,24,73.02,71.82,70.92,66.09
H,2016,1,25,70.37,65.50,63.76,59.01
H,2016,1,26,72.04,65.56,63.25,50.39
H,2016,1,27,72.07,65.48,63.84,47.81
H,2016,1,28,65.32,69.17,67.46,56.83
H,2016,1,29,65.72,66.34,64.37,56.63
H,2016,1,30,69.75,69.98,69.56,65.01
H,2016,1,31,65.04,67.77,66.15,61.76
H,2016,2,1,78.68,77.73,76.01,70.75
H,2016,2,2,69.72,70.80,69.86,64.93
H,2016,2,3,69.11,69.14,68.25,60.51
H,2016,2,4,65.65,67.55,66.65,55.95
H,2016,2,5,62.44,65.59,62.95,50.92
H,2016,2,6,64.43,66.76,63.90,51.21
H,2016,2,7,70.77,68.31,66.34,47.73
H,2016,2,8,65.33,63.20,62.37,44.89
H,2016,2,9,68.94,65.87,63.95,44.24
H,2016,2,10,69.38,70.13,66.87,50.11
H,2016,2,11,67.47,69.02,67.02,46.51
H,2016,2,12,63.61,65.17,63.57,48.22
H,2016,2,13,65.05,66.91,64.65,49.99
H,2016,2,14,61.17,62.32,61.62,47.70
H,2016,2,15,61.12,62.62,60.77,46.83
H,2016,2,16,59.79,61.10,60.41,43.58
H,2016,2,17,65.69,69.59,69.52,49.07
H,2016,2,18,63.18,65.69,64.12,55.89
H,2016,2,19,61.74,62.21,61.46,60.34
H,2016,2,20,65.88,69.36,66.90,60.06
H,2016,2,21,68.98,69.77,68.25,61.46
H,2016,2,22,66.80,68.59,67.39,60.77
H,2016,2,23,67.70,68.28,66.23,50.77
H,2016,2,24,67.62,69.23,66.45,47.60
H,2016,2,25,64.08,65.45,64.52,51.08
H,2016,2,26,61.03,62.27,61.46,56.29
H,2016,2,27,64.09,66.55,65.12,61.71
H,2016,2,28,62.97,65.04,63.93,59.70
H,2016,2,29,61.88,64.71,62.72,55.17
H,2016,3,1,62.48,63.34,61.70,50.31
H,2016,3,2,65.68,69.79,67.82,59.58
H,2016,3,3,66.51,69.67,68.31,61.11
H,2016,3,4,68.63,78.85,78.01,62.26
H,2016,3,5,70.98,81.96,81.70,59.35
H,2016,3,6,70.46,80.39,80.75,62.57
H,2016,3,7,68.19,71.02,69.69,64.97
H,2016,3,8,73.91,73.29,72.33,67.73
H,2016,3,9,70.13,70.55,70.02,64.82
H,2016,3,10,66.08,68.63,68.68,60.01
H,2016,3,11,65.77,68.11,66.53,56.82
H,2016,3,12,68.51,70.11,69.02,64.36
H,2016,3,13,62.69,63.96,63.95,61.49
H,2016,3,14,63.46,66.88,66.44,59.28
H,2016,3,15,66.58,68.79,68.48,62.60
H,2016,3,16,66.02,69.03,67.67,52.71
H,2016,3,17,63.14,66.15,65.06,52.83
H,2016,3,18,63.69,66.28,65.88,55.45
H,2016,3,19,66.20,71.82,70.66,59.64
H,2016,3,20,62.41,65.75,64.56,56.65
H,2016,3,21,62.09,63.79,62.88,60.94
H,2016,3,22,68.62,71.05,69.95,65.43
H,2016,3,23,66.03,68.66,68.70,63.54
H,2016,3,24,66.69,69.60,66.74,55.60
H,2016,3,25,65.09,67.68,68.05,63.09
H,2016,3,26,68.75,70.51,69.16,62.66
H,2016,3,27,63.57,67.66,64.45,51.69
H,2016,3,28,69.58,70.90,69.91,65.85
H,2016,3,29,70.22,71.99,70.57,66.17
H,2016,3,30,64.60,66.57,66.31,59.09
H,2016,3,31,63.60,67.39,66.79,60.47
H,2016,4,1,65.85,68.74,68.18,63.48
H,2016,4,2,64.00,67.11,66.62,57.44
H,2016,4,3,66.14,69.74,69.01,59.63
H,2016,4,4,64.90,67.86,65.92,59.94
H,2016,4,5,65.41,68.33,65.58,53.19
H,2016,4,6,67.48,70.88,68.67,53.48
H,2016,4,7,67.28,68.59,66.76,51.21
H,2016,4,8,66.40,67.41,66.26,48.66
H,2016,4,9,65.13,67.37,67.25,47.67
H,2016,4,10,62.60,64.67,63.24,53.53
H,2016,4,11,63.76,65.04,63.40,52.54
H,2016,4,12,64.10,65.30,64.24,61.63
H,2016,4,13,66.78,70.33,68.01,60.28
H,2016,4,14,70.07,71.72,70.35,65.92
H,2016,4,15,73.00,73.19,72.07,67.82
H,2016,4,16,65.07,67.78,67.02,56.06
H,2016,4,17,64.21,68.30,67.27,48.93
H,2016,4,18,62.44,65.21,64.55,45.17
H,2016,4,19,65.38,66.15,63.45,48.97
H,2016,4,20,66.83,69.30,67.29,53.16
H,2016,4,21,65.59,68.34,67.57,59.27
H,2016,4,22,62.79,65.17,63.86,59.28
H,2016,4,23,71.01,72.96,73.32,64.93
H,2016,4,24,68.76,70.59,69.97,65.22
H,2016,4,25,76.46,75.95,74.73,69.45
H,2016,4,26,NaN,NaN,NaN,NaN
H,2016,4,27,NaN,NaN,NaN,NaN
H,2016,4,28,NaN,NaN,NaN,NaN
H,2016,4,29,NaN,NaN,NaN,NaN
H,2016,4,30,NaN,NaN,NaN,NaN
H,2016,5,1,NaN,NaN,NaN,NaN
H,2016,5,2,NaN,NaN,NaN,NaN
H,2016,5,3,NaN,NaN,NaN,NaN
H,2016,5,4,NaN,NaN,NaN,NaN
H,2016,5,5,NaN,NaN,NaN,NaN
H,2016,5,6,NaN,NaN,NaN,NaN
H,2016,5,7,NaN,NaN,NaN,NaN
H,2016,5,8,NaN,NaN,NaN,NaN
H,2016,5,9,NaN,NaN,NaN,NaN
H,2016,5,10,NaN,NaN,NaN,NaN
H,2016,5,11,NaN,NaN,NaN,NaN
H,2016,5,12,NaN,NaN,NaN,NaN
H,2016,5,13,NaN,NaN,NaN,NaN
H,2016,5,14,NaN,NaN,NaN,NaN
H,2016,5,15,NaN,NaN,NaN,NaN
H,2016,5,16,NaN,NaN,NaN,NaN
H,2016,5,17,NaN,NaN,NaN,NaN
H,2016,5,18,NaN,NaN,NaN,NaN
H,2016,5,19,NaN,NaN,NaN,NaN
H,2016,5,20,NaN,NaN,NaN,NaN
H,2016,5,21,NaN,NaN,NaN,NaN
H,2016,5,22,NaN,NaN,NaN,NaN
H,2016,5,23,NaN,NaN,NaN,NaN
H,2016,5,24,NaN,NaN,NaN,NaN
H,2016,5,25,NaN,NaN,NaN,NaN
H,2016,5,26,NaN,NaN,NaN,NaN
H,2016,5,27,NaN,NaN,NaN,NaN
H,2016,5,28,NaN,NaN,NaN,NaN
H,2016,5,29,NaN,NaN,NaN,NaN
H,2016,5,30,NaN,NaN,NaN,NaN
H,2016,5,31,NaN,NaN,NaN,NaN
H,2016,6,1,NaN,NaN,NaN,NaN
H,2016,6,2,NaN,NaN,NaN,NaN
H,2016,6,3,NaN,NaN,NaN,NaN
H,2016,6,4,NaN,NaN,NaN,NaN
H,2016,6,5,NaN,NaN,NaN,NaN
H,2016,6,6,NaN,NaN,NaN,NaN
H,2016,6,7,NaN,NaN,NaN,NaN
H,2016,6,8,NaN,NaN,NaN,NaN
H,2016,6,9,NaN,NaN,NaN,NaN
H,2016,6,10,NaN,NaN,NaN,NaN
H,2016,6,11,NaN,NaN,NaN,NaN
H,2016,6,12,NaN,NaN,NaN,NaN
H,2016,6,13,NaN,NaN,NaN,NaN
H,2016,6,14,NaN,NaN,NaN,NaN
H,2016,6,15,NaN,NaN,NaN,NaN
H,2016,6,16,NaN,NaN,NaN,NaN
H,2016,6,17,NaN,NaN,NaN,NaN
H,2016,6,18,NaN,NaN,NaN,NaN
H,2016,6,19,NaN,NaN,NaN,NaN
H,2016,6,20,NaN,NaN,NaN,NaN
H,2016,6,21,NaN,NaN,NaN,NaN
H,2016,6,22,NaN,NaN,NaN,NaN
H,2016,6,23,NaN,NaN,NaN,NaN
H,2016,6,24,NaN,NaN,NaN,NaN
H,2016,6,25,NaN,NaN,NaN,NaN
H,2016,6,26,NaN,NaN,NaN,NaN
H,2016,6,27,NaN,NaN,NaN,NaN
H,2016,6,28,NaN,NaN,NaN,NaN
H,2016,6,29,NaN,NaN,NaN,NaN
H,2016,6,30,NaN,NaN,NaN,NaN
H,2016,7,1,NaN,NaN,NaN,NaN
H,2016,7,2,NaN,NaN,NaN,NaN
H,2016,7,3,NaN,NaN,NaN,NaN
H,2016,7,4,NaN,NaN,NaN,NaN
H,2016,7,5,NaN,NaN,NaN,NaN
H,2016,7,6,64.54,66.94,66.05,57.72
H,2016,7,7,64.95,68.02,66.52,59.82
H,2016,7,8,65.89,68.19,68.28,61.20
H,2016,7,9,64.33,68.14,67.48,61.19
H,2016,7,10,64.95,66.81,66.41,63.22
H,2016,7,11,65.05,68.08,67.20,63.14
H,2016,7,12,63.82,67.49,67.61,58.69
H,2016,7,13,66.99,70.43,69.99,56.93
H,2016,7,14,65.16,68.96,68.88,57.16
H,2016,7,15,66.16,69.47,68.97,56.17
H,2016,7,16,64.21,68.18,69.68,54.29
H,2016,7,17,63.01,66.81,66.78,52.13
H,2016,7,18,65.55,67.86,66.73,49.44
H,2016,7,19,64.21,66.65,67.13,59.78
H,2016,7,20,66.01,69.64,67.66,61.69
H,2016,7,21,65.82,68.30,67.13,62.35
H,2016,7,22,66.52,68.77,68.85,62.38
H,2016,7,23,67.28,69.86,68.81,60.83
H,2016,7,24,62.30,66.40,65.66,51.54
H,2016,7,25,61.47,64.19,63.60,48.72
H,2016,7,26,63.78,66.12,64.12,51.99
H,2016,7,27,69.15,71.58,72.01,55.00
H,2016,7,28,63.46,65.19,63.40,54.12
H,2016,7,29,67.91,66.29,64.63,54.41
H,2016,7,30,64.44,63.68,62.56,51.26
H,2016,7,31,62.27,64.15,62.29,47.22
H,2016,8,1,61.02,64.02,63.95,49.13
H,2016,8,2,64.89,65.86,64.79,54.32
H,2016,8,3,64.39,68.58,66.12,53.23
H,2016,8,4,64.88,66.39,65.33,54.99
H,2016,8,5,65.98,69.46,68.43,61.73
H,2016,8,6,64.64,67.70,65.95,61.06
H,2016,8,7,60.28,62.98,61.91,59.14
H,2016,8,8,63.16,65.46,64.05,58.80
H,2016,8,9,62.12,63.69,62.82,50.94
H,2016,8,10,63.04,66.45,64.24,48.98
H,2016,8,11,65.06,69.21,67.76,48.08
H,2016,8,12,59.34,62.54,62.70,48.66
H,2016,8,13,64.33,68.18,66.59,60.10
H,2016,8,14,62.47,65.62,64.84,59.55
H,2016,8,15,65.05,68.80,68.40,61.74
H,2016,8,16,65.66,66.10,65.35,62.78
H,2016,8,17,64.32,66.72,66.54,59.44
H,2016,8,18,62.25,65.83,64.34,53.20
H,2016,8,19,60.45,62.95,62.32,50.83
H,2016,8,20,62.65,66.25,63.74,56.14
H,2016,8,21,62.04,65.31,63.64,59.66
H,2016,8,22,64.96,68.14,66.08,61.65
H,2016,8,23,62.39,65.57,64.10,61.29
H,2016,8,24,66.03,67.37,66.05,62.47
H,2016,8,25,64.80,67.30,65.08,61.43
H,2016,8,26,61.52,65.13,64.23,51.12
H,2016,8,27,64.25,68.14,66.43,55.40
H,2016,8,28,61.31,66.68,64.42,61.44
H,2016,8,29,65.32,69.41,67.16,62.87
H,2016,8,30,63.69,67.48,64.70,60.30
H,2016,8,31,65.84,71.65,68.90,63.54
H,2016,9,1,64.19,68.60,66.49,62.13
H,2016,9,2,66.33,70.46,67.89,60.27
H,2016,9,3,64.48,70.43,67.44,52.23
H,2016,9,4,64.85,67.61,65.68,63.12
H,2016,9,5,65.01,67.39,66.67,63.47
H,2016,9,6,61.11,63.49,62.54,52.07
H,2016,9,7,64.57,65.23,63.37,49.56
H,2016,9,8,64.54,67.59,66.30,53.25
H,2016,9,9,64.93,68.05,65.72,47.53
H,2016,9,10,65.59,69.17,65.69,58.05
H,2016,9,11,65.74,66.80,65.49,58.50
H,2016,9,12,69.96,66.68,65.25,55.61
H,2016,9,13,63.30,66.34,65.21,51.75
H,2016,9,14,63.55,65.89,64.93,53.05
H,2016,9,15,64.54,66.71,65.68,57.52
H,2016,9,16,61.60,63.83,61.25,50.05
H,2016,9,17,64.28,66.40,62.40,52.96
H,2016,9,18,65.12,65.15,62.85,51.27
H,2016,9,19,64.75,66.47,63.54,50.21
H,2016,9,20,67.91,68.73,65.97,51.41
H,2016,9,21,67.29,67.96,65.12,51.70
H,2016,9,22,72.28,71.62,70.01,65.32
H,2016,9,23,68.85,67.02,65.94,63.86
H,2016,9,24,64.03,67.29,65.94,53.17
H,2016,9,25,63.45,64.34,63.04,48.40
H,2016,9,26,64.76,64.87,63.62,46.95
H,2016,9,27,64.17,64.34,63.54,49.24
H,2016,9,28,66.70,66.95,66.57,47.91
H,2016,9,29,62.83,64.36,63.07,50.05
H,2016,9,30,61.79,63.92,62.71,56.62
H,2016,10,1,67.18,68.32,67.79,62.14
H,2016,10,2,67.49,68.59,67.41,64.41
H,2016,10,3,70.21,70.91,69.06,64.90
H,2016,10,4,68.48,68.95,67.24,64.10
H,2016,10,5,68.18,69.98,67.57,62.61
H,2016,10,6,66.11,67.35,65.76,58.20
H,2016,10,7,64.94,67.19,63.72,49.62
H,2016,10,8,66.51,69.40,69.19,51.70
H,2016,10,9,62.89,64.94,61.40,48.98
H,2016,10,10,65.86,66.13,63.82,56.17
H,2016,10,11,68.02,64.93,62.17,56.69
H,2016,10,12,71.33,67.51,63.86,57.10
H,2016,10,13,68.38,66.84,62.69,56.16
H,2016,10,14,68.14,65.23,62.91,60.61
H,2016,10,15,70.32,69.09,65.93,60.56
H,2016,10,16,69.41,63.52,61.94,57.33
H,2016,10,17,69.06,66.29,63.66,59.69
H,2016,10,18,70.52,69.49,65.95,62.79
H,2016,10,19,73.36,72.58,69.06,53.57
H,2016,10,20,68.62,66.59,63.30,50.21
H,2016,10,21,69.05,72.25,67.44,51.95
H,2016,10,22,69.70,69.66,66.06,52.53
H,2016,10,23,65.58,67.05,63.02,50.95
H,2016,10,24,66.58,69.07,64.48,51.13
H,2016,10,25,68.24,71.13,68.09,49.18
H,2016,10,26,69.60,70.87,65.50,53.29
H,2016,10,27,69.30,67.86,63.86,52.55
H,2016,10,28,67.53,69.83,66.37,58.96
H,2016,10,29,65.91,72.54,64.72,54.28
H,2016,10,30,68.81,76.34,66.90,52.19
H,2016,10,31,70.42,73.23,64.33,57.32
H,2016,11,1,68.68,74.31,66.65,61.98
H,2016,11,2,70.85,73.33,65.98,56.22
H,2016,11,3,70.23,71.87,64.95,51.56
H,2016,11,4,72.89,74.30,66.26,53.97
H,2016,11,5,76.66,75.12,65.61,56.96
H,2016,11,6,74.82,73.59,65.32,61.67
H,2016,11,7,74.43,73.79,64.59,54.20
H,2016,11,8,71.29,72.17,64.64,52.23
H,2016,11,9,73.74,74.98,67.72,58.12
H,2016,11,10,NaN,NaN,NaN,NaN
H,2016,11,11,NaN,NaN,NaN,NaN
H,2016,11,12,NaN,NaN,NaN,NaN
H,2016,11,13,NaN,NaN,NaN,NaN
H,2016,11,14,NaN,NaN,NaN,NaN
H,2016,11,15,NaN,NaN,NaN,NaN
H,2016,11,16,NaN,NaN,NaN,NaN
H,2016,11,17,NaN,NaN,NaN,NaN
H,2016,11,18,NaN,NaN,NaN,NaN
H,2016,11,19,NaN,NaN,NaN,NaN
H,2016,11,20,NaN,NaN,NaN,NaN
H,2016,11,21,NaN,NaN,NaN,NaN
H,2016,11,22,NaN,NaN,NaN,NaN
H,2016,11,23,NaN,NaN,NaN,NaN
H,2016,11,24,NaN,NaN,NaN,NaN
H,2016,11,25,NaN,NaN,NaN,NaN
H,2016,11,26,NaN,NaN,NaN,NaN
H,2016,11,27,NaN,NaN,NaN,NaN
H,2016,11,28,NaN,NaN,NaN,NaN
H,2016,11,29,NaN,NaN,NaN,NaN
H,2016,11,30,NaN,NaN,NaN,NaN
H,2016,12,1,NaN,NaN,NaN,NaN
H,2016,12,2,NaN,NaN,NaN,NaN
H,2016,12,3,NaN,NaN,NaN,NaN
H,2016,12,4,NaN,NaN,NaN,NaN
H,2016,12,5,NaN,NaN,NaN,NaN
H,2016,12,6,NaN,NaN,NaN,NaN
H,2016,12,7,NaN,NaN,NaN,NaN
H,2016,12,8,NaN,NaN,NaN,NaN
H,2016,12,9,NaN,NaN,NaN,NaN
H,2016,12,10,NaN,NaN,NaN,NaN
H,2016,12,11,NaN,NaN,NaN,NaN
H,2016,12,12,NaN,NaN,NaN,NaN
H,2016,12,13,NaN,NaN,NaN,NaN
H,2016,12,14,NaN,NaN,NaN,NaN
H,2016,12,15,NaN,NaN,NaN,NaN
H,2016,12,16,NaN,NaN,NaN,NaN
H,2016,12,17,NaN,NaN,NaN,NaN
H,2016,12,18,NaN,NaN,NaN,NaN
H,2016,12,19,NaN,NaN,NaN,NaN
H,2016,12,20,NaN,NaN,NaN,NaN
H,2016,12,21,NaN,NaN,NaN,NaN
H,2016,12,22,NaN,NaN,NaN,NaN
H,2016,12,23,NaN,NaN,NaN,NaN
H,2016,12,24,NaN,NaN,NaN,NaN
H,2016,12,25,NaN,NaN,NaN,NaN
H,2016,12,26,NaN,NaN,NaN,NaN
H,2016,12,27,NaN,NaN,NaN,NaN
H,2016,12,28,NaN,NaN,NaN,NaN
H,2016,12,29,NaN,NaN,NaN,NaN
H,2016,12,30,NaN,NaN,NaN,NaN
H,2016,12,31,NaN,NaN,NaN,NaN
H,2017,1,1,NaN,NaN,NaN,NaN
H,2017,1,2,NaN,NaN,NaN,NaN
H,2017,1,3,NaN,NaN,NaN,NaN
H,2017,1,4,NaN,NaN,NaN,NaN
H,2017,1,5,NaN,NaN,NaN,NaN
H,2017,1,6,NaN,NaN,NaN,NaN
H,2017,1,7,NaN,NaN,NaN,NaN
H,2017,1,8,NaN,NaN,NaN,NaN
H,2017,1,9,NaN,NaN,NaN,NaN
H,2017,1,10,NaN,NaN,NaN,NaN
H,2017,1,11,NaN,NaN,NaN,NaN
H,2017,1,12,NaN,NaN,NaN,NaN
H,2017,1,13,NaN,NaN,NaN,NaN
H,2017,1,14,NaN,NaN,NaN,NaN
H,2017,1,15,NaN,NaN,NaN,NaN
H,2017,1,16,NaN,NaN,NaN,NaN
H,2017,1,17,NaN,NaN,NaN,NaN
H,2017,1,18,NaN,NaN,NaN,NaN
H,2017,1,19,NaN,NaN,NaN,NaN
H,2017,1,20,NaN,NaN,NaN,NaN
H,2017,1,21,NaN,NaN,NaN,NaN
H,2017,1,22,NaN,NaN,NaN,NaN
H,2017,1,23,NaN,NaN,NaN,NaN
H,2017,1,24,NaN,NaN,NaN,NaN
H,2017,1,25,NaN,NaN,NaN,NaN
H,2017,1,26,NaN,NaN,NaN,NaN
H,2017,1,27,NaN,NaN,NaN,NaN
H,2017,1,28,NaN,NaN,NaN,NaN
H,2017,1,29,NaN,NaN,NaN,NaN
H,2017,1,30,NaN,NaN,NaN,NaN
H,2017,1,31,NaN,NaN,NaN,NaN
H,2017,2,1,NaN,NaN,NaN,NaN
H,2017,2,2,NaN,NaN,NaN,NaN
H,2017,2,3,NaN,NaN,NaN,NaN
H,2017,2,4,NaN,NaN,NaN,NaN
H,2017,2,5,NaN,NaN,NaN,NaN
H,2017,2,6,NaN,NaN,NaN,NaN
H,2017,2,7,NaN,NaN,NaN,NaN
H,2017,2,8,NaN,NaN,NaN,NaN
H,2017,2,9,NaN,NaN,NaN,NaN
H,2017,2,10,NaN,NaN,NaN,NaN
H,2017,2,11,NaN,NaN,NaN,NaN
H,2017,2,12,NaN,NaN,NaN,NaN
H,2017,2,13,NaN,NaN,NaN,NaN
H,2017,2,14,NaN,NaN,NaN,NaN
H,2017,2,15,NaN,NaN,NaN,NaN
H,2017,2,16,NaN,NaN,NaN,NaN
H,2017,2,17,NaN,NaN,NaN,NaN
H,2017,2,18,NaN,NaN,NaN,NaN
H,2017,2,19,NaN,NaN,NaN,NaN
H,2017,2,20,NaN,NaN,NaN,NaN
H,2017,2,21,80.34,68.01,73.09,47.51
H,2017,2,22,77.14,71.77,70.86,62.57
H,2017,2,23,77.26,75.27,74.52,68.44
H,2017,2,24,75.78,71.46,70.67,65.43
H,2017,2,25,77.95,68.11,67.43,60.73
H,2017,2,26,81.75,66.48,65.06,59.38
H,2017,2,27,76.20,67.55,64.69,52.68
H,2017,2,28,74.00,69.14,68.24,65.16
H,2017,3,1,76.68,71.87,72.11,55.07
H,2017,3,2,75.29,66.68,63.34,52.43
H,2017,3,3,76.44,64.98,63.07,50.35
H,2017,3,4,76.53,65.45,63.50,53.65
H,2017,3,5,78.85,65.17,63.80,57.79
H,2017,3,6,71.48,67.53,66.91,64.17
H,2017,3,7,71.25,70.19,69.45,60.13
H,2017,3,8,71.70,70.23,68.99,58.39
H,2017,3,9,71.82,69.07,69.04,51.01
H,2017,3,10,69.83,67.52,66.72,49.65
H,2017,3,11,68.12,67.62,66.69,57.23
H,2017,3,12,70.16,68.00,65.41,47.36
H,2017,3,13,69.17,62.86,62.07,46.80
H,2017,3,14,71.63,64.59,63.99,48.07
H,2017,3,15,72.59,72.36,70.98,54.47
H,2017,3,16,70.53,71.12,68.45,61.17
H,2017,3,17,67.37,68.30,66.04,56.62
H,2017,3,18,69.33,65.65,64.90,48.85
H,2017,3,19,68.88,69.27,68.75,48.11
H,2017,3,20,68.52,67.56,66.74,47.62
H,2017,3,21,71.65,68.30,67.13,53.92
H,2017,3,22,70.78,68.01,67.55,57.29
H,2017,3,23,72.22,72.97,71.86,67.42
H,2017,3,24,68.16,68.12,68.08,61.77
H,2017,3,25,69.64,72.32,70.69,60.06
H,2017,3,26,72.38,69.78,69.30,64.11
H,2017,3,27,71.80,71.00,70.69,66.27
H,2017,3,28,72.67,73.21,72.19,64.51
H,2017,3,29,72.20,70.97,70.05,54.79
H,2017,3,30,74.24,68.79,67.60,62.49
H,2017,3,31,73.81,74.91,73.92,68.41
H,2017,4,1,66.31,65.85,65.51,53.21
H,2017,4,2,65.94,66.08,66.47,57.83
H,2017,4,3,66.65,67.58,67.51,57.11
H,2017,4,4,67.46,69.49,67.43,50.23
H,2017,4,5,69.25,71.86,71.29,53.00
H,2017,4,6,64.54,68.16,68.50,51.03
H,2017,4,7,75.23,71.53,71.11,49.95
H,2017,4,8,67.32,70.10,70.70,59.44
H,2017,4,9,69.11,72.06,71.49,64.86
H,2017,4,10,65.23,67.73,68.18,63.46
H,2017,4,11,66.38,68.24,68.05,62.13
H,2017,4,12,64.53,68.23,68.30,57.61
H,2017,4,13,62.77,64.05,64.50,53.76
H,2017,4,14,68.41,70.48,69.97,65.42
H,2017,4,15,66.56,70.18,69.88,58.78
H,2017,4,16,62.48,63.31,63.76,58.20
H,2017,4,17,64.63,67.37,66.25,58.13
H,2017,4,18,65.07,66.09,64.73,54.33
H,2017,4,19,65.48,68.85,70.36,59.58
H,2017,4,20,67.60,69.65,69.40,65.61
H,2017,4,21,63.83,66.62,66.03,62.33
H,2017,4,22,65.90,67.12,67.60,61.02
H,2017,4,23,69.33,71.48,70.60,65.83
H,2017,4,24,70.52,73.28,73.17,66.91
H,2017,4,25,72.95,74.40,73.51,69.21
H,2017,4,26,70.84,73.25,72.40,66.07
H,2017,4,27,72.14,73.69,72.94,68.95
H,2017,4,28,71.70,73.13,72.41,68.29
H,2017,4,29,66.71,69.13,69.07,60.31
H,2017,4,30,61.71,65.36,64.70,58.29
H,2017,5,1,62.53,67.00,66.36,58.32
H,2017,5,2,69.88,70.46,69.81,53.95
H,2017,5,3,68.50,74.23,73.23,54.55
H,2017,5,4,69.15,70.42,70.23,54.07
H,2017,5,5,68.57,71.17,72.89,54.35
H,2017,5,6,71.84,73.04,73.08,67.00
H,2017,5,7,67.64,71.92,71.41,64.20
H,2017,5,8,65.65,68.49,66.98,60.10
H,2017,5,9,66.55,70.52,69.40,61.96
H,2017,5,10,66.35,70.08,68.35,48.56
H,2017,5,11,62.50,65.37,65.40,48.38
H,2017,5,12,65.29,69.47,69.02,62.78
H,2017,5,13,70.68,73.11,72.32,67.23
H,2017,5,14,69.42,71.76,70.76,66.83
H,2017,5,15,69.02,70.70,69.84,65.37
H,2017,5,16,65.55,68.40,68.24,65.04
H,2017,5,17,69.04,72.62,71.03,65.38
H,2017,5,18,64.79,68.58,68.78,59.79
H,2017,5,19,61.04,66.79,66.48,51.63
H,2017,5,20,62.06,68.84,68.43,58.52
H,2017,5,21,61.59,67.18,67.78,60.93
H,2017,5,22,60.23,66.20,66.27,59.76
H,2017,5,23,63.78,69.26,68.66,59.78
H,2017,5,24,62.07,68.27,68.18,59.68
H,2017,5,25,61.02,67.43,67.19,54.12
H,2017,5,26,59.96,65.64,65.35,47.61
H,2017,5,27,62.14,70.27,69.48,55.33
H,2017,5,28,61.70,68.50,66.67,62.09
H,2017,5,29,62.06,67.55,66.43,62.37
H,2017,5,30,64.60,68.99,67.73,61.75
H,2017,5,31,66.18,70.97,68.88,59.15
H,2017,6,1,63.70,69.08,67.18,60.72
H,2017,6,2,66.09,68.83,67.83,59.75
H,2017,6,3,62.05,65.74,65.09,56.22
H,2017,6,4,67.47,71.24,68.59,57.60
H,2017,6,5,64.75,68.60,67.81,59.22
H,2017,6,6,62.17,66.83,66.07,56.29
H,2017,6,7,68.20,72.36,70.78,54.85
H,2017,6,8,69.27,71.48,71.08,54.76
H,2017,6,9,66.86,68.81,68.79,62.69
H,2017,6,10,67.87,70.93,69.91,66.28
H,2017,6,11,71.25,73.36,71.90,67.72
H,2017,6,12,72.13,73.23,71.78,67.89
H,2017,6,13,69.07,71.99,69.75,65.14
H,2017,6,14,66.96,70.52,69.65,63.12
H,2017,6,15,66.43,70.26,67.61,59.33
H,2017,6,16,62.96,66.62,65.91,52.89
H,2017,6,17,62.89,67.39,67.35,54.05
H,2017,6,18,63.85,69.48,68.58,48.87
H,2017,6,19,64.01,69.74,67.56,51.02
H,2017,6,20,65.18,71.34,67.83,61.94
H,2017,6,21,66.23,70.65,70.04,64.47
H,2017,6,22,62.49,66.44,66.38,55.74
H,2017,6,23,63.39,71.27,69.58,52.43
H,2017,6,24,63.95,69.32,67.49,62.98
H,2017,6,25,67.20,71.25,69.14,64.50
H,2017,6,26,66.64,71.97,71.16,64.37
H,2017,6,27,67.03,70.50,69.58,65.33
H,2017,6,28,71.08,70.83,70.91,65.18
H,2017,6,29,69.31,69.71,69.25,62.50
H,2017,6,30,63.99,68.78,67.63,61.55
H,2017,7,1,62.71,67.78,68.03,55.98
H,2017,7,2,62.08,66.48,64.44,51.02
H,2017,7,3,61.49,67.07,64.50,50.80
H,2017,7,4,63.73,69.67,65.65,57.50
H,2017,7,5,65.23,71.16,70.00,60.33
H,2017,7,6,63.28,66.48,66.35,61.07
H,2017,7,7,65.19,69.30,68.52,60.20
H,2017,7,8,66.68,71.94,69.99,57.66
H,2017,7,9,63.10,66.81,65.55,50.95
H,2017,7,10,62.11,65.69,64.29,49.20
H,2017,7,11,65.95,68.01,65.82,50.00
H,2017,7,12,64.08,68.82,69.85,52.37
H,2017,7,13,64.78,68.07,65.63,52.55
H,2017,7,14,62.56,66.71,64.97,60.87
H,2017,7,15,61.64,66.62,66.98,62.97
H,2017,7,16,62.15,66.86,66.31,53.31
H,2017,7,17,61.75,66.91,65.48,48.49
H,2017,7,18,63.04,66.89,67.36,48.18
H,2017,7,19,66.53,70.15,69.29,50.23
H,2017,7,20,63.87,67.28,65.36,56.70
H,2017,7,21,63.25,68.60,66.80,59.30
H,2017,7,22,63.70,68.00,68.75,59.19
H,2017,7,23,64.62,67.36,66.70,52.34
H,2017,7,24,61.92,65.90,65.32,46.24
H,2017,7,25,65.70,67.86,66.41,46.49
H,2017,7,26,66.87,68.62,70.93,51.63
H,2017,7,27,64.46,67.54,68.76,59.62
H,2017,7,28,65.69,68.37,68.54,57.96
H,2017,7,29,64.33,66.89,70.17,51.60
H,2017,7,30,62.49,66.16,66.00,52.40
H,2017,7,31,63.74,66.98,67.22,62.06
H,2017,8,1,68.50,70.70,69.18,64.26
H,2017,8,2,67.00,70.29,69.47,52.81
H,2017,8,3,64.79,68.10,67.44,51.02
H,2017,8,4,63.57,68.26,66.74,54.09
H,2017,8,5,64.89,70.13,68.48,57.26
H,2017,8,6,64.65,68.74,68.93,61.59
H,2017,8,7,63.61,69.49,67.31,62.22
H,2017,8,8,67.31,70.06,68.36,63.59
H,2017,8,9,68.49,73.81,71.80,63.79
H,2017,8,10,67.59,70.45,68.31,62.66
H,2017,8,11,66.41,70.61,69.25,62.73
H,2017,8,12,66.21,70.92,68.94,61.56
H,2017,8,13,63.59,69.17,66.88,58.05
H,2017,8,14,64.65,70.71,66.86,60.21
H,2017,8,15,63.69,68.21,65.13,61.77
H,2017,8,16,66.32,70.87,67.91,60.89
H,2017,8,17,64.27,67.74,65.56,59.18
H,2017,8,18,62.87,66.92,65.44,58.85
H,2017,8,19,64.55,69.15,68.38,56.62
H,2017,8,20,64.86,68.22,67.34,49.20
H,2017,8,21,64.09,69.39,66.77,49.26
H,2017,8,22,66.96,70.15,67.57,54.84
H,2017,8,23,66.56,71.03,69.59,60.28
H,2017,8,24,62.81,67.28,66.04,57.65
H,2017,8,25,63.88,70.39,66.79,51.11
H,2017,8,26,66.17,72.10,68.21,48.61
H,2017,8,27,66.32,70.95,67.77,54.31
H,2017,8,28,65.03,70.34,66.47,62.07
H,2017,8,29,66.54,74.18,68.06,62.61
H,2017,8,30,69.30,73.49,72.46,61.39
H,2017,8,31,66.16,68.97,64.06,52.42
H,2017,9,1,68.65,70.82,66.92,48.46
H,2017,9,2,70.92,71.75,66.13,52.72
H,2017,9,3,66.28,70.30,65.52,51.14
H,2017,9,4,68.48,70.61,64.90,50.29
H,2017,9,5,66.09,71.40,65.72,51.00
H,2017,9,6,69.84,73.85,68.86,61.68
H,2017,9,7,69.82,69.81,66.75,63.48
H,2017,9,8,71.19,71.31,67.86,63.65
H,2017,9,9,70.73,67.15,64.64,60.61
H,2017,9,10,68.49,69.64,68.29,60.27
H,2017,9,11,66.31,67.25,64.11,52.29
H,2017,9,12,67.97,69.60,64.69,53.39
H,2017,9,13,69.17,71.09,69.74,55.62
H,2017,9,14,67.66,68.98,67.18,55.99
H,2017,9,15,69.92,69.28,66.26,59.64
H,2017,9,16,75.53,68.83,67.25,63.53
H,2017,9,17,70.89,69.33,66.56,54.09
H,2017,9,18,67.13,67.76,64.39,52.66
H,2017,9,19,73.35,69.47,67.92,61.94
H,2017,9,20,74.92,69.09,67.47,56.08
H,2017,9,21,72.13,69.64,67.36,63.76
H,2017,9,22,75.06,73.25,71.08,66.20
H,2017,9,23,74.51,72.02,68.18,63.36
H,2017,9,24,73.45,71.96,65.05,54.76
H,2017,9,25,73.50,69.89,66.58,53.53
H,2017,9,26,72.98,71.08,66.28,55.92
H,2017,9,27,73.37,73.06,69.98,50.90
H,2017,9,28,76.99,72.76,70.72,54.97
H,2017,9,29,73.27,67.80,66.13,59.82
H,2017,9,30,74.53,69.99,67.19,63.67
H,2017,10,1,71.68,70.06,68.03,56.31
H,2017,10,2,70.91,68.02,64.62,51.56
H,2017,10,3,70.31,70.35,66.78,55.80
H,2017,10,4,71.99,70.21,68.11,52.93
H,2017,10,5,70.64,71.59,66.47,53.72
H,2017,10,6,71.11,71.11,66.88,53.54
H,2017,10,7,74.81,73.10,68.24,55.97
H,2017,10,8,75.24,70.87,66.88,62.63
H,2017,10,9,74.77,70.89,66.41,51.22
H,2017,10,10,74.99,69.27,64.97,51.20
H,2017,10,11,71.32,73.25,67.68,56.25
H,2017,10,12,73.47,73.67,68.40,52.26
H,2017,10,13,74.63,73.08,68.90,52.58
H,2017,10,14,74.35,70.55,65.90,49.56
H,2017,10,15,74.40,68.98,64.78,47.19
H,2017,10,16,76.70,69.46,65.63,51.15
H,2017,10,17,76.14,71.54,67.89,57.11
H,2017,10,18,79.00,75.58,69.35,63.66
H,2017,10,19,80.67,71.24,68.20,64.17
H,2017,10,20,79.52,69.72,68.29,65.20
H,2017,10,21,82.54,74.47,72.96,67.17
H,2017,10,22,79.23,71.45,69.29,53.58
H,2017,10,23,82.21,70.46,68.63,50.95
H,2017,10,24,77.93,73.21,71.79,51.53
H,2017,10,25,78.00,71.33,70.53,49.48
H,2017,10,26,79.72,73.35,71.50,50.06
H,2017,10,27,79.31,68.28,64.39,55.03
H,2017,10,28,77.59,74.66,70.32,60.19
H,2017,10,29,75.58,66.23,64.38,60.18
H,2017,10,30,73.10,67.83,64.19,60.59
H,2017,10,31,71.67,68.89,66.09,55.52
H,2017,11,1,75.12,72.44,69.54,52.78
H,2017,11,2,71.69,69.83,65.42,49.54
H,2017,11,3,72.91,69.80,63.57,49.49
H,2017,11,4,NaN,NaN,NaN,NaN
H,2017,11,5,NaN,NaN,NaN,NaN
H,2017,11,6,NaN,NaN,NaN,NaN
H,2017,11,7,NaN,NaN,NaN,NaN
H,2017,11,8,NaN,NaN,NaN,NaN
H,2017,11,9,NaN,NaN,NaN,NaN
H,2017,11,10,NaN,NaN,NaN,NaN
H,2017,11,11,NaN,NaN,NaN,NaN
H,2017,11,12,NaN,NaN,NaN,NaN
H,2017,11,13,NaN,NaN,NaN,NaN
H,2017,11,14,NaN,NaN,NaN,NaN
H,2017,11,15,NaN,NaN,NaN,NaN
H,2017,11,16,NaN,NaN,NaN,NaN
H,2017,11,17,NaN,NaN,NaN,NaN
H,2017,11,18,NaN,NaN,NaN,NaN
H,2017,11,19,NaN,NaN,NaN,NaN
H,2017,11,20,NaN,NaN,NaN,NaN
H,2017,11,21,NaN,NaN,NaN,NaN
H,2017,11,22,NaN,NaN,NaN,NaN
H,2017,11,23,NaN,NaN,NaN,NaN
H,2017,11,24,NaN,NaN,NaN,NaN
H,2017,11,25,NaN,NaN,NaN,NaN
H,2017,11,26,NaN,NaN,NaN,NaN
H,2017,11,27,NaN,NaN,NaN,NaN
H,2017,11,28,NaN,NaN,NaN,NaN
H,2017,11,29,NaN,NaN,NaN,NaN
H,2017,11,30,NaN,NaN,NaN,NaN
H,2017,12,1,NaN,NaN,NaN,NaN
H,2017,12,2,NaN,NaN,NaN,NaN
H,2017,12,3,NaN,NaN,NaN,NaN
H,2017,12,4,NaN,NaN,NaN,NaN
H,2017,12,5,NaN,NaN,NaN,NaN
H,2017,12,6,NaN,NaN,NaN,NaN
H,2017,12,7,NaN,NaN,NaN,NaN
H,2017,12,8,NaN,NaN,NaN,NaN
H,2017,12,9,NaN,NaN,NaN,NaN
H,2017,12,10,NaN,NaN,NaN,NaN
H,2017,12,11,NaN,NaN,NaN,NaN
H,2017,12,12,NaN,NaN,NaN,NaN
H,2017,12,13,NaN,NaN,NaN,NaN
H,2017,12,14,NaN,NaN,NaN,NaN
H,2017,12,15,NaN,NaN,NaN,NaN
H,2017,12,16,NaN,NaN,NaN,NaN
H,2017,12,17,NaN,NaN,NaN,NaN
H,2017,12,18,NaN,NaN,NaN,NaN
H,2017,12,19,NaN,NaN,NaN,NaN
H,2017,12,20,NaN,NaN,NaN,NaN
H,2017,12,21,NaN,NaN,NaN,NaN
H,2017,12,22,NaN,NaN,NaN,NaN
H,2017,12,23,NaN,NaN,NaN,NaN
H,2017,12,24,NaN,NaN,NaN,NaN
H,2017,12,25,NaN,NaN,NaN,NaN
H,2017,12,26,NaN,NaN,NaN,NaN
H,2017,12,27,NaN,NaN,NaN,NaN
H,2017,12,28,NaN,NaN,NaN,NaN
H,2017,12,29,NaN,NaN,NaN,NaN
H,2017,12,30,NaN,NaN,NaN,NaN
H,2017,12,31,NaN,NaN,NaN,NaN
H,2018,1,1,NaN,NaN,NaN,NaN
H,2018,1,2,NaN,NaN,NaN,NaN
H,2018,1,3,NaN,NaN,NaN,NaN
H,2018,1,4,NaN,NaN,NaN,NaN
H,2018,1,5,NaN,NaN,NaN,NaN
H,2018,1,6,NaN,NaN,NaN,NaN
H,2018,1,7,NaN,NaN,NaN,NaN
H,2018,1,8,NaN,NaN,NaN,NaN
H,2018,1,9,NaN,NaN,NaN,NaN
H,2018,1,10,NaN,NaN,NaN,NaN
H,2018,1,11,NaN,NaN,NaN,NaN
H,2018,1,12,NaN,NaN,NaN,NaN
H,2018,1,13,NaN,NaN,NaN,NaN
H,2018,1,14,NaN,NaN,NaN,NaN
H,2018,1,15,NaN,NaN,NaN,NaN
H,2018,1,16,NaN,NaN,NaN,NaN
H,2018,1,17,NaN,NaN,NaN,NaN
H,2018,1,18,NaN,NaN,NaN,NaN
H,2018,1,19,NaN,NaN,NaN,NaN
H,2018,1,20,NaN,NaN,NaN,NaN
H,2018,1,21,NaN,NaN,NaN,NaN
H,2018,1,22,NaN,NaN,NaN,NaN
H,2018,1,23,NaN,NaN,NaN,NaN
H,2018,1,24,NaN,NaN,NaN,NaN
H,2018,1,25,NaN,NaN,NaN,NaN
H,2018,1,26,NaN,NaN,NaN,NaN
H,2018,1,27,NaN,NaN,NaN,NaN
H,2018,1,28,NaN,NaN,NaN,NaN
H,2018,1,29,NaN,NaN,NaN,NaN
H,2018,1,30,NaN,NaN,NaN,NaN
H,2018,1,31,NaN,NaN,NaN,NaN
H,2018,2,1,NaN,NaN,NaN,NaN
H,2018,2,2,NaN,NaN,NaN,NaN
H,2018,2,3,NaN,NaN,NaN,NaN
H,2018,2,4,78.67,78.48,74.32,52.56
H,2018,2,5,NaN,NaN,NaN,NaN
H,2018,2,6,NaN,NaN,NaN,NaN
H,2018,2,7,NaN,NaN,NaN,NaN
H,2018,2,8,NaN,NaN,NaN,NaN
H,2018,2,9,NaN,NaN,NaN,NaN
H,2018,2,10,NaN,NaN,NaN,NaN
H,2018,2,11,NaN,NaN,NaN,NaN
H,2018,2,12,NaN,NaN,NaN,NaN
H,2018,2,13,NaN,NaN,NaN,NaN
H,2018,2,14,NaN,NaN,NaN,NaN
H,2018,2,15,NaN,NaN,NaN,NaN
H,2018,2,16,NaN,NaN,NaN,NaN
H,2018,2,17,NaN,NaN,NaN,NaN
H,2018,2,18,NaN,NaN,NaN,NaN
H,2018,2,19,NaN,NaN,NaN,NaN
H,2018,2,20,NaN,NaN,NaN,NaN
H,2018,2,21,NaN,NaN,NaN,NaN
H,2018,2,22,NaN,NaN,NaN,NaN
H,2018,2,23,NaN,NaN,NaN,NaN
H,2018,2,24,NaN,NaN,NaN,NaN
H,2018,2,25,NaN,NaN,NaN,NaN
H,2018,2,26,NaN,NaN,NaN,NaN
H,2018,2,27,NaN,NaN,NaN,NaN
H,2018,2,28,NaN,NaN,NaN,NaN
H,2018,3,1,NaN,NaN,NaN,NaN
H,2018,3,2,NaN,NaN,NaN,NaN
H,2018,3,3,NaN,NaN,NaN,NaN
H,2018,3,4,NaN,NaN,NaN,NaN
H,2018,3,5,NaN,NaN,NaN,NaN
H,2018,3,6,NaN,NaN,NaN,NaN
H,2018,3,7,NaN,NaN,NaN,NaN
H,2018,3,8,NaN,NaN,NaN,NaN
H,2018,3,9,NaN,NaN,NaN,NaN
H,2018,3,10,NaN,NaN,NaN,NaN
H,2018,3,11,NaN,NaN,NaN,NaN
H,2018,3,12,NaN,NaN,NaN,NaN
H,2018,3,13,NaN,NaN,NaN,NaN
H,2018,3,14,NaN,NaN,NaN,NaN
H,2018,3,15,NaN,NaN,NaN,NaN
H,2018,3,16,NaN,NaN,NaN,NaN
H,2018,3,17,NaN,NaN,NaN,NaN
H,2018,3,18,NaN,NaN,NaN,NaN
H,2018,3,19,NaN,NaN,NaN,NaN
H,2018,3,20,NaN,NaN,NaN,NaN
H,2018,3,21,NaN,NaN,NaN,NaN
H,2018,3,22,NaN,NaN,NaN,NaN
H,2018,3,23,NaN,NaN,NaN,NaN
H,2018,3,24,NaN,NaN,NaN,NaN
H,2018,3,25,NaN,NaN,NaN,NaN
H,2018,3,26,NaN,NaN,NaN,NaN
H,2018,3,27,NaN,NaN,NaN,NaN
H,2018,3,28,NaN,NaN,NaN,NaN
H,2018,3,29,NaN,NaN,NaN,NaN
H,2018,3,30,NaN,NaN,NaN,NaN
H,2018,3,31,NaN,NaN,NaN,NaN
H,2018,4,1,NaN,NaN,NaN,NaN
H,2018,4,2,NaN,NaN,NaN,NaN
H,2018,4,3,NaN,NaN,NaN,NaN
H,2018,4,4,NaN,NaN,NaN,NaN
H,2018,4,5,NaN,NaN,NaN,NaN
H,2018,4,6,NaN,NaN,NaN,NaN
H,2018,4,7,NaN,NaN,NaN,NaN
H,2018,4,8,NaN,NaN,NaN,NaN
H,2018,4,9,NaN,NaN,NaN,NaN
H,2018,4,10,NaN,NaN,NaN,NaN
H,2018,4,11,NaN,NaN,NaN,NaN
H,2018,4,12,NaN,NaN,NaN,NaN
H,2018,4,13,NaN,NaN,NaN,NaN
H,2018,4,14,NaN,NaN,NaN,NaN
H,2018,4,15,NaN,NaN,NaN,NaN
H,2018,4,16,NaN,NaN,NaN,NaN
H,2018,4,17,NaN,NaN,NaN,NaN
H,2018,4,18,NaN,NaN,NaN,NaN
H,2018,4,19,NaN,NaN,NaN,NaN
H,2018,4,20,NaN,NaN,NaN,NaN
H,2018,4,21,NaN,NaN,NaN,NaN
H,2018,4,22,NaN,NaN,NaN,NaN
H,2018,4,23,NaN,NaN,NaN,NaN
H,2018,4,24,NaN,NaN,NaN,NaN
H,2018,4,25,NaN,NaN,NaN,NaN
H,2018,4,26,NaN,NaN,NaN,NaN
H,2018,4,27,NaN,NaN,NaN,NaN
H,2018,4,28,NaN,NaN,NaN,NaN
H,2018,4,29,NaN,NaN,NaN,NaN
H,2018,4,30,NaN,NaN,NaN,NaN
H,2018,5,1,NaN,NaN,NaN,NaN
H,2018,5,2,NaN,NaN,NaN,NaN
H,2018,5,3,NaN,NaN,NaN,NaN
H,2018,5,4,NaN,NaN,NaN,NaN
H,2018,5,5,NaN,NaN,NaN,NaN
H,2018,5,6,NaN,NaN,NaN,NaN
H,2018,5,7,NaN,NaN,NaN,NaN
H,2018,5,8,NaN,NaN,NaN,NaN
H,2018,5,9,NaN,NaN,NaN,NaN
H,2018,5,10,NaN,NaN,NaN,NaN
H,2018,5,11,NaN,NaN,NaN,NaN
H,2018,5,12,NaN,NaN,NaN,NaN
H,2018,5,13,NaN,NaN,NaN,NaN
H,2018,5,14,NaN,NaN,NaN,NaN
H,2018,5,15,NaN,NaN,NaN,NaN
H,2018,5,16,NaN,NaN,NaN,NaN
H,2018,5,17,NaN,NaN,NaN,NaN
H,2018,5,18,NaN,NaN,NaN,NaN
H,2018,5,19,NaN,NaN,NaN,NaN
H,2018,5,20,NaN,NaN,NaN,NaN
H,2018,5,21,NaN,NaN,NaN,NaN
H,2018,5,22,NaN,NaN,NaN,NaN
H,2018,5,23,NaN,NaN,NaN,NaN
H,2018,5,24,NaN,NaN,NaN,NaN
H,2018,5,25,NaN,NaN,NaN,NaN
H,2018,5,26,NaN,NaN,NaN,NaN
H,2018,5,27,NaN,NaN,NaN,NaN
H,2018,5,28,NaN,NaN,NaN,NaN
H,2018,5,29,NaN,NaN,NaN,NaN
H,2018,5,30,NaN,NaN,NaN,NaN
H,2018,5,31,NaN,NaN,NaN,NaN
H,2018,6,1,NaN,NaN,NaN,NaN
H,2018,6,2,NaN,NaN,NaN,NaN
H,2018,6,3,NaN,NaN,NaN,NaN
H,2018,6,4,NaN,NaN,NaN,NaN
H,2018,6,5,NaN,NaN,NaN,NaN
H,2018,6,6,NaN,NaN,NaN,NaN
H,2018,6,7,NaN,NaN,NaN,NaN
H,2018,6,8,NaN,NaN,NaN,NaN
H,2018,6,9,NaN,NaN,NaN,NaN
H,2018,6,10,NaN,NaN,NaN,NaN
H,2018,6,11,NaN,NaN,NaN,NaN
H,2018,6,12,NaN,NaN,NaN,NaN
H,2018,6,13,NaN,NaN,NaN,NaN
H,2018,6,14,NaN,NaN,NaN,NaN
H,2018,6,15,NaN,NaN,NaN,NaN
H,2018,6,16,NaN,NaN,NaN,NaN
H,2018,6,17,NaN,NaN,NaN,NaN
H,2018,6,18,NaN,NaN,NaN,NaN
H,2018,6,19,NaN,NaN,NaN,NaN
H,2018,6,20,NaN,NaN,NaN,NaN
H,2018,6,21,NaN,NaN,NaN,NaN
H,2018,6,22,NaN,NaN,NaN,NaN
H,2018,6,23,NaN,NaN,NaN,NaN
H,2018,6,24,NaN,NaN,NaN,NaN
H,2018,6,25,NaN,NaN,NaN,NaN
H,2018,6,26,NaN,NaN,NaN,NaN
H,2018,6,27,NaN,NaN,NaN,NaN
H,2018,6,28,NaN,NaN,NaN,NaN
H,2018,6,29,NaN,NaN,NaN,NaN
H,2018,6,30,NaN,NaN,NaN,NaN
H,2018,7,1,NaN,NaN,NaN,NaN
H,2018,7,2,NaN,NaN,NaN,NaN
H,2018,7,3,NaN,NaN,NaN,NaN
H,2018,7,4,NaN,NaN,NaN,NaN
H,2018,7,5,NaN,NaN,NaN,NaN
H,2018,7,6,NaN,NaN,NaN,NaN
H,2018,7,7,NaN,NaN,NaN,NaN
H,2018,7,8,NaN,NaN,NaN,NaN
H,2018,7,9,81.85,76.94,74.91,56.76
H,2018,7,10,66.77,71.78,67.12,50.49
H,2018,7,11,69.03,72.20,69.68,49.93
H,2018,7,12,68.53,71.31,68.23,50.18
H,2018,7,13,67.41,67.57,65.95,51.99
H,2018,7,14,68.19,71.21,68.80,61.51
H,2018,7,15,70.26,72.64,70.09,63.05
H,2018,7,16,73.11,70.52,68.27,62.18
H,2018,7,17,67.93,71.44,69.65,62.11
H,2018,7,18,66.05,70.05,69.76,57.57
H,2018,7,19,67.22,71.86,69.58,49.60
H,2018,7,20,64.28,68.71,67.80,47.78
H,2018,7,21,66.10,71.41,69.40,52.53
H,2018,7,22,63.09,68.78,66.81,60.94
H,2018,7,23,67.02,70.66,69.70,64.87
H,2018,7,24,68.23,70.92,70.01,64.53
H,2018,7,25,68.86,73.50,71.50,53.95
H,2018,7,26,70.16,73.19,70.76,52.06
H,2018,7,27,67.68,70.00,66.79,54.89
H,2018,7,28,67.79,72.13,68.94,51.03
H,2018,7,29,65.10,69.94,67.32,48.95
H,2018,7,30,65.49,68.81,65.73,51.13
H,2018,7,31,67.24,68.43,65.36,53.67
H,2018,8,1,69.34,74.49,73.13,54.69
H,2018,8,2,65.01,69.58,65.94,58.45
H,2018,8,3,63.16,67.63,64.90,59.33
H,2018,8,4,67.32,68.52,67.36,58.43
H,2018,8,5,62.81,68.65,65.17,48.60
H,2018,8,6,64.60,69.24,66.62,59.95
H,2018,8,7,66.70,69.54,66.51,54.80
H,2018,8,8,68.93,71.72,68.65,52.38
H,2018,8,9,70.40,72.27,69.69,51.36
H,2018,8,10,68.83,71.42,68.20,49.30
H,2018,8,11,67.72,70.73,69.16,49.19
H,2018,8,12,65.97,72.18,68.01,55.66
H,2018,8,13,68.23,69.56,68.33,54.40
H,2018,8,14,68.87,68.51,67.33,55.36
H,2018,8,15,67.31,71.58,69.31,59.21
H,2018,8,16,65.70,69.54,66.14,54.61
H,2018,8,17,62.87,67.31,65.54,52.59
H,2018,8,18,65.34,71.83,70.01,57.31
H,2018,8,19,64.74,71.88,67.82,60.05
H,2018,8,20,62.66,68.68,65.93,59.40
H,2018,8,21,62.46,67.59,65.36,57.22
H,2018,8,22,66.33,69.83,68.66,58.03
H,2018,8,23,65.53,69.67,67.62,61.64
H,2018,8,24,68.15,73.78,70.93,62.86
H,2018,8,25,66.27,74.92,71.96,61.48
H,2018,8,26,65.54,66.77,65.73,58.69
H,2018,8,27,67.82,69.81,67.10,62.03
H,2018,8,28,66.05,70.76,68.42,63.21
H,2018,8,29,67.21,71.32,69.68,63.87
H,2018,8,30,67.01,71.26,69.96,65.28
H,2018,8,31,68.28,71.67,69.71,65.84
H,2018,9,1,66.12,71.02,68.55,62.85
H,2018,9,2,67.65,71.97,69.35,56.76
H,2018,9,3,67.35,71.84,66.39,54.82
H,2018,9,4,65.21,71.97,68.00,56.24
H,2018,9,5,65.44,74.52,67.56,49.41
H,2018,9,6,66.29,72.98,69.09,52.01
H,2018,9,7,68.82,71.51,66.73,53.78
H,2018,9,8,71.21,72.20,68.18,49.13
H,2018,9,9,75.42,67.89,66.38,56.91
H,2018,9,10,70.53,71.05,68.05,54.33
H,2018,9,11,70.17,68.37,66.09,50.69
H,2018,9,12,70.30,72.76,70.24,50.12
H,2018,9,13,67.64,72.15,68.74,61.45
H,2018,9,14,65.83,69.54,67.68,63.74
H,2018,9,15,68.41,71.85,69.70,65.18
H,2018,9,16,70.47,68.92,67.79,64.47
H,2018,9,17,65.47,67.82,66.31,63.59
H,2018,9,18,68.43,72.11,69.95,65.90
H,2018,9,19,67.72,73.04,70.66,63.90
H,2018,9,20,66.95,68.58,66.92,49.21
H,2018,9,21,63.18,67.28,66.92,51.44
H,2018,9,22,64.34,67.89,66.47,54.47
H,2018,9,23,63.08,67.36,67.04,58.72
H,2018,9,24,61.90,65.93,64.86,50.77
H,2018,9,25,66.93,66.96,64.48,56.05
H,2018,9,26,66.51,68.73,66.82,59.22
H,2018,9,27,68.07,65.98,64.28,58.27
H,2018,9,28,69.88,68.75,67.24,55.49
H,2018,9,29,69.95,69.98,67.83,52.26
H,2018,9,30,67.07,67.24,66.83,57.74
H,2018,10,1,66.30,66.08,64.35,54.98
H,2018,10,2,65.87,66.08,64.11,56.38
H,2018,10,3,67.85,71.18,68.73,50.19
H,2018,10,4,67.72,71.11,66.96,50.73
H,2018,10,5,64.70,69.61,65.95,61.84
H,2018,10,6,71.03,73.30,70.45,63.26
H,2018,10,7,68.43,72.46,69.45,58.04
H,2018,10,8,68.83,69.24,67.40,46.59
H,2018,10,9,68.58,72.03,66.91,50.03
H,2018,10,10,69.70,72.13,67.09,49.60
H,2018,10,11,68.07,69.34,66.16,49.72
H,2018,10,12,68.34,67.03,63.72,56.43
H,2018,10,13,69.23,70.31,67.19,52.09
H,2018,10,14,70.07,69.36,64.91,51.36
H,2018,10,15,69.96,68.21,65.58,55.21
H,2018,10,16,67.42,69.11,67.29,55.80
H,2018,10,17,70.77,74.40,70.71,58.13
H,2018,10,18,71.43,71.98,67.95,56.61
H,2018,10,19,74.15,70.80,67.47,57.61
H,2018,10,20,72.43,71.21,65.41,51.33
H,2018,10,21,69.53,70.75,66.73,58.40
H,2018,10,22,68.45,72.61,65.32,59.26
H,2018,10,23,68.83,72.12,66.64,62.50
H,2018,10,24,70.63,71.41,69.04,62.00
H,2018,10,25,66.33,70.99,65.84,58.22
H,2018,10,26,67.65,73.16,64.85,50.04
H,2018,10,27,73.48,78.50,68.67,59.20
H,2018,10,28,71.76,72.08,67.84,53.46
H,2018,10,29,73.08,72.58,64.78,52.02
H,2018,10,30,74.73,71.08,67.91,56.09
H,2018,10,31,72.75,73.39,71.23,51.76
H,2018,11,1,68.60,72.86,66.34,52.23
H,2018,11,2,65.67,70.07,64.75,48.94
H,2018,11,3,68.29,69.84,64.76,53.58
H,2018,11,4,66.78,67.71,64.93,49.09
H,2018,11,5,67.03,68.47,65.61,52.33
H,2018,11,6,68.26,71.46,66.53,50.43
H,2018,11,7,73.81,73.63,70.31,49.96
H,2018,11,8,75.10,69.21,65.54,50.64
H,2018,11,9,73.65,71.33,67.00,53.86
H,2018,11,10,77.43,67.46,65.38,51.31
H,2018,11,11,75.44,72.27,69.36,54.21
H,2018,11,12,72.61,70.85,66.26,50.65
H,2018,11,13,71.75,67.96,63.28,54.84
H,2018,11,14,75.11,71.85,68.02,54.25
H,2018,11,15,74.08,69.69,68.74,49.97
H,2018,11,16,71.22,70.44,66.87,50.83
H,2018,11,17,69.06,75.12,67.24,49.90
H,2018,11,18,68.50,71.11,65.81,48.79
H,2018,11,19,68.85,67.44,64.50,50.64
H,2018,11,20,70.62,70.32,66.41,50.50
H,2018,11,21,69.77,69.93,65.55,52.19
H,2018,11,22,74.82,67.20,64.54,60.69
H,2018,11,23,77.16,69.03,67.96,65.44
H,2018,11,24,79.70,72.54,71.76,67.80
H,2018,11,25,78.91,69.55,69.36,57.28
H,2018,11,26,78.62,68.24,65.53,49.91
H,2018,11,27,81.40,67.04,64.43,56.17
H,2018,11,28,82.71,68.29,67.95,62.63
H,2018,11,29,80.32,71.57,67.50,61.59
H,2018,11,30,80.03,72.86,71.28,67.23
H,2018,12,1,80.94,73.59,72.41,66.49
H,2018,12,2,82.02,74.33,72.27,65.65
H,2018,12,3,78.20,66.91,65.35,56.28
H,2018,12,4,77.89,70.60,68.04,49.21
H,2018,12,5,78.18,69.06,66.63,58.77
H,2018,12,6,76.41,66.88,64.99,53.82
H,2018,12,7,76.24,64.90,62.27,56.50
H,2018,12,8,76.68,67.05,64.64,53.72
H,2018,12,9,75.48,66.09,65.28,49.04
H,2018,12,10,75.14,65.27,63.09,52.91
H,2018,12,11,78.74,67.51,65.94,55.96
H,2018,12,12,82.62,70.13,67.21,55.99
H,2018,12,13,82.49,69.81,66.24,51.04
H,2018,12,14,80.48,66.35,64.68,50.40
H,2018,12,15,81.76,69.17,65.68,54.12
H,2018,12,16,82.67,67.81,66.16,54.49
H,2018,12,17,82.00,65.16,61.88,50.73
H,2018,12,18,81.03,67.80,65.35,57.83
H,2018,12,19,81.23,68.45,66.57,55.39
H,2018,12,20,78.22,64.86,61.83,46.37
H,2018,12,21,79.20,70.00,67.28,57.34
H,2018,12,22,78.84,66.39,64.71,58.20
H,2018,12,23,81.24,69.54,65.66,50.43
H,2018,12,24,83.19,65.19,64.22,60.05
H,2018,12,25,80.73,72.45,71.03,66.45
H,2018,12,26,79.15,66.90,66.55,63.75
H,2018,12,27,80.22,73.05,71.62,66.24
H,2018,12,28,76.65,70.93,68.56,63.25
H,2018,12,29,77.54,66.66,66.10,55.28
H,2018,12,30,78.10,65.60,64.47,59.74
H,2018,12,31,79.13,68.51,68.09,63.95
H,2019,1,1,77.52,66.18,65.74,62.84
H,2019,1,2,77.68,62.66,61.26,54.08
H,2019,1,3,81.68,67.23,65.58,51.39
H,2019,1,4,79.32,67.33,66.04,52.53
H,2019,1,5,80.46,66.19,63.05,55.91
H,2019,1,6,81.62,65.53,64.86,58.51
H,2019,1,7,80.85,71.30,68.21,54.99
H,2019,1,8,80.06,68.35,66.77,52.40
H,2019,1,9,81.22,70.15,67.95,47.98
H,2019,1,10,79.51,67.02,65.89,54.82
H,2019,1,11,77.65,63.30,61.68,51.14
H,2019,1,12,76.31,65.17,64.54,57.81
H,2019,1,13,75.72,64.99,64.32,51.13
H,2019,1,14,76.74,67.15,65.11,59.46
H,2019,1,15,79.76,66.28,65.31,55.96
H,2019,1,16,78.17,68.25,66.86,53.10
H,2019,1,17,76.86,65.51,65.25,57.07
H,2019,1,18,75.09,64.83,63.23,56.82
H,2019,1,19,74.60,64.40,63.87,51.90
H,2019,1,20,73.08,68.54,66.32,51.09
H,2019,1,21,74.69,71.33,70.29,65.37
H,2019,1,22,76.38,69.24,68.48,63.92
H,2019,1,23,74.99,68.83,65.84,49.80
H,2019,1,24,74.98,68.03,66.91,52.33
H,2019,1,25,70.92,68.13,67.10,49.30
H,2019,1,26,73.02,65.17,64.07,52.58
H,2019,1,27,72.95,69.87,67.44,48.68
H,2019,1,28,72.28,66.20,64.38,52.26
H,2019,1,29,73.35,65.24,63.06,55.29
H,2019,1,30,72.03,68.37,68.00,60.50
H,2019,1,31,69.62,63.74,62.36,55.90
H,2019,2,1,71.92,64.53,64.10,56.20
H,2019,2,2,76.81,67.84,67.77,64.08
H,2019,2,3,73.43,67.05,66.99,59.45
H,2019,2,4,73.44,64.65,64.05,60.06
H,2019,2,5,73.11,68.40,65.96,61.85
H,2019,2,6,73.93,69.55,69.17,64.11
H,2019,2,7,72.24,68.30,66.23,63.13
H,2019,2,8,71.97,65.03,64.39,53.65
H,2019,2,9,69.72,62.54,61.05,56.81
H,2019,2,10,74.93,65.65,65.51,55.86
H,2019,2,11,72.77,66.46,65.14,64.17
H,2019,2,12,70.73,69.26,66.20,54.14
H,2019,2,13,72.18,70.40,69.64,59.02
H,2019,2,14,74.45,69.58,67.39,62.50
H,2019,2,15,72.84,68.79,64.77,57.64
H,2019,2,16,72.43,70.60,69.25,64.49
H,2019,2,17,73.29,71.29,70.44,65.80
H,2019,2,18,72.06,70.28,69.25,65.38
H,2019,2,19,71.03,68.08,67.47,60.73
H,2019,2,20,70.26,70.28,67.51,61.55
H,2019,2,21,74.39,72.35,71.44,64.94
H,2019,2,22,72.47,69.25,67.79,63.03
H,2019,2,23,73.02,68.64,67.27,54.18
H,2019,2,24,70.54,68.52,66.47,53.31
H,2019,2,25,69.55,67.69,66.78,59.60
H,2019,2,26,69.17,66.72,65.16,53.99
H,2019,2,27,71.08,68.24,65.37,52.57
H,2019,2,28,68.45,66.78,64.88,50.35
H,2019,3,1,68.44,67.22,64.22,52.56
H,2019,3,2,68.56,65.38,64.05,57.36
H,2019,3,3,66.86,67.23,65.53,55.74
H,2019,3,4,64.11,63.18,63.18,59.45
H,2019,3,5,64.94,65.61,64.76,50.83
H,2019,3,6,71.52,70.83,68.42,57.69
H,2019,3,7,68.80,67.16,65.25,52.71
H,2019,3,8,68.14,64.21,63.69,60.17
H,2019,3,9,71.08,69.22,68.89,63.10
H,2019,3,10,67.37,67.51,65.96,53.66
H,2019,3,11,66.81,62.56,62.62,54.53
H,2019,3,12,69.03,71.17,69.37,62.33
H,2019,3,13,75.67,75.75,74.19,68.21
H,2019,3,14,66.71,66.23,65.65,53.73
H,2019,3,15,69.76,68.21,66.47,51.88
H,2019,3,16,72.87,72.75,70.46,58.05
H,2019,3,17,70.51,71.52,70.33,49.72
H,2019,3,18,70.65,68.45,67.09,51.95
H,2019,3,19,68.81,67.92,68.05,51.72
H,2019,3,20,72.89,69.36,68.47,56.51
H,2019,3,21,72.48,71.81,72.09,59.53
H,2019,3,22,66.80,67.29,66.56,58.32
H,2019,3,23,67.45,68.92,68.71,58.90
H,2019,3,24,67.11,70.03,68.26,58.06
H,2019,3,25,67.35,66.86,66.07,55.93
H,2019,3,26,64.68,65.87,64.71,58.89
H,2019,3,27,65.37,68.55,67.07,55.34
H,2019,3,28,65.57,68.90,68.57,55.48
H,2019,3,29,67.42,69.35,69.23,64.53
H,2019,3,30,67.62,70.50,68.26,62.69
H,2019,3,31,63.93,67.27,65.74,59.15
H,2019,4,1,63.13,66.82,65.40,50.94
H,2019,4,2,65.85,67.67,67.94,58.73
H,2019,4,3,68.83,72.43,70.00,56.88
H,2019,4,4,63.35,66.09,66.24,49.46
H,2019,4,5,62.34,65.51,66.17,52.54
H,2019,4,6,63.73,66.20,67.04,58.46
H,2019,4,7,63.46,67.26,67.31,59.65
H,2019,4,8,62.12,66.17,64.88,58.01
H,2019,4,9,72.91,73.59,72.01,67.18
H,2019,4,10,74.63,75.59,73.61,65.93
H,2019,4,11,67.11,69.06,68.27,64.08
H,2019,4,12,72.35,74.12,71.95,67.45
H,2019,4,13,64.10,67.75,66.80,57.25
H,2019,4,14,64.50,65.25,64.70,53.26
H,2019,4,15,64.21,66.24,65.16,55.46
H,2019,4,16,63.31,66.16,66.58,60.10
H,2019,4,17,68.01,71.57,70.87,60.77
H,2019,4,18,63.53,68.53,67.05,56.71
H,2019,4,19,62.72,65.36,64.32,59.01
H,2019,4,20,62.96,66.64,65.92,57.14
H,2019,4,21,66.22,69.11,68.85,64.21
H,2019,4,22,65.57,68.94,68.81,61.97
H,2019,4,23,65.31,67.37,65.62,54.07
H,2019,4,24,64.41,67.62,65.98,53.93
H,2019,4,25,63.27,67.35,65.45,51.53
H,2019,4,26,60.62,64.77,66.09,53.73
H,2019,4,27,63.12,68.74,68.13,52.67
H,2019,4,28,61.75,67.65,66.77,53.41
H,2019,4,29,62.35,66.25,65.93,54.04
H,2019,4,30,65.79,70.60,68.24,53.47
H,2019,5,1,69.23,73.10,72.97,51.80
H,2019,5,2,64.10,68.82,66.28,55.97
H,2019,5,3,63.18,66.91,65.91,57.33
H,2019,5,4,65.84,69.07,65.75,57.26
H,2019,5,5,62.75,67.72,68.43,59.12
H,2019,5,6,NaN,NaN,NaN,NaN
H,2019,5,7,NaN,NaN,NaN,NaN
H,2019,5,8,NaN,NaN,NaN,NaN
H,2019,5,9,NaN,NaN,NaN,NaN
H,2019,5,10,NaN,NaN,NaN,NaN
H,2019,5,11,NaN,NaN,NaN,NaN
H,2019,5,12,NaN,NaN,NaN,NaN
H,2019,5,13,NaN,NaN,NaN,NaN
H,2019,5,14,NaN,NaN,NaN,NaN
H,2019,5,15,NaN,NaN,NaN,NaN
H,2019,5,16,NaN,NaN,NaN,NaN
H,2019,5,17,NaN,NaN,NaN,NaN
H,2019,5,18,NaN,NaN,NaN,NaN
H,2019,5,19,NaN,NaN,NaN,NaN
H,2019,5,20,NaN,NaN,NaN,NaN
H,2019,5,21,NaN,NaN,NaN,NaN
H,2019,5,22,NaN,NaN,NaN,NaN
H,2019,5,23,NaN,NaN,NaN,NaN
H,2019,5,24,NaN,NaN,NaN,NaN
H,2019,5,25,NaN,NaN,NaN,NaN
H,2019,5,26,NaN,NaN,NaN,NaN
H,2019,5,27,NaN,NaN,NaN,NaN
H,2019,5,28,NaN,NaN,NaN,NaN
H,2019,5,29,NaN,NaN,NaN,NaN
H,2019,5,30,NaN,NaN,NaN,NaN
H,2019,5,31,NaN,NaN,NaN,NaN
H,2019,6,1,66.80,69.84,69.65,48.23
H,2019,6,2,64.04,67.74,68.59,47.85
H,2019,6,3,60.82,66.17,66.32,52.08
H,2019,6,4,64.14,66.85,65.20,55.49
H,2019,6,5,63.49,68.01,67.40,51.57
H,2019,6,6,61.17,66.47,65.95,45.79
H,2019,6,7,62.53,66.66,65.81,51.42
H,2019,6,8,63.97,68.66,67.26,55.26
H,2019,6,9,63.15,68.31,68.15,46.20
H,2019,6,10,61.43,65.11,63.96,48.99
H,2019,6,11,61.59,65.80,64.32,50.53
H,2019,6,12,66.27,70.34,69.75,57.34
H,2019,6,13,62.12,66.86,66.16,58.60
H,2019,6,14,60.24,64.65,63.58,56.53
H,2019,6,15,60.56,66.05,65.88,58.48
H,2019,6,16,62.12,68.08,67.99,59.54
H,2019,6,17,59.42,65.89,64.73,51.14
H,2019,6,18,62.46,63.62,62.81,48.00
H,2019,6,19,63.28,66.14,65.13,47.43
H,2019,6,20,65.86,67.72,67.42,48.94
H,2019,6,21,60.36,63.68,62.67,48.48
H,2019,6,22,62.93,68.62,67.09,51.52
H,2019,6,23,63.40,68.17,66.62,49.70
H,2019,6,24,62.42,65.29,62.92,49.47
H,2019,6,25,65.29,68.76,67.29,48.96
H,2019,6,26,63.87,67.14,68.53,48.31
H,2019,6,27,63.11,65.99,65.33,55.08
H,2019,6,28,61.22,65.28,63.06,58.20
H,2019,6,29,63.95,69.03,67.70,59.09
H,2019,6,30,61.64,68.06,64.74,60.29
H,2019,7,1,63.20,68.05,65.24,61.47
H,2019,7,2,63.89,66.61,64.97,61.80
H,2019,7,3,65.34,67.83,66.91,62.79
H,2019,7,4,65.65,67.16,66.51,61.89
H,2019,7,5,63.92,68.45,67.68,59.97
H,2019,7,6,61.74,64.31,62.60,57.13
H,2019,7,7,62.76,66.34,64.84,52.76
H,2019,7,8,64.00,67.39,65.01,55.59
H,2019,7,9,66.07,68.96,66.49,52.73
H,2019,7,10,70.29,71.86,69.55,57.29
H,2019,7,11,67.66,70.74,67.67,61.34
H,2019,7,12,64.68,67.61,65.24,60.13
H,2019,7,13,63.52,68.14,67.08,55.60
H,2019,7,14,62.88,66.92,65.48,49.22
H,2019,7,15,62.85,65.47,65.13,51.74
H,2019,7,16,66.58,68.80,68.30,62.58
H,2019,7,17,65.17,68.94,67.70,59.33
H,2019,7,18,63.14,66.84,65.24,54.14
H,2019,7,19,64.83,70.67,69.67,51.13
H,2019,7,20,64.37,67.95,65.10,58.61
H,2019,7,21,65.77,70.48,68.34,57.87
H,2019,7,22,63.60,69.35,65.10,55.65
H,2019,7,23,63.26,68.62,66.79,53.74
H,2019,7,24,67.55,73.13,68.07,57.70
H,2019,7,25,63.82,69.18,66.52,56.01
H,2019,7,26,64.14,68.75,67.51,59.19
H,2019,7,27,65.79,72.86,69.87,61.65
H,2019,7,28,65.82,72.26,69.41,60.20
H,2019,7,29,66.43,73.50,68.93,59.97
H,2019,7,30,67.46,72.96,69.85,61.24
H,2019,7,31,69.50,72.55,71.61,61.97
H,2019,8,1,66.53,69.94,67.52,61.42
H,2019,8,2,66.33,69.05,66.07,61.79
H,2019,8,3,66.82,71.55,69.27,59.04
H,2019,8,4,61.79,69.52,64.95,56.92
H,2019,8,5,64.78,70.91,68.09,61.18
H,2019,8,6,63.81,67.64,66.58,62.98
H,2019,8,7,67.87,71.09,69.62,61.31
H,2019,8,8,65.40,68.55,66.68,59.84
H,2019,8,9,64.55,68.27,65.79,60.98
H,2019,8,10,67.71,73.70,70.36,61.76
H,2019,8,11,65.84,70.65,67.09,61.05
H,2019,8,12,63.98,70.21,65.28,53.15
H,2019,8,13,71.50,73.87,70.93,48.90
H,2019,8,14,71.31,72.33,69.40,51.97
H,2019,8,15,70.64,71.53,67.43,57.09
H,2019,8,16,66.45,69.62,66.98,52.65
H,2019,8,17,65.00,67.95,65.60,49.18
H,2019,8,18,61.80,65.79,64.08,48.39
H,2019,8,19,63.27,66.26,63.66,55.36
H,2019,8,20,65.84,69.04,67.51,63.07
H,2019,8,21,67.72,71.49,70.09,62.54
H,2019,8,22,65.57,68.61,66.20,56.68
H,2019,8,23,63.70,67.09,65.01,45.72
H,2019,8,24,66.11,67.38,66.58,47.15
H,2019,8,25,64.40,67.17,65.41,49.09
H,2019,8,26,64.31,66.03,63.91,57.00
H,2019,8,27,66.14,67.34,63.74,58.40
H,2019,8,28,66.78,67.68,65.10,53.97
H,2019,8,29,64.92,69.49,65.69,58.32
H,2019,8,30,68.89,71.54,67.28,62.01
H,2019,8,31,68.57,70.27,67.25,60.28
H,2019,9,1,67.80,69.53,65.94,54.81
H,2019,9,2,64.59,67.78,64.56,47.72
H,2019,9,3,66.14,67.21,64.04,47.78
H,2019,9,4,68.35,69.63,67.67,53.65
H,2019,9,5,68.22,67.19,64.11,56.65
H,2019,9,6,67.36,67.67,64.73,54.02
H,2019,9,7,66.29,71.27,69.10,61.92
H,2019,9,8,69.66,71.35,70.75,66.18
H,2019,9,9,66.31,67.93,65.83,61.81
H,2019,9,10,66.96,66.33,65.15,61.46
H,2019,9,11,66.88,66.64,64.78,58.98
H,2019,9,12,64.59,65.21,64.04,48.49
H,2019,9,13,65.19,67.29,65.80,50.30
H,2019,9,14,64.42,68.07,66.11,50.80
H,2019,9,15,65.32,67.15,66.07,54.57
H,2019,9,16,64.21,67.00,64.59,56.61
H,2019,9,17,64.62,66.96,65.06,60.31
H,2019,9,18,67.95,69.17,68.48,59.07
H,2019,9,19,65.04,66.79,66.03,62.25
H,2019,9,20,65.42,68.98,69.83,60.09
H,2019,9,21,65.05,67.56,65.23,53.63
H,2019,9,22,67.92,71.15,69.49,52.61
H,2019,9,23,64.63,65.66,64.17,51.70
H,2019,9,24,65.20,69.04,66.31,51.05
H,2019,9,25,65.33,69.10,66.51,52.63
H,2019,9,26,63.09,65.71,63.82,52.78
H,2019,9,27,65.82,69.15,66.32,48.41
H,2019,9,28,67.75,72.31,68.34,53.21
H,2019,9,29,69.69,72.26,71.20,64.35
H,2019,9,30,68.31,70.40,69.39,63.45
H,2019,10,1,67.42,68.04,67.52,63.72
H,2019,10,2,69.49,69.65,68.06,55.60
H,2019,10,3,67.84,68.56,66.14,53.61
H,2019,10,4,67.77,67.76,65.79,57.02
H,2019,10,5,67.18,69.46,67.08,54.16
H,2019,10,6,69.61,67.87,66.51,47.85
H,2019,10,7,68.40,67.93,65.39,51.69
H,2019,10,8,68.44,67.26,64.54,56.32
H,2019,10,9,70.26,69.65,66.97,57.00
H,2019,10,10,71.15,68.36,66.68,60.75
H,2019,10,11,71.08,71.10,66.15,49.14
H,2019,10,12,69.92,70.27,66.23,48.94
H,2019,10,13,65.67,66.35,63.07,47.23
H,2019,10,14,67.67,70.82,66.09,51.56
H,2019,10,15,68.19,66.11,62.79,58.12
H,2019,10,16,73.85,69.88,66.19,59.10
H,2019,10,17,73.96,70.63,69.68,63.41
H,2019,10,18,73.89,70.91,69.76,63.24
H,2019,10,19,72.96,70.98,68.56,62.23
H,2019,10,20,74.40,69.68,65.98,61.75
H,2019,10,21,76.47,69.84,66.67,55.05
H,2019,10,22,75.55,67.86,65.11,48.94
H,2019,10,23,78.00,72.25,68.13,48.13
H,2019,10,24,79.28,69.82,67.56,48.32
H,2019,10,25,73.26,70.44,67.76,48.15
H,2019,10,26,73.11,69.66,67.50,49.98
H,2019,10,27,70.02,68.24,65.71,59.28
H,2019,10,28,69.82,68.21,66.12,52.94
H,2019,10,29,66.82,68.00,63.77,54.67
H,2019,10,30,68.69,67.84,66.43,54.82
H,2019,10,31,69.39,68.70,67.34,52.78
H,2019,11,1,68.98,66.52,63.74,53.16
H,2019,11,2,68.83,66.85,65.19,53.19
H,2019,11,3,69.12,69.81,65.81,50.91
H,2019,11,4,67.70,66.64,65.05,50.76
H,2019,11,5,67.76,67.00,64.04,56.12
H,2019,11,6,70.59,67.00,64.29,58.32
H,2019,11,7,69.37,67.87,65.33,55.28
H,2019,11,8,69.04,66.93,65.61,57.64
H,2019,11,9,69.00,67.55,66.15,59.37
H,2019,11,10,67.97,67.50,66.64,56.20
H,2019,11,11,66.30,64.39,64.02,52.46
H,2019,11,12,68.97,67.38,64.89,49.60
H,2019,11,13,69.00,69.12,66.56,55.14
H,2019,11,14,69.08,69.40,67.63,55.14
H,2019,11,15,69.51,71.68,70.92,57.35
H,2019,11,16,71.52,67.45,64.64,50.46
H,2019,11,17,74.76,73.06,69.15,49.30
H,2019,11,18,71.81,72.76,70.40,48.84
H,2019,11,19,69.70,70.02,67.60,56.16
H,2019,11,20,74.41,75.59,72.22,65.91
H,2019,11,21,72.98,72.40,69.50,55.56
H,2019,11,22,71.59,70.51,68.49,49.91
H,2019,11,23,72.16,70.29,68.59,51.60
H,2019,11,24,68.89,72.09,66.09,48.64
H,2019,11,25,67.17,69.89,65.68,57.22
H,2019,11,26,70.43,69.11,67.70,62.06
H,2019,11,27,73.92,70.27,69.51,56.53
H,2019,11,28,75.48,70.45,67.41,59.32
H,2019,11,29,73.86,69.24,67.76,62.29
H,2019,11,30,73.47,68.41,66.29,54.86
H,2019,12,1,72.09,70.05,66.06,53.55
H,2019,12,2,70.49,69.99,67.46,50.84
H,2019,12,3,71.07,65.88,64.05,49.73
H,2019,12,4,72.76,68.18,66.93,58.49
H,2019,12,5,72.84,66.04,64.17,52.07
H,2019,12,6,71.84,67.23,64.16,50.56
H,2019,12,7,73.63,69.52,66.93,50.30
H,2019,12,8,74.44,67.18,64.39,51.48
H,2019,12,9,72.54,67.79,66.67,61.36
H,2019,12,10,73.53,64.99,63.70,56.55
H,2019,12,11,75.21,69.14,66.34,57.31
H,2019,12,12,73.95,68.02,66.78,62.13
H,2019,12,13,75.83,64.76,62.96,60.82
H,2019,12,14,78.48,70.66,69.88,64.41
H,2019,12,15,80.07,74.44,72.91,68.69
H,2019,12,16,78.82,71.03,69.98,57.67
H,2019,12,17,77.58,71.83,68.42,56.09
H,2019,12,18,76.37,70.70,67.59,51.27
H,2019,12,19,75.97,70.65,69.93,61.71
H,2019,12,20,79.03,72.19,71.38,51.57
H,2019,12,21,80.57,73.21,71.12,50.33
H,2019,12,22,75.00,72.13,70.86,57.89
H,2019,12,23,80.77,73.07,70.97,54.84
H,2019,12,24,75.69,69.29,67.63,61.56
H,2019,12,25,78.67,71.34,68.40,61.54
H,2019,12,26,81.94,67.30,65.32,59.18
H,2019,12,27,86.47,69.90,68.48,64.85
H,2019,12,28,84.18,66.40,65.35,55.21
H,2019,12,29,83.39,68.24,66.53,52.32
H,2019,12,30,83.16,66.45,63.61,55.88
H,2019,12,31,84.38,65.08,63.39,54.86
H,2020,1,1,84.52,67.76,66.96,59.36
H,2020,1,2,81.54,66.61,66.97,61.07
H,2020,1,3,77.37,69.35,68.64,48.95
H,2020,1,4,78.16,68.83,68.79,50.88
H,2020,1,5,76.72,66.63,65.30,58.68
H,2020,1,6,78.43,66.29,65.10,53.44
H,2020,1,7,80.28,62.89,60.92,53.42
H,2020,1,8,81.29,70.37,70.74,65.24
H,2020,1,9,80.13,71.01,70.56,65.61
H,2020,1,10,80.55,66.32,64.90,56.38
H,2020,1,11,85.72,69.78,67.52,53.97
H,2020,1,12,83.83,68.39,68.05,60.70
H,2020,1,13,81.57,68.47,67.45,63.16
H,2020,1,14,83.60,67.23,65.00,60.27
H,2020,1,15,81.03,71.34,68.93,58.93
H,2020,1,16,80.63,68.30,67.15,53.55
H,2020,1,17,79.98,68.62,66.56,60.37
H,2020,1,18,80.03,69.72,68.72,53.00
H,2020,1,19,79.44,69.44,69.78,49.60
H,2020,1,20,81.01,67.69,66.02,49.00
H,2020,1,21,82.00,65.68,64.46,48.75
H,2020,1,22,79.53,70.25,69.25,60.04
H,2020,1,23,79.54,71.41,70.14,52.28
H,2020,1,24,77.44,64.15,63.75,54.39
H,2020,1,25,76.20,65.85,63.94,57.89
H,2020,1,26,77.94,67.87,68.28,57.85
H,2020,1,27,79.73,65.79,65.93,61.18
H,2020,1,28,81.85,66.52,65.44,60.62
H,2020,1,29,79.57,71.65,71.97,65.02
H,2020,1,30,78.97,66.55,64.93,59.76
H,2020,1,31,79.85,67.26,67.04,50.23
H,2020,2,1,81.29,65.73,66.54,49.15
H,2020,2,2,82.10,65.33,64.83,60.72
H,2020,2,3,79.80,72.95,71.44,67.29
H,2020,2,4,78.18,67.89,67.08,60.87
H,2020,2,5,80.20,64.73,64.24,56.59
H,2020,2,6,80.47,68.17,67.22,52.42
H,2020,2,7,78.74,68.10,67.00,47.70
H,2020,2,8,79.02,65.67,65.14,49.23
H,2020,2,9,80.43,68.35,66.87,60.32
H,2020,2,10,81.19,67.15,65.74,57.77
H,2020,2,11,82.69,68.22,65.27,58.24
H,2020,2,12,82.29,72.93,69.74,51.71
H,2020,2,13,82.71,69.12,64.64,47.45
H,2020,2,14,78.81,70.17,67.53,50.09
H,2020,2,15,78.54,67.41,65.27,54.77
H,2020,2,16,77.19,66.00,64.07,52.94
H,2020,2,17,74.64,63.84,63.35,53.21
H,2020,2,18,73.64,68.28,67.00,49.09
H,2020,2,19,77.03,66.33,65.68,50.82
H,2020,2,20,75.47,66.89,67.86,53.91
H,2020,2,21,75.47,63.69,61.24,49.67
H,2020,2,22,79.32,62.87,63.07,54.89
H,2020,2,23,78.90,69.72,68.02,61.86
H,2020,2,24,79.72,65.58,66.96,54.35
H,2020,2,25,81.73,67.85,66.14,49.55
H,2020,2,26,83.22,73.99,67.79,47.51
H,2020,2,27,79.08,64.95,64.41,50.95
H,2020,2,28,79.36,66.87,66.78,51.10
H,2020,2,29,79.23,64.68,64.70,53.06
H,2020,3,1,76.13,69.29,67.57,62.35
H,2020,3,2,75.79,67.33,65.56,58.42
H,2020,3,3,75.76,68.30,67.46,59.66
H,2020,3,4,78.16,69.55,67.49,50.78
H,2020,3,5,76.76,64.59,63.37,49.39
H,2020,3,6,75.05,67.72,66.90,57.71
H,2020,3,7,74.60,64.30,63.64,53.92
H,2020,3,8,74.47,63.97,63.29,45.63
H,2020,3,9,76.95,65.18,65.20,52.00
H,2020,3,10,82.30,69.62,67.23,59.88
H,2020,3,11,79.77,73.98,69.36,51.37
H,2020,3,12,80.80,72.37,67.85,47.88
H,2020,3,13,74.87,66.30,63.99,53.51
H,2020,3,14,75.24,65.25,64.64,51.86
H,2020,3,15,72.62,64.31,62.60,46.05
H,2020,3,16,72.27,65.81,66.31,56.90
H,2020,3,17,71.73,62.37,62.73,52.05
H,2020,3,18,70.01,66.07,66.25,59.03
H,2020,3,19,70.63,70.39,69.09,59.35
H,2020,3,20,67.65,65.22,64.94,48.39
H,2020,3,21,68.12,64.40,65.32,49.40
H,2020,3,22,72.60,66.38,65.86,56.45
H,2020,3,23,72.97,64.38,64.14,57.11
H,2020,3,24,71.98,63.99,62.39,52.96
H,2020,3,25,75.56,69.12,66.45,57.92
H,2020,3,26,72.72,66.76,66.04,61.85
H,2020,3,27,73.56,70.83,69.23,64.55
H,2020,3,28,71.48,68.57,68.36,60.95
H,2020,3,29,69.31,65.62,64.68,61.64
H,2020,3,30,69.26,65.30,64.72,60.78
H,2020,3,31,71.17,66.17,63.64,57.23
H,2020,4,1,70.37,68.69,67.32,59.13
H,2020,4,2,68.10,67.39,67.05,63.02
H,2020,4,3,68.31,65.95,66.33,62.33
H,2020,4,4,69.83,67.66,67.52,62.66
H,2020,4,5,67.66,67.39,66.97,54.79
H,2020,4,6,69.48,65.40,64.91,59.90
H,2020,4,7,68.93,65.07,64.56,50.25
H,2020,4,8,74.06,67.62,66.26,51.38
H,2020,4,9,68.95,63.93,63.29,54.39
H,2020,4,10,72.01,65.73,64.01,53.76
H,2020,4,11,71.57,67.88,66.90,62.87
H,2020,4,12,67.02,66.35,65.78,58.45
H,2020,4,13,69.85,68.32,67.27,57.99
H,2020,4,14,66.76,66.92,66.03,55.51
H,2020,4,15,67.57,66.19,66.50,52.98
H,2020,4,16,67.12,67.01,66.31,55.02
H,2020,4,17,69.30,65.75,65.20,54.22
H,2020,4,18,65.84,64.99,65.83,56.61
H,2020,4,19,66.96,64.59,64.54,55.99
H,2020,4,20,67.31,64.60,64.88,58.35
H,2020,4,21,68.65,68.27,67.76,63.88
H,2020,4,22,66.79,67.63,66.89,56.86
H,2020,4,23,65.60,66.79,65.96,61.24
H,2020,4,24,69.86,68.81,66.73,54.46
H,2020,4,25,68.22,67.51,67.53,49.68
H,2020,4,26,66.34,66.41,66.10,47.02
H,2020,4,27,66.96,66.50,65.86,60.34
H,2020,4,28,65.49,64.37,64.45,49.57
H,2020,4,29,64.17,66.54,67.02,47.59
H,2020,4,30,61.46,63.55,63.49,52.87
H,2020,5,1,62.69,64.64,63.92,58.53
H,2020,5,2,65.51,66.97,67.72,63.20
H,2020,5,3,65.48,67.72,67.70,63.36
H,2020,5,4,66.61,64.57,66.01,61.06
H,2020,5,5,66.12,68.16,66.52,60.97
H,2020,5,6,69.15,68.04,67.53,58.72
H,2020,5,7,65.21,67.27,67.50,51.56
H,2020,5,8,69.65,66.85,66.00,47.92
H,2020,5,9,68.83,68.14,68.67,49.28
H,2020,5,10,66.92,66.29,65.03,50.86
H,2020,5,11,68.76,68.96,68.14,52.61
H,2020,5,12,70.16,70.59,69.61,55.78
H,2020,5,13,69.70,70.61,69.81,63.37
H,2020,5,14,70.82,71.24,70.24,64.13
H,2020,5,15,71.58,72.00,70.71,66.26
H,2020,5,16,70.55,71.79,70.34,60.58
H,2020,5,17,67.44,68.56,67.81,62.97
H,2020,5,18,68.91,68.76,66.37,51.23
H,2020,5,19,68.58,69.01,68.60,62.38
H,2020,5,20,65.78,68.42,68.18,62.27
H,2020,5,21,71.72,73.18,71.58,61.92
H,2020,5,22,63.58,66.65,66.78,62.31
H,2020,5,23,69.05,70.49,69.96,64.15
H,2020,5,24,64.36,65.98,65.29,59.35
H,2020,5,25,61.18,62.44,63.58,54.49
H,2020,5,26,64.12,67.16,67.00,54.27
H,2020,5,27,63.80,68.70,69.65,53.64
H,2020,5,28,64.44,70.51,70.20,52.96
H,2020,5,29,64.08,66.56,67.37,47.95
H,2020,5,30,61.81,65.23,65.33,48.03
H,2020,5,31,60.53,64.03,64.20,58.29
H,2020,6,1,64.68,66.72,66.40,62.50
H,2020,6,2,67.66,69.11,67.54,62.77
H,2020,6,3,67.30,69.11,67.53,58.45
H,2020,6,4,62.98,65.07,64.91,54.92
H,2020,6,5,64.27,66.53,65.52,51.03
H,2020,6,6,66.31,66.97,67.39,61.66
H,2020,6,7,71.18,71.30,70.49,66.20
H,2020,6,8,70.11,70.26,69.88,65.02
H,2020,6,9,63.24,66.15,64.20,58.23
H,2020,6,10,66.56,67.71,67.06,52.12
H,2020,6,11,66.05,67.91,66.66,55.17
H,2020,6,12,63.34,66.57,65.02,53.32
H,2020,6,13,67.04,68.71,68.41,63.78
H,2020,6,14,70.17,71.28,70.25,64.06
H,2020,6,15,63.71,67.26,66.89,54.92
H,2020,6,16,64.54,67.94,67.01,56.34
H,2020,6,17,68.22,70.44,67.97,60.32
H,2020,6,18,62.91,66.19,66.01,54.24
H,2020,6,19,63.36,66.85,67.67,52.50
H,2020,6,20,60.85,65.85,66.29,48.30
H,2020,6,21,61.95,65.97,65.94,52.96
H,2020,6,22,62.11,65.86,64.74,57.67
H,2020,6,23,64.70,68.41,66.59,61.24
H,2020,6,24,62.89,65.91,65.36,52.74
H,2020,6,25,64.23,69.87,70.02,49.49
H,2020,6,26,59.04,62.75,61.86,49.03
H,2020,6,27,64.06,66.75,65.54,55.19
H,2020,6,28,60.80,66.92,66.24,50.94
H,2020,6,29,60.83,64.93,64.37,58.27
H,2020,6,30,68.79,70.18,68.46,50.96
H,2020,7,1,68.55,70.35,67.95,53.45
H,2020,7,2,63.22,66.93,66.28,50.89
H,2020,7,3,61.75,64.49,63.73,50.33
H,2020,7,4,61.50,63.18,64.35,57.26
H,2020,7,5,63.08,67.21,66.34,55.28
H,2020,7,6,62.20,65.72,64.75,60.31
H,2020,7,7,65.84,68.06,66.84,62.50
H,2020,7,8,67.99,70.16,69.73,61.91
H,2020,7,9,62.06,65.72,64.67,53.99
H,2020,7,10,59.72,64.77,63.19,49.54
H,2020,7,11,63.28,68.22,66.25,52.96
H,2020,7,12,63.20,68.60,65.80,58.58
H,2020,7,13,64.39,70.03,67.18,60.12
H,2020,7,14,63.05,70.00,66.59,60.65
H,2020,7,15,64.35,70.76,67.98,60.20
H,2020,7,16,63.63,69.05,65.37,52.54
H,2020,7,17,66.28,69.29,67.32,48.18
H,2020,7,18,62.42,67.59,67.22,53.72
H,2020,7,19,65.78,68.97,66.04,59.71
H,2020,7,20,67.97,70.67,67.68,62.57
H,2020,7,21,69.81,73.27,70.43,63.26
H,2020,7,22,70.36,75.14,71.40,59.02
H,2020,7,23,66.25,70.34,66.22,54.34
H,2020,7,24,67.26,70.01,67.61,53.63
H,2020,7,25,64.24,67.52,65.51,51.23
H,2020,7,26,65.10,68.33,65.04,55.71
H,2020,7,27,62.80,66.13,64.49,58.59
H,2020,7,28,64.75,68.12,65.40,59.15
H,2020,7,29,69.35,72.86,69.52,59.24
H,2020,7,30,68.04,71.05,68.28,61.40
H,2020,7,31,72.51,72.04,71.16,63.62
H,2020,8,1,69.59,71.33,68.66,61.52
H,2020,8,2,68.82,71.87,69.37,51.43
H,2020,8,3,71.46,74.41,69.04,51.23
H,2020,8,4,70.80,73.76,69.24,60.44
H,2020,8,5,73.34,74.77,70.44,64.22
H,2020,8,6,74.87,76.95,72.98,64.01
H,2020,8,7,68.59,71.56,68.02,60.53
H,2020,8,8,66.34,70.79,65.86,60.82
H,2020,8,9,68.97,72.36,68.19,52.86
H,2020,8,10,66.04,69.72,64.37,48.42
H,2020,8,11,71.41,72.75,68.44,56.16
H,2020,8,12,73.76,76.74,71.34,58.67
H,2020,8,13,72.53,76.04,73.47,52.70
H,2020,8,14,69.95,72.72,70.39,51.06
H,2020,8,15,71.21,72.17,68.21,54.79
H,2020,8,16,73.53,73.30,68.61,50.35
H,2020,8,17,74.60,71.59,67.15,47.51
H,2020,8,18,72.81,70.06,66.94,52.33
H,2020,8,19,73.49,70.21,66.86,49.09
H,2020,8,20,77.67,72.27,68.86,50.03
H,2020,8,21,73.37,70.41,67.47,49.87
H,2020,8,22,76.91,73.41,68.59,51.10
H,2020,8,23,76.10,69.61,69.58,48.52
H,2020,8,24,77.76,71.98,70.67,49.06
H,2020,8,25,74.32,71.00,69.79,57.24
H,2020,8,26,75.61,72.87,69.71,62.47
H,2020,8,27,76.01,71.20,69.95,63.60
H,2020,8,28,77.98,72.39,69.19,63.68
H,2020,8,29,76.53,71.83,67.78,54.26
H,2020,8,30,77.60,71.66,68.23,50.01
H,2020,8,31,75.06,70.27,65.87,48.73
H,2020,9,1,74.00,68.78,65.21,49.55
H,2020,9,2,71.77,70.04,68.26,57.53
H,2020,9,3,77.76,75.63,67.67,60.87
H,2020,9,4,76.10,70.98,67.36,61.00
H,2020,9,5,80.70,70.66,67.33,60.23
H,2020,9,6,81.05,70.34,66.28,54.75
H,2020,9,7,75.04,72.99,66.28,47.05
H,2020,9,8,75.21,72.43,66.47,46.75
H,2020,9,9,79.09,72.07,65.72,52.27
H,2020,9,10,76.22,70.94,66.25,51.06
H,2020,9,11,80.75,69.77,64.28,57.02
H,2020,9,12,79.43,71.17,65.69,57.99
H,2020,9,13,80.41,73.79,66.07,58.06
H,2020,9,14,83.22,75.67,68.64,58.05
H,2020,9,15,84.63,73.50,66.27,55.95
H,2020,9,16,83.69,75.27,67.26,57.73
H,2020,9,17,86.97,73.34,67.77,58.79
H,2020,9,18,87.06,73.01,67.11,59.95
H,2020,9,19,84.26,72.41,68.10,64.02
H,2020,9,20,85.28,69.73,66.41,60.18
H,2020,9,21,84.95,68.68,65.14,52.30
H,2020,9,22,84.97,69.00,66.64,51.03
H,2020,9,23,81.56,69.98,66.80,49.49
H,2020,9,24,82.51,75.14,66.47,53.01
H,2020,9,25,86.81,72.06,65.17,55.84
H,2020,9,26,87.84,72.28,67.62,57.48
H,2020,9,27,89.14,69.18,64.54,49.12
H,2020,9,28,88.04,69.88,66.26,46.85
H,2020,9,29,88.40,68.47,62.98,53.01
H,2020,9,30,86.75,71.76,66.16,57.71
H,2020,10,1,89.48,73.80,69.50,49.90
H,2020,10,2,87.83,69.20,65.02,48.94
H,2020,10,3,87.54,69.68,65.88,48.74
H,2020,10,4,88.35,67.36,63.60,47.94
H,2020,10,5,88.90,69.90,65.01,50.45
H,2020,10,6,87.59,74.38,67.84,54.73
H,2020,10,7,87.21,75.60,70.64,55.73
H,2020,10,8,87.82,70.21,66.86,56.41
H,2020,10,9,86.91,69.62,66.62,60.48
H,2020,10,10,85.79,70.29,67.36,58.82
H,2020,10,11,86.39,70.80,66.92,56.76
H,2020,10,12,83.99,72.89,68.95,51.98
H,2020,10,13,85.11,72.35,67.15,52.11
H,2020,10,14,83.74,73.78,69.30,53.01
H,2020,10,15,82.67,75.58,69.93,51.64
H,2020,10,16,84.84,71.39,69.59,52.69
H,2020,10,17,87.05,72.26,69.68,57.70
H,2020,10,18,85.43,70.53,67.30,57.92
H,2020,10,19,86.85,71.52,68.40,60.68
H,2020,10,20,86.72,71.39,67.74,58.50
H,2020,10,21,83.15,71.22,66.81,55.54
H,2020,10,22,83.18,71.62,65.77,49.74
H,2020,10,23,85.48,76.00,69.30,49.71
H,2020,10,24,80.70,72.20,67.14,47.43
H,2020,10,25,79.56,73.18,65.77,48.33
H,2020,10,26,81.79,69.71,64.83,57.83
H,2020,10,27,78.24,70.70,65.82,56.68
H,2020,10,28,78.35,66.67,63.57,53.37
H,2020,10,29,81.10,66.92,64.54,55.35
H,2020,10,30,80.90,66.78,65.96,52.77
H,2020,10,31,79.74,71.49,66.49,55.54
H,2020,11,1,76.95,71.13,64.13,46.62
H,2020,11,2,78.87,68.11,63.41,51.46
H,2020,11,3,80.85,65.85,63.66,53.41
H,2020,11,4,80.65,70.23,68.75,52.55
H,2020,11,5,82.26,65.32,63.98,49.00
H,2020,11,6,81.98,69.08,67.01,61.62
H,2020,11,7,80.93,72.91,71.29,66.15
H,2020,11,8,82.56,69.08,67.98,64.50
H,2020,11,9,81.50,68.70,67.29,63.92
H,2020,11,10,83.26,67.66,64.92,52.35
H,2020,11,11,80.23,68.39,67.25,52.39
H,2020,11,12,82.54,65.78,64.86,51.48
H,2020,11,13,81.79,66.81,63.99,60.83
H,2020,11,14,82.83,67.57,66.18,62.43
H,2020,11,15,81.40,67.83,65.57,53.99
H,2020,11,16,85.01,68.73,65.52,56.22
H,2020,11,17,82.81,64.76,62.92,50.32
H,2020,11,18,81.11,70.62,67.94,48.48
H,2020,11,19,80.90,65.01,62.25,55.16
H,2020,11,20,82.47,67.20,62.97,50.40
H,2020,11,21,82.06,64.43,60.32,52.24
H,2020,11,22,83.56,67.79,66.32,59.29
H,2020,11,23,85.27,68.79,67.29,63.76
H,2020,11,24,87.45,65.86,64.47,57.49
H,2020,11,25,87.76,67.78,66.17,48.94
H,2020,11,26,85.35,65.50,63.92,55.80
H,2020,11,27,84.31,63.29,61.50,54.65
H,2020,11,28,83.13,65.08,63.06,49.09
H,2020,11,29,84.52,71.00,65.64,48.27
H,2020,11,30,81.95,66.98,63.93,56.13
H,2020,12,1,84.44,69.25,65.92,51.86
H,2020,12,2,83.71,71.07,68.00,48.94
H,2020,12,3,83.41,72.42,67.98,53.63
H,2020,12,4,83.26,70.73,68.65,49.85
H,2020,12,5,85.61,71.42,69.18,51.52
H,2020,12,6,85.72,69.13,66.89,53.78
H,2020,12,7,86.31,68.86,68.41,55.68
H,2020,12,8,85.13,69.15,66.38,47.89
H,2020,12,9,84.59,75.64,75.29,49.62
H,2020,12,10,87.27,67.56,64.34,57.91
H,2020,12,11,85.77,68.73,65.32,53.76
H,2020,12,12,84.03,70.83,70.84,64.45
H,2020,12,13,85.92,69.92,66.84,59.16
H,2020,12,14,84.59,69.43,67.49,64.19
H,2020,12,15,82.78,67.87,66.33,58.18
H,2020,12,16,84.62,69.12,66.65,51.01
H,2020,12,17,87.04,71.86,68.03,60.89
H,2020,12,18,85.46,72.86,69.00,59.06
H,2020,12,19,86.95,67.31,65.80,52.79
H,2020,12,20,89.74,67.81,64.86,50.18
H,2020,12,21,88.66,67.99,64.89,47.38
H,2020,12,22,89.25,68.91,64.73,53.40
H,2020,12,23,86.90,71.05,67.64,52.51
H,2020,12,24,87.97,66.89,63.41,53.18
H,2020,12,25,88.45,63.89,60.98,48.00
H,2020,12,26,86.89,67.97,64.81,60.54
H,2020,12,27,87.47,66.54,64.44,61.60
H,2020,12,28,86.01,69.53,66.95,62.39
H,2020,12,29,86.38,70.97,68.86,60.66
H,2020,12,30,84.80,68.21,65.48,59.18
H,2020,12,31,84.18,73.11,71.57,66.92
H,2021,1,1,84.90,69.25,67.32,56.32
H,2021,1,2,86.39,64.07,62.12,53.12
H,2021,1,3,85.26,66.02,63.75,58.18
H,2021,1,4,85.59,67.88,65.68,56.39
H,2021,1,5,85.45,74.42,71.06,61.08
H,2021,1,6,84.42,69.77,67.71,56.82
H,2021,1,7,84.87,70.25,67.09,55.29
H,2021,1,8,84.74,65.41,64.03,54.89
H,2021,1,9,85.07,70.25,67.49,59.94
H,2021,1,10,84.71,67.77,64.18,55.52
H,2021,1,11,84.24,70.80,66.16,50.53
H,2021,1,12,83.97,67.39,65.46,50.69
H,2021,1,13,84.76,72.41,68.45,53.66
H,2021,1,14,86.14,67.61,66.09,49.07
H,2021,1,15,86.00,71.34,69.34,48.96
H,2021,1,16,86.39,71.44,69.52,53.16
H,2021,1,17,85.44,69.23,68.82,48.91
H,2021,1,18,84.40,68.82,66.72,46.95
H,2021,1,19,85.32,69.16,66.45,59.67
H,2021,1,20,87.19,74.64,73.52,59.88
H,2021,1,21,84.81,65.70,63.71,47.06
H,2021,1,22,86.03,68.24,66.08,56.02
H,2021,1,23,86.11,68.41,66.73,60.08
H,2021,1,24,84.72,69.18,68.58,60.61
H,2021,1,25,83.26,75.97,74.36,68.40
H,2021,1,26,83.25,74.72,73.52,67.18
H,2021,1,27,83.31,71.70,67.94,58.60
H,2021,1,28,81.81,72.38,68.56,61.09
H,2021,1,29,83.91,66.96,65.00,59.84
H,2021,1,30,83.69,69.60,66.39,51.00
H,2021,1,31,81.42,68.89,65.83,53.68
H,2021,2,1,79.53,68.02,65.09,48.46
H,2021,2,2,82.05,72.27,69.85,58.70
H,2021,2,3,82.12,69.95,68.00,61.51
H,2021,2,4,82.04,69.43,67.82,62.40
H,2021,2,5,82.24,67.75,65.44,55.44
H,2021,2,6,80.32,71.34,68.56,50.14
H,2021,2,7,81.71,72.76,69.80,48.28
H,2021,2,8,80.71,66.90,65.87,50.41
H,2021,2,9,78.12,68.77,67.07,46.59
H,2021,2,10,78.82,70.43,67.74,55.95
H,2021,2,11,82.60,69.97,67.63,59.94
H,2021,2,12,83.36,73.70,71.37,64.31
H,2021,2,13,83.00,74.77,72.71,65.46
H,2021,2,14,81.75,75.82,74.55,68.17
H,2021,2,15,80.49,72.39,71.34,66.13
H,2021,2,16,80.98,75.40,74.12,66.67
H,2021,2,17,80.80,74.71,72.63,67.13
H,2021,2,18,80.60,70.14,68.43,56.22
H,2021,2,19,81.57,67.47,66.45,57.02
H,2021,2,20,81.21,73.80,72.13,65.97
H,2021,2,21,81.37,71.30,69.51,59.29
H,2021,2,22,79.09,67.77,65.40,50.57
H,2021,2,23,82.92,73.20,69.94,50.48
H,2021,2,24,82.13,69.23,67.55,48.11
H,2021,2,25,81.12,70.42,69.54,50.34
H,2021,2,26,80.04,69.56,69.11,55.16
H,2021,2,27,80.07,70.23,69.18,62.87
H,2021,2,28,78.28,68.01,66.24,54.74
H,2021,3,1,80.65,65.29,63.53,52.16
H,2021,3,2,82.02,66.31,64.22,50.21
H,2021,3,3,82.01,69.87,68.23,54.57
H,2021,3,4,79.48,69.86,68.76,50.72
H,2021,3,5,78.01,71.31,69.42,57.78
H,2021,3,6,75.05,70.07,68.98,63.33
H,2021,3,7,76.56,68.54,68.38,60.91
H,2021,3,8,78.98,70.14,69.04,61.66
H,2021,3,9,76.83,70.76,69.37,63.46
H,2021,3,10,76.82,72.45,69.56,62.93
H,2021,3,11,78.39,71.21,70.00,60.02
H,2021,3,12,76.68,67.91,65.73,53.37
H,2021,3,13,78.52,75.35,73.72,63.83
H,2021,3,14,77.09,69.12,68.79,61.93
H,2021,3,15,77.83,71.11,70.57,63.03
H,2021,3,16,78.00,74.36,73.63,67.12
H,2021,3,17,78.06,73.68,71.12,55.63
H,2021,3,18,77.84,72.01,70.11,56.29
H,2021,3,19,72.98,68.38,69.16,58.09
H,2021,3,20,76.48,70.41,70.34,63.40
H,2021,3,21,76.24,73.11,72.43,65.89
H,2021,3,22,76.29,74.61,72.77,64.80
H,2021,3,23,78.95,76.93,75.90,67.56
H,2021,3,24,79.65,73.48,71.23,59.88
H,2021,3,25,75.02,70.95,69.47,61.83
H,2021,3,26,72.83,69.17,68.62,62.85
H,2021,3,27,74.35,70.31,69.13,55.10
H,2021,3,28,72.23,69.31,67.40,54.10
H,2021,3,29,74.49,69.92,69.46,62.10
H,2021,3,30,73.93,69.84,69.16,62.48
H,2021,3,31,76.47,76.16,75.96,48.33
H,2021,4,1,74.41,74.96,74.47,50.87
H,2021,4,2,74.79,69.39,68.74,57.73
H,2021,4,3,74.48,75.24,74.31,59.19
H,2021,4,4,73.91,75.74,74.74,62.79
H,2021,4,5,73.06,75.06,74.25,64.52
H,2021,4,6,74.19,77.32,75.74,63.39
H,2021,4,7,73.36,76.65,75.68,61.24
H,2021,4,8,72.79,75.02,74.29,64.31
H,2021,4,9,74.23,74.50,73.74,63.60
H,2021,4,10,75.44,77.53,76.93,65.43
H,2021,4,11,74.09,72.23,70.66,63.95
H,2021,4,12,71.74,69.83,69.50,61.57
H,2021,4,13,72.62,69.40,69.80,61.52
H,2021,4,14,73.39,70.90,72.13,61.83
H,2021,4,15,73.35,72.65,73.02,58.98
H,2021,4,16,72.49,71.56,71.69,61.88
H,2021,4,17,72.88,70.52,70.27,61.90
H,2021,4,18,73.88,70.14,68.89,59.52
H,2021,4,19,74.03,72.16,72.79,62.20
H,2021,4,20,73.63,71.88,71.51,62.79
H,2021,4,21,76.66,75.82,76.20,62.85
H,2021,4,22,70.61,69.34,69.72,59.29
H,2021,4,23,70.82,67.58,68.64,59.99
H,2021,4,24,73.89,73.07,70.89,59.53
H,2021,4,25,68.69,68.90,68.22,60.79
H,2021,4,26,68.22,67.09,66.76,59.58
H,2021,4,27,67.54,66.26,65.91,62.58
H,2021,4,28,72.55,69.14,68.58,59.83
H,2021,4,29,68.22,67.67,66.24,60.67
H,2021,4,30,67.49,65.63,65.38,61.00
H,2021,5,1,72.09,70.90,69.88,65.03
H,2021,5,2,72.14,71.64,71.00,66.67
H,2021,5,3,70.00,71.52,70.68,62.51
H,2021,5,4,67.74,68.48,67.88,51.95
H,2021,5,5,70.21,67.69,68.22,49.02
H,2021,5,6,66.81,65.43,66.53,47.98
H,2021,5,7,66.69,66.59,68.00,55.87
H,2021,5,8,70.86,72.90,71.67,61.89
H,2021,5,9,68.82,68.38,66.85,51.20
H,2021,5,10,67.55,68.01,67.98,51.06
H,2021,5,11,69.07,69.63,69.01,50.99
H,2021,5,12,72.78,70.95,71.13,54.41
H,2021,5,13,69.85,67.00,67.70,47.46
H,2021,5,14,67.17,66.29,66.76,50.93
H,2021,5,15,68.97,69.50,69.47,60.37
H,2021,5,16,67.56,68.50,68.54,61.01
H,2021,5,17,70.75,69.24,67.93,58.58
H,2021,5,18,72.13,70.49,69.36,62.22
H,2021,5,19,72.01,73.39,71.40,64.55
H,2021,5,20,74.13,73.79,73.31,67.32
H,2021,5,21,74.45,74.71,73.49,68.51
H,2021,5,22,73.06,73.60,72.37,65.56
H,2021,5,23,70.41,70.50,69.26,62.05
H,2021,5,24,70.74,71.15,70.16,61.69
H,2021,5,25,69.35,71.78,70.17,54.67
H,2021,5,26,70.02,71.17,70.61,64.05
H,2021,5,27,67.96,68.13,68.17,60.70
H,2021,5,28,66.69,67.86,67.60,61.61
H,2021,5,29,69.65,70.47,70.00,65.02
H,2021,5,30,68.44,69.24,68.23,63.76
H,2021,5,31,68.38,69.52,68.89,47.47
H,2021,6,1,64.79,67.14,65.91,44.63
H,2021,6,2,66.57,69.67,69.91,49.66
H,2021,6,3,69.06,69.99,68.76,50.22
H,2021,6,4,66.36,69.30,68.37,46.31
H,2021,6,5,67.87,71.11,68.74,47.42
H,2021,6,6,65.38,67.82,67.68,47.73
H,2021,6,7,66.74,69.03,67.28,53.30
H,2021,6,8,67.35,69.98,68.56,61.51
H,2021,6,9,69.10,71.03,71.00,64.04
H,2021,6,10,72.50,71.82,70.89,64.58
H,2021,6,11,70.38,70.42,69.31,64.37
H,2021,6,12,67.21,70.23,69.84,61.67
H,2021,6,13,68.92,69.84,68.55,63.55
H,2021,6,14,68.07,71.48,69.61,64.83
H,2021,6,15,66.87,69.31,68.82,64.32
H,2021,6,16,67.79,70.29,67.56,55.29
H,2021,6,17,65.82,70.20,67.21,54.12
H,2021,6,18,66.39,69.08,67.00,48.90
H,2021,6,19,68.49,70.94,67.95,47.56
H,2021,6,20,65.36,69.47,65.85,53.15
H,2021,6,21,66.13,70.59,68.38,53.21
H,2021,6,22,65.19,69.24,66.52,57.38
H,2021,6,23,69.49,71.87,70.72,59.11
H,2021,6,24,67.31,69.48,67.33,55.25
H,2021,6,25,69.18,72.08,70.62,61.17
H,2021,6,26,70.12,72.93,70.26,62.99
H,2021,6,27,69.85,70.79,68.70,62.09
H,2021,6,28,68.22,70.69,67.96,62.02
H,2021,6,29,68.46,69.23,66.52,50.94
H,2021,6,30,65.54,68.09,65.75,48.00
H,2021,7,1,64.97,69.77,67.58,49.07
H,2021,7,2,68.69,71.39,69.04,58.88
H,2021,7,3,66.86,69.29,67.83,61.06
H,2021,7,4,68.30,70.68,68.10,61.22
H,2021,7,5,65.87,71.56,67.61,61.53
H,2021,7,6,68.35,70.72,66.49,61.48
H,2021,7,7,67.62,71.10,68.90,61.08
H,2021,7,8,67.00,69.27,65.84,55.65
H,2021,7,9,65.29,68.83,65.89,47.27
H,2021,7,10,67.03,71.14,69.33,53.34
H,2021,7,11,67.18,71.58,69.22,53.11
H,2021,7,12,67.98,69.79,67.46,49.59
H,2021,7,13,69.40,70.68,68.29,49.69
H,2021,7,14,69.26,70.73,70.52,49.11
H,2021,7,15,69.15,71.21,67.51,49.59
H,2021,7,16,66.31,71.41,67.92,52.89
H,2021,7,17,65.47,72.89,68.24,53.36
H,2021,7,18,66.05,71.33,66.46,54.52
H,2021,7,19,65.91,70.47,66.65,52.34
H,2021,7,20,64.45,69.66,65.54,57.41
H,2021,7,21,68.76,73.08,69.70,59.47
H,2021,7,22,66.11,70.75,67.11,60.80
H,2021,7,23,67.48,71.48,67.62,55.49
H,2021,7,24,68.15,70.42,67.17,52.52
H,2021,7,25,65.28,71.22,64.54,46.48
H,2021,7,26,67.81,72.66,66.94,45.60
H,2021,7,27,66.55,73.74,65.85,45.55
H,2021,7,28,69.53,78.40,71.66,57.71
H,2021,7,29,69.52,74.35,68.33,61.30
H,2021,7,30,70.11,79.35,70.75,61.64
H,2021,7,31,64.96,71.70,66.90,60.03
H,2021,8,1,66.14,71.43,65.34,60.94
H,2021,8,2,67.84,72.19,65.58,62.32
H,2021,8,3,70.58,72.56,67.48,63.07
H,2021,8,4,72.51,73.40,69.06,63.62
H,2021,8,5,69.72,74.09,68.77,63.43
H,2021,8,6,68.23,73.64,68.38,61.17
H,2021,8,7,70.86,74.09,68.13,48.62
H,2021,8,8,70.83,73.79,66.63,46.73
H,2021,8,9,70.14,73.77,65.99,49.40
H,2021,8,10,67.21,74.72,67.38,49.99
H,2021,8,11,64.79,73.24,66.84,57.16
H,2021,8,12,66.13,74.74,66.21,53.47
H,2021,8,13,64.32,71.23,65.05,50.36
H,2021,8,14,64.87,72.85,66.69,56.06
H,2021,8,15,64.56,70.35,66.40,59.77
H,2021,8,16,65.18,70.00,65.74,55.31
H,2021,8,17,64.22,70.06,65.01,46.46
H,2021,8,18,65.95,71.35,67.50,49.45
H,2021,8,19,63.48,70.77,65.73,47.07
H,2021,8,20,65.79,73.12,66.30,45.35
H,2021,8,21,64.84,72.43,65.07,46.21
H,2021,8,22,71.81,73.69,67.04,47.93
H,2021,8,23,71.99,74.52,66.48,48.88
H,2021,8,24,71.81,73.60,66.03,48.80
H,2021,8,25,72.85,78.89,68.32,55.33
H,2021,8,26,72.09,75.79,69.50,61.52
H,2021,8,27,72.54,73.41,67.87,61.48
H,2021,8,28,74.86,73.61,71.12,55.14
H,2021,8,29,75.61,73.00,66.38,54.65
H,2021,8,30,75.12,73.23,65.10,58.59
H,2021,8,31,80.53,76.40,66.02,48.90
H,2021,9,1,79.67,73.85,68.34,48.19
H,2021,9,2,70.98,72.45,68.33,50.18
H,2021,9,3,68.32,70.89,67.98,57.24
H,2021,9,4,72.76,72.27,69.03,60.92
H,2021,9,5,67.13,70.35,67.16,60.67
H,2021,9,6,69.94,71.16,66.06,52.85
H,2021,9,7,76.14,70.53,64.99,49.82
H,2021,9,8,73.09,72.93,68.50,51.84
H,2021,9,9,73.10,71.15,67.75,53.21
H,2021,9,10,69.47,70.27,65.86,53.58
H,2021,9,11,72.49,70.07,66.77,60.60
H,2021,9,12,76.46,71.09,68.24,63.16
H,2021,9,13,75.53,68.36,65.80,58.83
H,2021,9,14,73.14,70.73,67.87,52.82
H,2021,9,15,72.21,72.62,68.77,51.54
H,2021,9,16,74.07,75.57,69.54,55.17
H,2021,9,17,70.69,71.53,67.99,51.79
H,2021,9,18,71.71,75.25,68.92,51.25
H,2021,9,19,72.85,72.04,68.97,60.20
H,2021,9,20,76.07,71.78,68.23,58.66
H,2021,9,21,73.40,71.98,70.33,52.77
H,2021,9,22,74.44,73.77,70.55,58.81
H,2021,9,23,69.88,73.67,68.67,61.40
H,2021,9,24,71.17,70.92,67.81,54.29
H,2021,9,25,69.78,69.81,66.53,54.66
H,2021,9,26,68.30,68.63,65.83,51.51
H,2021,9,27,67.77,66.34,62.33,55.03
H,2021,9,28,67.11,67.85,65.07,57.56
H,2021,9,29,67.85,68.09,67.21,60.02
H,2021,9,30,72.44,70.61,67.09,53.89
H,2021,10,1,74.43,69.32,64.59,55.44
H,2021,10,2,71.21,66.36,64.03,56.34
H,2021,10,3,70.50,67.97,64.36,51.96
H,2021,10,4,71.37,69.70,65.63,51.05
H,2021,10,5,71.58,70.64,65.73,54.46
H,2021,10,6,70.78,69.76,66.42,53.22
H,2021,10,7,70.43,67.53,64.77,49.09
H,2021,10,8,68.94,70.60,64.83,58.21
H,2021,10,9,73.64,73.02,69.45,64.13
H,2021,10,10,77.06,70.10,65.34,58.31
H,2021,10,11,80.58,73.11,70.15,65.42
H,2021,10,12,76.69,73.20,71.46,67.05
H,2021,10,13,71.94,69.32,65.04,56.61
H,2021,10,14,76.02,69.97,65.80,60.86
H,2021,10,15,78.51,68.65,65.43,48.35
H,2021,10,16,75.65,72.37,68.04,48.94
H,2021,10,17,73.46,72.88,69.26,56.29
H,2021,10,18,73.25,68.40,65.82,59.23
H,2021,10,19,78.70,73.89,68.50,55.69
H,2021,10,20,75.79,72.04,68.17,54.14
H,2021,10,21,75.87,72.39,66.65,58.39
H,2021,10,22,76.87,70.26,65.73,61.32
H,2021,10,23,79.89,74.03,71.04,63.92
H,2021,10,24,83.00,69.35,67.60,61.49
H,2021,10,25,82.89,69.14,66.46,54.83
H,2021,10,26,83.46,72.97,71.11,64.74
H,2021,10,27,83.61,69.69,67.06,54.43
H,2021,10,28,82.38,69.81,66.16,47.99
H,2021,10,29,84.86,66.90,64.72,51.63
H,2021,10,30,85.21,71.15,66.20,50.36
H,2021,10,31,85.93,75.24,67.99,50.98
H,2021,11,1,84.38,71.39,65.42,48.63
H,2021,11,2,83.81,71.20,64.34,54.78
H,2021,11,3,84.01,73.96,66.44,60.42
H,2021,11,4,86.92,75.36,68.95,59.86
H,2021,11,5,85.06,72.21,68.15,55.22
H,2021,11,6,88.75,73.21,68.75,46.95
H,2021,11,7,88.04,70.30,66.11,52.03
H,2021,11,8,88.14,69.43,66.08,57.60
H,2021,11,9,86.14,69.53,65.98,51.38
H,2021,11,10,85.20,70.82,68.21,61.56
H,2021,11,11,86.51,73.41,69.05,47.51
H,2021,11,12,83.22,68.23,66.69,49.58
H,2021,11,13,85.79,67.81,66.93,51.40
H,2021,11,14,86.72,68.95,66.40,45.12
H,2021,11,15,84.02,65.57,63.93,52.75
H,2021,11,16,83.19,66.68,66.02,57.41
H,2021,11,17,81.34,69.90,68.63,53.66
H,2021,11,18,82.22,66.10,63.63,51.19
H,2021,11,19,82.94,69.14,64.82,54.01
H,2021,11,20,82.51,68.61,65.27,58.23
H,2021,11,21,83.36,68.86,66.49,49.32
H,2021,11,22,83.72,70.06,67.43,47.82
H,2021,11,23,83.82,65.34,64.40,53.38
H,2021,11,24,82.68,67.77,65.89,54.05
H,2021,11,25,83.15,69.42,67.05,58.44
H,2021,11,26,81.53,65.36,64.21,52.22
H,2021,11,27,80.32,70.17,67.11,50.67
H,2021,11,28,81.83,66.79,63.87,46.95
H,2021,11,29,80.30,66.41,64.02,55.83
H,2021,11,30,80.36,63.60,64.27,55.17
H,2021,12,1,81.55,72.38,70.42,45.76
H,2021,12,2,79.74,69.12,70.22,45.54
H,2021,12,3,79.67,69.31,69.29,47.67
H,2021,12,4,79.67,67.88,67.64,58.36
H,2021,12,5,79.97,67.61,66.96,60.20
H,2021,12,6,81.67,68.28,66.98,48.36
H,2021,12,7,79.10,63.91,63.11,54.08
H,2021,12,8,79.14,67.14,65.29,46.06
H,2021,12,9,80.81,70.21,67.81,57.39
H,2021,12,10,82.24,70.06,69.25,64.72
H,2021,12,11,79.91,66.68,65.32,53.24
H,2021,12,12,80.38,66.41,64.42,53.13
H,2021,12,13,78.88,64.31,62.54,50.18
H,2021,12,14,78.12,70.09,69.32,65.66
H,2021,12,15,81.77,71.00,69.59,63.22
H,2021,12,16,81.59,69.63,65.57,60.26
H,2021,12,17,81.57,66.78,64.98,60.20
H,2021,12,18,79.09,68.18,69.54,58.56
H,2021,12,19,NaN,NaN,NaN,NaN
H,2021,12,20,NaN,NaN,NaN,NaN
H,2021,12,21,80.19,65.84,63.38,48.10
H,2021,12,22,77.74,63.88,62.74,47.41
H,2021,12,23,77.36,63.93,63.00,53.57
H,2021,12,24,79.15,68.48,67.90,62.87
H,2021,12,25,81.98,64.77,63.77,57.80
H,2021,12,26,78.64,66.23,67.05,61.51
H,2021,12,27,78.65,68.46,66.48,60.30
H,2021,12,28,78.28,68.30,65.76,62.50
H,2021,12,29,76.75,66.88,64.34,59.69
H,2021,12,30,76.18,67.29,66.71,62.64
H,2021,12,31,78.46,67.99,64.99,59.89
H,2022,1,1,77.45,70.89,69.58,64.71
H,2022,1,2,78.69,63.95,62.82,52.06
H,2022,1,3,81.63,64.58,62.32,56.87
H,2022,1,4,78.24,70.07,68.31,63.05
H,2022,1,5,77.34,66.60,66.04,60.69
H,2022,1,6,78.14,65.18,64.18,46.60
H,2022,1,7,77.08,63.96,62.23,59.97
H,2022,1,8,79.94,66.30,64.43,55.81
H,2022,1,9,78.79,66.50,64.92,46.46
H,2022,1,10,77.84,66.69,65.01,55.22
H,2022,1,11,80.59,63.38,61.64,52.49
H,2022,1,12,78.69,64.86,63.33,46.67
H,2022,1,13,79.86,70.78,68.01,46.07
H,2022,1,14,79.64,64.44,61.24,49.33
H,2022,1,15,80.72,64.63,61.92,49.53
H,2022,1,16,80.51,65.54,63.64,45.07
H,2022,1,17,78.05,65.35,64.62,49.41
H,2022,1,18,78.40,65.36,62.48,51.75
H,2022,1,19,77.40,66.09,65.09,54.27
H,2022,1,20,78.34,66.28,65.70,52.41
H,2022,1,21,78.19,63.91,62.53,59.62
H,2022,1,22,79.80,69.54,67.50,56.19
H,2022,1,23,79.10,68.11,63.53,51.24
H,2022,1,24,80.51,64.49,64.13,54.95
H,2022,1,25,79.93,63.93,62.92,59.76
H,2022,1,26,78.11,62.72,62.00,50.79
H,2022,1,27,78.29,63.43,64.08,51.61
H,2022,1,28,79.13,64.11,64.54,53.78
H,2022,1,29,79.47,65.65,64.10,50.43
H,2022,1,30,79.25,67.25,66.79,57.05
H,2022,1,31,76.93,66.31,64.42,58.06
H,2022,2,1,77.42,63.96,63.65,58.69
H,2022,2,2,77.96,64.21,63.56,58.03
H,2022,2,3,76.79,67.71,65.42,50.57
H,2022,2,4,79.01,69.11,69.92,53.81
H,2022,2,5,81.00,67.81,68.66,54.82
H,2022,2,6,80.06,68.31,66.86,51.54
H,2022,2,7,76.78,65.90,64.99,48.74
H,2022,2,8,75.52,64.40,64.71,52.64
H,2022,2,9,75.84,65.63,65.58,54.30
H,2022,2,10,78.87,69.35,68.01,54.98
H,2022,2,11,76.28,68.65,68.67,51.29
H,2022,2,12,79.08,66.13,66.29,47.78
H,2022,2,13,79.38,66.42,64.45,51.03
H,2022,2,14,78.70,67.46,65.49,59.50
H,2022,2,15,75.12,71.38,70.53,66.00
H,2022,2,16,73.98,71.43,70.82,66.07
H,2022,2,17,75.65,66.61,65.91,52.34
H,2022,2,18,77.96,65.64,64.90,50.70
H,2022,2,19,76.94,67.62,67.19,58.92
H,2022,2,20,75.25,66.24,64.82,59.44
H,2022,2,21,74.36,66.32,65.99,60.55
H,2022,2,22,73.24,69.71,70.22,65.13
H,2022,2,23,73.38,68.40,69.07,65.86
H,2022,2,24,73.90,69.23,67.83,62.19
H,2022,2,25,73.79,68.69,66.74,59.19
H,2022,2,26,73.52,65.34,64.78,53.87
H,2022,2,27,73.94,66.10,65.76,58.18
H,2022,2,28,72.05,65.03,64.44,51.00
H,2022,3,1,71.26,62.39,61.96,54.73
H,2022,3,2,69.56,70.30,68.92,50.03
H,2022,3,3,67.88,64.74,63.48,54.91
H,2022,3,4,70.17,67.93,67.16,61.90
H,2022,3,5,72.40,71.79,70.79,66.01
H,2022,3,6,73.61,70.66,69.55,65.14
H,2022,3,7,69.44,63.71,63.88,59.41
H,2022,3,8,70.51,71.67,68.92,54.42
H,2022,3,9,69.08,65.83,66.42,57.52
H,2022,3,10,69.82,67.43,67.71,63.16
H,2022,3,11,69.79,69.07,67.75,54.88
H,2022,3,12,74.52,65.53,66.98,56.70
H,2022,3,13,70.98,68.71,69.75,64.67
H,2022,3,14,68.99,66.85,66.91,63.55
H,2022,3,15,71.33,65.97,65.87,62.63
H,2022,3,16,72.68,70.70,71.01,65.46
H,2022,3,17,70.47,66.54,67.40,62.65
H,2022,3,18,72.58,67.99,67.14,61.28
H,2022,3,19,70.76,69.58,67.55,61.03
H,2022,3,20,72.75,70.86,70.72,66.26
H,2022,3,21,67.69,68.07,67.90,64.32
H,2022,3,22,66.77,67.87,67.04,53.47
H,2022,3,23,71.27,67.93,66.67,50.83
H,2022,3,24,71.86,68.61,66.53,57.33
H,2022,3,25,70.92,64.03,64.60,58.98
H,2022,3,26,68.81,67.05,67.21,57.90
H,2022,3,27,68.42,64.72,64.25,49.72
H,2022,3,28,67.79,62.59,62.88,57.87
H,2022,3,29,69.10,68.80,68.61,64.03
H,2022,3,30,68.61,68.89,68.59,62.63
H,2022,3,31,68.01,67.66,67.43,63.76
H,2022,4,1,69.28,65.47,65.32,53.76
H,2022,4,2,67.65,67.48,66.32,52.47
H,2022,4,3,65.30,65.41,64.55,49.84
H,2022,4,4,65.53,66.88,65.80,55.58
H,2022,4,5,62.59,65.65,66.50,60.69
H,2022,4,6,65.89,69.07,69.59,56.71
H,2022,4,7,62.93,65.92,64.52,51.76
H,2022,4,8,61.32,63.26,63.04,51.19
H,2022,4,9,67.28,68.76,68.55,63.18
H,2022,4,10,68.09,71.12,69.92,58.58
H,2022,4,11,68.20,69.78,69.49,65.32
H,2022,4,12,70.61,72.56,72.65,67.46
H,2022,4,13,69.87,71.90,70.62,65.86
H,2022,4,14,70.24,71.07,70.23,65.28
H,2022,4,15,68.83,68.56,69.00,65.09
H,2022,4,16,68.22,69.76,69.38,62.00
H,2022,4,17,65.37,66.55,66.49,61.45
H,2022,4,18,64.08,67.01,67.49,63.16
H,2022,4,19,66.96,67.67,67.91,64.35
H,2022,4,20,65.33,69.51,69.29,61.91
H,2022,4,21,66.90,69.25,66.78,56.59
H,2022,4,22,65.93,68.39,68.53,61.56
H,2022,4,23,68.72,70.70,70.53,61.79
H,2022,4,24,64.58,68.35,69.39,57.39
H,2022,4,25,62.62,64.78,65.56,56.26
H,2022,4,26,63.41,67.57,66.98,62.01
H,2022,4,27,67.42,70.91,70.74,64.78
H,2022,4,28,68.08,70.25,70.21,65.29
H,2022,4,29,61.37,65.94,65.91,63.10
H,2022,4,30,61.11,66.25,65.82,56.62
H,2022,5,1,69.34,71.19,70.90,66.26
H,2022,5,2,65.80,66.91,68.08,60.46
H,2022,5,3,63.76,66.79,66.78,62.60
H,2022,5,4,61.53,64.91,66.50,54.53
H,2022,5,5,64.12,68.07,70.19,54.49
H,2022,5,6,62.28,68.22,70.38,62.65
H,2022,5,7,65.53,69.91,70.53,64.84
H,2022,5,8,70.68,72.96,72.24,67.60
H,2022,5,9,69.66,70.52,69.86,66.91
H,2022,5,10,66.36,68.86,68.75,66.04
H,2022,5,11,69.26,71.41,71.24,66.89
H,2022,5,12,63.83,67.76,65.39,62.93
H,2022,5,13,60.41,63.12,61.72,58.31
H,2022,5,14,60.58,63.50,63.94,55.68
H,2022,5,15,68.95,75.59,72.17,60.74
H,2022,5,16,65.28,70.46,70.07,64.56
H,2022,5,17,66.88,70.33,70.23,65.73
H,2022,5,18,64.72,69.63,68.78,58.05
H,2022,5,19,64.48,66.40,65.88,47.34
H,2022,5,20,61.43,65.32,64.72,45.18
H,2022,5,21,58.96,64.95,64.16,51.51
H,2022,5,22,63.29,68.31,66.59,55.95
H,2022,5,23,63.59,69.47,66.15,44.65
H,2022,5,24,63.55,67.72,66.39,46.18
H,2022,5,25,64.79,69.52,68.76,51.41
H,2022,5,26,65.76,69.81,67.96,48.91
H,2022,5,27,62.30,65.98,63.90,46.37
H,2022,5,28,64.90,69.60,67.74,59.77
H,2022,5,29,67.54,70.95,69.63,65.56
H,2022,5,30,66.50,69.96,69.45,64.98
H,2022,5,31,68.69,73.06,72.52,65.11
H,2022,6,1,65.98,69.68,68.01,55.76
H,2022,6,2,64.43,66.95,64.57,48.90
H,2022,6,3,65.41,67.41,65.74,54.62
H,2022,6,4,67.84,70.95,71.42,64.77
H,2022,6,5,64.99,70.12,69.02,64.21
H,2022,6,6,65.54,69.54,67.51,64.95
H,2022,6,7,65.60,69.16,68.38,63.33
H,2022,6,8,64.66,69.12,68.95,52.33
H,2022,6,9,65.22,69.53,67.77,55.77
H,2022,6,10,63.97,67.11,66.43,48.94
H,2022,6,11,62.67,67.69,67.27,49.65
H,2022,6,12,64.68,69.29,67.40,50.89
H,2022,6,13,65.92,70.60,69.03,64.90
H,2022,6,14,68.27,70.67,68.21,60.06
H,2022,6,15,67.76,69.02,67.37,55.16
H,2022,6,16,65.63,67.26,65.15,52.05
H,2022,6,17,67.46,69.87,69.30,65.59
H,2022,6,18,68.28,71.79,70.69,66.78
H,2022,6,19,66.88,70.15,67.35,63.71
H,2022,6,20,64.33,67.55,64.88,58.72
H,2022,6,21,61.18,66.69,63.77,57.93
H,2022,6,22,62.17,69.31,66.43,51.99
H,2022,6,23,64.12,70.81,65.48,58.52
H,2022,6,24,62.86,69.87,64.40,60.58
H,2022,6,25,67.62,73.31,67.97,58.90
H,2022,6,26,64.42,67.79,64.68,59.75
H,2022,6,27,65.19,71.78,67.34,57.54
H,2022,6,28,63.81,72.15,67.09,55.65
H,2022,6,29,64.22,71.38,66.99,49.58
H,2022,6,30,65.46,70.27,68.80,56.66
H,2022,7,1,61.52,67.20,63.79,61.36
H,2022,7,2,63.23,70.31,66.88,64.17
H,2022,7,3,67.94,72.75,69.68,66.21
H,2022,7,4,66.24,71.87,69.24,65.71
H,2022,7,5,64.95,72.24,67.88,64.70
H,2022,7,6,64.98,73.66,67.99,63.75
H,2022,7,7,64.26,74.51,68.00,64.24
H,2022,7,8,65.22,72.57,68.23,57.79
H,2022,7,9,65.82,73.02,69.16,56.93
H,2022,7,10,66.42,74.76,69.87,63.59
H,2022,7,11,65.49,74.28,69.48,61.60
H,2022,7,12,64.65,73.03,66.13,56.33
H,2022,7,13,67.15,75.03,68.13,58.75
H,2022,7,14,66.04,73.78,67.38,58.42
H,2022,7,15,68.31,74.89,68.17,51.96
H,2022,7,16,67.97,74.57,70.60,56.59
H,2022,7,17,64.74,71.03,66.40,52.70
H,2022,7,18,67.47,73.71,67.54,50.49
H,2022,7,19,66.76,72.21,68.45,50.10
H,2022,7,20,65.89,74.45,69.61,53.75
H,2022,7,21,64.58,74.16,68.02,60.07
H,2022,7,22,64.62,74.94,67.77,61.93
H,2022,7,23,66.94,74.52,71.74,61.78
H,2022,7,24,67.34,75.66,68.10,63.13
H,2022,7,25,71.53,76.22,70.19,60.89
H,2022,7,26,69.70,72.07,66.11,58.40
H,2022,7,27,68.41,73.85,66.69,60.23
H,2022,7,28,69.47,74.88,67.32,60.70
H,2022,7,29,67.04,72.24,67.69,55.17
H,2022,7,30,68.82,71.03,67.61,50.45
H,2022,7,31,68.84,72.03,65.98,45.72
H,2022,8,1,68.84,71.33,65.55,46.48
H,2022,8,2,69.37,71.27,66.57,53.94
H,2022,8,3,69.42,75.57,69.30,60.04
H,2022,8,4,70.75,75.63,70.36,58.08
H,2022,8,5,68.39,72.48,68.54,58.07
H,2022,8,6,74.02,76.34,69.13,64.50
H,2022,8,7,72.62,74.25,69.45,65.46
H,2022,8,8,74.91,74.64,69.24,63.30
H,2022,8,9,72.62,75.58,66.31,59.50
H,2022,8,10,75.11,79.19,69.94,60.97
H,2022,8,11,78.92,81.23,74.60,63.46
H,2022,8,12,79.67,79.92,71.79,64.63
H,2022,8,13,79.26,79.95,70.89,64.14
H,2022,8,14,77.88,76.95,67.46,62.01
H,2022,8,15,78.42,79.45,69.43,61.98
H,2022,8,16,78.67,79.62,68.23,57.91
H,2022,8,17,79.74,78.96,69.36,54.87
H,2022,8,18,80.23,77.81,68.37,58.98
H,2022,8,19,78.87,78.58,68.68,62.41
H,2022,8,20,78.37,78.73,68.38,55.73
H,2022,8,21,77.90,75.25,67.31,52.25
H,2022,8,22,75.75,75.15,67.22,56.26
H,2022,8,23,78.91,75.84,67.31,60.22
H,2022,8,24,81.89,77.49,68.72,56.80
H,2022,8,25,79.28,75.65,68.77,52.62
H,2022,8,26,80.63,77.05,69.56,54.58
H,2022,8,27,81.26,74.78,67.69,60.04
H,2022,8,28,79.61,75.93,66.72,55.71
H,2022,8,29,83.02,76.15,67.65,60.37
H,2022,8,30,82.79,77.45,66.97,62.27
H,2022,8,31,81.31,78.57,69.41,64.08
H,2022,9,1,80.80,80.89,69.01,63.22
H,2022,9,2,80.23,77.48,69.07,52.12
H,2022,9,3,81.83,80.16,69.23,51.28
H,2022,9,4,78.66,78.61,66.75,49.83
H,2022,9,5,79.64,79.85,69.25,49.81
H,2022,9,6,78.49,79.47,69.00,54.76
H,2022,9,7,80.94,76.30,67.46,54.98
H,2022,9,8,81.38,75.25,67.36,54.92
H,2022,9,9,82.84,75.93,66.38,57.40
H,2022,9,10,82.76,77.92,70.50,64.33
H,2022,9,11,81.72,73.69,65.55,55.41
H,2022,9,12,83.17,74.32,65.74,48.82
H,2022,9,13,84.75,75.80,68.40,58.42
H,2022,9,14,85.45,74.82,68.10,65.04
H,2022,9,15,85.63,74.72,68.57,65.67
H,2022,9,16,85.40,71.98,68.38,64.64
H,2022,9,17,84.61,72.08,67.97,64.22
H,2022,9,18,80.80,69.88,65.16,55.86
H,2022,9,19,81.59,71.62,66.07,49.84
H,2022,9,20,85.24,73.23,66.57,51.93
H,2022,9,21,82.85,75.52,67.57,57.92
H,2022,9,22,83.80,75.77,68.64,60.85
H,2022,9,23,84.27,70.25,65.69,53.77
H,2022,9,24,87.11,71.29,66.38,57.05
H,2022,9,25,87.90,72.19,66.67,62.43
H,2022,9,26,87.72,69.53,67.31,63.71
H,2022,9,27,90.19,72.67,69.53,63.65
H,2022,9,28,87.69,71.15,68.75,60.32
H,2022,9,29,86.11,72.60,70.08,58.94
H,2022,9,30,86.49,70.69,70.32,60.46
H,2022,10,1,86.51,72.63,71.24,55.89
H,2022,10,2,86.53,72.78,65.91,51.54
H,2022,10,3,87.71,72.66,66.18,60.07
H,2022,10,4,88.12,74.00,69.83,62.06
H,2022,10,5,86.67,71.85,67.72,51.04
H,2022,10,6,89.31,68.87,65.83,50.94
H,2022,10,7,88.35,69.84,65.35,50.43
H,2022,10,8,88.23,71.17,67.66,50.64
H,2022,10,9,89.02,71.63,67.07,57.17
H,2022,10,10,90.01,72.06,67.66,60.72
H,2022,10,11,88.13,72.42,65.12,54.91
H,2022,10,12,90.95,76.66,67.10,52.54
H,2022,10,13,86.79,73.14,65.10,56.68
H,2022,10,14,82.21,74.37,66.03,51.46
H,2022,10,15,82.91,73.93,73.33,63.54
H,2022,10,16,NaN,NaN,NaN,NaN
H,2022,10,17,83.39,75.99,68.35,58.81
H,2022,10,18,85.16,69.23,63.77,56.91
H,2022,10,19,84.94,68.17,65.02,49.15
H,2022,10,20,80.43,70.47,65.49,49.76
H,2022,10,21,81.53,68.53,63.11,53.44
H,2022,10,22,84.86,72.29,66.08,56.39
H,2022,10,23,86.93,72.39,67.96,63.90
H,2022,10,24,90.62,70.15,64.68,51.95
H,2022,10,25,88.22,69.80,63.93,58.23
H,2022,10,26,88.32,75.15,68.85,64.80
H,2022,10,27,87.09,73.73,68.03,63.35
H,2022,10,28,86.38,72.68,66.73,57.68
H,2022,10,29,87.22,74.91,67.28,61.36
H,2022,10,30,86.63,68.64,63.65,57.48
H,2022,10,31,88.29,68.47,64.51,58.45
H,2022,11,1,87.82,69.86,65.06,60.70
H,2022,11,2,88.79,72.54,71.46,66.66
H,2022,11,3,88.54,73.81,72.06,68.04
H,2022,11,4,90.70,67.97,66.53,58.34
H,2022,11,5,89.71,68.90,66.70,58.51
H,2022,11,6,90.27,68.73,68.64,63.01
H,2022,11,7,88.39,65.05,63.10,55.13
H,2022,11,8,85.90,67.02,64.22,58.71
H,2022,11,9,87.04,67.05,64.14,61.34
H,2022,11,10,88.66,71.47,67.58,55.02
H,2022,11,11,87.97,67.00,64.86,51.07
H,2022,11,12,87.42,66.54,63.31,54.12
H,2022,11,13,89.68,70.34,68.18,64.69
H,2022,11,14,89.56,65.18,60.88,52.08
H,2022,11,15,88.85,65.58,63.13,56.92
H,2022,11,16,89.90,70.48,66.53,50.93
H,2022,11,17,90.25,68.44,62.87,50.11
H,2022,11,18,88.37,71.80,66.90,59.55
H,2022,11,19,89.34,69.37,63.04,51.17
H,2022,11,20,88.85,72.64,65.87,46.51
H,2022,11,21,86.78,74.21,67.54,49.70
H,2022,11,22,86.22,71.22,64.52,52.08
H,2022,11,23,88.02,70.42,64.21,48.25
H,2022,11,24,88.22,66.49,63.31,42.31
H,2022,11,25,86.61,68.24,61.90,46.73
H,2022,11,26,83.81,65.07,60.95,57.35
H,2022,11,27,85.74,68.82,64.98,59.38
H,2022,11,28,85.20,67.62,64.17,59.44
H,2022,11,29,86.65,69.10,68.71,65.42
H,2022,11,30,86.15,68.15,65.28,51.70
H,2022,12,1,83.67,65.33,63.44,50.01
H,2022,12,2,86.65,65.76,64.63,51.91
H,2022,12,3,85.17,68.13,66.33,46.59
H,2022,12,4,84.39,68.02,65.44,46.88
H,2022,12,5,86.28,66.03,63.56,57.00
H,2022,12,6,87.68,66.71,65.96,59.24
H,2022,12,7,86.42,66.48,63.61,54.80
H,2022,12,8,84.58,66.02,64.96,48.87
H,2022,12,9,85.09,64.61,63.80,62.57
H,2022,12,10,84.61,63.06,61.72,55.58
H,2022,12,11,85.42,72.59,70.12,62.97
H,2022,12,12,86.93,68.12,66.23,63.94
H,2022,12,13,87.44,67.76,66.22,63.10
H,2022,12,14,84.43,67.17,65.54,50.30
H,2022,12,15,83.31,64.70,64.96,52.87
H,2022,12,16,83.33,63.48,62.88,49.90
H,2022,12,17,84.60,64.03,63.61,50.44
H,2022,12,18,82.74,62.59,61.85,50.69
H,2022,12,19,84.78,65.33,62.88,53.59
H,2022,12,20,84.45,63.66,64.07,57.03
H,2022,12,21,84.03,65.06,63.47,61.08
H,2022,12,22,82.70,64.61,62.48,54.42
H,2022,12,23,85.21,67.55,67.06,61.98
H,2022,12,24,84.89,63.96,62.74,56.83
H,2022,12,25,84.92,66.09,63.10,51.23
H,2022,12,26,85.51,66.74,62.85,51.91
H,2022,12,27,83.62,66.65,65.13,55.45
H,2022,12,28,84.05,67.85,65.78,60.93
H,2022,12,29,83.31,68.66,66.24,56.21
H,2022,12,30,84.47,63.60,61.75,53.17
H,2022,12,31,86.78,64.79,64.13,54.18
H,2023,1,1,84.40,72.74,72.50,69.01
H,2023,1,2,83.28,68.88,68.72,65.83
H,2023,1,3,79.68,65.08,64.35,58.94
H,2023,1,4,81.12,66.86,64.64,56.51
H,2023,1,5,80.19,67.02,65.25,62.03
H,2023,1,6,80.60,70.53,71.32,60.15
H,2023,1,7,81.42,65.67,66.48,50.69
H,2023,1,8,83.71,68.24,66.33,56.44
H,2023,1,9,83.16,66.33,65.17,58.78
H,2023,1,10,83.06,65.77,65.75,62.90
H,2023,1,11,84.74,68.35,67.04,55.48
H,2023,1,12,86.70,65.85,65.26,47.41
H,2023,1,13,85.73,70.31,69.82,49.84
H,2023,1,14,84.23,68.18,68.39,52.96
H,2023,1,15,83.06,65.00,64.42,60.27
H,2023,1,16,82.21,68.32,68.70,65.41
H,2023,1,17,81.15,70.54,71.95,67.49
H,2023,1,18,80.92,73.29,72.77,62.11
H,2023,1,19,81.05,67.88,66.12,62.45
H,2023,1,20,80.78,69.52,69.83,65.06
H,2023,1,21,83.83,66.12,65.99,60.79
H,2023,1,22,83.60,69.48,68.42,63.95
H,2023,1,23,80.71,70.18,68.92,65.23
H,2023,1,24,80.64,64.54,64.74,57.36
H,2023,1,25,81.08,63.67,64.88,57.91
H,2023,1,26,82.51,65.77,65.82,54.62
H,2023,1,27,82.17,66.23,66.02,59.06
H,2023,1,28,80.90,66.63,67.42,62.87
H,2023,1,29,78.60,65.33,64.69,61.52
H,2023,1,30,78.77,63.89,64.28,55.75
H,2023,1,31,79.75,64.87,64.75,59.64
H,2023,2,1,80.74,66.48,67.21,55.50
H,2023,2,2,82.31,64.37,64.00,53.72
H,2023,2,3,78.40,65.95,67.12,58.54
H,2023,2,4,77.88,64.14,64.77,58.43
H,2023,2,5,76.23,64.80,63.20,58.88
H,2023,2,6,75.39,71.01,71.22,68.13
H,2023,2,7,74.76,65.66,63.91,52.05
H,2023,2,8,77.96,67.31,66.15,52.58
H,2023,2,9,79.63,71.14,68.36,50.58
H,2023,2,10,77.89,66.58,64.90,54.38
H,2023,2,11,79.08,71.41,70.99,67.33
H,2023,2,12,77.65,67.96,67.96,59.84
H,2023,2,13,78.90,66.00,66.06,62.17
H,2023,2,14,80.86,69.26,69.70,66.76
H,2023,2,15,80.76,75.38,74.26,66.56
H,2023,2,16,79.31,70.09,68.80,56.44
H,2023,2,17,78.29,67.04,67.78,52.22
H,2023,2,18,77.03,66.05,65.73,47.31
H,2023,2,19,74.55,68.18,67.05,45.70
H,2023,2,20,72.51,64.81,63.90,50.35
H,2023,2,21,73.23,67.44,67.33,61.17
H,2023,2,22,75.96,74.97,74.97,70.32
H,2023,2,23,74.68,70.85,71.58,61.59
H,2023,2,24,74.41,67.88,69.34,64.98
H,2023,2,25,77.53,68.81,70.30,64.96
H,2023,2,26,77.64,71.61,72.27,64.60
H,2023,2,27,75.11,66.54,66.41,53.86
H,2023,2,28,75.19,66.15,66.60,55.66
H,2023,3,1,77.06,73.43,72.71,67.04
H,2023,3,2,75.17,69.76,71.30,66.69
H,2023,3,3,73.39,65.86,66.58,57.37
H,2023,3,4,72.37,65.83,66.65,61.55
H,2023,3,5,70.46,67.91,66.54,54.76
H,2023,3,6,70.20,63.81,64.62,53.25
H,2023,3,7,70.02,66.30,66.94,63.81
H,2023,3,8,69.25,67.03,67.98,64.78
H,2023,3,9,71.00,67.10,67.86,62.53
H,2023,3,10,73.29,63.99,65.03,58.51
H,2023,3,11,72.10,67.08,67.50,55.66
H,2023,3,12,75.76,73.17,71.26,55.67
H,2023,3,13,74.05,68.46,68.58,54.99
H,2023,3,14,71.85,64.60,65.41,56.45
H,2023,3,15,71.71,68.30,69.13,63.73
H,2023,3,16,70.51,70.14,70.32,64.03
H,2023,3,17,68.99,62.74,65.23,49.50
H,2023,3,18,67.76,65.29,66.10,54.93
H,2023,3,19,70.71,66.24,65.02,54.64
H,2023,3,20,70.33,65.46,65.98,59.72
H,2023,3,21,70.87,67.49,67.47,63.18
H,2023,3,22,69.85,67.25,67.91,63.67
H,2023,3,23,70.85,69.62,69.47,63.04
H,2023,3,24,72.62,72.02,72.38,69.02
H,2023,3,25,70.38,72.95,72.73,67.56
H,2023,3,26,70.98,72.36,72.75,66.72
H,2023,3,27,66.85,67.20,68.17,62.13
H,2023,3,28,66.72,66.85,67.46,60.67
H,2023,3,29,67.13,69.19,70.18,60.80
H,2023,3,30,63.74,65.06,66.44,61.24
H,2023,3,31,64.62,65.72,65.84,57.86
H,2023,4,1,67.61,71.18,71.26,62.75
H,2023,4,2,65.96,68.16,68.24,63.66
H,2023,4,3,72.83,74.74,74.28,69.35
H,2023,4,4,72.52,74.62,73.98,68.70
H,2023,4,5,69.36,70.77,71.35,63.02
H,2023,4,6,66.39,67.58,68.00,60.38
H,2023,4,7,66.62,67.12,67.64,63.19
H,2023,4,8,66.61,66.47,67.13,62.26
H,2023,4,9,66.47,67.98,66.68,58.85
H,2023,4,10,64.84,64.80,65.42,55.35
H,2023,4,11,67.26,66.13,66.98,60.42
H,2023,4,12,68.14,70.75,70.33,64.62
H,2023,4,13,69.66,71.99,72.22,66.65
H,2023,4,14,63.14,63.56,64.54,60.32
H,2023,4,15,65.58,66.63,66.23,61.35
H,2023,4,16,64.89,67.25,68.18,62.95
H,2023,4,17,67.66,70.15,72.08,66.71
H,2023,4,18,NaN,NaN,NaN,NaN
H,2023,4,19,NaN,NaN,NaN,NaN
H,2023,4,20,NaN,NaN,NaN,NaN
H,2023,4,21,NaN,NaN,NaN,NaN
H,2023,4,22,NaN,NaN,NaN,NaN
H,2023,4,23,NaN,NaN,NaN,NaN
H,2023,4,24,NaN,NaN,NaN,NaN
H,2023,4,25,NaN,NaN,NaN,NaN
H,2023,4,26,NaN,NaN,NaN,NaN
H,2023,4,27,NaN,NaN,NaN,NaN
H,2023,4,28,NaN,NaN,NaN,NaN
H,2023,4,29,NaN,NaN,NaN,NaN
H,2023,4,30,NaN,NaN,NaN,NaN
H,2023,5,1,NaN,NaN,NaN,NaN
H,2023,5,2,NaN,NaN,NaN,NaN
H,2023,5,3,NaN,NaN,NaN,NaN
H,2023,5,4,NaN,NaN,NaN,NaN
H,2023,5,5,NaN,NaN,NaN,NaN
H,2023,5,6,NaN,NaN,NaN,NaN
H,2023,5,7,NaN,NaN,NaN,NaN
H,2023,5,8,NaN,NaN,NaN,NaN
H,2023,5,9,NaN,NaN,NaN,NaN
H,2023,5,10,NaN,NaN,NaN,NaN
H,2023,5,11,NaN,NaN,NaN,NaN
H,2023,5,12,NaN,NaN,NaN,NaN
H,2023,5,13,NaN,NaN,NaN,NaN
H,2023,5,14,NaN,NaN,NaN,NaN
H,2023,5,15,NaN,NaN,NaN,NaN
H,2023,5,16,NaN,NaN,NaN,NaN
H,2023,5,17,NaN,NaN,NaN,NaN
H,2023,5,18,NaN,NaN,NaN,NaN
H,2023,5,19,NaN,NaN,NaN,NaN
H,2023,5,20,NaN,NaN,NaN,NaN
H,2023,5,21,NaN,NaN,NaN,NaN
H,2023,5,22,NaN,NaN,NaN,NaN
H,2023,5,23,NaN,NaN,NaN,NaN
H,2023,5,24,NaN,NaN,NaN,NaN
H,2023,5,25,NaN,NaN,NaN,NaN
H,2023,5,26,NaN,NaN,NaN,NaN
H,2023,5,27,NaN,NaN,NaN,NaN
H,2023,5,28,NaN,NaN,NaN,NaN
H,2023,5,29,NaN,NaN,NaN,NaN
H,2023,5,30,NaN,NaN,NaN,NaN
H,2023,5,31,NaN,NaN,NaN,NaN
H,2023,6,1,NaN,NaN,NaN,NaN
H,2023,6,2,NaN,NaN,NaN,NaN
H,2023,6,3,NaN,NaN,NaN,NaN
H,2023,6,4,NaN,NaN,NaN,NaN
H,2023,6,5,NaN,NaN,NaN,NaN
H,2023,6,6,NaN,NaN,NaN,NaN
H,2023,6,7,NaN,NaN,NaN,NaN
H,2023,6,8,NaN,NaN,NaN,NaN
H,2023,6,9,NaN,NaN,NaN,NaN
H,2023,6,10,NaN,NaN,NaN,NaN
H,2023,6,11,NaN,NaN,NaN,NaN
H,2023,6,12,NaN,NaN,NaN,NaN
H,2023,6,13,NaN,NaN,NaN,NaN
H,2023,6,14,NaN,NaN,NaN,NaN
H,2023,6,15,NaN,NaN,NaN,NaN
H,2023,6,16,NaN,NaN,NaN,NaN
H,2023,6,17,NaN,NaN,NaN,NaN
H,2023,6,18,NaN,NaN,NaN,NaN
H,2023,6,19,NaN,NaN,NaN,NaN
H,2023,6,20,NaN,NaN,NaN,NaN
H,2023,6,21,NaN,NaN,NaN,NaN
H,2023,6,22,NaN,NaN,NaN,NaN
H,2023,6,23,NaN,NaN,NaN,NaN
H,2023,6,24,NaN,NaN,NaN,NaN
H,2023,6,25,NaN,NaN,NaN,NaN
H,2023,6,26,NaN,NaN,NaN,NaN
H,2023,6,27,NaN,NaN,NaN,NaN
H,2023,6,28,NaN,NaN,NaN,NaN
H,2023,6,29,NaN,NaN,NaN,NaN
H,2023,6,30,NaN,NaN,NaN,NaN
H,2023,7,1,NaN,NaN,NaN,NaN
H,2023,7,2,NaN,NaN,NaN,NaN
H,2023,7,3,NaN,NaN,NaN,NaN
H,2023,7,4,NaN,NaN,NaN,NaN
H,2023,7,5,NaN,NaN,NaN,NaN
H,2023,7,6,NaN,NaN,NaN,NaN
H,2023,7,7,NaN,NaN,NaN,NaN
H,2023,7,8,NaN,NaN,NaN,NaN
H,2023,7,9,NaN,NaN,NaN,NaN
H,2023,7,10,NaN,NaN,NaN,NaN
H,2023,7,11,NaN,NaN,NaN,NaN
H,2023,7,12,NaN,NaN,NaN,NaN
H,2023,7,13,NaN,NaN,NaN,NaN
H,2023,7,14,NaN,NaN,NaN,NaN
H,2023,7,15,NaN,NaN,NaN,NaN
H,2023,7,16,NaN,NaN,NaN,NaN
H,2023,7,17,NaN,NaN,NaN,NaN
H,2023,7,18,NaN,NaN,NaN,NaN
H,2023,7,19,NaN,NaN,NaN,NaN
H,2023,7,20,NaN,NaN,NaN,NaN
H,2023,7,21,NaN,NaN,NaN,NaN
H,2023,7,22,NaN,NaN,NaN,NaN
H,2023,7,23,NaN,NaN,NaN,NaN
H,2023,7,24,NaN,NaN,NaN,NaN
H,2023,7,25,NaN,NaN,NaN,NaN
H,2023,7,26,NaN,NaN,NaN,NaN
H,2023,7,27,NaN,NaN,NaN,NaN
H,2023,7,28,NaN,NaN,NaN,NaN
H,2023,7,29,NaN,NaN,NaN,NaN
H,2023,7,30,NaN,NaN,NaN,NaN
H,2023,7,31,NaN,NaN,NaN,NaN
H,2023,8,1,NaN,NaN,NaN,NaN
H,2023,8,2,NaN,NaN,NaN,NaN
H,2023,8,3,NaN,NaN,NaN,NaN
H,2023,8,4,NaN,NaN,NaN,NaN
H,2023,8,5,NaN,NaN,NaN,NaN
H,2023,8,6,NaN,NaN,NaN,NaN
H,2023,8,7,NaN,NaN,NaN,NaN
H,2023,8,8,NaN,NaN,NaN,NaN
H,2023,8,9,NaN,NaN,NaN,NaN
H,2023,8,10,NaN,NaN,NaN,NaN
H,2023,8,11,NaN,NaN,NaN,NaN
H,2023,8,12,NaN,NaN,NaN,NaN
H,2023,8,13,NaN,NaN,NaN,NaN
H,2023,8,14,NaN,NaN,NaN,NaN
H,2023,8,15,NaN,NaN,NaN,NaN
H,2023,8,16,NaN,NaN,NaN,NaN
H,2023,8,17,NaN,NaN,NaN,NaN
H,2023,8,18,NaN,NaN,NaN,NaN
H,2023,8,19,NaN,NaN,NaN,NaN
H,2023,8,20,NaN,NaN,NaN,NaN
H,2023,8,21,NaN,NaN,NaN,NaN
H,2023,8,22,NaN,NaN,NaN,NaN
H,2023,8,23,NaN,NaN,NaN,NaN
H,2023,8,24,NaN,NaN,NaN,NaN
H,2023,8,25,NaN,NaN,NaN,NaN
H,2023,8,26,NaN,NaN,NaN,NaN
H,2023,8,27,NaN,NaN,NaN,NaN
H,2023,8,28,NaN,NaN,NaN,NaN
H,2023,8,29,NaN,NaN,NaN,NaN
H,2023,8,30,NaN,NaN,NaN,NaN
H,2023,8,31,NaN,NaN,NaN,NaN
H,2023,9,1,NaN,NaN,NaN,NaN
H,2023,9,2,NaN,NaN,NaN,NaN
H,2023,9,3,NaN,NaN,NaN,NaN
H,2023,9,4,NaN,NaN,NaN,NaN
H,2023,9,5,NaN,NaN,NaN,NaN
H,2023,9,6,NaN,NaN,NaN,NaN
H,2023,9,7,NaN,NaN,NaN,NaN
H,2023,9,8,NaN,NaN,NaN,NaN
H,2023,9,9,NaN,NaN,NaN,NaN
H,2023,9,10,NaN,NaN,NaN,NaN
H,2023,9,11,NaN,NaN,NaN,NaN
H,2023,9,12,NaN,NaN,NaN,NaN
H,2023,9,13,NaN,NaN,NaN,NaN
H,2023,9,14,NaN,NaN,NaN,NaN
H,2023,9,15,NaN,NaN,NaN,NaN
H,2023,9,16,NaN,NaN,NaN,NaN
H,2023,9,17,NaN,NaN,NaN,NaN
H,2023,9,18,NaN,NaN,NaN,NaN
H,2023,9,19,NaN,NaN,NaN,NaN
H,2023,9,20,NaN,NaN,NaN,NaN
H,2023,9,21,NaN,NaN,NaN,NaN
H,2023,9,22,NaN,NaN,NaN,NaN
H,2023,9,23,NaN,NaN,NaN,NaN
H,2023,9,24,NaN,NaN,NaN,NaN
H,2023,9,25,NaN,NaN,NaN,NaN
H,2023,9,26,NaN,NaN,NaN,NaN
H,2023,9,27,NaN,NaN,NaN,NaN
H,2023,9,28,NaN,NaN,NaN,NaN
H,2023,9,29,NaN,NaN,NaN,NaN
H,2023,9,30,NaN,NaN,NaN,NaN
H,2023,10,1,NaN,NaN,NaN,NaN
H,2023,10,2,NaN,NaN,NaN,NaN
H,2023,10,3,NaN,NaN,NaN,NaN
H,2023,10,4,NaN,NaN,NaN,NaN
H,2023,10,5,NaN,NaN,NaN,NaN
H,2023,10,6,NaN,NaN,NaN,NaN
H,2023,10,7,NaN,NaN,NaN,NaN
H,2023,10,8,NaN,NaN,NaN,NaN
H,2023,10,9,NaN,NaN,NaN,NaN
H,2023,10,10,NaN,NaN,NaN,NaN
H,2023,10,11,NaN,NaN,NaN,NaN
H,2023,10,12,NaN,NaN,NaN,NaN
H,2023,10,13,NaN,NaN,NaN,NaN
H,2023,10,14,NaN,NaN,NaN,NaN
H,2023,10,15,NaN,NaN,NaN,NaN
H,2023,10,16,NaN,NaN,NaN,NaN
H,2023,10,17,NaN,NaN,NaN,NaN
H,2023,10,18,NaN,NaN,NaN,NaN
H,2023,10,19,NaN,NaN,NaN,NaN
H,2023,10,20,NaN,NaN,NaN,NaN
H,2023,10,21,NaN,NaN,NaN,NaN
H,2023,10,22,NaN,NaN,NaN,NaN
H,2023,10,23,NaN,NaN,NaN,NaN
H,2023,10,24,NaN,NaN,NaN,NaN
H,2023,10,25,NaN,NaN,NaN,NaN
H,2023,10,26,NaN,NaN,NaN,NaN
H,2023,10,27,NaN,NaN,NaN,NaN
H,2023,10,28,NaN,NaN,NaN,NaN
H,2023,10,29,NaN,NaN,NaN,NaN
H,2023,10,30,NaN,NaN,NaN,NaN
H,2023,10,31,NaN,NaN,NaN,NaN
H,2023,11,1,NaN,NaN,NaN,NaN
H,2023,11,2,NaN,NaN,NaN,NaN
H,2023,11,3,NaN,NaN,NaN,NaN
H,2023,11,4,NaN,NaN,NaN,NaN
H,2023,11,5,NaN,NaN,NaN,NaN
H,2023,11,6,NaN,NaN,NaN,NaN
H,2023,11,7,NaN,NaN,NaN,NaN
H,2023,11,8,NaN,NaN,NaN,NaN
H,2023,11,9,NaN,NaN,NaN,NaN
H,2023,11,10,NaN,NaN,NaN,NaN
H,2023,11,11,NaN,NaN,NaN,NaN
H,2023,11,12,NaN,NaN,NaN,NaN
H,2023,11,13,NaN,NaN,NaN,NaN
H,2023,11,14,NaN,NaN,NaN,NaN
H,2023,11,15,NaN,NaN,NaN,NaN
H,2023,11,16,NaN,NaN,NaN,NaN
H,2023,11,17,NaN,NaN,NaN,NaN
H,2023,11,18,NaN,NaN,NaN,NaN
H,2023,11,19,NaN,NaN,NaN,NaN
H,2023,11,20,NaN,NaN,NaN,NaN
H,2023,11,21,NaN,NaN,NaN,NaN
H,2023,11,22,NaN,NaN,NaN,NaN
H,2023,11,23,NaN,NaN,NaN,NaN
H,2023,11,24,NaN,NaN,NaN,NaN
H,2023,11,25,NaN,NaN,NaN,NaN
H,2023,11,26,NaN,NaN,NaN,NaN
H,2023,11,27,NaN,NaN,NaN,NaN
H,2023,11,28,NaN,NaN,NaN,NaN
H,2023,11,29,NaN,NaN,NaN,NaN
H,2023,11,30,NaN,NaN,NaN,NaN
H,2023,12,1,NaN,NaN,NaN,NaN
H,2023,12,2,NaN,NaN,NaN,NaN
H,2023,12,3,NaN,NaN,NaN,NaN
H,2023,12,4,NaN,NaN,NaN,NaN
H,2023,12,5,NaN,NaN,NaN,NaN
H,2023,12,6,NaN,NaN,NaN,NaN
H,2023,12,7,NaN,NaN,NaN,NaN
H,2023,12,8,NaN,NaN,NaN,NaN
H,2023,12,9,NaN,NaN,NaN,NaN
H,2023,12,10,NaN,NaN,NaN,NaN
H,2023,12,11,NaN,NaN,NaN,NaN
H,2023,12,12,NaN,NaN,NaN,NaN
H,2023,12,13,NaN,NaN,NaN,NaN
H,2023,12,14,NaN,NaN,NaN,NaN
H,2023,12,15,NaN,NaN,NaN,NaN
