"","X","Basin","Site","Loct","Date","Time","UOM","Year","Month","Day","Lat","Long","Huc8","pollute","huc08","huc06","huc04","huc02"
"476497",584150,"KANSAS/LOWER REPUBLICAN RIVER BASIN","SC101","5.5 MI SW OF DELIA","2001-02-21",1025,1.485,2001,2,21,39.20226,-95.874053,10270102,"TKN",10270102,102701,1027,10
"476498",584240,"KANSAS/LOWER REPUBLICAN RIVER BASIN","SC101","5.5 MI SW OF DELIA","2001-04-25",940,0.196,2001,4,25,39.20226,-95.874053,10270102,"TKN",10270102,102701,1027,10
"476499",584350,"KANSAS/LOWER REPUBLICAN RIVER BASIN","SC101","5.5 MI SW OF DELIA","2001-06-27",930,0.551,2001,6,27,39.20226,-95.874053,10270102,"TKN",10270102,102701,1027,10
"476500",584450,"KANSAS/LOWER REPUBLICAN RIVER BASIN","SC101","5.5 MI SW OF DELIA","2001-08-29",925,1.254,2001,8,29,39.20226,-95.874053,10270102,"TKN",10270102,102701,1027,10
"476501",584540,"KANSAS/LOWER REPUBLICAN RIVER BASIN","SC101","5.5 MI SW OF DELIA","2001-08-29",930,1.111,2001,8,29,39.20226,-95.874053,10270102,"TKN",10270102,102701,1027,10
"476502",584650,"KANSAS/LOWER REPUBLICAN RIVER BASIN","SC101","5.5 MI SW OF DELIA","2001-10-24",855,0.508,2001,10,24,39.20226,-95.874053,10270102,"TKN",10270102,102701,1027,10
"476503",584741,"KANSAS/LOWER REPUBLICAN RIVER BASIN","SC101","5.5 MI SW OF DELIA","2001-12-26",935,0.509,2001,12,26,39.20226,-95.874053,10270102,"TKN",10270102,102701,1027,10
"476504",584840,"KANSAS/LOWER REPUBLICAN RIVER BASIN","SC101","","2005-02-02",930,0.799,2005,2,2,39.20226,-95.874053,10270102,"TKN",10270102,102701,1027,10
"476505",584940,"KANSAS/LOWER REPUBLICAN RIVER BASIN","SC101","","2005-04-06",935,0.152,2005,4,6,39.20226,-95.874053,10270102,"TKN",10270102,102701,1027,10
"476506",585050,"KANSAS/LOWER REPUBLICAN RIVER BASIN","SC101","","2005-04-06",940,0.05,2005,4,6,39.20226,-95.874053,10270102,"TKN",10270102,102701,1027,10
"476507",585140,"KANSAS/LOWER REPUBLICAN RIVER BASIN","SC101","","2005-06-01",929,0.327,2005,6,1,39.20226,-95.874053,10270102,"TKN",10270102,102701,1027,10
"476508",585231,"KANSAS/LOWER REPUBLICAN RIVER BASIN","SC101","","2005-08-03",925,0.253,2005,8,3,39.20226,-95.874053,10270102,"TKN",10270102,102701,1027,10
"476509",585324,"KANSAS/LOWER REPUBLICAN RIVER BASIN","SC101","","2005-10-05",923,0.799,2005,10,5,39.20226,-95.874053,10270102,"TKN",10270102,102701,1027,10
"476510",585418,"KANSAS/LOWER REPUBLICAN RIVER BASIN","SC101","","2005-12-07",1020,0.117,2005,12,7,39.20226,-95.874053,10270102,"TKN",10270102,102701,1027,10
"476511",585540,"KANSAS/LOWER REPUBLICAN RIVER BASIN","SC101","","2009-02-03",911,0.306,2009,2,3,39.20226,-95.874053,10270102,"TKN",10270102,102701,1027,10
"476512",585640,"KANSAS/LOWER REPUBLICAN RIVER BASIN","SC101","","2009-04-07",918,0.474,2009,4,7,39.20226,-95.874053,10270102,"TKN",10270102,102701,1027,10
"476513",585740,"KANSAS/LOWER REPUBLICAN RIVER BASIN","SC101","","2009-06-02",853,0.888,2009,6,2,39.20226,-95.874053,10270102,"TKN",10270102,102701,1027,10
"476514",585950,"KANSAS/LOWER REPUBLICAN RIVER BASIN","SC101","","2009-10-05",1053,0.347,2009,10,5,39.20226,-95.874053,10270102,"TKN",10270102,102701,1027,10
"476515",586040,"KANSAS/LOWER REPUBLICAN RIVER BASIN","SC101","","2009-12-21",1008,0.322,2009,12,21,39.20226,-95.874053,10270102,"TKN",10270102,102701,1027,10
"476516",586139,"KANSAS/LOWER REPUBLICAN RIVER BASIN","SC101","","2013-01-29",857,0.305,2013,1,29,39.20226,-95.874053,10270102,"TKN",10270102,102701,1027,10
"476517",586240,"KANSAS/LOWER REPUBLICAN RIVER BASIN","SC101","","2013-01-29",902,0.309,2013,1,29,39.20226,-95.874053,10270102,"TKN",10270102,102701,1027,10
"476518",586350,"KANSAS/LOWER REPUBLICAN RIVER BASIN","SC101","","2013-04-30",844,0.382,2013,4,30,39.20226,-95.874053,10270102,"TKN",10270102,102701,1027,10
"476519",586450,"KANSAS/LOWER REPUBLICAN RIVER BASIN","SC101","","2013-07-09",910,0.492,2013,7,9,39.20226,-95.874053,10270102,"TKN",10270102,102701,1027,10
"476520",586550,"KANSAS/LOWER REPUBLICAN RIVER BASIN","SC101","","2013-10-23",844,0.319,2013,10,23,39.20226,-95.874053,10270102,"TKN",10270102,102701,1027,10
"476521",586640,"KANSAS/LOWER REPUBLICAN RIVER BASIN","SC101","","2017-02-07",835,0.41,2017,2,7,39.20226,-95.874053,10270102,"TKN",10270102,102701,1027,10
"476522",586740,"KANSAS/LOWER REPUBLICAN RIVER BASIN","SC101","","2017-05-02",846,1.9,2017,5,2,39.20226,-95.874053,10270102,"TKN",10270102,102701,1027,10
"476523",586817,"KANSAS/LOWER REPUBLICAN RIVER BASIN","SC101","","2017-08-08",935,0.71,2017,8,8,39.20226,-95.874053,10270102,"TKN",10270102,102701,1027,10
"476524",586950,"KANSAS/LOWER REPUBLICAN RIVER BASIN","SC101","","2017-11-07",923,0.34,2017,11,7,39.20226,-95.874053,10270102,"TKN",10270102,102701,1027,10
"476525",587040,"KANSAS/LOWER REPUBLICAN RIVER BASIN","SC101","","2021-03-02",639,0.45,2021,3,2,39.20226,-95.874053,10270102,"TKN",10270102,102701,1027,10
"476526",587140,"KANSAS/LOWER REPUBLICAN RIVER BASIN","SC101","","2021-06-21",715,0.79,2021,6,21,39.20226,-95.874053,10270102,"TKN",10270102,102701,1027,10
"476527",587240,"KANSAS/LOWER REPUBLICAN RIVER BASIN","SC101","","2021-09-08",638,0.47,2021,9,8,39.20226,-95.874053,10270102,"TKN",10270102,102701,1027,10
"476528",587329,"KANSAS/LOWER REPUBLICAN RIVER BASIN","SC101","","2021-12-07",644,0.65,2021,12,7,39.20226,-95.874053,10270102,"TKN",10270102,102701,1027,10
"476769",757912,"KANSAS/LOWER REPUBLICAN RIVER BASIN","SC109","9 MI S ON U.S. HIGHWAY 75 AND 4 MI E ON CROCO RD NEAR TOPEKA","2000-01-05",1700,0.3,2000,1,5,38.89181,-95.59458,10270104,"TKN",10270104,102701,1027,10
"476770",758011,"KANSAS/LOWER REPUBLICAN RIVER BASIN","SC109","9 MI S ON U.S. HIGHWAY 75 AND 4 MI E ON CROCO RD NEAR TOPEKA","2000-03-08",1620,0.41,2000,3,8,38.89181,-95.59458,10270104,"TKN",10270104,102701,1027,10
"476771",758112,"KANSAS/LOWER REPUBLICAN RIVER BASIN","SC109","9 MI S ON U.S. HIGHWAY 75 AND 4 MI E ON CROCO RD NEAR TOPEKA","2000-05-03",1515,1.31,2000,5,3,38.89181,-95.59458,10270104,"TKN",10270104,102701,1027,10
"476772",758211,"KANSAS/LOWER REPUBLICAN RIVER BASIN","SC109","9 MI S ON U.S. HIGHWAY 75 AND 4 MI E ON CROCO RD NEAR TOPEKA","2000-07-05",1540,0.49,2000,7,5,38.89181,-95.59458,10270104,"TKN",10270104,102701,1027,10
"476773",758311,"KANSAS/LOWER REPUBLICAN RIVER BASIN","SC109","9 MI S ON U.S. HIGHWAY 75 AND 4 MI E ON CROCO RD NEAR TOPEKA","2000-11-01",1605,2.16,2000,11,1,38.89181,-95.59458,10270104,"TKN",10270104,102701,1027,10
"476774",758411,"KANSAS/LOWER REPUBLICAN RIVER BASIN","SC109","9 MI S ON U.S. HIGHWAY 75 AND 4 MI E ON CROCO RD NEAR TOPEKA","2001-01-31",1530,0.25,2001,1,31,38.89181,-95.59458,10270104,"TKN",10270104,102701,1027,10
"476775",758512,"KANSAS/LOWER REPUBLICAN RIVER BASIN","SC109","9 MI S ON U.S. HIGHWAY 75 AND 4 MI E ON CROCO RD NEAR TOPEKA","2001-04-04",1540,0.667,2001,4,4,38.89181,-95.59458,10270104,"TKN",10270104,102701,1027,10
"476776",758611,"KANSAS/LOWER REPUBLICAN RIVER BASIN","SC109","9 MI S ON U.S. HIGHWAY 75 AND 4 MI E ON CROCO RD NEAR TOPEKA","2001-06-06",1540,1.387,2001,6,6,38.89181,-95.59458,10270104,"TKN",10270104,102701,1027,10
"476777",758712,"KANSAS/LOWER REPUBLICAN RIVER BASIN","SC109","9 MI S ON U.S. HIGHWAY 75 AND 4 MI E ON CROCO RD NEAR TOPEKA","2001-08-08",1540,0.851,2001,8,8,38.89181,-95.59458,10270104,"TKN",10270104,102701,1027,10
"476778",758811,"KANSAS/LOWER REPUBLICAN RIVER BASIN","SC109","9 MI S ON U.S. HIGHWAY 75 AND 4 MI E ON CROCO RD NEAR TOPEKA","2001-10-03",1640,0.805,2001,10,3,38.89181,-95.59458,10270104,"TKN",10270104,102701,1027,10
"476779",758912,"KANSAS/LOWER REPUBLICAN RIVER BASIN","SC109","9 MI S ON U.S. HIGHWAY 75 AND 4 MI E ON CROCO RD NEAR TOPEKA","2001-12-05",1500,0.783,2001,12,5,38.89181,-95.59458,10270104,"TKN",10270104,102701,1027,10
"476780",759012,"KANSAS/LOWER REPUBLICAN RIVER BASIN","SC109","9 MI S ON U.S. HIGHWAY 75 AND 4 MI E ON CROCO RD NEAR TOPEKA","2001-12-05",1505,0.844,2001,12,5,38.89181,-95.59458,10270104,"TKN",10270104,102701,1027,10
"476781",759115,"KANSAS/LOWER REPUBLICAN RIVER BASIN","SC109","9 MI S ON U.S. HIGHWAY 75 AND 4 MI E ON CROCO RD NEAR TOPEKA","2002-01-09",1525,0.43,2002,1,9,38.89181,-95.59458,10270104,"TKN",10270104,102701,1027,10
"476782",759213,"KANSAS/LOWER REPUBLICAN RIVER BASIN","SC109","9 MI S ON U.S. HIGHWAY 75 AND 4 MI E ON CROCO RD NEAR TOPEKA","2002-03-06",1635,0.255,2002,3,6,38.89181,-95.59458,10270104,"TKN",10270104,102701,1027,10
"476783",759312,"KANSAS/LOWER REPUBLICAN RIVER BASIN","SC109","9 MI S ON U.S. HIGHWAY 75 AND 4 MI E ON CROCO RD NEAR TOPEKA","2002-05-08",1635,2.19,2002,5,8,38.89181,-95.59458,10270104,"TKN",10270104,102701,1027,10
"476784",759412,"KANSAS/LOWER REPUBLICAN RIVER BASIN","SC109","","2002-07-10",1546,0.809,2002,7,10,38.89181,-95.59458,10270104,"TKN",10270104,102701,1027,10
"476785",759511,"KANSAS/LOWER REPUBLICAN RIVER BASIN","SC109","","2002-09-04",1554,0.706,2002,9,4,38.89181,-95.59458,10270104,"TKN",10270104,102701,1027,10
"476786",759612,"KANSAS/LOWER REPUBLICAN RIVER BASIN","SC109","","2002-11-13",1608,1.207,2002,11,13,38.89181,-95.59458,10270104,"TKN",10270104,102701,1027,10
"476787",759712,"KANSAS/LOWER REPUBLICAN RIVER BASIN","SC109","","2003-02-06",1500,0.854,2003,2,6,38.89181,-95.59458,10270104,"TKN",10270104,102701,1027,10
"476788",759811,"KANSAS/LOWER REPUBLICAN RIVER BASIN","SC109","","2003-04-03",1530,0.852,2003,4,3,38.89181,-95.59458,10270104,"TKN",10270104,102701,1027,10
"476789",759912,"KANSAS/LOWER REPUBLICAN RIVER BASIN","SC109","","2003-06-05",1448,1.113,2003,6,5,38.89181,-95.59458,10270104,"TKN",10270104,102701,1027,10
"476790",760010,"KANSAS/LOWER REPUBLICAN RIVER BASIN","SC109","","2003-08-07",1421,0.852,2003,8,7,38.89181,-95.59458,10270104,"TKN",10270104,102701,1027,10
"476791",760111,"KANSAS/LOWER REPUBLICAN RIVER BASIN","SC109","","2003-10-09",1511,0.737,2003,10,9,38.89181,-95.59458,10270104,"TKN",10270104,102701,1027,10
"476792",760210,"KANSAS/LOWER REPUBLICAN RIVER BASIN","SC109","","2003-12-30",1452,0.65,2003,12,30,38.89181,-95.59458,10270104,"TKN",10270104,102701,1027,10
"476793",760311,"KANSAS/LOWER REPUBLICAN RIVER BASIN","SC109","","2004-01-08",1547,0.894,2004,1,8,38.89181,-95.59458,10270104,"TKN",10270104,102701,1027,10
"476794",760410,"KANSAS/LOWER REPUBLICAN RIVER BASIN","SC109","","2004-03-02",1603,0.868,2004,3,2,38.89181,-95.59458,10270104,"TKN",10270104,102701,1027,10
"476795",760511,"KANSAS/LOWER REPUBLICAN RIVER BASIN","SC109","","2004-05-06",1524,0.648,2004,5,6,38.89181,-95.59458,10270104,"TKN",10270104,102701,1027,10
"476796",760610,"KANSAS/LOWER REPUBLICAN RIVER BASIN","SC109","","2004-07-08",1520,1.039,2004,7,8,38.89181,-95.59458,10270104,"TKN",10270104,102701,1027,10
"476797",760711,"KANSAS/LOWER REPUBLICAN RIVER BASIN","SC109","","2004-09-09",1630,0.584,2004,9,9,38.89181,-95.59458,10270104,"TKN",10270104,102701,1027,10
"476798",760810,"KANSAS/LOWER REPUBLICAN RIVER BASIN","SC109","","2004-11-04",1411,0.979,2004,11,4,38.89181,-95.59458,10270104,"TKN",10270104,102701,1027,10
"476799",760911,"KANSAS/LOWER REPUBLICAN RIVER BASIN","SC109","","2005-02-03",1515,0.423,2005,2,3,38.89181,-95.59458,10270104,"TKN",10270104,102701,1027,10
"476800",761010,"KANSAS/LOWER REPUBLICAN RIVER BASIN","SC109","","2005-04-07",1501,0.475,2005,4,7,38.89181,-95.59458,10270104,"TKN",10270104,102701,1027,10
"476801",761111,"KANSAS/LOWER REPUBLICAN RIVER BASIN","SC109","","2005-06-02",1610,1.165,2005,6,2,38.89181,-95.59458,10270104,"TKN",10270104,102701,1027,10
"476802",761210,"KANSAS/LOWER REPUBLICAN RIVER BASIN","SC109","","2005-08-04",1435,0.664,2005,8,4,38.89181,-95.59458,10270104,"TKN",10270104,102701,1027,10
"476803",761311,"KANSAS/LOWER REPUBLICAN RIVER BASIN","SC109","","2005-10-06",1435,0.647,2005,10,6,38.89181,-95.59458,10270104,"TKN",10270104,102701,1027,10
"476804",761410,"KANSAS/LOWER REPUBLICAN RIVER BASIN","SC109","","2005-12-08",1626,0.479,2005,12,8,38.89181,-95.59458,10270104,"TKN",10270104,102701,1027,10
"476805",761510,"KANSAS/LOWER REPUBLICAN RIVER BASIN","SC109","","2006-01-05",1417,0.261,2006,1,5,38.89181,-95.59458,10270104,"TKN",10270104,102701,1027,10
"476806",761611,"KANSAS/LOWER REPUBLICAN RIVER BASIN","SC109","","2006-03-09",1659,0.471,2006,3,9,38.89181,-95.59458,10270104,"TKN",10270104,102701,1027,10
"476807",761710,"KANSAS/LOWER REPUBLICAN RIVER BASIN","SC109","","2006-05-04",1552,0.88,2006,5,4,38.89181,-95.59458,10270104,"TKN",10270104,102701,1027,10
"476808",761811,"KANSAS/LOWER REPUBLICAN RIVER BASIN","SC109","","2006-07-06",1527,0.62,2006,7,6,38.89181,-95.59458,10270104,"TKN",10270104,102701,1027,10
"476809",761910,"KANSAS/LOWER REPUBLICAN RIVER BASIN","SC109","","2006-09-07",1416,1.211,2006,9,7,38.89181,-95.59458,10270104,"TKN",10270104,102701,1027,10
"476810",762011,"KANSAS/LOWER REPUBLICAN RIVER BASIN","SC109","","2006-11-02",1346,1.258,2006,11,2,38.89181,-95.59458,10270104,"TKN",10270104,102701,1027,10
"476811",762114,"KANSAS/LOWER REPUBLICAN RIVER BASIN","SC109","","2007-02-08",1518,0.495,2007,2,8,38.89181,-95.59458,10270104,"TKN",10270104,102701,1027,10
"476812",762212,"KANSAS/LOWER REPUBLICAN RIVER BASIN","SC109","","2007-04-05",1556,0.727,2007,4,5,38.89181,-95.59458,10270104,"TKN",10270104,102701,1027,10
"476813",762311,"KANSAS/LOWER REPUBLICAN RIVER BASIN","SC109","","2007-06-07",1417,0.657,2007,6,7,38.89181,-95.59458,10270104,"TKN",10270104,102701,1027,10
"476814",762411,"KANSAS/LOWER REPUBLICAN RIVER BASIN","SC109","","2007-08-09",1425,0.831,2007,8,9,38.89181,-95.59458,10270104,"TKN",10270104,102701,1027,10
"476815",762510,"KANSAS/LOWER REPUBLICAN RIVER BASIN","SC109","","2007-10-04",1641,0.603,2007,10,4,38.89181,-95.59458,10270104,"TKN",10270104,102701,1027,10
"476816",762611,"KANSAS/LOWER REPUBLICAN RIVER BASIN","SC109","","2007-12-18",1455,0.74,2007,12,18,38.89181,-95.59458,10270104,"TKN",10270104,102701,1027,10
"476817",762710,"KANSAS/LOWER REPUBLICAN RIVER BASIN","SC109","","2008-01-09",1503,0.904,2008,1,9,38.89181,-95.59458,10270104,"TKN",10270104,102701,1027,10
"476818",762811,"KANSAS/LOWER REPUBLICAN RIVER BASIN","SC109","","2008-03-05",1450,1.114,2008,3,5,38.89181,-95.59458,10270104,"TKN",10270104,102701,1027,10
"476819",762910,"KANSAS/LOWER REPUBLICAN RIVER BASIN","SC109","","2008-05-07",1526,0.511,2008,5,7,38.89181,-95.59458,10270104,"TKN",10270104,102701,1027,10
"476820",763011,"KANSAS/LOWER REPUBLICAN RIVER BASIN","SC109","","2008-07-09",1543,0.777,2008,7,9,38.89181,-95.59458,10270104,"TKN",10270104,102701,1027,10
"476821",763110,"KANSAS/LOWER REPUBLICAN RIVER BASIN","SC109","","2008-09-03",1528,0.875,2008,9,3,38.89181,-95.59458,10270104,"TKN",10270104,102701,1027,10
"476822",763211,"KANSAS/LOWER REPUBLICAN RIVER BASIN","SC109","","2008-11-13",1502,0.511,2008,11,13,38.89181,-95.59458,10270104,"TKN",10270104,102701,1027,10
"476823",763310,"KANSAS/LOWER REPUBLICAN RIVER BASIN","SC109","","2009-02-04",1641,0.527,2009,2,4,38.89181,-95.59458,10270104,"TKN",10270104,102701,1027,10
"476824",763411,"KANSAS/LOWER REPUBLICAN RIVER BASIN","SC109","","2009-04-06",1713,0.611,2009,4,6,38.89181,-95.59458,10270104,"TKN",10270104,102701,1027,10
"476825",763510,"KANSAS/LOWER REPUBLICAN RIVER BASIN","SC109","","2009-06-03",1353,1.562,2009,6,3,38.89181,-95.59458,10270104,"TKN",10270104,102701,1027,10
"476826",763611,"KANSAS/LOWER REPUBLICAN RIVER BASIN","SC109","","2009-08-25",1433,0.719,2009,8,25,38.89181,-95.59458,10270104,"TKN",10270104,102701,1027,10
"476827",763811,"KANSAS/LOWER REPUBLICAN RIVER BASIN","SC109","","2009-12-29",1555,0.539,2009,12,29,38.89181,-95.59458,10270104,"TKN",10270104,102701,1027,10
"476828",763910,"KANSAS/LOWER REPUBLICAN RIVER BASIN","SC109","","2010-01-13",1609,0.355,2010,1,13,38.89181,-95.59458,10270104,"TKN",10270104,102701,1027,10
"476829",764011,"KANSAS/LOWER REPUBLICAN RIVER BASIN","SC109","","2010-04-28",1612,0.642,2010,4,28,38.89181,-95.59458,10270104,"TKN",10270104,102701,1027,10
"476830",764114,"KANSAS/LOWER REPUBLICAN RIVER BASIN","SC109","","2010-07-26",1554,0.659,2010,7,26,38.89181,-95.59458,10270104,"TKN",10270104,102701,1027,10
"476831",764212,"KANSAS/LOWER REPUBLICAN RIVER BASIN","SC109","","2010-10-12",1615,0.757,2010,10,12,38.89181,-95.59458,10270104,"TKN",10270104,102701,1027,10
"476832",764311,"KANSAS/LOWER REPUBLICAN RIVER BASIN","SC109","","2011-02-28",1555,1.533,2011,2,28,38.89181,-95.59458,10270104,"TKN",10270104,102701,1027,10
"476833",764411,"KANSAS/LOWER REPUBLICAN RIVER BASIN","SC109","","2011-05-24",1617,0.735,2011,5,24,38.89181,-95.59458,10270104,"TKN",10270104,102701,1027,10
"476834",764510,"KANSAS/LOWER REPUBLICAN RIVER BASIN","SC109","","2011-08-09",1605,0.938,2011,8,9,38.89181,-95.59458,10270104,"TKN",10270104,102701,1027,10
"476835",764611,"KANSAS/LOWER REPUBLICAN RIVER BASIN","SC109","","2011-11-29",1534,0.664,2011,11,29,38.89181,-95.59458,10270104,"TKN",10270104,102701,1027,10
"476836",764710,"KANSAS/LOWER REPUBLICAN RIVER BASIN","SC109","","2012-03-05",1653,1.572,2012,3,5,38.89181,-95.59458,10270104,"TKN",10270104,102701,1027,10
"476837",764811,"KANSAS/LOWER REPUBLICAN RIVER BASIN","SC109","","2012-06-18",1728,0.744,2012,6,18,38.89181,-95.59458,10270104,"TKN",10270104,102701,1027,10
"476838",765113,"KANSAS/LOWER REPUBLICAN RIVER BASIN","SC109","","2013-01-28",1525,0.892,2013,1,28,38.89181,-95.59458,10270104,"TKN",10270104,102701,1027,10
"476839",765210,"KANSAS/LOWER REPUBLICAN RIVER BASIN","SC109","","2013-04-29",1608,0.564,2013,4,29,38.89181,-95.59458,10270104,"TKN",10270104,102701,1027,10
"476840",765311,"KANSAS/LOWER REPUBLICAN RIVER BASIN","SC109","","2013-07-08",1747,0.576,2013,7,8,38.89181,-95.59458,10270104,"TKN",10270104,102701,1027,10
"476841",765411,"KANSAS/LOWER REPUBLICAN RIVER BASIN","SC109","","2013-10-22",1618,0.707,2013,10,22,38.89181,-95.59458,10270104,"TKN",10270104,102701,1027,10
"476842",765511,"KANSAS/LOWER REPUBLICAN RIVER BASIN","SC109","","2014-02-03",1550,0.69,2014,2,3,38.89181,-95.59458,10270104,"TKN",10270104,102701,1027,10
"476843",765610,"KANSAS/LOWER REPUBLICAN RIVER BASIN","SC109","","2014-05-05",1543,0.86,2014,5,5,38.89181,-95.59458,10270104,"TKN",10270104,102701,1027,10
"476844",765711,"KANSAS/LOWER REPUBLICAN RIVER BASIN","SC109","","2014-08-04",1542,0.74,2014,8,4,38.89181,-95.59458,10270104,"TKN",10270104,102701,1027,10
"476845",765810,"KANSAS/LOWER REPUBLICAN RIVER BASIN","SC109","","2014-11-12",1541,0.57,2014,11,12,38.89181,-95.59458,10270104,"TKN",10270104,102701,1027,10
"476846",765911,"KANSAS/LOWER REPUBLICAN RIVER BASIN","SC109","","2015-03-02",1545,0.69,2015,3,2,38.89181,-95.59458,10270104,"TKN",10270104,102701,1027,10
"476847",766011,"KANSAS/LOWER REPUBLICAN RIVER BASIN","SC109","","2015-06-01",1605,0.71,2015,6,1,38.89181,-95.59458,10270104,"TKN",10270104,102701,1027,10
"476848",766110,"KANSAS/LOWER REPUBLICAN RIVER BASIN","SC109","","2015-09-01",1642,0.64,2015,9,1,38.89181,-95.59458,10270104,"TKN",10270104,102701,1027,10
"476849",766211,"KANSAS/LOWER REPUBLICAN RIVER BASIN","SC109","","2015-12-01",1546,1.3,2015,12,1,38.89181,-95.59458,10270104,"TKN",10270104,102701,1027,10
"476850",766310,"KANSAS/LOWER REPUBLICAN RIVER BASIN","SC109","","2016-01-04",1629,0.55,2016,1,4,38.89181,-95.59458,10270104,"TKN",10270104,102701,1027,10
"476851",766411,"KANSAS/LOWER REPUBLICAN RIVER BASIN","SC109","","2016-04-04",1728,0.44,2016,4,4,38.89181,-95.59458,10270104,"TKN",10270104,102701,1027,10
"476852",766511,"KANSAS/LOWER REPUBLICAN RIVER BASIN","SC109","","2016-07-11",1521,0.77,2016,7,11,38.89181,-95.59458,10270104,"TKN",10270104,102701,1027,10
"476853",766610,"KANSAS/LOWER REPUBLICAN RIVER BASIN","SC109","","2016-10-03",1537,0.48,2016,10,3,38.89181,-95.59458,10270104,"TKN",10270104,102701,1027,10
"476854",766710,"KANSAS/LOWER REPUBLICAN RIVER BASIN","SC109","","2017-02-06",1422,0.48,2017,2,6,38.89181,-95.59458,10270104,"TKN",10270104,102701,1027,10
"476855",766811,"KANSAS/LOWER REPUBLICAN RIVER BASIN","SC109","","2017-05-01",1427,1.2,2017,5,1,38.89181,-95.59458,10270104,"TKN",10270104,102701,1027,10
"476856",766911,"KANSAS/LOWER REPUBLICAN RIVER BASIN","SC109","","2017-08-07",1559,0.44,2017,8,7,38.89181,-95.59458,10270104,"TKN",10270104,102701,1027,10
"476857",767011,"KANSAS/LOWER REPUBLICAN RIVER BASIN","SC109","","2017-11-06",1549,0.43,2017,11,6,38.89181,-95.59458,10270104,"TKN",10270104,102701,1027,10
"476858",767111,"KANSAS/LOWER REPUBLICAN RIVER BASIN","SC109","","2018-03-05",1448,0.71,2018,3,5,38.89181,-95.59458,10270104,"TKN",10270104,102701,1027,10
"476859",767210,"KANSAS/LOWER REPUBLICAN RIVER BASIN","SC109","","2018-06-18",1714,0.77,2018,6,18,38.89181,-95.59458,10270104,"TKN",10270104,102701,1027,10
"476860",767311,"KANSAS/LOWER REPUBLICAN RIVER BASIN","SC109","","2018-09-24",1421,0.72,2018,9,24,38.89181,-95.59458,10270104,"TKN",10270104,102701,1027,10
"476861",767410,"KANSAS/LOWER REPUBLICAN RIVER BASIN","SC109","","2018-12-10",1527,0.65,2018,12,10,38.89181,-95.59458,10270104,"TKN",10270104,102701,1027,10
"476862",767511,"KANSAS/LOWER REPUBLICAN RIVER BASIN","SC109","","2019-01-28",1516,0.57,2019,1,28,38.89181,-95.59458,10270104,"TKN",10270104,102701,1027,10
"476863",767611,"KANSAS/LOWER REPUBLICAN RIVER BASIN","SC109","","2019-04-01",1356,0.35,2019,4,1,38.89181,-95.59458,10270104,"TKN",10270104,102701,1027,10
"476864",767710,"KANSAS/LOWER REPUBLICAN RIVER BASIN","SC109","","2019-07-08",1430,0.51,2019,7,8,38.89181,-95.59458,10270104,"TKN",10270104,102701,1027,10
"476865",767811,"KANSAS/LOWER REPUBLICAN RIVER BASIN","SC109","","2019-10-21",1458,0.51,2019,10,21,38.89181,-95.59458,10270104,"TKN",10270104,102701,1027,10
"476866",76799,"KANSAS/LOWER REPUBLICAN RIVER BASIN","SC109","","2020-02-03",1435,0.2,2020,2,3,38.89181,-95.59458,10270104,"TKN",10270104,102701,1027,10
"476867",768010,"KANSAS/LOWER REPUBLICAN RIVER BASIN","SC109","","2020-08-03",1122,0.68,2020,8,3,38.89181,-95.59458,10270104,"TKN",10270104,102701,1027,10
"476868",768114,"KANSAS/LOWER REPUBLICAN RIVER BASIN","SC109","","2020-11-30",857,0.48,2020,11,30,38.89181,-95.59458,10270104,"TKN",10270104,102701,1027,10
"476869",768212,"KANSAS/LOWER REPUBLICAN RIVER BASIN","SC109","","2021-03-01",903,0.77,2021,3,1,38.89181,-95.59458,10270104,"TKN",10270104,102701,1027,10
"476870",768310,"KANSAS/LOWER REPUBLICAN RIVER BASIN","SC109","","2021-06-22",1340,0.38,2021,6,22,38.89181,-95.59458,10270104,"TKN",10270104,102701,1027,10
"476871",768410,"KANSAS/LOWER REPUBLICAN RIVER BASIN","SC109","","2021-09-07",857,0.95,2021,9,7,38.89181,-95.59458,10270104,"TKN",10270104,102701,1027,10
"476872",76859,"KANSAS/LOWER REPUBLICAN RIVER BASIN","SC109","","2021-12-06",849,0.41,2021,12,6,38.89181,-95.59458,10270104,"TKN",10270104,102701,1027,10
"476873",768610,"KANSAS/LOWER REPUBLICAN RIVER BASIN","SC109","","2022-01-24",1245,0.32,2022,1,24,38.89181,-95.59458,10270104,"TKN",10270104,102701,1027,10
"476874",768710,"KANSAS/LOWER REPUBLICAN RIVER BASIN","SC109","","2022-04-26",1355,0.59,2022,4,26,38.89181,-95.59458,10270104,"TKN",10270104,102701,1027,10
"476875",76889,"KANSAS/LOWER REPUBLICAN RIVER BASIN","SC109","","2022-07-05",1350,0.6,2022,7,5,38.89181,-95.59458,10270104,"TKN",10270104,102701,1027,10
"476876",768910,"KANSAS/LOWER REPUBLICAN RIVER BASIN","SC109","","2022-10-18",1350,0.33,2022,10,18,38.89181,-95.59458,10270104,"TKN",10270104,102701,1027,10
"476877",769010,"KANSAS/LOWER REPUBLICAN RIVER BASIN","SC109","","2023-02-07",1309,0.43,2023,2,7,38.89181,-95.59458,10270104,"TKN",10270104,102701,1027,10
"476878",769113,"KANSAS/LOWER REPUBLICAN RIVER BASIN","SC109","","2023-05-02",1229,0.24,2023,5,2,38.89181,-95.59458,10270104,"TKN",10270104,102701,1027,10
"476879",769211,"KANSAS/LOWER REPUBLICAN RIVER BASIN","SC109","","2023-08-08",1325,0.27,2023,8,8,38.89181,-95.59458,10270104,"TKN",10270104,102701,1027,10
"476880",769310,"KANSAS/LOWER REPUBLICAN RIVER BASIN","SC109","","2023-11-28",1415,0.43,2023,11,28,38.89181,-95.59458,10270104,"TKN",10270104,102701,1027,10
"476881",769410,"KANSAS/LOWER REPUBLICAN RIVER BASIN","SC109","","2024-03-05",1248,0.24,2024,3,5,38.89181,-95.59458,10270104,"TKN",10270104,102701,1027,10
"476882",769510,"KANSAS/LOWER REPUBLICAN RIVER BASIN","SC109","","2024-06-17",1429,0.1,2024,6,17,38.89181,-95.59458,10270104,"TKN",10270104,102701,1027,10
"476883",769610,"KANSAS/LOWER REPUBLICAN RIVER BASIN","SC109","","2024-09-10",1319,0.46,2024,9,10,38.89181,-95.59458,10270104,"TKN",10270104,102701,1027,10
"476884",76979,"KANSAS/LOWER REPUBLICAN RIVER BASIN","SC109","","2024-12-03",1359,0.71,2024,12,3,38.89181,-95.59458,10270104,"TKN",10270104,102701,1027,10
"477091",1047911,"KANSAS/LOWER REPUBLICAN RIVER BASIN","SC203","JAMES ST BRIDGE, 0.25 MI E OF I-70 AT 3RD ST EXIT IN K.C. MO.","2000-01-05",1300,0.971,2000,1,5,39.11148,-94.61644,10270104,"TKN",10270104,102701,1027,10
"477092",1048012,"KANSAS/LOWER REPUBLICAN RIVER BASIN","SC203","JAMES ST BRIDGE, 0.25 MI E OF I-70 AT 3RD ST EXIT IN K.C. MO.","2000-03-08",1240,1.639,2000,3,8,39.11148,-94.61644,10270104,"TKN",10270104,102701,1027,10
"477093",1048113,"KANSAS/LOWER REPUBLICAN RIVER BASIN","SC203","JAMES ST BRIDGE, 0.25 MI E OF I-70 AT 3RD ST EXIT IN K.C. MO.","2000-03-08",1245,1.26,2000,3,8,39.11148,-94.61644,10270104,"TKN",10270104,102701,1027,10
"477094",1048211,"KANSAS/LOWER REPUBLICAN RIVER BASIN","SC203","JAMES ST BRIDGE, 0.25 MI E OF I-70 AT 3RD ST EXIT IN K.C. MO.","2000-05-03",1155,1.08,2000,5,3,39.11148,-94.61644,10270104,"TKN",10270104,102701,1027,10
"477095",1048312,"KANSAS/LOWER REPUBLICAN RIVER BASIN","SC203","JAMES ST BRIDGE, 0.25 MI E OF I-70 AT 3RD ST EXIT IN K.C. MO.","2000-07-05",1145,1.27,2000,7,5,39.11148,-94.61644,10270104,"TKN",10270104,102701,1027,10
"477096",1048411,"KANSAS/LOWER REPUBLICAN RIVER BASIN","SC203","JAMES ST BRIDGE, 0.25 MI E OF I-70 AT 3RD ST EXIT IN K.C. MO.","2000-09-06",1155,1.227,2000,9,6,39.11148,-94.61644,10270104,"TKN",10270104,102701,1027,10
"477097",1048512,"KANSAS/LOWER REPUBLICAN RIVER BASIN","SC203","JAMES ST BRIDGE, 0.25 MI E OF I-70 AT 3RD ST EXIT IN K.C. MO.","2000-11-01",1240,1.25,2000,11,1,39.11148,-94.61644,10270104,"TKN",10270104,102701,1027,10
"477098",1048612,"KANSAS/LOWER REPUBLICAN RIVER BASIN","SC203","JAMES ST BRIDGE, 0.25 MI E OF I-70 AT 3RD ST EXIT IN K.C. MO.","2001-01-31",1210,1.72,2001,1,31,39.11148,-94.61644,10270104,"TKN",10270104,102701,1027,10
"477099",1048711,"KANSAS/LOWER REPUBLICAN RIVER BASIN","SC203","JAMES ST BRIDGE, 0.25 MI E OF I-70 AT 3RD ST EXIT IN K.C. MO.","2001-04-04",1210,2.09,2001,4,4,39.11148,-94.61644,10270104,"TKN",10270104,102701,1027,10
"477100",1048812,"KANSAS/LOWER REPUBLICAN RIVER BASIN","SC203","JAMES ST BRIDGE, 0.25 MI E OF I-70 AT 3RD ST EXIT IN K.C. MO.","2001-06-06",1200,2.955,2001,6,6,39.11148,-94.61644,10270104,"TKN",10270104,102701,1027,10
"477101",1048911,"KANSAS/LOWER REPUBLICAN RIVER BASIN","SC203","JAMES ST BRIDGE, 0.25 MI E OF I-70 AT 3RD ST EXIT IN K.C. MO.","2001-08-08",1120,1.048,2001,8,8,39.11148,-94.61644,10270104,"TKN",10270104,102701,1027,10
"477102",1049012,"KANSAS/LOWER REPUBLICAN RIVER BASIN","SC203","JAMES ST BRIDGE, 0.25 MI E OF I-70 AT 3RD ST EXIT IN K.C. MO.","2001-10-03",1300,0.979,2001,10,3,39.11148,-94.61644,10270104,"TKN",10270104,102701,1027,10
"477103",1049112,"KANSAS/LOWER REPUBLICAN RIVER BASIN","SC203","JAMES ST BRIDGE, 0.25 MI E OF I-70 AT 3RD ST EXIT IN K.C. MO.","2001-12-05",1130,1.247,2001,12,5,39.11148,-94.61644,10270104,"TKN",10270104,102701,1027,10
"477104",1049212,"KANSAS/LOWER REPUBLICAN RIVER BASIN","SC203","JAMES ST BRIDGE, 0.25 MI E OF I-70 AT 3RD ST EXIT IN K.C. MO.","2002-01-09",1140,1.401,2002,1,9,39.11148,-94.61644,10270104,"TKN",10270104,102701,1027,10
"477105",1049311,"KANSAS/LOWER REPUBLICAN RIVER BASIN","SC203","JAMES ST BRIDGE, 0.25 MI E OF I-70 AT 3RD ST EXIT IN K.C. MO.","2002-03-06",1235,0.864,2002,3,6,39.11148,-94.61644,10270104,"TKN",10270104,102701,1027,10
"477106",1049412,"KANSAS/LOWER REPUBLICAN RIVER BASIN","SC203","JAMES ST BRIDGE, 0.25 MI E OF I-70 AT 3RD ST EXIT IN K.C. MO.","2002-05-08",1240,3.201,2002,5,8,39.11148,-94.61644,10270104,"TKN",10270104,102701,1027,10
"477107",1049511,"KANSAS/LOWER REPUBLICAN RIVER BASIN","SC203","","2002-07-10",1125,1.406,2002,7,10,39.11148,-94.61644,10270104,"TKN",10270104,102701,1027,10
"477108",1049612,"KANSAS/LOWER REPUBLICAN RIVER BASIN","SC203","","2002-09-04",1101,1.981,2002,9,4,39.11148,-94.61644,10270104,"TKN",10270104,102701,1027,10
"477109",1049712,"KANSAS/LOWER REPUBLICAN RIVER BASIN","SC203","","2002-09-04",1106,1.986,2002,9,4,39.11148,-94.61644,10270104,"TKN",10270104,102701,1027,10
"477110",1049811,"KANSAS/LOWER REPUBLICAN RIVER BASIN","SC203","","2002-11-13",1210,1.365,2002,11,13,39.11148,-94.61644,10270104,"TKN",10270104,102701,1027,10
"477111",1049911,"KANSAS/LOWER REPUBLICAN RIVER BASIN","SC203","","2003-02-06",1049,1.364,2003,2,6,39.11148,-94.61644,10270104,"TKN",10270104,102701,1027,10
"477112",1050012,"KANSAS/LOWER REPUBLICAN RIVER BASIN","SC203","","2003-04-03",1055,2.052,2003,4,3,39.11148,-94.61644,10270104,"TKN",10270104,102701,1027,10
"477113",1050111,"KANSAS/LOWER REPUBLICAN RIVER BASIN","SC203","","2003-06-05",1016,1.857,2003,6,5,39.11148,-94.61644,10270104,"TKN",10270104,102701,1027,10
"477114",1050211,"KANSAS/LOWER REPUBLICAN RIVER BASIN","SC203","","2003-08-07",1047,2.472,2003,8,7,39.11148,-94.61644,10270104,"TKN",10270104,102701,1027,10
"477115",1050310,"KANSAS/LOWER REPUBLICAN RIVER BASIN","SC203","","2003-10-09",1108,1.748,2003,10,9,39.11148,-94.61644,10270104,"TKN",10270104,102701,1027,10
"477116",1050411,"KANSAS/LOWER REPUBLICAN RIVER BASIN","SC203","","2003-12-30",1122,1.005,2003,12,30,39.11148,-94.61644,10270104,"TKN",10270104,102701,1027,10
"477117",1050510,"KANSAS/LOWER REPUBLICAN RIVER BASIN","SC203","","2004-01-08",1211,1.374,2004,1,8,39.11148,-94.61644,10270104,"TKN",10270104,102701,1027,10
"477118",1050611,"KANSAS/LOWER REPUBLICAN RIVER BASIN","SC203","","2004-03-02",1110,1.871,2004,3,2,39.11148,-94.61644,10270104,"TKN",10270104,102701,1027,10
"477119",1050710,"KANSAS/LOWER REPUBLICAN RIVER BASIN","SC203","","2004-05-06",1042,1.506,2004,5,6,39.11148,-94.61644,10270104,"TKN",10270104,102701,1027,10
"477120",1050811,"KANSAS/LOWER REPUBLICAN RIVER BASIN","SC203","","2004-07-08",1143,2.93,2004,7,8,39.11148,-94.61644,10270104,"TKN",10270104,102701,1027,10
"477121",1050910,"KANSAS/LOWER REPUBLICAN RIVER BASIN","SC203","","2004-09-09",1144,1.118,2004,9,9,39.11148,-94.61644,10270104,"TKN",10270104,102701,1027,10
"477122",1051011,"KANSAS/LOWER REPUBLICAN RIVER BASIN","SC203","","2004-11-04",1056,2.035,2004,11,4,39.11148,-94.61644,10270104,"TKN",10270104,102701,1027,10
"477123",1051112,"KANSAS/LOWER REPUBLICAN RIVER BASIN","SC203","","2005-02-03",1118,0.598,2005,2,3,39.11148,-94.61644,10270104,"TKN",10270104,102701,1027,10
"477124",1051210,"KANSAS/LOWER REPUBLICAN RIVER BASIN","SC203","","2005-04-07",1111,1.87,2005,4,7,39.11148,-94.61644,10270104,"TKN",10270104,102701,1027,10
"477125",1051311,"KANSAS/LOWER REPUBLICAN RIVER BASIN","SC203","","2005-06-02",1152,2.625,2005,6,2,39.11148,-94.61644,10270104,"TKN",10270104,102701,1027,10
"477126",1051410,"KANSAS/LOWER REPUBLICAN RIVER BASIN","SC203","","2005-08-04",1034,1.61,2005,8,4,39.11148,-94.61644,10270104,"TKN",10270104,102701,1027,10
"477127",1051511,"KANSAS/LOWER REPUBLICAN RIVER BASIN","SC203","","2005-10-06",1045,1.601,2005,10,6,39.11148,-94.61644,10270104,"TKN",10270104,102701,1027,10
"477128",1051610,"KANSAS/LOWER REPUBLICAN RIVER BASIN","SC203","","2005-12-08",1251,1.143,2005,12,8,39.11148,-94.61644,10270104,"TKN",10270104,102701,1027,10
"477129",1051710,"KANSAS/LOWER REPUBLICAN RIVER BASIN","SC203","","2006-01-05",1058,0.494,2006,1,5,39.11148,-94.61644,10270104,"TKN",10270104,102701,1027,10
"477130",1051811,"KANSAS/LOWER REPUBLICAN RIVER BASIN","SC203","","2006-03-09",1234,1.308,2006,3,9,39.11148,-94.61644,10270104,"TKN",10270104,102701,1027,10
"477131",1051910,"KANSAS/LOWER REPUBLICAN RIVER BASIN","SC203","","2006-05-04",1136,1.477,2006,5,4,39.11148,-94.61644,10270104,"TKN",10270104,102701,1027,10
"477132",1052011,"KANSAS/LOWER REPUBLICAN RIVER BASIN","SC203","","2006-07-06",1012,1.273,2006,7,6,39.11148,-94.61644,10270104,"TKN",10270104,102701,1027,10
"477133",1052110,"KANSAS/LOWER REPUBLICAN RIVER BASIN","SC203","","2006-09-07",1007,1.804,2006,9,7,39.11148,-94.61644,10270104,"TKN",10270104,102701,1027,10
"477134",1052211,"KANSAS/LOWER REPUBLICAN RIVER BASIN","SC203","","2006-11-02",958,1.061,2006,11,2,39.11148,-94.61644,10270104,"TKN",10270104,102701,1027,10
"477135",1052311,"KANSAS/LOWER REPUBLICAN RIVER BASIN","SC203","","2007-02-08",1040,0.567,2007,2,8,39.11148,-94.61644,10270104,"TKN",10270104,102701,1027,10
"477136",1052410,"KANSAS/LOWER REPUBLICAN RIVER BASIN","SC203","","2007-04-05",1003,1.667,2007,4,5,39.11148,-94.61644,10270104,"TKN",10270104,102701,1027,10
"477137",1052511,"KANSAS/LOWER REPUBLICAN RIVER BASIN","SC203","","2007-06-07",945,1.118,2007,6,7,39.11148,-94.61644,10270104,"TKN",10270104,102701,1027,10
"477138",1052610,"KANSAS/LOWER REPUBLICAN RIVER BASIN","SC203","","2007-08-09",955,1.863,2007,8,9,39.11148,-94.61644,10270104,"TKN",10270104,102701,1027,10
"477139",1052711,"KANSAS/LOWER REPUBLICAN RIVER BASIN","SC203","","2007-10-04",1039,1.248,2007,10,4,39.11148,-94.61644,10270104,"TKN",10270104,102701,1027,10
"477140",1052810,"KANSAS/LOWER REPUBLICAN RIVER BASIN","SC203","","2007-12-18",1021,1.599,2007,12,18,39.11148,-94.61644,10270104,"TKN",10270104,102701,1027,10
"477141",1052911,"KANSAS/LOWER REPUBLICAN RIVER BASIN","SC203","","2008-01-09",1115,1.101,2008,1,9,39.11148,-94.61644,10270104,"TKN",10270104,102701,1027,10
"477142",1053010,"KANSAS/LOWER REPUBLICAN RIVER BASIN","SC203","","2008-03-05",1037,2.738,2008,3,5,39.11148,-94.61644,10270104,"TKN",10270104,102701,1027,10
"477143",1053112,"KANSAS/LOWER REPUBLICAN RIVER BASIN","SC203","","2008-05-07",1103,1.297,2008,5,7,39.11148,-94.61644,10270104,"TKN",10270104,102701,1027,10
"477144",1053210,"KANSAS/LOWER REPUBLICAN RIVER BASIN","SC203","","2008-07-09",1100,0.716,2008,7,9,39.11148,-94.61644,10270104,"TKN",10270104,102701,1027,10
"477145",1053311,"KANSAS/LOWER REPUBLICAN RIVER BASIN","SC203","","2008-09-03",1100,1.161,2008,9,3,39.11148,-94.61644,10270104,"TKN",10270104,102701,1027,10
"477146",1053410,"KANSAS/LOWER REPUBLICAN RIVER BASIN","SC203","","2008-11-13",1051,0.965,2008,11,13,39.11148,-94.61644,10270104,"TKN",10270104,102701,1027,10
"477147",1053510,"KANSAS/LOWER REPUBLICAN RIVER BASIN","SC203","","2009-02-04",1044,0.932,2009,2,4,39.11148,-94.61644,10270104,"TKN",10270104,102701,1027,10
"477148",1053610,"KANSAS/LOWER REPUBLICAN RIVER BASIN","SC203","","2009-04-06",1120,1.041,2009,4,6,39.11148,-94.61644,10270104,"TKN",10270104,102701,1027,10
"477149",1053711,"KANSAS/LOWER REPUBLICAN RIVER BASIN","SC203","","2009-06-03",1010,1.107,2009,6,3,39.11148,-94.61644,10270104,"TKN",10270104,102701,1027,10
"477150",1053911,"KANSAS/LOWER REPUBLICAN RIVER BASIN","SC203","","2009-10-07",1243,1.334,2009,10,7,39.11148,-94.61644,10270104,"TKN",10270104,102701,1027,10
"477151",1054010,"KANSAS/LOWER REPUBLICAN RIVER BASIN","SC203","","2009-12-29",1110,0.901,2009,12,29,39.11148,-94.61644,10270104,"TKN",10270104,102701,1027,10
"477152",1054112,"KANSAS/LOWER REPUBLICAN RIVER BASIN","SC203","","2010-01-13",1142,0.756,2010,1,13,39.11148,-94.61644,10270104,"TKN",10270104,102701,1027,10
"477153",1054210,"KANSAS/LOWER REPUBLICAN RIVER BASIN","SC203","","2010-04-28",1206,1.314,2010,4,28,39.11148,-94.61644,10270104,"TKN",10270104,102701,1027,10
"477154",1054311,"KANSAS/LOWER REPUBLICAN RIVER BASIN","SC203","","2010-07-26",1135,0.455,2010,7,26,39.11148,-94.61644,10270104,"TKN",10270104,102701,1027,10
"477155",1054410,"KANSAS/LOWER REPUBLICAN RIVER BASIN","SC203","","2010-10-12",1130,1.242,2010,10,12,39.11148,-94.61644,10270104,"TKN",10270104,102701,1027,10
"477156",1054511,"KANSAS/LOWER REPUBLICAN RIVER BASIN","SC203","","2011-02-28",1027,2.108,2011,2,28,39.11148,-94.61644,10270104,"TKN",10270104,102701,1027,10
"477157",1054610,"KANSAS/LOWER REPUBLICAN RIVER BASIN","SC203","","2011-05-24",1056,1.367,2011,5,24,39.11148,-94.61644,10270104,"TKN",10270104,102701,1027,10
"477158",1054711,"KANSAS/LOWER REPUBLICAN RIVER BASIN","SC203","","2011-08-09",1036,0.878,2011,8,9,39.11148,-94.61644,10270104,"TKN",10270104,102701,1027,10
"477159",1054810,"KANSAS/LOWER REPUBLICAN RIVER BASIN","SC203","","2011-11-29",1016,0.598,2011,11,29,39.11148,-94.61644,10270104,"TKN",10270104,102701,1027,10
"477160",1054911,"KANSAS/LOWER REPUBLICAN RIVER BASIN","SC203","","2012-03-05",1139,1.042,2012,3,5,39.11148,-94.61644,10270104,"TKN",10270104,102701,1027,10
"477161",1055010,"KANSAS/LOWER REPUBLICAN RIVER BASIN","SC203","","2012-06-18",1313,1.316,2012,6,18,39.11148,-94.61644,10270104,"TKN",10270104,102701,1027,10
"477162",1055111,"KANSAS/LOWER REPUBLICAN RIVER BASIN","SC203","","2012-09-24",1304,1.576,2012,9,24,39.11148,-94.61644,10270104,"TKN",10270104,102701,1027,10
"477163",1055210,"KANSAS/LOWER REPUBLICAN RIVER BASIN","SC203","","2012-12-17",1220,0.94,2012,12,17,39.11148,-94.61644,10270104,"TKN",10270104,102701,1027,10
"477164",1055311,"KANSAS/LOWER REPUBLICAN RIVER BASIN","SC203","","2013-01-28",1124,0.807,2013,1,28,39.11148,-94.61644,10270104,"TKN",10270104,102701,1027,10
"477165",1055411,"KANSAS/LOWER REPUBLICAN RIVER BASIN","SC203","","2013-04-29",1215,0.69,2013,4,29,39.11148,-94.61644,10270104,"TKN",10270104,102701,1027,10
"477166",1055511,"KANSAS/LOWER REPUBLICAN RIVER BASIN","SC203","","2013-07-08",1249,1.25,2013,7,8,39.11148,-94.61644,10270104,"TKN",10270104,102701,1027,10
"477167",1055610,"KANSAS/LOWER REPUBLICAN RIVER BASIN","SC203","","2013-10-22",1213,1.341,2013,10,22,39.11148,-94.61644,10270104,"TKN",10270104,102701,1027,10
"477168",1055710,"KANSAS/LOWER REPUBLICAN RIVER BASIN","SC203","","2014-02-03",1110,0.94,2014,2,3,39.11148,-94.61644,10270104,"TKN",10270104,102701,1027,10
"477169",1055811,"KANSAS/LOWER REPUBLICAN RIVER BASIN","SC203","","2014-05-05",1054,1.2,2014,5,5,39.11148,-94.61644,10270104,"TKN",10270104,102701,1027,10
"477170",1055911,"KANSAS/LOWER REPUBLICAN RIVER BASIN","SC203","","2014-08-04",1108,1.4,2014,8,4,39.11148,-94.61644,10270104,"TKN",10270104,102701,1027,10
"477171",1056010,"KANSAS/LOWER REPUBLICAN RIVER BASIN","SC203","","2014-11-12",1109,1.3,2014,11,12,39.11148,-94.61644,10270104,"TKN",10270104,102701,1027,10
"477172",1056114,"KANSAS/LOWER REPUBLICAN RIVER BASIN","SC203","","2015-03-02",1015,0.81,2015,3,2,39.11148,-94.61644,10270104,"TKN",10270104,102701,1027,10
"477173",1056212,"KANSAS/LOWER REPUBLICAN RIVER BASIN","SC203","","2015-06-01",1004,1.7,2015,6,1,39.11148,-94.61644,10270104,"TKN",10270104,102701,1027,10
"477174",1056311,"KANSAS/LOWER REPUBLICAN RIVER BASIN","SC203","","2015-09-01",1026,1,2015,9,1,39.11148,-94.61644,10270104,"TKN",10270104,102701,1027,10
"477175",1056411,"KANSAS/LOWER REPUBLICAN RIVER BASIN","SC203","","2015-12-01",1043,1.2,2015,12,1,39.11148,-94.61644,10270104,"TKN",10270104,102701,1027,10
"477176",1056510,"KANSAS/LOWER REPUBLICAN RIVER BASIN","SC203","","2016-01-04",1140,0.65,2016,1,4,39.11148,-94.61644,10270104,"TKN",10270104,102701,1027,10
"477177",1056611,"KANSAS/LOWER REPUBLICAN RIVER BASIN","SC203","","2016-04-04",1206,1.3,2016,4,4,39.11148,-94.61644,10270104,"TKN",10270104,102701,1027,10
"477178",1056710,"KANSAS/LOWER REPUBLICAN RIVER BASIN","SC203","","2016-07-11",1050,0.89,2016,7,11,39.11148,-94.61644,10270104,"TKN",10270104,102701,1027,10
"477179",1056811,"KANSAS/LOWER REPUBLICAN RIVER BASIN","SC203","","2016-10-03",1043,0.8,2016,10,3,39.11148,-94.61644,10270104,"TKN",10270104,102701,1027,10
"477180",1056911,"KANSAS/LOWER REPUBLICAN RIVER BASIN","SC203","","2017-02-06",1104,0.9,2017,2,6,39.11148,-94.61644,10270104,"TKN",10270104,102701,1027,10
"477181",1057011,"KANSAS/LOWER REPUBLICAN RIVER BASIN","SC203","","2017-05-01",1034,2,2017,5,1,39.11148,-94.61644,10270104,"TKN",10270104,102701,1027,10
"477182",1057114,"KANSAS/LOWER REPUBLICAN RIVER BASIN","SC203","","2017-08-07",1128,1.7,2017,8,7,39.11148,-94.61644,10270104,"TKN",10270104,102701,1027,10
"477183",1057211,"KANSAS/LOWER REPUBLICAN RIVER BASIN","SC203","","2017-11-06",1117,0.7,2017,11,6,39.11148,-94.61644,10270104,"TKN",10270104,102701,1027,10
"477184",1057310,"KANSAS/LOWER REPUBLICAN RIVER BASIN","SC203","","2018-03-05",1117,1.4,2018,3,5,39.11148,-94.61644,10270104,"TKN",10270104,102701,1027,10
"477185",1057411,"KANSAS/LOWER REPUBLICAN RIVER BASIN","SC203","","2018-06-18",1316,1.5,2018,6,18,39.11148,-94.61644,10270104,"TKN",10270104,102701,1027,10
"477186",1057511,"KANSAS/LOWER REPUBLICAN RIVER BASIN","SC203","","2018-09-24",1127,0.94,2018,9,24,39.11148,-94.61644,10270104,"TKN",10270104,102701,1027,10
"477187",1057610,"KANSAS/LOWER REPUBLICAN RIVER BASIN","SC203","","2018-12-10",1201,1.7,2018,12,10,39.11148,-94.61644,10270104,"TKN",10270104,102701,1027,10
"477188",1057711,"KANSAS/LOWER REPUBLICAN RIVER BASIN","SC203","","2019-01-28",1047,1.2,2019,1,28,39.11148,-94.61644,10270104,"TKN",10270104,102701,1027,10
"477189",1057810,"KANSAS/LOWER REPUBLICAN RIVER BASIN","SC203","","2019-04-01",904,0.69,2019,4,1,39.11148,-94.61644,10270104,"TKN",10270104,102701,1027,10
"477190",1057911,"KANSAS/LOWER REPUBLICAN RIVER BASIN","SC203","","2019-07-08",1019,0.58,2019,7,8,39.11148,-94.61644,10270104,"TKN",10270104,102701,1027,10
"477191",1058011,"KANSAS/LOWER REPUBLICAN RIVER BASIN","SC203","","2019-10-21",959,0.95,2019,10,21,39.11148,-94.61644,10270104,"TKN",10270104,102701,1027,10
"477192",1058112,"KANSAS/LOWER REPUBLICAN RIVER BASIN","SC203","","2020-02-03",1102,0.71,2020,2,3,39.11148,-94.61644,10270104,"TKN",10270104,102701,1027,10
"477193",105829,"KANSAS/LOWER REPUBLICAN RIVER BASIN","SC203","","2020-08-03",1033,0.58,2020,8,3,39.11148,-94.61644,10270104,"TKN",10270104,102701,1027,10
"477194",1058310,"KANSAS/LOWER REPUBLICAN RIVER BASIN","SC203","","2020-11-30",834,0.53,2020,11,30,39.11148,-94.61644,10270104,"TKN",10270104,102701,1027,10
"477195",1058410,"KANSAS/LOWER REPUBLICAN RIVER BASIN","SC203","","2021-03-01",800,0.47,2021,3,1,39.11148,-94.61644,10270104,"TKN",10270104,102701,1027,10
"477196",1058510,"KANSAS/LOWER REPUBLICAN RIVER BASIN","SC203","","2021-06-22",855,0.41,2021,6,22,39.11148,-94.61644,10270104,"TKN",10270104,102701,1027,10
"477197",1058610,"KANSAS/LOWER REPUBLICAN RIVER BASIN","SC203","","2021-09-07",818,1.2,2021,9,7,39.11148,-94.61644,10270104,"TKN",10270104,102701,1027,10
"477198",105879,"KANSAS/LOWER REPUBLICAN RIVER BASIN","SC203","","2021-12-06",847,2,2021,12,6,39.11148,-94.61644,10270104,"TKN",10270104,102701,1027,10
"477199",1058810,"KANSAS/LOWER REPUBLICAN RIVER BASIN","SC203","","2022-01-24",922,0.83,2022,1,24,39.11148,-94.61644,10270104,"TKN",10270104,102701,1027,10
"477200",1058910,"KANSAS/LOWER REPUBLICAN RIVER BASIN","SC203","","2022-04-26",933,1.1,2022,4,26,39.11148,-94.61644,10270104,"TKN",10270104,102701,1027,10
"477201",105909,"KANSAS/LOWER REPUBLICAN RIVER BASIN","SC203","","2022-07-05",914,2.8,2022,7,5,39.11148,-94.61644,10270104,"TKN",10270104,102701,1027,10
"477202",1059110,"KANSAS/LOWER REPUBLICAN RIVER BASIN","SC203","","2022-10-18",916,0.6,2022,10,18,39.11148,-94.61644,10270104,"TKN",10270104,102701,1027,10
"477203",1059210,"KANSAS/LOWER REPUBLICAN RIVER BASIN","SC203","","2023-02-07",854,0.75,2023,2,7,39.11148,-94.61644,10270104,"TKN",10270104,102701,1027,10
"477204",105939,"KANSAS/LOWER REPUBLICAN RIVER BASIN","SC203","","2023-05-02",648,0.6,2023,5,2,39.11148,-94.61644,10270104,"TKN",10270104,102701,1027,10
"477205",1059410,"KANSAS/LOWER REPUBLICAN RIVER BASIN","SC203","","2023-08-08",730,0.47,2023,8,8,39.11148,-94.61644,10270104,"TKN",10270104,102701,1027,10
"477206",1059510,"KANSAS/LOWER REPUBLICAN RIVER BASIN","SC203","","2023-11-28",825,0.57,2023,11,28,39.11148,-94.61644,10270104,"TKN",10270104,102701,1027,10
"477207",1059610,"KANSAS/LOWER REPUBLICAN RIVER BASIN","SC203","","2024-03-05",832,0.63,2024,3,5,39.11148,-94.61644,10270104,"TKN",10270104,102701,1027,10
"477208",1059710,"KANSAS/LOWER REPUBLICAN RIVER BASIN","SC203","","2024-06-17",958,0.4,2024,6,17,39.11148,-94.61644,10270104,"TKN",10270104,102701,1027,10
"477209",1059810,"KANSAS/LOWER REPUBLICAN RIVER BASIN","SC203","","2024-09-10",850,1.4,2024,9,10,39.11148,-94.61644,10270104,"TKN",10270104,102701,1027,10
"477210",105999,"KANSAS/LOWER REPUBLICAN RIVER BASIN","SC203","","2024-12-03",933,0.86,2024,12,3,39.11148,-94.61644,10270104,"TKN",10270104,102701,1027,10
"479219",1821116,"KANSAS/LOWER REPUBLICAN RIVER BASIN","SC231","1.2 MI. S OF HARDY, NEBRASKA","2000-01-18",1410,0.707,2000,1,18,39.992936,-97.932032,10250016,"TKN",10250016,102500,1025,10
"479220",1821212,"KANSAS/LOWER REPUBLICAN RIVER BASIN","SC231","1.2 MI. S OF HARDY, NEBRASKA","2000-03-20",1440,0.61,2000,3,20,39.992936,-97.932032,10250016,"TKN",10250016,102500,1025,10
"479221",1821312,"KANSAS/LOWER REPUBLICAN RIVER BASIN","SC231","1.2 MI. S OF HARDY, NEBRASKA","2000-05-15",1520,0.735,2000,5,15,39.992936,-97.932032,10250016,"TKN",10250016,102500,1025,10
"479222",1821411,"KANSAS/LOWER REPUBLICAN RIVER BASIN","SC231","1.2 MI. S OF HARDY, NEBRASKA","2000-07-17",1427,0.8,2000,7,17,39.992936,-97.932032,10250016,"TKN",10250016,102500,1025,10
"479223",1821512,"KANSAS/LOWER REPUBLICAN RIVER BASIN","SC231","1.2 MI. S OF HARDY, NEBRASKA","2000-09-18",1420,0.63,2000,9,18,39.992936,-97.932032,10250016,"TKN",10250016,102500,1025,10
"479224",1821611,"KANSAS/LOWER REPUBLICAN RIVER BASIN","SC231","1.2 MI. S OF HARDY, NEBRASKA","2000-11-13",1610,1.46,2000,11,13,39.992936,-97.932032,10250016,"TKN",10250016,102500,1025,10
"479225",1821711,"KANSAS/LOWER REPUBLICAN RIVER BASIN","SC231","1.2 MI. S OF HARDY, NEBRASKA","2001-02-12",1700,1.349,2001,2,12,39.992936,-97.932032,10250016,"TKN",10250016,102500,1025,10
"479226",1821812,"KANSAS/LOWER REPUBLICAN RIVER BASIN","SC231","1.2 MI. S OF HARDY, NEBRASKA","2001-04-16",1600,0.727,2001,4,16,39.992936,-97.932032,10250016,"TKN",10250016,102500,1025,10
"479227",1821911,"KANSAS/LOWER REPUBLICAN RIVER BASIN","SC231","1.2 MI. S OF HARDY, NEBRASKA","2001-06-18",1625,0.744,2001,6,18,39.992936,-97.932032,10250016,"TKN",10250016,102500,1025,10
"479228",1822012,"KANSAS/LOWER REPUBLICAN RIVER BASIN","SC231","1.2 MI. S OF HARDY, NEBRASKA","2001-08-20",1500,1.667,2001,8,20,39.992936,-97.932032,10250016,"TKN",10250016,102500,1025,10
"479229",1822115,"KANSAS/LOWER REPUBLICAN RIVER BASIN","SC231","1.2 MI. S OF HARDY, NEBRASKA","2001-10-15",1510,0.687,2001,10,15,39.992936,-97.932032,10250016,"TKN",10250016,102500,1025,10
"479230",1822213,"KANSAS/LOWER REPUBLICAN RIVER BASIN","SC231","1.2 MI. S OF HARDY, NEBRASKA","2001-12-17",1440,0.765,2001,12,17,39.992936,-97.932032,10250016,"TKN",10250016,102500,1025,10
"479231",1822312,"KANSAS/LOWER REPUBLICAN RIVER BASIN","SC231","1.2 MI. S OF HARDY, NEBRASKA","2002-01-23",1320,0.688,2002,1,23,39.992936,-97.932032,10250016,"TKN",10250016,102500,1025,10
"479232",1822411,"KANSAS/LOWER REPUBLICAN RIVER BASIN","SC231","1.2 MI. S OF HARDY, NEBRASKA","2002-03-19",1400,0.612,2002,3,19,39.992936,-97.932032,10250016,"TKN",10250016,102500,1025,10
"479233",1822512,"KANSAS/LOWER REPUBLICAN RIVER BASIN","SC231","1.2 MI. S OF HARDY, NEBRASKA","2002-05-21",1410,0.504,2002,5,21,39.992936,-97.932032,10250016,"TKN",10250016,102500,1025,10
"479234",1822612,"KANSAS/LOWER REPUBLICAN RIVER BASIN","SC231","1.2 MI. S OF HARDY, NEBRASKA","2002-05-21",1415,0.454,2002,5,21,39.992936,-97.932032,10250016,"TKN",10250016,102500,1025,10
"479235",1822711,"KANSAS/LOWER REPUBLICAN RIVER BASIN","SC231","","2002-07-23",1405,0.799,2002,7,23,39.992936,-97.932032,10250016,"TKN",10250016,102500,1025,10
"479236",1822812,"KANSAS/LOWER REPUBLICAN RIVER BASIN","SC231","","2002-09-17",1501,0.704,2002,9,17,39.992936,-97.932032,10250016,"TKN",10250016,102500,1025,10
"479237",1822911,"KANSAS/LOWER REPUBLICAN RIVER BASIN","SC231","","2002-11-19",1412,0.371,2002,11,19,39.992936,-97.932032,10250016,"TKN",10250016,102500,1025,10
"479238",1823012,"KANSAS/LOWER REPUBLICAN RIVER BASIN","SC231","","2003-02-18",1455,1.066,2003,2,18,39.992936,-97.932032,10250016,"TKN",10250016,102500,1025,10
"479239",1823115,"KANSAS/LOWER REPUBLICAN RIVER BASIN","SC231","","2003-04-15",1434,0.897,2003,4,15,39.992936,-97.932032,10250016,"TKN",10250016,102500,1025,10
"479240",1823213,"KANSAS/LOWER REPUBLICAN RIVER BASIN","SC231","","2003-06-17",1331,1.142,2003,6,17,39.992936,-97.932032,10250016,"TKN",10250016,102500,1025,10
"479241",1823311,"KANSAS/LOWER REPUBLICAN RIVER BASIN","SC231","","2003-08-19",1526,2.2,2003,8,19,39.992936,-97.932032,10250016,"TKN",10250016,102500,1025,10
"479242",1823411,"KANSAS/LOWER REPUBLICAN RIVER BASIN","SC231","","2003-10-21",1418,0.352,2003,10,21,39.992936,-97.932032,10250016,"TKN",10250016,102500,1025,10
"479243",1823511,"KANSAS/LOWER REPUBLICAN RIVER BASIN","SC231","","2004-03-16",1529,0.471,2004,3,16,39.992936,-97.932032,10250016,"TKN",10250016,102500,1025,10
"479244",1823610,"KANSAS/LOWER REPUBLICAN RIVER BASIN","SC231","","2004-05-18",1529,1.353,2004,5,18,39.992936,-97.932032,10250016,"TKN",10250016,102500,1025,10
"479245",1823711,"KANSAS/LOWER REPUBLICAN RIVER BASIN","SC231","","2004-07-20",1400,0.854,2004,7,20,39.992936,-97.932032,10250016,"TKN",10250016,102500,1025,10
"479246",1823810,"KANSAS/LOWER REPUBLICAN RIVER BASIN","SC231","","2004-09-21",1601,0.74,2004,9,21,39.992936,-97.932032,10250016,"TKN",10250016,102500,1025,10
"479247",1823911,"KANSAS/LOWER REPUBLICAN RIVER BASIN","SC231","","2004-11-16",1453,0.428,2004,11,16,39.992936,-97.932032,10250016,"TKN",10250016,102500,1025,10
"479248",1824010,"KANSAS/LOWER REPUBLICAN RIVER BASIN","SC231","","2005-02-15",1359,0.525,2005,2,15,39.992936,-97.932032,10250016,"TKN",10250016,102500,1025,10
"479249",1824115,"KANSAS/LOWER REPUBLICAN RIVER BASIN","SC231","","2005-04-19",1547,7.461,2005,4,19,39.992936,-97.932032,10250016,"TKN",10250016,102500,1025,10
"479250",1824212,"KANSAS/LOWER REPUBLICAN RIVER BASIN","SC231","","2005-06-14",1325,0.177,2005,6,14,39.992936,-97.932032,10250016,"TKN",10250016,102500,1025,10
"479251",1824311,"KANSAS/LOWER REPUBLICAN RIVER BASIN","SC231","","2005-08-16",1327,0.545,2005,8,16,39.992936,-97.932032,10250016,"TKN",10250016,102500,1025,10
"479252",1824410,"KANSAS/LOWER REPUBLICAN RIVER BASIN","SC231","","2005-10-18",1421,0.234,2005,10,18,39.992936,-97.932032,10250016,"TKN",10250016,102500,1025,10
"479253",1824511,"KANSAS/LOWER REPUBLICAN RIVER BASIN","SC231","","2005-12-20",1445,0.259,2005,12,20,39.992936,-97.932032,10250016,"TKN",10250016,102500,1025,10
"479254",1824611,"KANSAS/LOWER REPUBLICAN RIVER BASIN","SC231","","2006-01-24",1401,0.377,2006,1,24,39.992936,-97.932032,10250016,"TKN",10250016,102500,1025,10
"479255",1824711,"KANSAS/LOWER REPUBLICAN RIVER BASIN","SC231","","2006-05-16",1520,0.695,2006,5,16,39.992936,-97.932032,10250016,"TKN",10250016,102500,1025,10
"479256",1824810,"KANSAS/LOWER REPUBLICAN RIVER BASIN","SC231","","2006-07-18",1327,0.963,2006,7,18,39.992936,-97.932032,10250016,"TKN",10250016,102500,1025,10
"479257",1824911,"KANSAS/LOWER REPUBLICAN RIVER BASIN","SC231","","2006-09-19",1611,0.578,2006,9,19,39.992936,-97.932032,10250016,"TKN",10250016,102500,1025,10
"479258",1825010,"KANSAS/LOWER REPUBLICAN RIVER BASIN","SC231","","2006-11-14",1342,0.246,2006,11,14,39.992936,-97.932032,10250016,"TKN",10250016,102500,1025,10
"479259",1825114,"KANSAS/LOWER REPUBLICAN RIVER BASIN","SC231","","2007-02-20",1615,2.987,2007,2,20,39.992936,-97.932032,10250016,"TKN",10250016,102500,1025,10
"479260",1825212,"KANSAS/LOWER REPUBLICAN RIVER BASIN","SC231","","2007-04-17",1454,0.752,2007,4,17,39.992936,-97.932032,10250016,"TKN",10250016,102500,1025,10
"479261",1825311,"KANSAS/LOWER REPUBLICAN RIVER BASIN","SC231","","2007-06-19",1300,1.151,2007,6,19,39.992936,-97.932032,10250016,"TKN",10250016,102500,1025,10
"479262",1825411,"KANSAS/LOWER REPUBLICAN RIVER BASIN","SC231","","2007-08-21",1423,1.046,2007,8,21,39.992936,-97.932032,10250016,"TKN",10250016,102500,1025,10
"479263",1825510,"KANSAS/LOWER REPUBLICAN RIVER BASIN","SC231","","2007-10-16",1458,2.661,2007,10,16,39.992936,-97.932032,10250016,"TKN",10250016,102500,1025,10
"479264",1825611,"KANSAS/LOWER REPUBLICAN RIVER BASIN","SC231","","2007-12-18",1439,0.445,2007,12,18,39.992936,-97.932032,10250016,"TKN",10250016,102500,1025,10
"479265",1825711,"KANSAS/LOWER REPUBLICAN RIVER BASIN","SC231","","2008-01-29",1346,2.853,2008,1,29,39.992936,-97.932032,10250016,"TKN",10250016,102500,1025,10
"479266",1825810,"KANSAS/LOWER REPUBLICAN RIVER BASIN","SC231","","2008-03-18",1342,0.601,2008,3,18,39.992936,-97.932032,10250016,"TKN",10250016,102500,1025,10
"479267",1825911,"KANSAS/LOWER REPUBLICAN RIVER BASIN","SC231","","2008-05-20",1322,0.658,2008,5,20,39.992936,-97.932032,10250016,"TKN",10250016,102500,1025,10
"479268",1826010,"KANSAS/LOWER REPUBLICAN RIVER BASIN","SC231","","2008-07-22",1333,1.132,2008,7,22,39.992936,-97.932032,10250016,"TKN",10250016,102500,1025,10
"479269",1826114,"KANSAS/LOWER REPUBLICAN RIVER BASIN","SC231","","2008-09-16",1304,1.246,2008,9,16,39.992936,-97.932032,10250016,"TKN",10250016,102500,1025,10
"479270",1826212,"KANSAS/LOWER REPUBLICAN RIVER BASIN","SC231","","2008-11-18",1319,0.857,2008,11,18,39.992936,-97.932032,10250016,"TKN",10250016,102500,1025,10
"479271",1826311,"KANSAS/LOWER REPUBLICAN RIVER BASIN","SC231","","2009-02-17",1319,0.905,2009,2,17,39.992936,-97.932032,10250016,"TKN",10250016,102500,1025,10
"479272",1826410,"KANSAS/LOWER REPUBLICAN RIVER BASIN","SC231","","2009-04-21",1339,0.734,2009,4,21,39.992936,-97.932032,10250016,"TKN",10250016,102500,1025,10
"479273",1826511,"KANSAS/LOWER REPUBLICAN RIVER BASIN","SC231","","2009-06-09",1308,0.835,2009,6,9,39.992936,-97.932032,10250016,"TKN",10250016,102500,1025,10
"479274",1826711,"KANSAS/LOWER REPUBLICAN RIVER BASIN","SC231","","2009-10-12",1544,0.427,2009,10,12,39.992936,-97.932032,10250016,"TKN",10250016,102500,1025,10
"479275",1826810,"KANSAS/LOWER REPUBLICAN RIVER BASIN","SC231","","2009-12-15",1513,0.559,2009,12,15,39.992936,-97.932032,10250016,"TKN",10250016,102500,1025,10
"479276",1826911,"KANSAS/LOWER REPUBLICAN RIVER BASIN","SC231","","2010-02-02",1000,0.484,2010,2,2,39.992936,-97.932032,10250016,"TKN",10250016,102500,1025,10
"479277",1827010,"KANSAS/LOWER REPUBLICAN RIVER BASIN","SC231","","2010-05-04",931,0.951,2010,5,4,39.992936,-97.932032,10250016,"TKN",10250016,102500,1025,10
"479278",1827115,"KANSAS/LOWER REPUBLICAN RIVER BASIN","SC231","","2010-08-03",931,1.233,2010,8,3,39.992936,-97.932032,10250016,"TKN",10250016,102500,1025,10
"479279",1827212,"KANSAS/LOWER REPUBLICAN RIVER BASIN","SC231","","2010-11-02",948,0.363,2010,11,2,39.992936,-97.932032,10250016,"TKN",10250016,102500,1025,10
"479280",1827311,"KANSAS/LOWER REPUBLICAN RIVER BASIN","SC231","","2011-03-08",1023,0.618,2011,3,8,39.992936,-97.932032,10250016,"TKN",10250016,102500,1025,10
"479281",1827411,"KANSAS/LOWER REPUBLICAN RIVER BASIN","SC231","","2011-06-07",824,0.79,2011,6,7,39.992936,-97.932032,10250016,"TKN",10250016,102500,1025,10
"479282",1827511,"KANSAS/LOWER REPUBLICAN RIVER BASIN","SC231","","2011-09-13",945,0.462,2011,9,13,39.992936,-97.932032,10250016,"TKN",10250016,102500,1025,10
"479283",1827610,"KANSAS/LOWER REPUBLICAN RIVER BASIN","SC231","","2011-12-13",905,0.822,2011,12,13,39.992936,-97.932032,10250016,"TKN",10250016,102500,1025,10
"479284",1827710,"KANSAS/LOWER REPUBLICAN RIVER BASIN","SC231","","2012-01-10",1000,0.912,2012,1,10,39.992936,-97.932032,10250016,"TKN",10250016,102500,1025,10
"479285",1827811,"KANSAS/LOWER REPUBLICAN RIVER BASIN","SC231","","2012-04-24",1133,0.719,2012,4,24,39.992936,-97.932032,10250016,"TKN",10250016,102500,1025,10
"479286",1827911,"KANSAS/LOWER REPUBLICAN RIVER BASIN","SC231","","2012-04-24",1138,0.61,2012,4,24,39.992936,-97.932032,10250016,"TKN",10250016,102500,1025,10
"479287",1828010,"KANSAS/LOWER REPUBLICAN RIVER BASIN","SC231","","2012-07-10",1415,5.442,2012,7,10,39.992936,-97.932032,10250016,"TKN",10250016,102500,1025,10
"479288",1828115,"KANSAS/LOWER REPUBLICAN RIVER BASIN","SC231","","2012-10-09",1129,0.465,2012,10,9,39.992936,-97.932032,10250016,"TKN",10250016,102500,1025,10
"479289",1828212,"KANSAS/LOWER REPUBLICAN RIVER BASIN","SC231","","2013-02-12",1109,0.676,2013,2,12,39.992936,-97.932032,10250016,"TKN",10250016,102500,1025,10
"479290",1828311,"KANSAS/LOWER REPUBLICAN RIVER BASIN","SC231","","2013-05-13",1524,0.672,2013,5,13,39.992936,-97.932032,10250016,"TKN",10250016,102500,1025,10
"479291",1828411,"KANSAS/LOWER REPUBLICAN RIVER BASIN","SC231","","2013-08-13",900,0.764,2013,8,13,39.992936,-97.932032,10250016,"TKN",10250016,102500,1025,10
"479292",1828511,"KANSAS/LOWER REPUBLICAN RIVER BASIN","SC231","","2013-11-05",916,0.509,2013,11,5,39.992936,-97.932032,10250016,"TKN",10250016,102500,1025,10
"479293",1828611,"KANSAS/LOWER REPUBLICAN RIVER BASIN","SC231","","2013-11-05",921,0.533,2013,11,5,39.992936,-97.932032,10250016,"TKN",10250016,102500,1025,10
"479294",1828711,"KANSAS/LOWER REPUBLICAN RIVER BASIN","SC231","","2014-03-11",1145,1.1,2014,3,11,39.992936,-97.932032,10250016,"TKN",10250016,102500,1025,10
"479295",1828810,"KANSAS/LOWER REPUBLICAN RIVER BASIN","SC231","","2014-06-10",819,2.3,2014,6,10,39.992936,-97.932032,10250016,"TKN",10250016,102500,1025,10
"479296",1828910,"KANSAS/LOWER REPUBLICAN RIVER BASIN","SC231","","2014-09-16",1002,0.48,2014,9,16,39.992936,-97.932032,10250016,"TKN",10250016,102500,1025,10
"479297",1829010,"KANSAS/LOWER REPUBLICAN RIVER BASIN","SC231","","2014-12-09",1232,0.52,2014,12,9,39.992936,-97.932032,10250016,"TKN",10250016,102500,1025,10
"479298",1829114,"KANSAS/LOWER REPUBLICAN RIVER BASIN","SC231","","2015-01-13",1011,0.36,2015,1,13,39.992936,-97.932032,10250016,"TKN",10250016,102500,1025,10
"479299",1829212,"KANSAS/LOWER REPUBLICAN RIVER BASIN","SC231","","2015-04-14",1129,0.77,2015,4,14,39.992936,-97.932032,10250016,"TKN",10250016,102500,1025,10
"479300",1829311,"KANSAS/LOWER REPUBLICAN RIVER BASIN","SC231","","2015-04-14",1134,0.71,2015,4,14,39.992936,-97.932032,10250016,"TKN",10250016,102500,1025,10
"479301",1829410,"KANSAS/LOWER REPUBLICAN RIVER BASIN","SC231","","2015-07-21",829,1.2,2015,7,21,39.992936,-97.932032,10250016,"TKN",10250016,102500,1025,10
"479302",1829511,"KANSAS/LOWER REPUBLICAN RIVER BASIN","SC231","","2015-10-20",927,0.54,2015,10,20,39.992936,-97.932032,10250016,"TKN",10250016,102500,1025,10
"479303",1829610,"KANSAS/LOWER REPUBLICAN RIVER BASIN","SC231","","2016-02-23",1150,0.52,2016,2,23,39.992936,-97.932032,10250016,"TKN",10250016,102500,1025,10
"479304",1829711,"KANSAS/LOWER REPUBLICAN RIVER BASIN","SC231","","2016-05-17",1358,0.66,2016,5,17,39.992936,-97.932032,10250016,"TKN",10250016,102500,1025,10
"479305",1829811,"KANSAS/LOWER REPUBLICAN RIVER BASIN","SC231","","2016-08-16",1248,1.3,2016,8,16,39.992936,-97.932032,10250016,"TKN",10250016,102500,1025,10
"479306",1829910,"KANSAS/LOWER REPUBLICAN RIVER BASIN","SC231","","2016-11-15",1317,0.53,2016,11,15,39.992936,-97.932032,10250016,"TKN",10250016,102500,1025,10
"479307",1830010,"KANSAS/LOWER REPUBLICAN RIVER BASIN","SC231","","2017-03-14",1218,0.5,2017,3,14,39.992936,-97.932032,10250016,"TKN",10250016,102500,1025,10
"479308",1830115,"KANSAS/LOWER REPUBLICAN RIVER BASIN","SC231","","2017-06-13",1128,0.52,2017,6,13,39.992936,-97.932032,10250016,"TKN",10250016,102500,1025,10
"479309",1830212,"KANSAS/LOWER REPUBLICAN RIVER BASIN","SC231","","2017-09-12",1147,0.52,2017,9,12,39.992936,-97.932032,10250016,"TKN",10250016,102500,1025,10
"479310",1830311,"KANSAS/LOWER REPUBLICAN RIVER BASIN","SC231","","2017-12-05",1110,0.54,2017,12,5,39.992936,-97.932032,10250016,"TKN",10250016,102500,1025,10
"479311",1830411,"KANSAS/LOWER REPUBLICAN RIVER BASIN","SC231","","2018-01-09",1133,0.2,2018,1,9,39.992936,-97.932032,10250016,"TKN",10250016,102500,1025,10
"479312",1830510,"KANSAS/LOWER REPUBLICAN RIVER BASIN","SC231","","2018-04-10",1105,0.36,2018,4,10,39.992936,-97.932032,10250016,"TKN",10250016,102500,1025,10
"479313",1830611,"KANSAS/LOWER REPUBLICAN RIVER BASIN","SC231","","2018-07-24",1059,0.72,2018,7,24,39.992936,-97.932032,10250016,"TKN",10250016,102500,1025,10
"479314",1830710,"KANSAS/LOWER REPUBLICAN RIVER BASIN","SC231","","2018-10-16",1047,0.62,2018,10,16,39.992936,-97.932032,10250016,"TKN",10250016,102500,1025,10
"479315",1830811,"KANSAS/LOWER REPUBLICAN RIVER BASIN","SC231","","2019-02-12",1143,0.68,2019,2,12,39.992936,-97.932032,10250016,"TKN",10250016,102500,1025,10
"479316",1830911,"KANSAS/LOWER REPUBLICAN RIVER BASIN","SC231","","2019-05-21",1225,0.45,2019,5,21,39.992936,-97.932032,10250016,"TKN",10250016,102500,1025,10
"479317",1831010,"KANSAS/LOWER REPUBLICAN RIVER BASIN","SC231","","2019-08-20",944,0.47,2019,8,20,39.992936,-97.932032,10250016,"TKN",10250016,102500,1025,10
"479318",1831115,"KANSAS/LOWER REPUBLICAN RIVER BASIN","SC231","","2019-11-06",853,0.51,2019,11,6,39.992936,-97.932032,10250016,"TKN",10250016,102500,1025,10
"479319",1831211,"KANSAS/LOWER REPUBLICAN RIVER BASIN","SC231","","2020-03-03",852,1.2,2020,3,3,39.992936,-97.932032,10250016,"TKN",10250016,102500,1025,10
"479320",1831310,"KANSAS/LOWER REPUBLICAN RIVER BASIN","SC231","","2020-09-14",1553,0.62,2020,9,14,39.992936,-97.932032,10250016,"TKN",10250016,102500,1025,10
"479321",183149,"KANSAS/LOWER REPUBLICAN RIVER BASIN","SC231","","2020-12-08",718,0.42,2020,12,8,39.992936,-97.932032,10250016,"TKN",10250016,102500,1025,10
"479322",1831510,"KANSAS/LOWER REPUBLICAN RIVER BASIN","SC231","","2021-01-05",732,0.35,2021,1,5,39.992936,-97.932032,10250016,"TKN",10250016,102500,1025,10
"479323",1831610,"KANSAS/LOWER REPUBLICAN RIVER BASIN","SC231","","2021-04-06",739,0.6,2021,4,6,39.992936,-97.932032,10250016,"TKN",10250016,102500,1025,10
"479324",1831710,"KANSAS/LOWER REPUBLICAN RIVER BASIN","SC231","","2021-07-13",855,0.82,2021,7,13,39.992936,-97.932032,10250016,"TKN",10250016,102500,1025,10
"479325",183189,"KANSAS/LOWER REPUBLICAN RIVER BASIN","SC231","","2021-10-05",727,0.43,2021,10,5,39.992936,-97.932032,10250016,"TKN",10250016,102500,1025,10
"479326",1831910,"KANSAS/LOWER REPUBLICAN RIVER BASIN","SC231","","2022-02-08",957,0.29,2022,2,8,39.992936,-97.932032,10250016,"TKN",10250016,102500,1025,10
"479327",1832010,"KANSAS/LOWER REPUBLICAN RIVER BASIN","SC231","","2022-05-03",900,1.1,2022,5,3,39.992936,-97.932032,10250016,"TKN",10250016,102500,1025,10
"479328",1832113,"KANSAS/LOWER REPUBLICAN RIVER BASIN","SC231","","2022-08-02",843,0.1,2022,8,2,39.992936,-97.932032,10250016,"TKN",10250016,102500,1025,10
"479329",1832210,"KANSAS/LOWER REPUBLICAN RIVER BASIN","SC231","","2022-11-08",1103,0.31,2022,11,8,39.992936,-97.932032,10250016,"TKN",10250016,102500,1025,10
"479330",1832310,"KANSAS/LOWER REPUBLICAN RIVER BASIN","SC231","","2023-03-06",1319,0.55,2023,3,6,39.992936,-97.932032,10250016,"TKN",10250016,102500,1025,10
"479331",1832410,"KANSAS/LOWER REPUBLICAN RIVER BASIN","SC231","","2023-06-05",1447,0.89,2023,6,5,39.992936,-97.932032,10250016,"TKN",10250016,102500,1025,10
"479332",1832510,"KANSAS/LOWER REPUBLICAN RIVER BASIN","SC231","","2023-06-05",1452,0.68,2023,6,5,39.992936,-97.932032,10250016,"TKN",10250016,102500,1025,10
"479333",183269,"KANSAS/LOWER REPUBLICAN RIVER BASIN","SC231","","2023-09-18",1447,0.35,2023,9,18,39.992936,-97.932032,10250016,"TKN",10250016,102500,1025,10
"479334",1832710,"KANSAS/LOWER REPUBLICAN RIVER BASIN","SC231","","2023-12-04",1430,0.1,2023,12,4,39.992936,-97.932032,10250016,"TKN",10250016,102500,1025,10
"479335",183289,"KANSAS/LOWER REPUBLICAN RIVER BASIN","SC231","","2024-01-22",1527,0.25,2024,1,22,39.992936,-97.932032,10250016,"TKN",10250016,102500,1025,10
"479336",1832910,"KANSAS/LOWER REPUBLICAN RIVER BASIN","SC231","","2024-04-08",1507,0.41,2024,4,8,39.992936,-97.932032,10250016,"TKN",10250016,102500,1025,10
"479337",1833010,"KANSAS/LOWER REPUBLICAN RIVER BASIN","SC231","","2024-04-08",1512,0.33,2024,4,8,39.992936,-97.932032,10250016,"TKN",10250016,102500,1025,10
"479338",1833114,"KANSAS/LOWER REPUBLICAN RIVER BASIN","SC231","","2024-07-08",1506,0.25,2024,7,8,39.992936,-97.932032,10250016,"TKN",10250016,102500,1025,10
"479339",1833211,"KANSAS/LOWER REPUBLICAN RIVER BASIN","SC231","","2024-10-07",1604,0.23,2024,10,7,39.992936,-97.932032,10250016,"TKN",10250016,102500,1025,10
"479340",1852612,"KANSAS/LOWER REPUBLICAN RIVER BASIN","SC232","0.6 MI. W OF HOLLENBERG","2000-01-18",1245,0.356,2000,1,18,39.98039,-97.00431,10270207,"TKN",10270207,102702,1027,10
"479341",1852711,"KANSAS/LOWER REPUBLICAN RIVER BASIN","SC232","0.6 MI. W OF HOLLENBERG","2000-03-20",1310,0.19,2000,3,20,39.98039,-97.00431,10270207,"TKN",10270207,102702,1027,10
"479342",1852812,"KANSAS/LOWER REPUBLICAN RIVER BASIN","SC232","0.6 MI. W OF HOLLENBERG","2000-05-15",1350,0.914,2000,5,15,39.98039,-97.00431,10270207,"TKN",10270207,102702,1027,10
"479343",1852911,"KANSAS/LOWER REPUBLICAN RIVER BASIN","SC232","0.6 MI. W OF HOLLENBERG","2000-07-17",1310,1.33,2000,7,17,39.98039,-97.00431,10270207,"TKN",10270207,102702,1027,10
"479344",1853012,"KANSAS/LOWER REPUBLICAN RIVER BASIN","SC232","0.6 MI. W OF HOLLENBERG","2000-09-18",1255,1.06,2000,9,18,39.98039,-97.00431,10270207,"TKN",10270207,102702,1027,10
"479345",1853114,"KANSAS/LOWER REPUBLICAN RIVER BASIN","SC232","0.6 MI. W OF HOLLENBERG","2000-11-13",1415,2.52,2000,11,13,39.98039,-97.00431,10270207,"TKN",10270207,102702,1027,10
"479346",1853213,"KANSAS/LOWER REPUBLICAN RIVER BASIN","SC232","0.6 MI. W OF HOLLENBERG","2001-02-12",1520,0.736,2001,2,12,39.98039,-97.00431,10270207,"TKN",10270207,102702,1027,10
"479347",1853311,"KANSAS/LOWER REPUBLICAN RIVER BASIN","SC232","0.6 MI. W OF HOLLENBERG","2001-04-16",1345,1.717,2001,4,16,39.98039,-97.00431,10270207,"TKN",10270207,102702,1027,10
"479348",1853412,"KANSAS/LOWER REPUBLICAN RIVER BASIN","SC232","0.6 MI. W OF HOLLENBERG","2001-06-18",1415,5.524,2001,6,18,39.98039,-97.00431,10270207,"TKN",10270207,102702,1027,10
"479349",1853511,"KANSAS/LOWER REPUBLICAN RIVER BASIN","SC232","0.6 MI. W OF HOLLENBERG","2001-08-20",1245,1.492,2001,8,20,39.98039,-97.00431,10270207,"TKN",10270207,102702,1027,10
"479350",1853612,"KANSAS/LOWER REPUBLICAN RIVER BASIN","SC232","0.6 MI. W OF HOLLENBERG","2001-10-15",1320,1.922,2001,10,15,39.98039,-97.00431,10270207,"TKN",10270207,102702,1027,10
"479351",1853711,"KANSAS/LOWER REPUBLICAN RIVER BASIN","SC232","0.6 MI. W OF HOLLENBERG","2001-12-17",1305,0.469,2001,12,17,39.98039,-97.00431,10270207,"TKN",10270207,102702,1027,10
"479352",1853811,"KANSAS/LOWER REPUBLICAN RIVER BASIN","SC232","0.6 MI. W OF HOLLENBERG","2002-01-22",1315,0.79,2002,1,22,39.98039,-97.00431,10270207,"TKN",10270207,102702,1027,10
"479353",1853912,"KANSAS/LOWER REPUBLICAN RIVER BASIN","SC232","0.6 MI. W OF HOLLENBERG","2002-03-18",1320,0.601,2002,3,18,39.98039,-97.00431,10270207,"TKN",10270207,102702,1027,10
"479354",1854011,"KANSAS/LOWER REPUBLICAN RIVER BASIN","SC232","0.6 MI. W OF HOLLENBERG","2002-05-20",1335,1.192,2002,5,20,39.98039,-97.00431,10270207,"TKN",10270207,102702,1027,10
"479355",1854114,"KANSAS/LOWER REPUBLICAN RIVER BASIN","SC232","","2002-07-22",1420,1.654,2002,7,22,39.98039,-97.00431,10270207,"TKN",10270207,102702,1027,10
"479356",1854213,"KANSAS/LOWER REPUBLICAN RIVER BASIN","SC232","","2002-09-16",1351,2.097,2002,9,16,39.98039,-97.00431,10270207,"TKN",10270207,102702,1027,10
"479357",1854312,"KANSAS/LOWER REPUBLICAN RIVER BASIN","SC232","","2002-11-18",1438,0.284,2002,11,18,39.98039,-97.00431,10270207,"TKN",10270207,102702,1027,10
"479358",1854412,"KANSAS/LOWER REPUBLICAN RIVER BASIN","SC232","","2003-02-17",1409,0.701,2003,2,17,39.98039,-97.00431,10270207,"TKN",10270207,102702,1027,10
"479359",1854511,"KANSAS/LOWER REPUBLICAN RIVER BASIN","SC232","","2003-04-14",1427,0.556,2003,4,14,39.98039,-97.00431,10270207,"TKN",10270207,102702,1027,10
"479360",1854612,"KANSAS/LOWER REPUBLICAN RIVER BASIN","SC232","","2003-06-16",1315,3.268,2003,6,16,39.98039,-97.00431,10270207,"TKN",10270207,102702,1027,10
"479361",1854710,"KANSAS/LOWER REPUBLICAN RIVER BASIN","SC232","","2003-08-18",1407,1.596,2003,8,18,39.98039,-97.00431,10270207,"TKN",10270207,102702,1027,10
"479362",1854811,"KANSAS/LOWER REPUBLICAN RIVER BASIN","SC232","","2003-10-20",1402,0.163,2003,10,20,39.98039,-97.00431,10270207,"TKN",10270207,102702,1027,10
"479363",1855011,"KANSAS/LOWER REPUBLICAN RIVER BASIN","SC232","","2004-05-17",1526,1.346,2004,5,17,39.98039,-97.00431,10270207,"TKN",10270207,102702,1027,10
"479364",1855114,"KANSAS/LOWER REPUBLICAN RIVER BASIN","SC232","","2004-07-19",1330,1.535,2004,7,19,39.98039,-97.00431,10270207,"TKN",10270207,102702,1027,10
"479365",1855212,"KANSAS/LOWER REPUBLICAN RIVER BASIN","SC232","","2004-09-20",1418,0.62,2004,9,20,39.98039,-97.00431,10270207,"TKN",10270207,102702,1027,10
"479366",1855310,"KANSAS/LOWER REPUBLICAN RIVER BASIN","SC232","","2004-11-15",1326,0.149,2004,11,15,39.98039,-97.00431,10270207,"TKN",10270207,102702,1027,10
"479367",1855411,"KANSAS/LOWER REPUBLICAN RIVER BASIN","SC232","","2005-02-14",1346,1.109,2005,2,14,39.98039,-97.00431,10270207,"TKN",10270207,102702,1027,10
"479368",1855510,"KANSAS/LOWER REPUBLICAN RIVER BASIN","SC232","","2005-04-18",1430,1.263,2005,4,18,39.98039,-97.00431,10270207,"TKN",10270207,102702,1027,10
"479369",1855611,"KANSAS/LOWER REPUBLICAN RIVER BASIN","SC232","","2005-06-13",1313,2.999,2005,6,13,39.98039,-97.00431,10270207,"TKN",10270207,102702,1027,10
"479370",1855710,"KANSAS/LOWER REPUBLICAN RIVER BASIN","SC232","","2005-08-15",1316,2.513,2005,8,15,39.98039,-97.00431,10270207,"TKN",10270207,102702,1027,10
"479371",1855811,"KANSAS/LOWER REPUBLICAN RIVER BASIN","SC232","","2005-10-17",1554,0.238,2005,10,17,39.98039,-97.00431,10270207,"TKN",10270207,102702,1027,10
"479372",1855910,"KANSAS/LOWER REPUBLICAN RIVER BASIN","SC232","","2005-12-19",1333,0.205,2005,12,19,39.98039,-97.00431,10270207,"TKN",10270207,102702,1027,10
"479373",1856010,"KANSAS/LOWER REPUBLICAN RIVER BASIN","SC232","","2006-01-23",1242,0.266,2006,1,23,39.98039,-97.00431,10270207,"TKN",10270207,102702,1027,10
"479374",1856114,"KANSAS/LOWER REPUBLICAN RIVER BASIN","SC232","","2006-05-15",1400,0.548,2006,5,15,39.98039,-97.00431,10270207,"TKN",10270207,102702,1027,10
"479375",1856212,"KANSAS/LOWER REPUBLICAN RIVER BASIN","SC232","","2006-07-17",1400,2.208,2006,7,17,39.98039,-97.00431,10270207,"TKN",10270207,102702,1027,10
"479376",1856310,"KANSAS/LOWER REPUBLICAN RIVER BASIN","SC232","","2006-09-18",1308,1.294,2006,9,18,39.98039,-97.00431,10270207,"TKN",10270207,102702,1027,10
"479377",1856411,"KANSAS/LOWER REPUBLICAN RIVER BASIN","SC232","","2006-11-13",1308,0.178,2006,11,13,39.98039,-97.00431,10270207,"TKN",10270207,102702,1027,10
"479378",1856510,"KANSAS/LOWER REPUBLICAN RIVER BASIN","SC232","","2007-02-19",1438,0.66,2007,2,19,39.98039,-97.00431,10270207,"TKN",10270207,102702,1027,10
"479379",1856611,"KANSAS/LOWER REPUBLICAN RIVER BASIN","SC232","","2007-04-16",1348,0.613,2007,4,16,39.98039,-97.00431,10270207,"TKN",10270207,102702,1027,10
"479380",1856710,"KANSAS/LOWER REPUBLICAN RIVER BASIN","SC232","","2007-06-18",1211,0.548,2007,6,18,39.98039,-97.00431,10270207,"TKN",10270207,102702,1027,10
"479381",1856811,"KANSAS/LOWER REPUBLICAN RIVER BASIN","SC232","","2007-08-20",1433,1.141,2007,8,20,39.98039,-97.00431,10270207,"TKN",10270207,102702,1027,10
"479382",1856910,"KANSAS/LOWER REPUBLICAN RIVER BASIN","SC232","","2007-10-15",1316,1.76,2007,10,15,39.98039,-97.00431,10270207,"TKN",10270207,102702,1027,10
"479383",1857011,"KANSAS/LOWER REPUBLICAN RIVER BASIN","SC232","","2007-12-17",1405,0.415,2007,12,17,39.98039,-97.00431,10270207,"TKN",10270207,102702,1027,10
"479384",1857114,"KANSAS/LOWER REPUBLICAN RIVER BASIN","SC232","","2008-01-28",1253,0.679,2008,1,28,39.98039,-97.00431,10270207,"TKN",10270207,102702,1027,10
"479385",1857212,"KANSAS/LOWER REPUBLICAN RIVER BASIN","SC232","","2008-01-28",1258,0.624,2008,1,28,39.98039,-97.00431,10270207,"TKN",10270207,102702,1027,10
"479386",1857310,"KANSAS/LOWER REPUBLICAN RIVER BASIN","SC232","","2008-03-17",1244,0.574,2008,3,17,39.98039,-97.00431,10270207,"TKN",10270207,102702,1027,10
"479387",1857411,"KANSAS/LOWER REPUBLICAN RIVER BASIN","SC232","","2008-05-19",1155,1.088,2008,5,19,39.98039,-97.00431,10270207,"TKN",10270207,102702,1027,10
"479388",1857510,"KANSAS/LOWER REPUBLICAN RIVER BASIN","SC232","","2008-07-21",1241,3.022,2008,7,21,39.98039,-97.00431,10270207,"TKN",10270207,102702,1027,10
"479389",1857611,"KANSAS/LOWER REPUBLICAN RIVER BASIN","SC232","","2008-09-15",1354,1.867,2008,9,15,39.98039,-97.00431,10270207,"TKN",10270207,102702,1027,10
"479390",1857710,"KANSAS/LOWER REPUBLICAN RIVER BASIN","SC232","","2008-11-17",1242,0.682,2008,11,17,39.98039,-97.00431,10270207,"TKN",10270207,102702,1027,10
"479391",1857811,"KANSAS/LOWER REPUBLICAN RIVER BASIN","SC232","","2009-02-16",1229,0.312,2009,2,16,39.98039,-97.00431,10270207,"TKN",10270207,102702,1027,10
"479392",1857910,"KANSAS/LOWER REPUBLICAN RIVER BASIN","SC232","","2009-04-20",1412,0.838,2009,4,20,39.98039,-97.00431,10270207,"TKN",10270207,102702,1027,10
"479393",1858011,"KANSAS/LOWER REPUBLICAN RIVER BASIN","SC232","","2009-06-08",1409,1.312,2009,6,8,39.98039,-97.00431,10270207,"TKN",10270207,102702,1027,10
"479394",1858211,"KANSAS/LOWER REPUBLICAN RIVER BASIN","SC232","","2009-10-12",1412,0.374,2009,10,12,39.98039,-97.00431,10270207,"TKN",10270207,102702,1027,10
"479395",1858411,"KANSAS/LOWER REPUBLICAN RIVER BASIN","SC232","","2010-02-01",1435,0.905,2010,2,1,39.98039,-97.00431,10270207,"TKN",10270207,102702,1027,10
"479396",1858510,"KANSAS/LOWER REPUBLICAN RIVER BASIN","SC232","","2010-05-03",1410,3.233,2010,5,3,39.98039,-97.00431,10270207,"TKN",10270207,102702,1027,10
"479397",1858611,"KANSAS/LOWER REPUBLICAN RIVER BASIN","SC232","","2010-08-02",1421,1.676,2010,8,2,39.98039,-97.00431,10270207,"TKN",10270207,102702,1027,10
"479398",1858710,"KANSAS/LOWER REPUBLICAN RIVER BASIN","SC232","","2010-11-01",1347,0.445,2010,11,1,39.98039,-97.00431,10270207,"TKN",10270207,102702,1027,10
"479399",1858811,"KANSAS/LOWER REPUBLICAN RIVER BASIN","SC232","","2011-03-07",1457,0.576,2011,3,7,39.98039,-97.00431,10270207,"TKN",10270207,102702,1027,10
"479400",1858910,"KANSAS/LOWER REPUBLICAN RIVER BASIN","SC232","","2011-06-06",1444,1.175,2011,6,6,39.98039,-97.00431,10270207,"TKN",10270207,102702,1027,10
"479401",1859011,"KANSAS/LOWER REPUBLICAN RIVER BASIN","SC232","","2011-09-12",1438,0.683,2011,9,12,39.98039,-97.00431,10270207,"TKN",10270207,102702,1027,10
"479402",1859113,"KANSAS/LOWER REPUBLICAN RIVER BASIN","SC232","","2011-12-12",1326,0.681,2011,12,12,39.98039,-97.00431,10270207,"TKN",10270207,102702,1027,10
"479403",1859211,"KANSAS/LOWER REPUBLICAN RIVER BASIN","SC232","","2012-01-10",1143,0.403,2012,1,10,39.98039,-97.00431,10270207,"TKN",10270207,102702,1027,10
"479404",1859311,"KANSAS/LOWER REPUBLICAN RIVER BASIN","SC232","","2012-04-24",1347,0.727,2012,4,24,39.98039,-97.00431,10270207,"TKN",10270207,102702,1027,10
"479405",1859410,"KANSAS/LOWER REPUBLICAN RIVER BASIN","SC232","","2012-07-10",1610,1.294,2012,7,10,39.98039,-97.00431,10270207,"TKN",10270207,102702,1027,10
"479406",1859511,"KANSAS/LOWER REPUBLICAN RIVER BASIN","SC232","","2012-10-09",1327,0.613,2012,10,9,39.98039,-97.00431,10270207,"TKN",10270207,102702,1027,10
"479407",1859611,"KANSAS/LOWER REPUBLICAN RIVER BASIN","SC232","","2013-02-12",1319,0.528,2013,2,12,39.98039,-97.00431,10270207,"TKN",10270207,102702,1027,10
"479408",1859711,"KANSAS/LOWER REPUBLICAN RIVER BASIN","SC232","","2013-05-14",934,0.866,2013,5,14,39.98039,-97.00431,10270207,"TKN",10270207,102702,1027,10
"479409",1859810,"KANSAS/LOWER REPUBLICAN RIVER BASIN","SC232","","2013-08-13",1103,5.076,2013,8,13,39.98039,-97.00431,10270207,"TKN",10270207,102702,1027,10
"479410",1859911,"KANSAS/LOWER REPUBLICAN RIVER BASIN","SC232","","2013-11-05",1138,0.491,2013,11,5,39.98039,-97.00431,10270207,"TKN",10270207,102702,1027,10
"479411",1860011,"KANSAS/LOWER REPUBLICAN RIVER BASIN","SC232","","2014-03-11",1409,0.6,2014,3,11,39.98039,-97.00431,10270207,"TKN",10270207,102702,1027,10
"479412",1860114,"KANSAS/LOWER REPUBLICAN RIVER BASIN","SC232","","2014-06-10",1105,3.7,2014,6,10,39.98039,-97.00431,10270207,"TKN",10270207,102702,1027,10
"479413",1860213,"KANSAS/LOWER REPUBLICAN RIVER BASIN","SC232","","2014-09-16",1128,0.82,2014,9,16,39.98039,-97.00431,10270207,"TKN",10270207,102702,1027,10
"479414",1860311,"KANSAS/LOWER REPUBLICAN RIVER BASIN","SC232","","2014-12-09",1505,0.31,2014,12,9,39.98039,-97.00431,10270207,"TKN",10270207,102702,1027,10
"479415",1860410,"KANSAS/LOWER REPUBLICAN RIVER BASIN","SC232","","2015-01-12",1301,0.31,2015,1,12,39.98039,-97.00431,10270207,"TKN",10270207,102702,1027,10
"479416",1860511,"KANSAS/LOWER REPUBLICAN RIVER BASIN","SC232","","2015-04-13",1446,0.72,2015,4,13,39.98039,-97.00431,10270207,"TKN",10270207,102702,1027,10
"479417",1860611,"KANSAS/LOWER REPUBLICAN RIVER BASIN","SC232","","2015-07-20",1638,1.8,2015,7,20,39.98039,-97.00431,10270207,"TKN",10270207,102702,1027,10
"479418",1860711,"KANSAS/LOWER REPUBLICAN RIVER BASIN","SC232","","2015-10-19",1451,0.4,2015,10,19,39.98039,-97.00431,10270207,"TKN",10270207,102702,1027,10
"479419",1860810,"KANSAS/LOWER REPUBLICAN RIVER BASIN","SC232","","2016-02-23",1326,1.1,2016,2,23,39.98039,-97.00431,10270207,"TKN",10270207,102702,1027,10
"479420",1860910,"KANSAS/LOWER REPUBLICAN RIVER BASIN","SC232","","2016-05-16",1502,1.3,2016,5,16,39.98039,-97.00431,10270207,"TKN",10270207,102702,1027,10
"479421",1861011,"KANSAS/LOWER REPUBLICAN RIVER BASIN","SC232","","2016-08-15",1349,1.9,2016,8,15,39.98039,-97.00431,10270207,"TKN",10270207,102702,1027,10
"479422",1861114,"KANSAS/LOWER REPUBLICAN RIVER BASIN","SC232","","2016-11-14",1211,0.49,2016,11,14,39.98039,-97.00431,10270207,"TKN",10270207,102702,1027,10
"479423",1861212,"KANSAS/LOWER REPUBLICAN RIVER BASIN","SC232","","2017-03-13",1358,0.47,2017,3,13,39.98039,-97.00431,10270207,"TKN",10270207,102702,1027,10
"479424",1861311,"KANSAS/LOWER REPUBLICAN RIVER BASIN","SC232","","2017-06-12",1324,1.2,2017,6,12,39.98039,-97.00431,10270207,"TKN",10270207,102702,1027,10
"479425",1861410,"KANSAS/LOWER REPUBLICAN RIVER BASIN","SC232","","2017-09-11",1310,0.31,2017,9,11,39.98039,-97.00431,10270207,"TKN",10270207,102702,1027,10
"479426",1861511,"KANSAS/LOWER REPUBLICAN RIVER BASIN","SC232","","2017-12-04",1246,0.44,2017,12,4,39.98039,-97.00431,10270207,"TKN",10270207,102702,1027,10
"479427",1861611,"KANSAS/LOWER REPUBLICAN RIVER BASIN","SC232","","2018-01-08",1317,0.21,2018,1,8,39.98039,-97.00431,10270207,"TKN",10270207,102702,1027,10
"479428",1861711,"KANSAS/LOWER REPUBLICAN RIVER BASIN","SC232","","2018-04-09",1218,0.25,2018,4,9,39.98039,-97.00431,10270207,"TKN",10270207,102702,1027,10
"479429",1861811,"KANSAS/LOWER REPUBLICAN RIVER BASIN","SC232","","2018-07-23",1259,2.2,2018,7,23,39.98039,-97.00431,10270207,"TKN",10270207,102702,1027,10
"479430",1861910,"KANSAS/LOWER REPUBLICAN RIVER BASIN","SC232","","2018-10-15",1214,1.9,2018,10,15,39.98039,-97.00431,10270207,"TKN",10270207,102702,1027,10
"479431",1862010,"KANSAS/LOWER REPUBLICAN RIVER BASIN","SC232","","2019-02-11",1414,1.5,2019,2,11,39.98039,-97.00431,10270207,"TKN",10270207,102702,1027,10
"479432",1862114,"KANSAS/LOWER REPUBLICAN RIVER BASIN","SC232","","2019-05-20",1355,0.36,2019,5,20,39.98039,-97.00431,10270207,"TKN",10270207,102702,1027,10
"479433",1862212,"KANSAS/LOWER REPUBLICAN RIVER BASIN","SC232","","2019-08-19",1327,0.57,2019,8,19,39.98039,-97.00431,10270207,"TKN",10270207,102702,1027,10
"479434",1862311,"KANSAS/LOWER REPUBLICAN RIVER BASIN","SC232","","2019-11-05",1221,0.57,2019,11,5,39.98039,-97.00431,10270207,"TKN",10270207,102702,1027,10
"479435",186249,"KANSAS/LOWER REPUBLICAN RIVER BASIN","SC232","","2020-03-02",1306,0.46,2020,3,2,39.98039,-97.00431,10270207,"TKN",10270207,102702,1027,10
"479436",1862510,"KANSAS/LOWER REPUBLICAN RIVER BASIN","SC232","","2020-09-14",1053,0.69,2020,9,14,39.98039,-97.00431,10270207,"TKN",10270207,102702,1027,10
"479437",1862610,"KANSAS/LOWER REPUBLICAN RIVER BASIN","SC232","","2020-12-07",1105,0.36,2020,12,7,39.98039,-97.00431,10270207,"TKN",10270207,102702,1027,10
"479438",186279,"KANSAS/LOWER REPUBLICAN RIVER BASIN","SC232","","2021-01-04",1049,0.34,2021,1,4,39.98039,-97.00431,10270207,"TKN",10270207,102702,1027,10
"479439",1862810,"KANSAS/LOWER REPUBLICAN RIVER BASIN","SC232","","2021-04-05",1026,1,2021,4,5,39.98039,-97.00431,10270207,"TKN",10270207,102702,1027,10
"479440",1862910,"KANSAS/LOWER REPUBLICAN RIVER BASIN","SC232","","2021-07-13",1050,1.2,2021,7,13,39.98039,-97.00431,10270207,"TKN",10270207,102702,1027,10
"479441",1863010,"KANSAS/LOWER REPUBLICAN RIVER BASIN","SC232","","2021-10-04",1245,0.46,2021,10,4,39.98039,-97.00431,10270207,"TKN",10270207,102702,1027,10
"479442",1863114,"KANSAS/LOWER REPUBLICAN RIVER BASIN","SC232","","2022-02-08",1140,0.25,2022,2,8,39.98039,-97.00431,10270207,"TKN",10270207,102702,1027,10
"479443",1863211,"KANSAS/LOWER REPUBLICAN RIVER BASIN","SC232","","2022-05-03",1043,3.9,2022,5,3,39.98039,-97.00431,10270207,"TKN",10270207,102702,1027,10
"479444",1863310,"KANSAS/LOWER REPUBLICAN RIVER BASIN","SC232","","2022-08-02",1006,0.28,2022,8,2,39.98039,-97.00431,10270207,"TKN",10270207,102702,1027,10
"479445",186349,"KANSAS/LOWER REPUBLICAN RIVER BASIN","SC232","","2022-11-08",1228,0.27,2022,11,8,39.98039,-97.00431,10270207,"TKN",10270207,102702,1027,10
"479446",186359,"KANSAS/LOWER REPUBLICAN RIVER BASIN","SC232","","2023-03-06",1203,1.4,2023,3,6,39.98039,-97.00431,10270207,"TKN",10270207,102702,1027,10
"479447",1863610,"KANSAS/LOWER REPUBLICAN RIVER BASIN","SC232","","2023-06-05",1327,0.1,2023,6,5,39.98039,-97.00431,10270207,"TKN",10270207,102702,1027,10
"479448",1863710,"KANSAS/LOWER REPUBLICAN RIVER BASIN","SC232","","2023-09-18",1326,0.26,2023,9,18,39.98039,-97.00431,10270207,"TKN",10270207,102702,1027,10
"479449",1863810,"KANSAS/LOWER REPUBLICAN RIVER BASIN","SC232","","2023-12-04",1309,0.1,2023,12,4,39.98039,-97.00431,10270207,"TKN",10270207,102702,1027,10
"479450",1863910,"KANSAS/LOWER REPUBLICAN RIVER BASIN","SC232","","2024-04-08",1348,0.27,2024,4,8,39.98039,-97.00431,10270207,"TKN",10270207,102702,1027,10
"479451",1864010,"KANSAS/LOWER REPUBLICAN RIVER BASIN","SC232","","2024-07-08",1331,0.53,2024,7,8,39.98039,-97.00431,10270207,"TKN",10270207,102702,1027,10
"479452",1864113,"KANSAS/LOWER REPUBLICAN RIVER BASIN","SC232","","2024-07-08",1336,0.4,2024,7,8,39.98039,-97.00431,10270207,"TKN",10270207,102702,1027,10
"479453",1864211,"KANSAS/LOWER REPUBLICAN RIVER BASIN","SC232","","2024-10-07",1441,0.42,2024,10,7,39.98039,-97.00431,10270207,"TKN",10270207,102702,1027,10
"479454",1892312,"KANSAS/LOWER REPUBLICAN RIVER BASIN","SC233","1.0 MI. WEST OF OKETO","2000-01-18",1150,0.147,2000,1,18,39.95781,-96.60998,10270205,"TKN",10270205,102702,1027,10
"479455",1892411,"KANSAS/LOWER REPUBLICAN RIVER BASIN","SC233","1.0 MI. WEST OF OKETO","2000-03-20",1205,1.085,2000,3,20,39.95781,-96.60998,10270205,"TKN",10270205,102702,1027,10
"479456",1892512,"KANSAS/LOWER REPUBLICAN RIVER BASIN","SC233","1.0 MI. WEST OF OKETO","2000-05-15",1255,2.539,2000,5,15,39.95781,-96.60998,10270205,"TKN",10270205,102702,1027,10
"479457",1892611,"KANSAS/LOWER REPUBLICAN RIVER BASIN","SC233","1.0 MI. WEST OF OKETO","2000-07-17",1200,1.55,2000,7,17,39.95781,-96.60998,10270205,"TKN",10270205,102702,1027,10
"479458",1892712,"KANSAS/LOWER REPUBLICAN RIVER BASIN","SC233","1.0 MI. WEST OF OKETO","2000-09-18",1155,3.01,2000,9,18,39.95781,-96.60998,10270205,"TKN",10270205,102702,1027,10
"479459",1892811,"KANSAS/LOWER REPUBLICAN RIVER BASIN","SC233","1.0 MI. WEST OF OKETO","2000-11-13",1245,1.02,2000,11,13,39.95781,-96.60998,10270205,"TKN",10270205,102702,1027,10
"479460",1892912,"KANSAS/LOWER REPUBLICAN RIVER BASIN","SC233","1.0 MI. WEST OF OKETO","2001-02-12",1410,0.716,2001,2,12,39.95781,-96.60998,10270205,"TKN",10270205,102702,1027,10
"479461",1893011,"KANSAS/LOWER REPUBLICAN RIVER BASIN","SC233","1.0 MI. WEST OF OKETO","2001-04-16",1240,1.921,2001,4,16,39.95781,-96.60998,10270205,"TKN",10270205,102702,1027,10
"479462",1893115,"KANSAS/LOWER REPUBLICAN RIVER BASIN","SC233","1.0 MI. WEST OF OKETO","2001-06-18",1305,3.014,2001,6,18,39.95781,-96.60998,10270205,"TKN",10270205,102702,1027,10
"479463",1893213,"KANSAS/LOWER REPUBLICAN RIVER BASIN","SC233","1.0 MI. WEST OF OKETO","2001-08-20",1140,2.195,2001,8,20,39.95781,-96.60998,10270205,"TKN",10270205,102702,1027,10
"479464",1893312,"KANSAS/LOWER REPUBLICAN RIVER BASIN","SC233","1.0 MI. WEST OF OKETO","2001-10-15",1155,1.609,2001,10,15,39.95781,-96.60998,10270205,"TKN",10270205,102702,1027,10
"479465",1893411,"KANSAS/LOWER REPUBLICAN RIVER BASIN","SC233","1.0 MI. WEST OF OKETO","2001-12-17",1205,1.708,2001,12,17,39.95781,-96.60998,10270205,"TKN",10270205,102702,1027,10
"479466",1893511,"KANSAS/LOWER REPUBLICAN RIVER BASIN","SC233","1.0 MI. WEST OF OKETO","2002-01-22",1215,0.107,2002,1,22,39.95781,-96.60998,10270205,"TKN",10270205,102702,1027,10
"479467",1893612,"KANSAS/LOWER REPUBLICAN RIVER BASIN","SC233","1.0 MI. WEST OF OKETO","2002-03-18",1210,0.841,2002,3,18,39.95781,-96.60998,10270205,"TKN",10270205,102702,1027,10
"479468",1893711,"KANSAS/LOWER REPUBLICAN RIVER BASIN","SC233","1.0 MI. WEST OF OKETO","2002-05-20",1220,3.186,2002,5,20,39.95781,-96.60998,10270205,"TKN",10270205,102702,1027,10
"479469",1893812,"KANSAS/LOWER REPUBLICAN RIVER BASIN","SC233","","2002-07-22",1320,1.86,2002,7,22,39.95781,-96.60998,10270205,"TKN",10270205,102702,1027,10
"479470",1893911,"KANSAS/LOWER REPUBLICAN RIVER BASIN","SC233","","2002-09-16",1252,1.907,2002,9,16,39.95781,-96.60998,10270205,"TKN",10270205,102702,1027,10
"479471",1894012,"KANSAS/LOWER REPUBLICAN RIVER BASIN","SC233","","2002-11-18",1335,0.795,2002,11,18,39.95781,-96.60998,10270205,"TKN",10270205,102702,1027,10
"479472",1894114,"KANSAS/LOWER REPUBLICAN RIVER BASIN","SC233","","2003-02-17",1231,0.777,2003,2,17,39.95781,-96.60998,10270205,"TKN",10270205,102702,1027,10
"479473",1894213,"KANSAS/LOWER REPUBLICAN RIVER BASIN","SC233","","2003-04-14",1257,2.429,2003,4,14,39.95781,-96.60998,10270205,"TKN",10270205,102702,1027,10
"479474",1894312,"KANSAS/LOWER REPUBLICAN RIVER BASIN","SC233","","2003-06-16",1209,7.507,2003,6,16,39.95781,-96.60998,10270205,"TKN",10270205,102702,1027,10
"479475",1894410,"KANSAS/LOWER REPUBLICAN RIVER BASIN","SC233","","2003-08-18",1259,1.919,2003,8,18,39.95781,-96.60998,10270205,"TKN",10270205,102702,1027,10
"479476",1894511,"KANSAS/LOWER REPUBLICAN RIVER BASIN","SC233","","2003-10-20",1242,2.022,2003,10,20,39.95781,-96.60998,10270205,"TKN",10270205,102702,1027,10
"479477",1894610,"KANSAS/LOWER REPUBLICAN RIVER BASIN","SC233","","2004-03-15",1254,2.82,2004,3,15,39.95781,-96.60998,10270205,"TKN",10270205,102702,1027,10
"479478",1894711,"KANSAS/LOWER REPUBLICAN RIVER BASIN","SC233","","2004-05-17",1422,2.808,2004,5,17,39.95781,-96.60998,10270205,"TKN",10270205,102702,1027,10
"479479",1894810,"KANSAS/LOWER REPUBLICAN RIVER BASIN","SC233","","2004-07-19",1213,1.976,2004,7,19,39.95781,-96.60998,10270205,"TKN",10270205,102702,1027,10
"479480",1894911,"KANSAS/LOWER REPUBLICAN RIVER BASIN","SC233","","2004-09-20",1232,2.422,2004,9,20,39.95781,-96.60998,10270205,"TKN",10270205,102702,1027,10
"479481",1895010,"KANSAS/LOWER REPUBLICAN RIVER BASIN","SC233","","2004-11-15",1224,0.97,2004,11,15,39.95781,-96.60998,10270205,"TKN",10270205,102702,1027,10
"479482",1895114,"KANSAS/LOWER REPUBLICAN RIVER BASIN","SC233","","2005-02-14",1219,4.278,2005,2,14,39.95781,-96.60998,10270205,"TKN",10270205,102702,1027,10
"479483",1895212,"KANSAS/LOWER REPUBLICAN RIVER BASIN","SC233","","2005-04-18",1242,3.733,2005,4,18,39.95781,-96.60998,10270205,"TKN",10270205,102702,1027,10
"479484",1895311,"KANSAS/LOWER REPUBLICAN RIVER BASIN","SC233","","2005-06-13",1149,3.224,2005,6,13,39.95781,-96.60998,10270205,"TKN",10270205,102702,1027,10
"479485",1895410,"KANSAS/LOWER REPUBLICAN RIVER BASIN","SC233","","2005-08-15",1216,1.721,2005,8,15,39.95781,-96.60998,10270205,"TKN",10270205,102702,1027,10
"479486",1895511,"KANSAS/LOWER REPUBLICAN RIVER BASIN","SC233","","2005-10-17",1421,1.652,2005,10,17,39.95781,-96.60998,10270205,"TKN",10270205,102702,1027,10
"479487",1895610,"KANSAS/LOWER REPUBLICAN RIVER BASIN","SC233","","2005-12-19",1151,0.459,2005,12,19,39.95781,-96.60998,10270205,"TKN",10270205,102702,1027,10
"479488",1895710,"KANSAS/LOWER REPUBLICAN RIVER BASIN","SC233","","2006-01-23",1110,0.406,2006,1,23,39.95781,-96.60998,10270205,"TKN",10270205,102702,1027,10
"479489",1895810,"KANSAS/LOWER REPUBLICAN RIVER BASIN","SC233","","2006-05-15",1233,4.079,2006,5,15,39.95781,-96.60998,10270205,"TKN",10270205,102702,1027,10
"479490",1895911,"KANSAS/LOWER REPUBLICAN RIVER BASIN","SC233","","2006-07-17",1240,2.018,2006,7,17,39.95781,-96.60998,10270205,"TKN",10270205,102702,1027,10
"479491",1896010,"KANSAS/LOWER REPUBLICAN RIVER BASIN","SC233","","2006-09-18",1059,1.816,2006,9,18,39.95781,-96.60998,10270205,"TKN",10270205,102702,1027,10
"479492",1896114,"KANSAS/LOWER REPUBLICAN RIVER BASIN","SC233","","2006-11-13",1136,0.843,2006,11,13,39.95781,-96.60998,10270205,"TKN",10270205,102702,1027,10
"479493",1896311,"KANSAS/LOWER REPUBLICAN RIVER BASIN","SC233","","2007-04-16",1144,2.611,2007,4,16,39.95781,-96.60998,10270205,"TKN",10270205,102702,1027,10
"479494",1896410,"KANSAS/LOWER REPUBLICAN RIVER BASIN","SC233","","2007-06-18",1103,3.208,2007,6,18,39.95781,-96.60998,10270205,"TKN",10270205,102702,1027,10
"479495",1896511,"KANSAS/LOWER REPUBLICAN RIVER BASIN","SC233","","2007-08-20",1321,1.567,2007,8,20,39.95781,-96.60998,10270205,"TKN",10270205,102702,1027,10
"479496",1896610,"KANSAS/LOWER REPUBLICAN RIVER BASIN","SC233","","2007-10-15",1131,1.745,2007,10,15,39.95781,-96.60998,10270205,"TKN",10270205,102702,1027,10
"479497",1896711,"KANSAS/LOWER REPUBLICAN RIVER BASIN","SC233","","2007-12-17",1202,1.098,2007,12,17,39.95781,-96.60998,10270205,"TKN",10270205,102702,1027,10
"479498",1896811,"KANSAS/LOWER REPUBLICAN RIVER BASIN","SC233","","2008-01-28",1117,1.142,2008,1,28,39.95781,-96.60998,10270205,"TKN",10270205,102702,1027,10
"479499",1896910,"KANSAS/LOWER REPUBLICAN RIVER BASIN","SC233","","2008-03-17",1100,1.293,2008,3,17,39.95781,-96.60998,10270205,"TKN",10270205,102702,1027,10
"479500",1897011,"KANSAS/LOWER REPUBLICAN RIVER BASIN","SC233","","2008-05-19",1051,1.794,2008,5,19,39.95781,-96.60998,10270205,"TKN",10270205,102702,1027,10
"479501",1897113,"KANSAS/LOWER REPUBLICAN RIVER BASIN","SC233","","2008-07-21",1105,0.953,2008,7,21,39.95781,-96.60998,10270205,"TKN",10270205,102702,1027,10
"479502",1897211,"KANSAS/LOWER REPUBLICAN RIVER BASIN","SC233","","2008-09-15",1157,2.25,2008,9,15,39.95781,-96.60998,10270205,"TKN",10270205,102702,1027,10
"479503",1897310,"KANSAS/LOWER REPUBLICAN RIVER BASIN","SC233","","2008-11-17",1058,0.984,2008,11,17,39.95781,-96.60998,10270205,"TKN",10270205,102702,1027,10
"479504",1897411,"KANSAS/LOWER REPUBLICAN RIVER BASIN","SC233","","2009-02-16",1122,0.848,2009,2,16,39.95781,-96.60998,10270205,"TKN",10270205,102702,1027,10
"479505",1897510,"KANSAS/LOWER REPUBLICAN RIVER BASIN","SC233","","2009-04-20",1248,1.922,2009,4,20,39.95781,-96.60998,10270205,"TKN",10270205,102702,1027,10
"479506",1897611,"KANSAS/LOWER REPUBLICAN RIVER BASIN","SC233","","2009-06-08",1232,3.278,2009,6,8,39.95781,-96.60998,10270205,"TKN",10270205,102702,1027,10
"479507",1897811,"KANSAS/LOWER REPUBLICAN RIVER BASIN","SC233","","2009-10-12",1310,1.992,2009,10,12,39.95781,-96.60998,10270205,"TKN",10270205,102702,1027,10
"479508",1898011,"KANSAS/LOWER REPUBLICAN RIVER BASIN","SC233","","2010-02-01",1327,1.395,2010,2,1,39.95781,-96.60998,10270205,"TKN",10270205,102702,1027,10
"479509",1898114,"KANSAS/LOWER REPUBLICAN RIVER BASIN","SC233","","2010-05-03",1310,2.83,2010,5,3,39.95781,-96.60998,10270205,"TKN",10270205,102702,1027,10
"479510",1898212,"KANSAS/LOWER REPUBLICAN RIVER BASIN","SC233","","2010-08-02",1318,2.187,2010,8,2,39.95781,-96.60998,10270205,"TKN",10270205,102702,1027,10
"479511",1898310,"KANSAS/LOWER REPUBLICAN RIVER BASIN","SC233","","2010-11-01",1243,0.905,2010,11,1,39.95781,-96.60998,10270205,"TKN",10270205,102702,1027,10
"479512",1898411,"KANSAS/LOWER REPUBLICAN RIVER BASIN","SC233","","2011-03-07",1324,1.185,2011,3,7,39.95781,-96.60998,10270205,"TKN",10270205,102702,1027,10
"479513",1898510,"KANSAS/LOWER REPUBLICAN RIVER BASIN","SC233","","2011-06-06",1323,1.202,2011,6,6,39.95781,-96.60998,10270205,"TKN",10270205,102702,1027,10
"479514",1898611,"KANSAS/LOWER REPUBLICAN RIVER BASIN","SC233","","2011-09-12",1352,1.068,2011,9,12,39.95781,-96.60998,10270205,"TKN",10270205,102702,1027,10
"479515",1898710,"KANSAS/LOWER REPUBLICAN RIVER BASIN","SC233","","2011-12-12",1146,1.537,2011,12,12,39.95781,-96.60998,10270205,"TKN",10270205,102702,1027,10
"479516",1898810,"KANSAS/LOWER REPUBLICAN RIVER BASIN","SC233","","2012-01-10",1243,0.679,2012,1,10,39.95781,-96.60998,10270205,"TKN",10270205,102702,1027,10
"479517",1898911,"KANSAS/LOWER REPUBLICAN RIVER BASIN","SC233","","2012-04-24",1511,1.379,2012,4,24,39.95781,-96.60998,10270205,"TKN",10270205,102702,1027,10
"479518",1899010,"KANSAS/LOWER REPUBLICAN RIVER BASIN","SC233","","2012-07-10",1735,0.606,2012,7,10,39.95781,-96.60998,10270205,"TKN",10270205,102702,1027,10
"479519",1899114,"KANSAS/LOWER REPUBLICAN RIVER BASIN","SC233","","2012-10-09",1504,1.565,2012,10,9,39.95781,-96.60998,10270205,"TKN",10270205,102702,1027,10
"479520",1899212,"KANSAS/LOWER REPUBLICAN RIVER BASIN","SC233","","2013-02-12",1447,0.987,2013,2,12,39.95781,-96.60998,10270205,"TKN",10270205,102702,1027,10
"479521",1899311,"KANSAS/LOWER REPUBLICAN RIVER BASIN","SC233","","2013-05-14",1048,1.142,2013,5,14,39.95781,-96.60998,10270205,"TKN",10270205,102702,1027,10
"479522",1899411,"KANSAS/LOWER REPUBLICAN RIVER BASIN","SC233","","2013-08-13",1218,1.632,2013,8,13,39.95781,-96.60998,10270205,"TKN",10270205,102702,1027,10
"479523",1899511,"KANSAS/LOWER REPUBLICAN RIVER BASIN","SC233","","2013-11-05",1301,1.119,2013,11,5,39.95781,-96.60998,10270205,"TKN",10270205,102702,1027,10
"479524",1899611,"KANSAS/LOWER REPUBLICAN RIVER BASIN","SC233","","2014-03-11",1544,0.86,2014,3,11,39.95781,-96.60998,10270205,"TKN",10270205,102702,1027,10
"479525",1899711,"KANSAS/LOWER REPUBLICAN RIVER BASIN","SC233","","2014-06-10",1256,5,2014,6,10,39.95781,-96.60998,10270205,"TKN",10270205,102702,1027,10
"479526",1899811,"KANSAS/LOWER REPUBLICAN RIVER BASIN","SC233","","2014-09-16",1332,2.4,2014,9,16,39.95781,-96.60998,10270205,"TKN",10270205,102702,1027,10
"479527",1899910,"KANSAS/LOWER REPUBLICAN RIVER BASIN","SC233","","2014-12-09",1622,0.94,2014,12,9,39.95781,-96.60998,10270205,"TKN",10270205,102702,1027,10
"479528",1900011,"KANSAS/LOWER REPUBLICAN RIVER BASIN","SC233","","2015-01-12",1139,1,2015,1,12,39.95781,-96.60998,10270205,"TKN",10270205,102702,1027,10
"479529",1900114,"KANSAS/LOWER REPUBLICAN RIVER BASIN","SC233","","2015-04-13",1253,2.8,2015,4,13,39.95781,-96.60998,10270205,"TKN",10270205,102702,1027,10
"479530",1900212,"KANSAS/LOWER REPUBLICAN RIVER BASIN","SC233","","2015-07-20",1535,3,2015,7,20,39.95781,-96.60998,10270205,"TKN",10270205,102702,1027,10
"479531",1900311,"KANSAS/LOWER REPUBLICAN RIVER BASIN","SC233","","2015-10-19",1314,1.8,2015,10,19,39.95781,-96.60998,10270205,"TKN",10270205,102702,1027,10
"479532",1900410,"KANSAS/LOWER REPUBLICAN RIVER BASIN","SC233","","2016-02-23",1446,2.9,2016,2,23,39.95781,-96.60998,10270205,"TKN",10270205,102702,1027,10
"479533",1900511,"KANSAS/LOWER REPUBLICAN RIVER BASIN","SC233","","2016-05-16",1335,3.7,2016,5,16,39.95781,-96.60998,10270205,"TKN",10270205,102702,1027,10
"479534",1900611,"KANSAS/LOWER REPUBLICAN RIVER BASIN","SC233","","2016-08-15",1230,1.6,2016,8,15,39.95781,-96.60998,10270205,"TKN",10270205,102702,1027,10
"479535",1900711,"KANSAS/LOWER REPUBLICAN RIVER BASIN","SC233","","2016-11-14",1058,2,2016,11,14,39.95781,-96.60998,10270205,"TKN",10270205,102702,1027,10
"479536",1900811,"KANSAS/LOWER REPUBLICAN RIVER BASIN","SC233","","2017-03-13",1233,2.3,2017,3,13,39.95781,-96.60998,10270205,"TKN",10270205,102702,1027,10
"479537",1900910,"KANSAS/LOWER REPUBLICAN RIVER BASIN","SC233","","2017-06-12",1153,1.5,2017,6,12,39.95781,-96.60998,10270205,"TKN",10270205,102702,1027,10
"479538",1901011,"KANSAS/LOWER REPUBLICAN RIVER BASIN","SC233","","2017-09-11",1148,0.61,2017,9,11,39.95781,-96.60998,10270205,"TKN",10270205,102702,1027,10
"479539",1901114,"KANSAS/LOWER REPUBLICAN RIVER BASIN","SC233","","2017-12-04",1124,2.7,2017,12,4,39.95781,-96.60998,10270205,"TKN",10270205,102702,1027,10
"479540",1901212,"KANSAS/LOWER REPUBLICAN RIVER BASIN","SC233","","2018-01-08",1147,1.7,2018,1,8,39.95781,-96.60998,10270205,"TKN",10270205,102702,1027,10
"479541",1901311,"KANSAS/LOWER REPUBLICAN RIVER BASIN","SC233","","2018-04-09",1115,0.61,2018,4,9,39.95781,-96.60998,10270205,"TKN",10270205,102702,1027,10
"479542",1901410,"KANSAS/LOWER REPUBLICAN RIVER BASIN","SC233","","2018-07-23",1201,2.1,2018,7,23,39.95781,-96.60998,10270205,"TKN",10270205,102702,1027,10
"479543",1901510,"KANSAS/LOWER REPUBLICAN RIVER BASIN","SC233","","2018-10-15",1052,2.1,2018,10,15,39.95781,-96.60998,10270205,"TKN",10270205,102702,1027,10
"479544",1901611,"KANSAS/LOWER REPUBLICAN RIVER BASIN","SC233","","2019-02-11",1236,1.5,2019,2,11,39.95781,-96.60998,10270205,"TKN",10270205,102702,1027,10
"479545",1901711,"KANSAS/LOWER REPUBLICAN RIVER BASIN","SC233","","2019-05-20",1213,1.4,2019,5,20,39.95781,-96.60998,10270205,"TKN",10270205,102702,1027,10
"479546",1901811,"KANSAS/LOWER REPUBLICAN RIVER BASIN","SC233","","2019-08-19",1244,0.71,2019,8,19,39.95781,-96.60998,10270205,"TKN",10270205,102702,1027,10
"479547",1901910,"KANSAS/LOWER REPUBLICAN RIVER BASIN","SC233","","2019-11-05",1024,0.74,2019,11,5,39.95781,-96.60998,10270205,"TKN",10270205,102702,1027,10
"479548",190209,"KANSAS/LOWER REPUBLICAN RIVER BASIN","SC233","","2020-03-02",1210,1.4,2020,3,2,39.95781,-96.60998,10270205,"TKN",10270205,102702,1027,10
"479549",1902114,"KANSAS/LOWER REPUBLICAN RIVER BASIN","SC233","","2020-09-14",1132,0.91,2020,9,14,39.95781,-96.60998,10270205,"TKN",10270205,102702,1027,10
"479550",1902211,"KANSAS/LOWER REPUBLICAN RIVER BASIN","SC233","","2020-12-07",1002,0.74,2020,12,7,39.95781,-96.60998,10270205,"TKN",10270205,102702,1027,10
"479551",1902310,"KANSAS/LOWER REPUBLICAN RIVER BASIN","SC233","","2021-01-04",1212,0.4,2021,1,4,39.95781,-96.60998,10270205,"TKN",10270205,102702,1027,10
"479552",1902410,"KANSAS/LOWER REPUBLICAN RIVER BASIN","SC233","","2021-01-04",1217,0.35,2021,1,4,39.95781,-96.60998,10270205,"TKN",10270205,102702,1027,10
"479553",1902510,"KANSAS/LOWER REPUBLICAN RIVER BASIN","SC233","","2021-04-05",1310,1.3,2021,4,5,39.95781,-96.60998,10270205,"TKN",10270205,102702,1027,10
"479554",190269,"KANSAS/LOWER REPUBLICAN RIVER BASIN","SC233","","2021-07-13",1258,2.7,2021,7,13,39.95781,-96.60998,10270205,"TKN",10270205,102702,1027,10
"479555",1902710,"KANSAS/LOWER REPUBLICAN RIVER BASIN","SC233","","2021-10-04",1118,0.96,2021,10,4,39.95781,-96.60998,10270205,"TKN",10270205,102702,1027,10
"479556",1902810,"KANSAS/LOWER REPUBLICAN RIVER BASIN","SC233","","2022-02-08",1328,0.41,2022,2,8,39.95781,-96.60998,10270205,"TKN",10270205,102702,1027,10
"479557",190299,"KANSAS/LOWER REPUBLICAN RIVER BASIN","SC233","","2022-05-03",1152,4.9,2022,5,3,39.95781,-96.60998,10270205,"TKN",10270205,102702,1027,10
"479558",1903010,"KANSAS/LOWER REPUBLICAN RIVER BASIN","SC233","","2022-08-02",1125,0.26,2022,8,2,39.95781,-96.60998,10270205,"TKN",10270205,102702,1027,10
"479559",1903114,"KANSAS/LOWER REPUBLICAN RIVER BASIN","SC233","","2022-11-08",1335,0.39,2022,11,8,39.95781,-96.60998,10270205,"TKN",10270205,102702,1027,10
"479560",1903211,"KANSAS/LOWER REPUBLICAN RIVER BASIN","SC233","","2023-03-06",1059,1.6,2023,3,6,39.95781,-96.60998,10270205,"TKN",10270205,102702,1027,10
"479561",1903310,"KANSAS/LOWER REPUBLICAN RIVER BASIN","SC233","","2023-06-05",1212,0.62,2023,6,5,39.95781,-96.60998,10270205,"TKN",10270205,102702,1027,10
"479562",1903410,"KANSAS/LOWER REPUBLICAN RIVER BASIN","SC233","","2023-09-18",1211,0.63,2023,9,18,39.95781,-96.60998,10270205,"TKN",10270205,102702,1027,10
"479563",190359,"KANSAS/LOWER REPUBLICAN RIVER BASIN","SC233","","2023-12-04",1215,0.3,2023,12,4,39.95781,-96.60998,10270205,"TKN",10270205,102702,1027,10
"479564",1903610,"KANSAS/LOWER REPUBLICAN RIVER BASIN","SC233","","2024-04-08",1223,0.55,2024,4,8,39.95781,-96.60998,10270205,"TKN",10270205,102702,1027,10
"479565",190379,"KANSAS/LOWER REPUBLICAN RIVER BASIN","SC233","","2024-07-08",1235,0.73,2024,7,8,39.95781,-96.60998,10270205,"TKN",10270205,102702,1027,10
"479566",1903810,"KANSAS/LOWER REPUBLICAN RIVER BASIN","SC233","","2024-10-07",1346,2.1,2024,10,7,39.95781,-96.60998,10270205,"TKN",10270205,102702,1027,10
"479693",1961212,"KANSAS/LOWER REPUBLICAN RIVER BASIN","SC236","","2013-10-22",1531,0.489,2013,10,22,38.91098,-95.26038,10270104,"TKN",10270104,102701,1027,10
"479694",1961311,"KANSAS/LOWER REPUBLICAN RIVER BASIN","SC236","","2014-02-03",1502,0.42,2014,2,3,38.91098,-95.26038,10270104,"TKN",10270104,102701,1027,10
"479695",1961411,"KANSAS/LOWER REPUBLICAN RIVER BASIN","SC236","","2014-05-05",1420,0.44,2014,5,5,38.91098,-95.26038,10270104,"TKN",10270104,102701,1027,10
"479696",1961511,"KANSAS/LOWER REPUBLICAN RIVER BASIN","SC236","","2014-08-04",1421,0.7,2014,8,4,38.91098,-95.26038,10270104,"TKN",10270104,102701,1027,10
"479697",1961610,"KANSAS/LOWER REPUBLICAN RIVER BASIN","SC236","","2014-11-12",1456,0.45,2014,11,12,38.91098,-95.26038,10270104,"TKN",10270104,102701,1027,10
"479698",1961710,"KANSAS/LOWER REPUBLICAN RIVER BASIN","SC236","","2015-03-02",1427,0.36,2015,3,2,38.91098,-95.26038,10270104,"TKN",10270104,102701,1027,10
"479699",1961811,"KANSAS/LOWER REPUBLICAN RIVER BASIN","SC236","","2015-06-01",1430,0.58,2015,6,1,38.91098,-95.26038,10270104,"TKN",10270104,102701,1027,10
"479700",1961911,"KANSAS/LOWER REPUBLICAN RIVER BASIN","SC236","","2015-09-01",1500,0.54,2015,9,1,38.91098,-95.26038,10270104,"TKN",10270104,102701,1027,10
"479701",1962011,"KANSAS/LOWER REPUBLICAN RIVER BASIN","SC236","","2015-12-01",1452,0.88,2015,12,1,38.91098,-95.26038,10270104,"TKN",10270104,102701,1027,10
"479702",1962114,"KANSAS/LOWER REPUBLICAN RIVER BASIN","SC236","","2016-01-04",1544,0.54,2016,1,4,38.91098,-95.26038,10270104,"TKN",10270104,102701,1027,10
"479703",1962211,"KANSAS/LOWER REPUBLICAN RIVER BASIN","SC236","","2016-04-04",1644,0.38,2016,4,4,38.91098,-95.26038,10270104,"TKN",10270104,102701,1027,10
"479704",1962311,"KANSAS/LOWER REPUBLICAN RIVER BASIN","SC236","","2016-07-11",1436,0.71,2016,7,11,38.91098,-95.26038,10270104,"TKN",10270104,102701,1027,10
"479705",1962411,"KANSAS/LOWER REPUBLICAN RIVER BASIN","SC236","","2016-10-03",1458,0.57,2016,10,3,38.91098,-95.26038,10270104,"TKN",10270104,102701,1027,10
"479706",1962511,"KANSAS/LOWER REPUBLICAN RIVER BASIN","SC236","","2017-02-06",1325,0.41,2017,2,6,38.91098,-95.26038,10270104,"TKN",10270104,102701,1027,10
"479707",1962611,"KANSAS/LOWER REPUBLICAN RIVER BASIN","SC236","","2017-05-01",1331,0.96,2017,5,1,38.91098,-95.26038,10270104,"TKN",10270104,102701,1027,10
"479708",1962710,"KANSAS/LOWER REPUBLICAN RIVER BASIN","SC236","","2017-08-07",1441,0.48,2017,8,7,38.91098,-95.26038,10270104,"TKN",10270104,102701,1027,10
"479709",1962811,"KANSAS/LOWER REPUBLICAN RIVER BASIN","SC236","","2017-11-06",1442,0.4,2017,11,6,38.91098,-95.26038,10270104,"TKN",10270104,102701,1027,10
"479710",1962911,"KANSAS/LOWER REPUBLICAN RIVER BASIN","SC236","","2018-03-05",1356,0.65,2018,3,5,38.91098,-95.26038,10270104,"TKN",10270104,102701,1027,10
"479711",1963011,"KANSAS/LOWER REPUBLICAN RIVER BASIN","SC236","","2018-06-18",1624,0.57,2018,6,18,38.91098,-95.26038,10270104,"TKN",10270104,102701,1027,10
"479712",1963114,"KANSAS/LOWER REPUBLICAN RIVER BASIN","SC236","","2018-09-24",1347,0.48,2018,9,24,38.91098,-95.26038,10270104,"TKN",10270104,102701,1027,10
"479713",1963212,"KANSAS/LOWER REPUBLICAN RIVER BASIN","SC236","","2018-12-10",1450,0.39,2018,12,10,38.91098,-95.26038,10270104,"TKN",10270104,102701,1027,10
"479714",1963310,"KANSAS/LOWER REPUBLICAN RIVER BASIN","SC236","","2019-01-28",1431,0.56,2019,1,28,38.91098,-95.26038,10270104,"TKN",10270104,102701,1027,10
"479715",1963411,"KANSAS/LOWER REPUBLICAN RIVER BASIN","SC236","","2019-04-01",1300,0.41,2019,4,1,38.91098,-95.26038,10270104,"TKN",10270104,102701,1027,10
"479716",1963511,"KANSAS/LOWER REPUBLICAN RIVER BASIN","SC236","","2019-07-08",1326,0.36,2019,7,8,38.91098,-95.26038,10270104,"TKN",10270104,102701,1027,10
"479717",1963611,"KANSAS/LOWER REPUBLICAN RIVER BASIN","SC236","","2019-10-21",1405,0.39,2019,10,21,38.91098,-95.26038,10270104,"TKN",10270104,102701,1027,10
"479718",196379,"KANSAS/LOWER REPUBLICAN RIVER BASIN","SC236","","2020-02-03",1331,0.21,2020,2,3,38.91098,-95.26038,10270104,"TKN",10270104,102701,1027,10
"479719",1963811,"KANSAS/LOWER REPUBLICAN RIVER BASIN","SC236","","2020-08-03",847,0.71,2020,8,3,38.91098,-95.26038,10270104,"TKN",10270104,102701,1027,10
"479720",1963911,"KANSAS/LOWER REPUBLICAN RIVER BASIN","SC236","","2020-08-03",852,0.81,2020,8,3,38.91098,-95.26038,10270104,"TKN",10270104,102701,1027,10
"479721",1964010,"KANSAS/LOWER REPUBLICAN RIVER BASIN","SC236","","2020-11-30",807,0.4,2020,11,30,38.91098,-95.26038,10270104,"TKN",10270104,102701,1027,10
"479722",1964114,"KANSAS/LOWER REPUBLICAN RIVER BASIN","SC236","","2021-03-01",817,0.6,2021,3,1,38.91098,-95.26038,10270104,"TKN",10270104,102701,1027,10
"479723",1964212,"KANSAS/LOWER REPUBLICAN RIVER BASIN","SC236","","2021-06-22",1223,0.33,2021,6,22,38.91098,-95.26038,10270104,"TKN",10270104,102701,1027,10
"479724",1964310,"KANSAS/LOWER REPUBLICAN RIVER BASIN","SC236","","2021-09-07",811,0.75,2021,9,7,38.91098,-95.26038,10270104,"TKN",10270104,102701,1027,10
"479725",196449,"KANSAS/LOWER REPUBLICAN RIVER BASIN","SC236","","2021-12-06",807,0.4,2021,12,6,38.91098,-95.26038,10270104,"TKN",10270104,102701,1027,10
"479726",1964510,"KANSAS/LOWER REPUBLICAN RIVER BASIN","SC236","","2022-01-24",1203,0.49,2022,1,24,38.91098,-95.26038,10270104,"TKN",10270104,102701,1027,10
"479727",1964610,"KANSAS/LOWER REPUBLICAN RIVER BASIN","SC236","","2022-04-26",1257,0.86,2022,4,26,38.91098,-95.26038,10270104,"TKN",10270104,102701,1027,10
"479728",196479,"KANSAS/LOWER REPUBLICAN RIVER BASIN","SC236","","2022-07-05",1303,0.68,2022,7,5,38.91098,-95.26038,10270104,"TKN",10270104,102701,1027,10
"479729",1964810,"KANSAS/LOWER REPUBLICAN RIVER BASIN","SC236","","2022-10-18",1301,0.37,2022,10,18,38.91098,-95.26038,10270104,"TKN",10270104,102701,1027,10
"479730",196499,"KANSAS/LOWER REPUBLICAN RIVER BASIN","SC236","","2023-02-07",1216,0.28,2023,2,7,38.91098,-95.26038,10270104,"TKN",10270104,102701,1027,10
"479731",1965010,"KANSAS/LOWER REPUBLICAN RIVER BASIN","SC236","","2023-05-02",1126,0.29,2023,5,2,38.91098,-95.26038,10270104,"TKN",10270104,102701,1027,10
"479732",1965114,"KANSAS/LOWER REPUBLICAN RIVER BASIN","SC236","","2023-08-08",1223,0.47,2023,8,8,38.91098,-95.26038,10270104,"TKN",10270104,102701,1027,10
"479733",1965211,"KANSAS/LOWER REPUBLICAN RIVER BASIN","SC236","","2023-11-28",1315,0.1,2023,11,28,38.91098,-95.26038,10270104,"TKN",10270104,102701,1027,10
"479734",1965310,"KANSAS/LOWER REPUBLICAN RIVER BASIN","SC236","","2024-03-05",1127,0.26,2024,3,5,38.91098,-95.26038,10270104,"TKN",10270104,102701,1027,10
"479735",1965410,"KANSAS/LOWER REPUBLICAN RIVER BASIN","SC236","","2024-06-17",1313,0.26,2024,6,17,38.91098,-95.26038,10270104,"TKN",10270104,102701,1027,10
"479736",1965510,"KANSAS/LOWER REPUBLICAN RIVER BASIN","SC236","","2024-09-10",1216,0.47,2024,9,10,38.91098,-95.26038,10270104,"TKN",10270104,102701,1027,10
"479737",196569,"KANSAS/LOWER REPUBLICAN RIVER BASIN","SC236","","2024-12-03",1311,0.43,2024,12,3,38.91098,-95.26038,10270104,"TKN",10270104,102701,1027,10
"479738",2015612,"KANSAS/LOWER REPUBLICAN RIVER BASIN","SC238","1 1/3 MI. N. OF US 40/ CROCO E. OF TOPEKA ON CROCO RD. BR.","2000-01-26",800,0.462,2000,1,26,39.05431,-95.61314,10270102,"TKN",10270102,102701,1027,10
"479739",2015711,"KANSAS/LOWER REPUBLICAN RIVER BASIN","SC238","1 1/3 MI. N. OF US 40/ CROCO E. OF TOPEKA ON CROCO RD. BR.","2000-03-29",810,0.593,2000,3,29,39.05431,-95.61314,10270102,"TKN",10270102,102701,1027,10
"479740",2015812,"KANSAS/LOWER REPUBLICAN RIVER BASIN","SC238","1 1/3 MI. N. OF US 40/ CROCO E. OF TOPEKA ON CROCO RD. BR.","2000-05-24",800,0.64,2000,5,24,39.05431,-95.61314,10270102,"TKN",10270102,102701,1027,10
"479741",2015911,"KANSAS/LOWER REPUBLICAN RIVER BASIN","SC238","1 1/3 MI. N. OF US 40/ CROCO E. OF TOPEKA ON CROCO RD. BR.","2000-07-26",815,0.97,2000,7,26,39.05431,-95.61314,10270102,"TKN",10270102,102701,1027,10
"479742",2016012,"KANSAS/LOWER REPUBLICAN RIVER BASIN","SC238","1 1/3 MI. N. OF US 40/ CROCO E. OF TOPEKA ON CROCO RD. BR.","2000-09-27",800,0.89,2000,9,27,39.05431,-95.61314,10270102,"TKN",10270102,102701,1027,10
"479743",2016114,"KANSAS/LOWER REPUBLICAN RIVER BASIN","SC238","1 1/3 MI. N. OF US 40/ CROCO E. OF TOPEKA ON CROCO RD. BR.","2000-11-20",800,1.11,2000,11,20,39.05431,-95.61314,10270102,"TKN",10270102,102701,1027,10
"479744",2016212,"KANSAS/LOWER REPUBLICAN RIVER BASIN","SC238","1 1/3 MI. N. OF US 40/ CROCO E. OF TOPEKA ON CROCO RD. BR.","2001-02-21",855,1.326,2001,2,21,39.05431,-95.61314,10270102,"TKN",10270102,102701,1027,10
"479745",2016312,"KANSAS/LOWER REPUBLICAN RIVER BASIN","SC238","1 1/3 MI. N. OF US 40/ CROCO E. OF TOPEKA ON CROCO RD. BR.","2001-04-25",805,0.201,2001,4,25,39.05431,-95.61314,10270102,"TKN",10270102,102701,1027,10
"479746",2016412,"KANSAS/LOWER REPUBLICAN RIVER BASIN","SC238","1 1/3 MI. N. OF US 40/ CROCO E. OF TOPEKA ON CROCO RD. BR.","2001-04-25",810,0.866,2001,4,25,39.05431,-95.61314,10270102,"TKN",10270102,102701,1027,10
"479747",2016511,"KANSAS/LOWER REPUBLICAN RIVER BASIN","SC238","1 1/3 MI. N. OF US 40/ CROCO E. OF TOPEKA ON CROCO RD. BR.","2001-06-27",805,0.751,2001,6,27,39.05431,-95.61314,10270102,"TKN",10270102,102701,1027,10
"479748",2016612,"KANSAS/LOWER REPUBLICAN RIVER BASIN","SC238","1 1/3 MI. N. OF US 40/ CROCO E. OF TOPEKA ON CROCO RD. BR.","2001-08-29",805,0.985,2001,8,29,39.05431,-95.61314,10270102,"TKN",10270102,102701,1027,10
"479749",2016711,"KANSAS/LOWER REPUBLICAN RIVER BASIN","SC238","1 1/3 MI. N. OF US 40/ CROCO E. OF TOPEKA ON CROCO RD. BR.","2001-10-24",740,0.798,2001,10,24,39.05431,-95.61314,10270102,"TKN",10270102,102701,1027,10
"479750",2016812,"KANSAS/LOWER REPUBLICAN RIVER BASIN","SC238","1 1/3 MI. N. OF US 40/ CROCO E. OF TOPEKA ON CROCO RD. BR.","2001-12-26",805,0.848,2001,12,26,39.05431,-95.61314,10270102,"TKN",10270102,102701,1027,10
"479751",2016911,"KANSAS/LOWER REPUBLICAN RIVER BASIN","SC238","1 1/3 MI. N. OF US 40/ CROCO E. OF TOPEKA ON CROCO RD. BR.","2002-03-28",740,1.139,2002,3,28,39.05431,-95.61314,10270102,"TKN",10270102,102701,1027,10
"479752",2017012,"KANSAS/LOWER REPUBLICAN RIVER BASIN","SC238","1 1/3 MI. N. OF US 40/ CROCO E. OF TOPEKA ON CROCO RD. BR.","2002-05-30",815,0.9,2002,5,30,39.05431,-95.61314,10270102,"TKN",10270102,102701,1027,10
"479753",2017114,"KANSAS/LOWER REPUBLICAN RIVER BASIN","SC238","","2002-07-31",758,0.05,2002,7,31,39.05431,-95.61314,10270102,"TKN",10270102,102701,1027,10
"479754",2017213,"KANSAS/LOWER REPUBLICAN RIVER BASIN","SC238","","2002-09-26",816,0.782,2002,9,26,39.05431,-95.61314,10270102,"TKN",10270102,102701,1027,10
"479755",2017312,"KANSAS/LOWER REPUBLICAN RIVER BASIN","SC238","","2002-09-26",821,0.927,2002,9,26,39.05431,-95.61314,10270102,"TKN",10270102,102701,1027,10
"479756",2017411,"KANSAS/LOWER REPUBLICAN RIVER BASIN","SC238","","2002-11-26",816,0.597,2002,11,26,39.05431,-95.61314,10270102,"TKN",10270102,102701,1027,10
"479757",2017511,"KANSAS/LOWER REPUBLICAN RIVER BASIN","SC238","","2003-02-05",821,1.675,2003,2,5,39.05431,-95.61314,10270102,"TKN",10270102,102701,1027,10
"479758",2017612,"KANSAS/LOWER REPUBLICAN RIVER BASIN","SC238","","2003-04-02",818,2.011,2003,4,2,39.05431,-95.61314,10270102,"TKN",10270102,102701,1027,10
"479759",2017711,"KANSAS/LOWER REPUBLICAN RIVER BASIN","SC238","","2003-06-04",1444,1.011,2003,6,4,39.05431,-95.61314,10270102,"TKN",10270102,102701,1027,10
"479760",2017811,"KANSAS/LOWER REPUBLICAN RIVER BASIN","SC238","","2003-08-06",801,1.08,2003,8,6,39.05431,-95.61314,10270102,"TKN",10270102,102701,1027,10
"479761",2017911,"KANSAS/LOWER REPUBLICAN RIVER BASIN","SC238","","2003-08-06",806,1.061,2003,8,6,39.05431,-95.61314,10270102,"TKN",10270102,102701,1027,10
"479762",2018010,"KANSAS/LOWER REPUBLICAN RIVER BASIN","SC238","","2003-10-08",845,0.496,2003,10,8,39.05431,-95.61314,10270102,"TKN",10270102,102701,1027,10
"479763",2018114,"KANSAS/LOWER REPUBLICAN RIVER BASIN","SC238","","2003-12-29",856,0.57,2003,12,29,39.05431,-95.61314,10270102,"TKN",10270102,102701,1027,10
"479764",2018212,"KANSAS/LOWER REPUBLICAN RIVER BASIN","SC238","","2004-01-07",839,0.514,2004,1,7,39.05431,-95.61314,10270102,"TKN",10270102,102701,1027,10
"479765",2018311,"KANSAS/LOWER REPUBLICAN RIVER BASIN","SC238","","2004-03-02",812,0.959,2004,3,2,39.05431,-95.61314,10270102,"TKN",10270102,102701,1027,10
"479766",2018410,"KANSAS/LOWER REPUBLICAN RIVER BASIN","SC238","","2004-05-05",752,0.782,2004,5,5,39.05431,-95.61314,10270102,"TKN",10270102,102701,1027,10
"479767",2018511,"KANSAS/LOWER REPUBLICAN RIVER BASIN","SC238","","2004-07-07",843,0.746,2004,7,7,39.05431,-95.61314,10270102,"TKN",10270102,102701,1027,10
"479768",2018610,"KANSAS/LOWER REPUBLICAN RIVER BASIN","SC238","","2004-09-08",836,0.75,2004,9,8,39.05431,-95.61314,10270102,"TKN",10270102,102701,1027,10
"479769",2018711,"KANSAS/LOWER REPUBLICAN RIVER BASIN","SC238","","2004-11-03",834,0.96,2004,11,3,39.05431,-95.61314,10270102,"TKN",10270102,102701,1027,10
"479770",2018811,"KANSAS/LOWER REPUBLICAN RIVER BASIN","SC238","","2004-11-03",839,0.875,2004,11,3,39.05431,-95.61314,10270102,"TKN",10270102,102701,1027,10
"479771",2018910,"KANSAS/LOWER REPUBLICAN RIVER BASIN","SC238","","2005-02-02",803,0.233,2005,2,2,39.05431,-95.61314,10270102,"TKN",10270102,102701,1027,10
"479772",2019011,"KANSAS/LOWER REPUBLICAN RIVER BASIN","SC238","","2005-04-06",801,0.974,2005,4,6,39.05431,-95.61314,10270102,"TKN",10270102,102701,1027,10
"479773",2019114,"KANSAS/LOWER REPUBLICAN RIVER BASIN","SC238","","2005-06-01",810,0.989,2005,6,1,39.05431,-95.61314,10270102,"TKN",10270102,102701,1027,10
"479774",2019212,"KANSAS/LOWER REPUBLICAN RIVER BASIN","SC238","","2005-08-03",746,0.549,2005,8,3,39.05431,-95.61314,10270102,"TKN",10270102,102701,1027,10
"479775",2019310,"KANSAS/LOWER REPUBLICAN RIVER BASIN","SC238","","2005-10-05",802,0.636,2005,10,5,39.05431,-95.61314,10270102,"TKN",10270102,102701,1027,10
"479776",2019411,"KANSAS/LOWER REPUBLICAN RIVER BASIN","SC238","","2005-12-07",841,0.424,2005,12,7,39.05431,-95.61314,10270102,"TKN",10270102,102701,1027,10
"479777",2019511,"KANSAS/LOWER REPUBLICAN RIVER BASIN","SC238","","2006-01-04",748,0.284,2006,1,4,39.05431,-95.61314,10270102,"TKN",10270102,102701,1027,10
"479778",2019611,"KANSAS/LOWER REPUBLICAN RIVER BASIN","SC238","","2006-01-04",753,0.261,2006,1,4,39.05431,-95.61314,10270102,"TKN",10270102,102701,1027,10
"479779",2019710,"KANSAS/LOWER REPUBLICAN RIVER BASIN","SC238","","2006-03-08",804,0.825,2006,3,8,39.05431,-95.61314,10270102,"TKN",10270102,102701,1027,10
"479780",2019811,"KANSAS/LOWER REPUBLICAN RIVER BASIN","SC238","","2006-05-03",753,2.336,2006,5,3,39.05431,-95.61314,10270102,"TKN",10270102,102701,1027,10
"479781",2019910,"KANSAS/LOWER REPUBLICAN RIVER BASIN","SC238","","2006-07-05",734,1.054,2006,7,5,39.05431,-95.61314,10270102,"TKN",10270102,102701,1027,10
"479782",2020011,"KANSAS/LOWER REPUBLICAN RIVER BASIN","SC238","","2006-09-06",740,1.2,2006,9,6,39.05431,-95.61314,10270102,"TKN",10270102,102701,1027,10
"479783",2020114,"KANSAS/LOWER REPUBLICAN RIVER BASIN","SC238","","2006-11-01",834,0.55,2006,11,1,39.05431,-95.61314,10270102,"TKN",10270102,102701,1027,10
"479784",2020212,"KANSAS/LOWER REPUBLICAN RIVER BASIN","SC238","","2007-02-07",801,0.694,2007,2,7,39.05431,-95.61314,10270102,"TKN",10270102,102701,1027,10
"479785",2020310,"KANSAS/LOWER REPUBLICAN RIVER BASIN","SC238","","2007-04-04",739,1.129,2007,4,4,39.05431,-95.61314,10270102,"TKN",10270102,102701,1027,10
"479786",2020411,"KANSAS/LOWER REPUBLICAN RIVER BASIN","SC238","","2007-06-06",746,0.817,2007,6,6,39.05431,-95.61314,10270102,"TKN",10270102,102701,1027,10
"479787",2020510,"KANSAS/LOWER REPUBLICAN RIVER BASIN","SC238","","2007-08-08",749,0.543,2007,8,8,39.05431,-95.61314,10270102,"TKN",10270102,102701,1027,10
"479788",2020611,"KANSAS/LOWER REPUBLICAN RIVER BASIN","SC238","","2007-10-03",741,0.89,2007,10,3,39.05431,-95.61314,10270102,"TKN",10270102,102701,1027,10
"479789",2020710,"KANSAS/LOWER REPUBLICAN RIVER BASIN","SC238","","2007-12-17",909,1.019,2007,12,17,39.05431,-95.61314,10270102,"TKN",10270102,102701,1027,10
"479790",2020811,"KANSAS/LOWER REPUBLICAN RIVER BASIN","SC238","","2008-01-08",756,0.853,2008,1,8,39.05431,-95.61314,10270102,"TKN",10270102,102701,1027,10
"479791",2020910,"KANSAS/LOWER REPUBLICAN RIVER BASIN","SC238","","2008-03-04",746,0.862,2008,3,4,39.05431,-95.61314,10270102,"TKN",10270102,102701,1027,10
"479792",2021013,"KANSAS/LOWER REPUBLICAN RIVER BASIN","SC238","","2008-05-06",737,0.619,2008,5,6,39.05431,-95.61314,10270102,"TKN",10270102,102701,1027,10
"479793",2021114,"KANSAS/LOWER REPUBLICAN RIVER BASIN","SC238","","2008-07-08",751,0.886,2008,7,8,39.05431,-95.61314,10270102,"TKN",10270102,102701,1027,10
"479794",2021212,"KANSAS/LOWER REPUBLICAN RIVER BASIN","SC238","","2008-09-02",731,0.737,2008,9,2,39.05431,-95.61314,10270102,"TKN",10270102,102701,1027,10
"479795",2021311,"KANSAS/LOWER REPUBLICAN RIVER BASIN","SC238","","2008-11-12",748,0.748,2008,11,12,39.05431,-95.61314,10270102,"TKN",10270102,102701,1027,10
"479796",2021411,"KANSAS/LOWER REPUBLICAN RIVER BASIN","SC238","","2009-02-03",745,0.617,2009,2,3,39.05431,-95.61314,10270102,"TKN",10270102,102701,1027,10
"479797",2021510,"KANSAS/LOWER REPUBLICAN RIVER BASIN","SC238","","2009-04-07",753,0.455,2009,4,7,39.05431,-95.61314,10270102,"TKN",10270102,102701,1027,10
"479798",2021611,"KANSAS/LOWER REPUBLICAN RIVER BASIN","SC238","","2009-06-02",738,1.264,2009,6,2,39.05431,-95.61314,10270102,"TKN",10270102,102701,1027,10
"479799",2021811,"KANSAS/LOWER REPUBLICAN RIVER BASIN","SC238","","2009-10-05",911,0.89,2009,10,5,39.05431,-95.61314,10270102,"TKN",10270102,102701,1027,10
"479800",2021910,"KANSAS/LOWER REPUBLICAN RIVER BASIN","SC238","","2009-12-21",834,0.486,2009,12,21,39.05431,-95.61314,10270102,"TKN",10270102,102701,1027,10
"479801",2022011,"KANSAS/LOWER REPUBLICAN RIVER BASIN","SC238","","2010-01-12",743,0.619,2010,1,12,39.05431,-95.61314,10270102,"TKN",10270102,102701,1027,10
"479802",2022114,"KANSAS/LOWER REPUBLICAN RIVER BASIN","SC238","","2010-04-27",731,0.796,2010,4,27,39.05431,-95.61314,10270102,"TKN",10270102,102701,1027,10
"479803",2022212,"KANSAS/LOWER REPUBLICAN RIVER BASIN","SC238","","2010-07-27",745,0.384,2010,7,27,39.05431,-95.61314,10270102,"TKN",10270102,102701,1027,10
"479804",2022311,"KANSAS/LOWER REPUBLICAN RIVER BASIN","SC238","","2010-10-13",748,0.559,2010,10,13,39.05431,-95.61314,10270102,"TKN",10270102,102701,1027,10
"479805",2022411,"KANSAS/LOWER REPUBLICAN RIVER BASIN","SC238","","2011-02-07",742,2.081,2011,2,7,39.05431,-95.61314,10270102,"TKN",10270102,102701,1027,10
"479806",2022510,"KANSAS/LOWER REPUBLICAN RIVER BASIN","SC238","","2011-05-23",1033,0.725,2011,5,23,39.05431,-95.61314,10270102,"TKN",10270102,102701,1027,10
"479807",2022611,"KANSAS/LOWER REPUBLICAN RIVER BASIN","SC238","","2011-08-08",748,0.765,2011,8,8,39.05431,-95.61314,10270102,"TKN",10270102,102701,1027,10
"479808",2022711,"KANSAS/LOWER REPUBLICAN RIVER BASIN","SC238","","2011-08-08",753,0.855,2011,8,8,39.05431,-95.61314,10270102,"TKN",10270102,102701,1027,10
"479809",2022810,"KANSAS/LOWER REPUBLICAN RIVER BASIN","SC238","","2011-11-28",750,0.409,2011,11,28,39.05431,-95.61314,10270102,"TKN",10270102,102701,1027,10
"479810",2022911,"KANSAS/LOWER REPUBLICAN RIVER BASIN","SC238","","2012-03-06",759,1.181,2012,3,6,39.05431,-95.61314,10270102,"TKN",10270102,102701,1027,10
"479811",2023010,"KANSAS/LOWER REPUBLICAN RIVER BASIN","SC238","","2012-06-19",801,0.639,2012,6,19,39.05431,-95.61314,10270102,"TKN",10270102,102701,1027,10
"479812",2023114,"KANSAS/LOWER REPUBLICAN RIVER BASIN","SC238","","2012-09-25",753,0.502,2012,9,25,39.05431,-95.61314,10270102,"TKN",10270102,102701,1027,10
"479813",2023212,"KANSAS/LOWER REPUBLICAN RIVER BASIN","SC238","","2012-09-25",758,0.482,2012,9,25,39.05431,-95.61314,10270102,"TKN",10270102,102701,1027,10
"479814",2023311,"KANSAS/LOWER REPUBLICAN RIVER BASIN","SC238","","2012-12-18",817,0.742,2012,12,18,39.05431,-95.61314,10270102,"TKN",10270102,102701,1027,10
"479815",2023411,"KANSAS/LOWER REPUBLICAN RIVER BASIN","SC238","","2013-01-29",739,0.31,2013,1,29,39.05431,-95.61314,10270102,"TKN",10270102,102701,1027,10
"479816",2023511,"KANSAS/LOWER REPUBLICAN RIVER BASIN","SC238","","2013-04-30",1533,0.413,2013,4,30,39.05431,-95.61314,10270102,"TKN",10270102,102701,1027,10
"479817",2023611,"KANSAS/LOWER REPUBLICAN RIVER BASIN","SC238","","2013-07-09",740,0.516,2013,7,9,39.05431,-95.61314,10270102,"TKN",10270102,102701,1027,10
"479818",2023710,"KANSAS/LOWER REPUBLICAN RIVER BASIN","SC238","","2013-10-23",741,0.454,2013,10,23,39.05431,-95.61314,10270102,"TKN",10270102,102701,1027,10
"479819",2023810,"KANSAS/LOWER REPUBLICAN RIVER BASIN","SC238","","2014-02-24",1410,1.1,2014,2,24,39.05431,-95.61314,10270102,"TKN",10270102,102701,1027,10
"479820",2023911,"KANSAS/LOWER REPUBLICAN RIVER BASIN","SC238","","2014-05-06",749,0.89,2014,5,6,39.05431,-95.61314,10270102,"TKN",10270102,102701,1027,10
"479821",2024011,"KANSAS/LOWER REPUBLICAN RIVER BASIN","SC238","","2014-08-05",738,0.64,2014,8,5,39.05431,-95.61314,10270102,"TKN",10270102,102701,1027,10
"479822",2024114,"KANSAS/LOWER REPUBLICAN RIVER BASIN","SC238","","2014-11-24",738,1.2,2014,11,24,39.05431,-95.61314,10270102,"TKN",10270102,102701,1027,10
"479823",2024212,"KANSAS/LOWER REPUBLICAN RIVER BASIN","SC238","","2015-03-03",750,1.2,2015,3,3,39.05431,-95.61314,10270102,"TKN",10270102,102701,1027,10
"479824",2024310,"KANSAS/LOWER REPUBLICAN RIVER BASIN","SC238","","2015-06-02",742,0.72,2015,6,2,39.05431,-95.61314,10270102,"TKN",10270102,102701,1027,10
"479825",2024411,"KANSAS/LOWER REPUBLICAN RIVER BASIN","SC238","","2015-09-08",734,1.9,2015,9,8,39.05431,-95.61314,10270102,"TKN",10270102,102701,1027,10
"479826",2024511,"KANSAS/LOWER REPUBLICAN RIVER BASIN","SC238","","2015-12-02",828,0.62,2015,12,2,39.05431,-95.61314,10270102,"TKN",10270102,102701,1027,10
"479827",2024610,"KANSAS/LOWER REPUBLICAN RIVER BASIN","SC238","","2016-01-05",751,0.54,2016,1,5,39.05431,-95.61314,10270102,"TKN",10270102,102701,1027,10
"479828",2024711,"KANSAS/LOWER REPUBLICAN RIVER BASIN","SC238","","2016-04-05",744,0.42,2016,4,5,39.05431,-95.61314,10270102,"TKN",10270102,102701,1027,10
"479829",2024810,"KANSAS/LOWER REPUBLICAN RIVER BASIN","SC238","","2016-07-12",745,0.88,2016,7,12,39.05431,-95.61314,10270102,"TKN",10270102,102701,1027,10
"479830",2024911,"KANSAS/LOWER REPUBLICAN RIVER BASIN","SC238","","2016-10-04",742,0.51,2016,10,4,39.05431,-95.61314,10270102,"TKN",10270102,102701,1027,10
"479831",2025011,"KANSAS/LOWER REPUBLICAN RIVER BASIN","SC238","","2017-02-07",726,0.62,2017,2,7,39.05431,-95.61314,10270102,"TKN",10270102,102701,1027,10
"479832",2025114,"KANSAS/LOWER REPUBLICAN RIVER BASIN","SC238","","2017-05-02",729,0.88,2017,5,2,39.05431,-95.61314,10270102,"TKN",10270102,102701,1027,10
"479833",2025212,"KANSAS/LOWER REPUBLICAN RIVER BASIN","SC238","","2017-08-08",808,0.55,2017,8,8,39.05431,-95.61314,10270102,"TKN",10270102,102701,1027,10
"479834",2025310,"KANSAS/LOWER REPUBLICAN RIVER BASIN","SC238","","2017-11-07",745,0.36,2017,11,7,39.05431,-95.61314,10270102,"TKN",10270102,102701,1027,10
"479835",2025410,"KANSAS/LOWER REPUBLICAN RIVER BASIN","SC238","","2018-03-06",738,0.82,2018,3,6,39.05431,-95.61314,10270102,"TKN",10270102,102701,1027,10
"479836",2025511,"KANSAS/LOWER REPUBLICAN RIVER BASIN","SC238","","2018-06-19",742,0.91,2018,6,19,39.05431,-95.61314,10270102,"TKN",10270102,102701,1027,10
"479837",2025611,"KANSAS/LOWER REPUBLICAN RIVER BASIN","SC238","","2018-09-25",723,0.59,2018,9,25,39.05431,-95.61314,10270102,"TKN",10270102,102701,1027,10
"479838",2025710,"KANSAS/LOWER REPUBLICAN RIVER BASIN","SC238","","2018-12-11",740,0.55,2018,12,11,39.05431,-95.61314,10270102,"TKN",10270102,102701,1027,10
"479839",2025811,"KANSAS/LOWER REPUBLICAN RIVER BASIN","SC238","","2019-01-29",749,0.72,2019,1,29,39.05431,-95.61314,10270102,"TKN",10270102,102701,1027,10
"479840",2025910,"KANSAS/LOWER REPUBLICAN RIVER BASIN","SC238","","2019-04-02",646,0.4,2019,4,2,39.05431,-95.61314,10270102,"TKN",10270102,102701,1027,10
"479841",2026011,"KANSAS/LOWER REPUBLICAN RIVER BASIN","SC238","","2019-07-09",758,0.44,2019,7,9,39.05431,-95.61314,10270102,"TKN",10270102,102701,1027,10
"479842",2026114,"KANSAS/LOWER REPUBLICAN RIVER BASIN","SC238","","2019-10-22",732,0.52,2019,10,22,39.05431,-95.61314,10270102,"TKN",10270102,102701,1027,10
"479843",2026211,"KANSAS/LOWER REPUBLICAN RIVER BASIN","SC238","","2020-02-04",717,0.35,2020,2,4,39.05431,-95.61314,10270102,"TKN",10270102,102701,1027,10
"479844",202639,"KANSAS/LOWER REPUBLICAN RIVER BASIN","SC238","","2020-08-04",743,0.6,2020,8,4,39.05431,-95.61314,10270102,"TKN",10270102,102701,1027,10
"479845",2026410,"KANSAS/LOWER REPUBLICAN RIVER BASIN","SC238","","2020-11-23",1025,0.64,2020,11,23,39.05431,-95.61314,10270102,"TKN",10270102,102701,1027,10
"479846",2026510,"KANSAS/LOWER REPUBLICAN RIVER BASIN","SC238","","2021-03-02",526,0.64,2021,3,2,39.05431,-95.61314,10270102,"TKN",10270102,102701,1027,10
"479847",2026610,"KANSAS/LOWER REPUBLICAN RIVER BASIN","SC238","","2021-06-21",531,0.85,2021,6,21,39.05431,-95.61314,10270102,"TKN",10270102,102701,1027,10
"479848",2026710,"KANSAS/LOWER REPUBLICAN RIVER BASIN","SC238","","2021-06-21",536,0.84,2021,6,21,39.05431,-95.61314,10270102,"TKN",10270102,102701,1027,10
"479849",202689,"KANSAS/LOWER REPUBLICAN RIVER BASIN","SC238","","2021-09-08",531,0.54,2021,9,8,39.05431,-95.61314,10270102,"TKN",10270102,102701,1027,10
"479850",2026911,"KANSAS/LOWER REPUBLICAN RIVER BASIN","SC238","","2021-12-07",530,0.37,2021,12,7,39.05431,-95.61314,10270102,"TKN",10270102,102701,1027,10
"479851",2027010,"KANSAS/LOWER REPUBLICAN RIVER BASIN","SC238","","2021-12-07",535,0.37,2021,12,7,39.05431,-95.61314,10270102,"TKN",10270102,102701,1027,10
"479852",2027114,"KANSAS/LOWER REPUBLICAN RIVER BASIN","SC238","","2022-01-31",540,0.51,2022,1,31,39.05431,-95.61314,10270102,"TKN",10270102,102701,1027,10
"479853",2027211,"KANSAS/LOWER REPUBLICAN RIVER BASIN","SC238","","2022-01-31",545,0.52,2022,1,31,39.05431,-95.61314,10270102,"TKN",10270102,102701,1027,10
"479854",202739,"KANSAS/LOWER REPUBLICAN RIVER BASIN","SC238","","2022-04-18",527,0.55,2022,4,18,39.05431,-95.61314,10270102,"TKN",10270102,102701,1027,10
"479855",2027410,"KANSAS/LOWER REPUBLICAN RIVER BASIN","SC238","","2022-07-25",604,1.6,2022,7,25,39.05431,-95.61314,10270102,"TKN",10270102,102701,1027,10
"479856",2027510,"KANSAS/LOWER REPUBLICAN RIVER BASIN","SC238","","2022-07-25",609,0.57,2022,7,25,39.05431,-95.61314,10270102,"TKN",10270102,102701,1027,10
"479857",2027610,"KANSAS/LOWER REPUBLICAN RIVER BASIN","SC238","","2022-10-24",533,0.64,2022,10,24,39.05431,-95.61314,10270102,"TKN",10270102,102701,1027,10
"479858",2027710,"KANSAS/LOWER REPUBLICAN RIVER BASIN","SC238","","2022-10-24",538,0.57,2022,10,24,39.05431,-95.61314,10270102,"TKN",10270102,102701,1027,10
"479859",2027810,"KANSAS/LOWER REPUBLICAN RIVER BASIN","SC238","","2023-02-06",557,0.71,2023,2,6,39.05431,-95.61314,10270102,"TKN",10270102,102701,1027,10
"479860",202799,"KANSAS/LOWER REPUBLICAN RIVER BASIN","SC238","","2023-05-01",600,0.67,2023,5,1,39.05431,-95.61314,10270102,"TKN",10270102,102701,1027,10
"479861",2028010,"KANSAS/LOWER REPUBLICAN RIVER BASIN","SC238","","2023-08-07",647,0.1,2023,8,7,39.05431,-95.61314,10270102,"TKN",10270102,102701,1027,10
"479862",2028114,"KANSAS/LOWER REPUBLICAN RIVER BASIN","SC238","","2023-11-27",644,0.51,2023,11,27,39.05431,-95.61314,10270102,"TKN",10270102,102701,1027,10
"479863",2028211,"KANSAS/LOWER REPUBLICAN RIVER BASIN","SC238","","2024-03-04",552,1.1,2024,3,4,39.05431,-95.61314,10270102,"TKN",10270102,102701,1027,10
"479864",2028310,"KANSAS/LOWER REPUBLICAN RIVER BASIN","SC238","","2024-06-24",640,0.54,2024,6,24,39.05431,-95.61314,10270102,"TKN",10270102,102701,1027,10
"479865",2028410,"KANSAS/LOWER REPUBLICAN RIVER BASIN","SC238","","2024-09-09",500,0.47,2024,9,9,39.05431,-95.61314,10270102,"TKN",10270102,102701,1027,10
"479866",2028510,"KANSAS/LOWER REPUBLICAN RIVER BASIN","SC238","","2024-09-09",505,0.54,2024,9,9,39.05431,-95.61314,10270102,"TKN",10270102,102701,1027,10
"479867",202869,"KANSAS/LOWER REPUBLICAN RIVER BASIN","SC238","","2024-12-02",550,0.5,2024,12,2,39.05431,-95.61314,10270102,"TKN",10270102,102701,1027,10
"479868",2051012,"KANSAS/LOWER REPUBLICAN RIVER BASIN","SC239","U.S. HIGHWAY 40, 4.0 MI. NW OF TOPEKA","2000-01-26",840,0.05,2000,1,26,39.09973,-95.72473,10270102,"TKN",10270102,102701,1027,10
"479869",2051114,"KANSAS/LOWER REPUBLICAN RIVER BASIN","SC239","U.S. HIGHWAY 40, 4.0 MI. NW OF TOPEKA","2000-03-29",835,0.746,2000,3,29,39.09973,-95.72473,10270102,"TKN",10270102,102701,1027,10
"479870",2051213,"KANSAS/LOWER REPUBLICAN RIVER BASIN","SC239","U.S. HIGHWAY 40, 4.0 MI. NW OF TOPEKA","2000-05-24",840,0.74,2000,5,24,39.09973,-95.72473,10270102,"TKN",10270102,102701,1027,10
"479871",2051312,"KANSAS/LOWER REPUBLICAN RIVER BASIN","SC239","U.S. HIGHWAY 40, 4.0 MI. NW OF TOPEKA","2000-07-26",840,0.46,2000,7,26,39.09973,-95.72473,10270102,"TKN",10270102,102701,1027,10
"479872",2051412,"KANSAS/LOWER REPUBLICAN RIVER BASIN","SC239","U.S. HIGHWAY 40, 4.0 MI. NW OF TOPEKA","2000-09-27",830,0.74,2000,9,27,39.09973,-95.72473,10270102,"TKN",10270102,102701,1027,10
"479873",2051511,"KANSAS/LOWER REPUBLICAN RIVER BASIN","SC239","U.S. HIGHWAY 40, 4.0 MI. NW OF TOPEKA","2000-11-20",830,1.17,2000,11,20,39.09973,-95.72473,10270102,"TKN",10270102,102701,1027,10
"479874",2051612,"KANSAS/LOWER REPUBLICAN RIVER BASIN","SC239","U.S. HIGHWAY 40, 4.0 MI. NW OF TOPEKA","2001-02-21",920,1,2001,2,21,39.09973,-95.72473,10270102,"TKN",10270102,102701,1027,10
"479875",2051711,"KANSAS/LOWER REPUBLICAN RIVER BASIN","SC239","U.S. HIGHWAY 40, 4.0 MI. NW OF TOPEKA","2001-04-25",845,0.482,2001,4,25,39.09973,-95.72473,10270102,"TKN",10270102,102701,1027,10
"479876",2051812,"KANSAS/LOWER REPUBLICAN RIVER BASIN","SC239","U.S. HIGHWAY 40, 4.0 MI. NW OF TOPEKA","2001-06-27",835,0.701,2001,6,27,39.09973,-95.72473,10270102,"TKN",10270102,102701,1027,10
"479877",2051911,"KANSAS/LOWER REPUBLICAN RIVER BASIN","SC239","U.S. HIGHWAY 40, 4.0 MI. NW OF TOPEKA","2001-08-29",835,1.313,2001,8,29,39.09973,-95.72473,10270102,"TKN",10270102,102701,1027,10
"479878",2052012,"KANSAS/LOWER REPUBLICAN RIVER BASIN","SC239","U.S. HIGHWAY 40, 4.0 MI. NW OF TOPEKA","2001-10-24",810,0.587,2001,10,24,39.09973,-95.72473,10270102,"TKN",10270102,102701,1027,10
"479879",2052114,"KANSAS/LOWER REPUBLICAN RIVER BASIN","SC239","U.S. HIGHWAY 40, 4.0 MI. NW OF TOPEKA","2001-12-26",840,0.633,2001,12,26,39.09973,-95.72473,10270102,"TKN",10270102,102701,1027,10
"479880",2052213,"KANSAS/LOWER REPUBLICAN RIVER BASIN","SC239","U.S. HIGHWAY 40, 4.0 MI. NW OF TOPEKA","2002-03-27",800,0.05,2002,3,27,39.09973,-95.72473,10270102,"TKN",10270102,102701,1027,10
"479881",2052311,"KANSAS/LOWER REPUBLICAN RIVER BASIN","SC239","U.S. HIGHWAY 40, 4.0 MI. NW OF TOPEKA","2002-05-29",800,1.759,2002,5,29,39.09973,-95.72473,10270102,"TKN",10270102,102701,1027,10
"479882",2052412,"KANSAS/LOWER REPUBLICAN RIVER BASIN","SC239","","2002-07-30",825,0.59,2002,7,30,39.09973,-95.72473,10270102,"TKN",10270102,102701,1027,10
"479883",2052511,"KANSAS/LOWER REPUBLICAN RIVER BASIN","SC239","","2002-09-25",837,0.435,2002,9,25,39.09973,-95.72473,10270102,"TKN",10270102,102701,1027,10
"479884",2052612,"KANSAS/LOWER REPUBLICAN RIVER BASIN","SC239","","2002-11-25",807,0.478,2002,11,25,39.09973,-95.72473,10270102,"TKN",10270102,102701,1027,10
"479885",2052712,"KANSAS/LOWER REPUBLICAN RIVER BASIN","SC239","","2002-11-25",812,0.267,2002,11,25,39.09973,-95.72473,10270102,"TKN",10270102,102701,1027,10
"479886",2052811,"KANSAS/LOWER REPUBLICAN RIVER BASIN","SC239","","2003-02-05",849,0.577,2003,2,5,39.09973,-95.72473,10270102,"TKN",10270102,102701,1027,10
"479887",2052912,"KANSAS/LOWER REPUBLICAN RIVER BASIN","SC239","","2003-04-02",859,0.659,2003,4,2,39.09973,-95.72473,10270102,"TKN",10270102,102701,1027,10
"479888",2053011,"KANSAS/LOWER REPUBLICAN RIVER BASIN","SC239","","2003-06-04",1413,1.723,2003,6,4,39.09973,-95.72473,10270102,"TKN",10270102,102701,1027,10
"479889",2053114,"KANSAS/LOWER REPUBLICAN RIVER BASIN","SC239","","2003-08-06",851,0.982,2003,8,6,39.09973,-95.72473,10270102,"TKN",10270102,102701,1027,10
"479890",2053212,"KANSAS/LOWER REPUBLICAN RIVER BASIN","SC239","","2003-10-08",914,0.339,2003,10,8,39.09973,-95.72473,10270102,"TKN",10270102,102701,1027,10
"479891",2053311,"KANSAS/LOWER REPUBLICAN RIVER BASIN","SC239","","2003-12-29",924,0.224,2003,12,29,39.09973,-95.72473,10270102,"TKN",10270102,102701,1027,10
"479892",2053410,"KANSAS/LOWER REPUBLICAN RIVER BASIN","SC239","","2004-01-07",916,0.337,2004,1,7,39.09973,-95.72473,10270102,"TKN",10270102,102701,1027,10
"479893",2053511,"KANSAS/LOWER REPUBLICAN RIVER BASIN","SC239","","2004-03-02",852,1.395,2004,3,2,39.09973,-95.72473,10270102,"TKN",10270102,102701,1027,10
"479894",2053610,"KANSAS/LOWER REPUBLICAN RIVER BASIN","SC239","","2004-05-05",824,0.748,2004,5,5,39.09973,-95.72473,10270102,"TKN",10270102,102701,1027,10
"479895",2053711,"KANSAS/LOWER REPUBLICAN RIVER BASIN","SC239","","2004-07-07",937,1.908,2004,7,7,39.09973,-95.72473,10270102,"TKN",10270102,102701,1027,10
"479896",2053810,"KANSAS/LOWER REPUBLICAN RIVER BASIN","SC239","","2004-09-08",910,0.502,2004,9,8,39.09973,-95.72473,10270102,"TKN",10270102,102701,1027,10
"479897",2053911,"KANSAS/LOWER REPUBLICAN RIVER BASIN","SC239","","2004-11-03",927,0.907,2004,11,3,39.09973,-95.72473,10270102,"TKN",10270102,102701,1027,10
"479898",2054010,"KANSAS/LOWER REPUBLICAN RIVER BASIN","SC239","","2005-02-02",839,1.555,2005,2,2,39.09973,-95.72473,10270102,"TKN",10270102,102701,1027,10
"479899",2054114,"KANSAS/LOWER REPUBLICAN RIVER BASIN","SC239","","2005-04-06",830,0.124,2005,4,6,39.09973,-95.72473,10270102,"TKN",10270102,102701,1027,10
"479900",2054212,"KANSAS/LOWER REPUBLICAN RIVER BASIN","SC239","","2005-06-01",838,0.351,2005,6,1,39.09973,-95.72473,10270102,"TKN",10270102,102701,1027,10
"479901",2054311,"KANSAS/LOWER REPUBLICAN RIVER BASIN","SC239","","2005-08-03",820,0.345,2005,8,3,39.09973,-95.72473,10270102,"TKN",10270102,102701,1027,10
"479902",2054410,"KANSAS/LOWER REPUBLICAN RIVER BASIN","SC239","","2005-10-05",840,0.691,2005,10,5,39.09973,-95.72473,10270102,"TKN",10270102,102701,1027,10
"479903",2054511,"KANSAS/LOWER REPUBLICAN RIVER BASIN","SC239","","2005-12-07",914,0.234,2005,12,7,39.09973,-95.72473,10270102,"TKN",10270102,102701,1027,10
"479904",2054611,"KANSAS/LOWER REPUBLICAN RIVER BASIN","SC239","","2006-01-04",835,0.119,2006,1,4,39.09973,-95.72473,10270102,"TKN",10270102,102701,1027,10
"479905",2054710,"KANSAS/LOWER REPUBLICAN RIVER BASIN","SC239","","2006-03-08",853,0.346,2006,3,8,39.09973,-95.72473,10270102,"TKN",10270102,102701,1027,10
"479906",2054811,"KANSAS/LOWER REPUBLICAN RIVER BASIN","SC239","","2006-05-03",820,0.951,2006,5,3,39.09973,-95.72473,10270102,"TKN",10270102,102701,1027,10
"479907",2054910,"KANSAS/LOWER REPUBLICAN RIVER BASIN","SC239","","2006-07-05",756,0.646,2006,7,5,39.09973,-95.72473,10270102,"TKN",10270102,102701,1027,10
"479908",2055011,"KANSAS/LOWER REPUBLICAN RIVER BASIN","SC239","","2006-09-06",806,1.403,2006,9,6,39.09973,-95.72473,10270102,"TKN",10270102,102701,1027,10
"479909",2055114,"KANSAS/LOWER REPUBLICAN RIVER BASIN","SC239","","2006-11-01",856,1.137,2006,11,1,39.09973,-95.72473,10270102,"TKN",10270102,102701,1027,10
"479910",2055212,"KANSAS/LOWER REPUBLICAN RIVER BASIN","SC239","","2007-02-07",829,0.561,2007,2,7,39.09973,-95.72473,10270102,"TKN",10270102,102701,1027,10
"479911",2055310,"KANSAS/LOWER REPUBLICAN RIVER BASIN","SC239","","2007-04-04",802,1.135,2007,4,4,39.09973,-95.72473,10270102,"TKN",10270102,102701,1027,10
"479912",2055411,"KANSAS/LOWER REPUBLICAN RIVER BASIN","SC239","","2007-06-06",812,0.486,2007,6,6,39.09973,-95.72473,10270102,"TKN",10270102,102701,1027,10
"479913",2055510,"KANSAS/LOWER REPUBLICAN RIVER BASIN","SC239","","2007-08-08",811,0.557,2007,8,8,39.09973,-95.72473,10270102,"TKN",10270102,102701,1027,10
"479914",2055611,"KANSAS/LOWER REPUBLICAN RIVER BASIN","SC239","","2007-10-03",818,0.634,2007,10,3,39.09973,-95.72473,10270102,"TKN",10270102,102701,1027,10
"479915",2055711,"KANSAS/LOWER REPUBLICAN RIVER BASIN","SC239","","2007-10-03",823,0.562,2007,10,3,39.09973,-95.72473,10270102,"TKN",10270102,102701,1027,10
"479916",2055810,"KANSAS/LOWER REPUBLICAN RIVER BASIN","SC239","","2007-12-17",945,0.923,2007,12,17,39.09973,-95.72473,10270102,"TKN",10270102,102701,1027,10
"479917",2055911,"KANSAS/LOWER REPUBLICAN RIVER BASIN","SC239","","2008-01-08",826,0.949,2008,1,8,39.09973,-95.72473,10270102,"TKN",10270102,102701,1027,10
"479918",2056010,"KANSAS/LOWER REPUBLICAN RIVER BASIN","SC239","","2008-03-04",809,3.919,2008,3,4,39.09973,-95.72473,10270102,"TKN",10270102,102701,1027,10
"479919",2056113,"KANSAS/LOWER REPUBLICAN RIVER BASIN","SC239","","2008-05-06",815,0.693,2008,5,6,39.09973,-95.72473,10270102,"TKN",10270102,102701,1027,10
"479920",2056211,"KANSAS/LOWER REPUBLICAN RIVER BASIN","SC239","","2008-07-08",822,0.415,2008,7,8,39.09973,-95.72473,10270102,"TKN",10270102,102701,1027,10
"479921",2056311,"KANSAS/LOWER REPUBLICAN RIVER BASIN","SC239","","2008-09-02",802,0.562,2008,9,2,39.09973,-95.72473,10270102,"TKN",10270102,102701,1027,10
"479922",2056410,"KANSAS/LOWER REPUBLICAN RIVER BASIN","SC239","","2008-11-12",812,0.381,2008,11,12,39.09973,-95.72473,10270102,"TKN",10270102,102701,1027,10
"479923",2056511,"KANSAS/LOWER REPUBLICAN RIVER BASIN","SC239","","2009-02-03",808,0.293,2009,2,3,39.09973,-95.72473,10270102,"TKN",10270102,102701,1027,10
"479924",2056610,"KANSAS/LOWER REPUBLICAN RIVER BASIN","SC239","","2009-04-07",823,0.374,2009,4,7,39.09973,-95.72473,10270102,"TKN",10270102,102701,1027,10
"479925",2056711,"KANSAS/LOWER REPUBLICAN RIVER BASIN","SC239","","2009-06-02",801,0.566,2009,6,2,39.09973,-95.72473,10270102,"TKN",10270102,102701,1027,10
"479926",2056911,"KANSAS/LOWER REPUBLICAN RIVER BASIN","SC239","","2009-10-05",940,0.449,2009,10,5,39.09973,-95.72473,10270102,"TKN",10270102,102701,1027,10
"479927",2057010,"KANSAS/LOWER REPUBLICAN RIVER BASIN","SC239","","2009-12-21",912,0.302,2009,12,21,39.09973,-95.72473,10270102,"TKN",10270102,102701,1027,10
"479928",2057114,"KANSAS/LOWER REPUBLICAN RIVER BASIN","SC239","","2010-01-12",819,0.289,2010,1,12,39.09973,-95.72473,10270102,"TKN",10270102,102701,1027,10
"479929",2057212,"KANSAS/LOWER REPUBLICAN RIVER BASIN","SC239","","2010-04-27",802,0.954,2010,4,27,39.09973,-95.72473,10270102,"TKN",10270102,102701,1027,10
"479930",2057311,"KANSAS/LOWER REPUBLICAN RIVER BASIN","SC239","","2010-07-27",819,0.41,2010,7,27,39.09973,-95.72473,10270102,"TKN",10270102,102701,1027,10
"479931",2057410,"KANSAS/LOWER REPUBLICAN RIVER BASIN","SC239","","2010-10-13",833,0.498,2010,10,13,39.09973,-95.72473,10270102,"TKN",10270102,102701,1027,10
"479932",2057511,"KANSAS/LOWER REPUBLICAN RIVER BASIN","SC239","","2011-02-07",811,0.469,2011,2,7,39.09973,-95.72473,10270102,"TKN",10270102,102701,1027,10
"479933",2057610,"KANSAS/LOWER REPUBLICAN RIVER BASIN","SC239","","2011-05-23",1109,1.878,2011,5,23,39.09973,-95.72473,10270102,"TKN",10270102,102701,1027,10
"479934",2057711,"KANSAS/LOWER REPUBLICAN RIVER BASIN","SC239","","2011-08-08",900,1.032,2011,8,8,39.09973,-95.72473,10270102,"TKN",10270102,102701,1027,10
"479935",2057810,"KANSAS/LOWER REPUBLICAN RIVER BASIN","SC239","","2011-11-28",820,0.993,2011,11,28,39.09973,-95.72473,10270102,"TKN",10270102,102701,1027,10
"479936",2057911,"KANSAS/LOWER REPUBLICAN RIVER BASIN","SC239","","2012-03-06",831,0.478,2012,3,6,39.09973,-95.72473,10270102,"TKN",10270102,102701,1027,10
"479937",2058011,"KANSAS/LOWER REPUBLICAN RIVER BASIN","SC239","","2012-03-06",836,0.365,2012,3,6,39.09973,-95.72473,10270102,"TKN",10270102,102701,1027,10
"479938",2058113,"KANSAS/LOWER REPUBLICAN RIVER BASIN","SC239","","2012-06-19",828,0.444,2012,6,19,39.09973,-95.72473,10270102,"TKN",10270102,102701,1027,10
"479939",2058310,"KANSAS/LOWER REPUBLICAN RIVER BASIN","SC239","","2012-12-18",854,0.203,2012,12,18,39.09973,-95.72473,10270102,"TKN",10270102,102701,1027,10
"479940",2058411,"KANSAS/LOWER REPUBLICAN RIVER BASIN","SC239","","2013-01-29",807,0.339,2013,1,29,39.09973,-95.72473,10270102,"TKN",10270102,102701,1027,10
"479941",2058511,"KANSAS/LOWER REPUBLICAN RIVER BASIN","SC239","","2013-04-30",1453,0.505,2013,4,30,39.09973,-95.72473,10270102,"TKN",10270102,102701,1027,10
"479942",2058611,"KANSAS/LOWER REPUBLICAN RIVER BASIN","SC239","","2013-07-09",826,0.403,2013,7,9,39.09973,-95.72473,10270102,"TKN",10270102,102701,1027,10
"479943",2058710,"KANSAS/LOWER REPUBLICAN RIVER BASIN","SC239","","2013-10-23",806,0.34,2013,10,23,39.09973,-95.72473,10270102,"TKN",10270102,102701,1027,10
"479944",2058810,"KANSAS/LOWER REPUBLICAN RIVER BASIN","SC239","","2014-02-24",1350,2.4,2014,2,24,39.09973,-95.72473,10270102,"TKN",10270102,102701,1027,10
"479945",2058911,"KANSAS/LOWER REPUBLICAN RIVER BASIN","SC239","","2014-05-06",814,1.1,2014,5,6,39.09973,-95.72473,10270102,"TKN",10270102,102701,1027,10
"479946",2059011,"KANSAS/LOWER REPUBLICAN RIVER BASIN","SC239","","2014-08-05",808,0.58,2014,8,5,39.09973,-95.72473,10270102,"TKN",10270102,102701,1027,10
"479947",2059114,"KANSAS/LOWER REPUBLICAN RIVER BASIN","SC239","","2014-11-24",808,0.42,2014,11,24,39.09973,-95.72473,10270102,"TKN",10270102,102701,1027,10
"479948",2059212,"KANSAS/LOWER REPUBLICAN RIVER BASIN","SC239","","2015-03-03",834,0.48,2015,3,3,39.09973,-95.72473,10270102,"TKN",10270102,102701,1027,10
"479949",2059310,"KANSAS/LOWER REPUBLICAN RIVER BASIN","SC239","","2015-06-02",812,0.68,2015,6,2,39.09973,-95.72473,10270102,"TKN",10270102,102701,1027,10
"479950",2059411,"KANSAS/LOWER REPUBLICAN RIVER BASIN","SC239","","2015-09-08",810,0.67,2015,9,8,39.09973,-95.72473,10270102,"TKN",10270102,102701,1027,10
"479951",2059511,"KANSAS/LOWER REPUBLICAN RIVER BASIN","SC239","","2015-09-08",815,0.66,2015,9,8,39.09973,-95.72473,10270102,"TKN",10270102,102701,1027,10
"479952",2059611,"KANSAS/LOWER REPUBLICAN RIVER BASIN","SC239","","2015-12-02",901,1.4,2015,12,2,39.09973,-95.72473,10270102,"TKN",10270102,102701,1027,10
"479953",2059710,"KANSAS/LOWER REPUBLICAN RIVER BASIN","SC239","","2016-01-05",816,0.41,2016,1,5,39.09973,-95.72473,10270102,"TKN",10270102,102701,1027,10
"479954",2059811,"KANSAS/LOWER REPUBLICAN RIVER BASIN","SC239","","2016-04-05",820,0.37,2016,4,5,39.09973,-95.72473,10270102,"TKN",10270102,102701,1027,10
"479955",2059910,"KANSAS/LOWER REPUBLICAN RIVER BASIN","SC239","","2016-07-12",811,0.87,2016,7,12,39.09973,-95.72473,10270102,"TKN",10270102,102701,1027,10
"479956",2060011,"KANSAS/LOWER REPUBLICAN RIVER BASIN","SC239","","2016-10-04",811,0.32,2016,10,4,39.09973,-95.72473,10270102,"TKN",10270102,102701,1027,10
"479957",2060114,"KANSAS/LOWER REPUBLICAN RIVER BASIN","SC239","","2017-02-07",752,0.37,2017,2,7,39.09973,-95.72473,10270102,"TKN",10270102,102701,1027,10
"479958",2060212,"KANSAS/LOWER REPUBLICAN RIVER BASIN","SC239","","2017-05-02",756,2.2,2017,5,2,39.09973,-95.72473,10270102,"TKN",10270102,102701,1027,10
"479959",2060311,"KANSAS/LOWER REPUBLICAN RIVER BASIN","SC239","","2017-08-08",842,1.1,2017,8,8,39.09973,-95.72473,10270102,"TKN",10270102,102701,1027,10
"479960",2060410,"KANSAS/LOWER REPUBLICAN RIVER BASIN","SC239","","2017-11-07",828,0.22,2017,11,7,39.09973,-95.72473,10270102,"TKN",10270102,102701,1027,10
"479961",2060510,"KANSAS/LOWER REPUBLICAN RIVER BASIN","SC239","","2018-03-06",804,0.6,2018,3,6,39.09973,-95.72473,10270102,"TKN",10270102,102701,1027,10
"479962",2060611,"KANSAS/LOWER REPUBLICAN RIVER BASIN","SC239","","2018-06-19",810,0.75,2018,6,19,39.09973,-95.72473,10270102,"TKN",10270102,102701,1027,10
"479963",2060711,"KANSAS/LOWER REPUBLICAN RIVER BASIN","SC239","","2018-06-19",815,0.79,2018,6,19,39.09973,-95.72473,10270102,"TKN",10270102,102701,1027,10
"479964",2060811,"KANSAS/LOWER REPUBLICAN RIVER BASIN","SC239","","2018-09-25",748,0.51,2018,9,25,39.09973,-95.72473,10270102,"TKN",10270102,102701,1027,10
"479965",2060911,"KANSAS/LOWER REPUBLICAN RIVER BASIN","SC239","","2018-09-25",753,0.52,2018,9,25,39.09973,-95.72473,10270102,"TKN",10270102,102701,1027,10
"479966",2061014,"KANSAS/LOWER REPUBLICAN RIVER BASIN","SC239","","2018-12-11",805,0.58,2018,12,11,39.09973,-95.72473,10270102,"TKN",10270102,102701,1027,10
"479967",2061114,"KANSAS/LOWER REPUBLICAN RIVER BASIN","SC239","","2019-01-29",824,0.27,2019,1,29,39.09973,-95.72473,10270102,"TKN",10270102,102701,1027,10
"479968",2061212,"KANSAS/LOWER REPUBLICAN RIVER BASIN","SC239","","2019-04-02",707,0.62,2019,4,2,39.09973,-95.72473,10270102,"TKN",10270102,102701,1027,10
"479969",2061311,"KANSAS/LOWER REPUBLICAN RIVER BASIN","SC239","","2019-07-09",830,0.28,2019,7,9,39.09973,-95.72473,10270102,"TKN",10270102,102701,1027,10
"479970",2061411,"KANSAS/LOWER REPUBLICAN RIVER BASIN","SC239","","2019-10-22",801,0.26,2019,10,22,39.09973,-95.72473,10270102,"TKN",10270102,102701,1027,10
"479971",206159,"KANSAS/LOWER REPUBLICAN RIVER BASIN","SC239","","2020-02-04",748,0.44,2020,2,4,39.09973,-95.72473,10270102,"TKN",10270102,102701,1027,10
"479972",206169,"KANSAS/LOWER REPUBLICAN RIVER BASIN","SC239","","2020-08-04",807,0.65,2020,8,4,39.09973,-95.72473,10270102,"TKN",10270102,102701,1027,10
"479973",2061710,"KANSAS/LOWER REPUBLICAN RIVER BASIN","SC239","","2020-11-23",1107,0.37,2020,11,23,39.09973,-95.72473,10270102,"TKN",10270102,102701,1027,10
"479974",2061810,"KANSAS/LOWER REPUBLICAN RIVER BASIN","SC239","","2021-03-02",551,0.51,2021,3,2,39.09973,-95.72473,10270102,"TKN",10270102,102701,1027,10
"479975",2061910,"KANSAS/LOWER REPUBLICAN RIVER BASIN","SC239","","2021-06-21",642,0.83,2021,6,21,39.09973,-95.72473,10270102,"TKN",10270102,102701,1027,10
"479976",206209,"KANSAS/LOWER REPUBLICAN RIVER BASIN","SC239","","2021-09-08",553,0.5,2021,9,8,39.09973,-95.72473,10270102,"TKN",10270102,102701,1027,10
"479977",2062210,"KANSAS/LOWER REPUBLICAN RIVER BASIN","SC239","","2021-12-07",604,0.61,2021,12,7,39.09973,-95.72473,10270102,"TKN",10270102,102701,1027,10
"479978",2062310,"KANSAS/LOWER REPUBLICAN RIVER BASIN","SC239","","2022-01-31",616,0.31,2022,1,31,39.09973,-95.72473,10270102,"TKN",10270102,102701,1027,10
"479979",206249,"KANSAS/LOWER REPUBLICAN RIVER BASIN","SC239","","2022-04-18",556,0.61,2022,4,18,39.09973,-95.72473,10270102,"TKN",10270102,102701,1027,10
"479980",2062510,"KANSAS/LOWER REPUBLICAN RIVER BASIN","SC239","","2022-07-25",711,0.58,2022,7,25,39.09973,-95.72473,10270102,"TKN",10270102,102701,1027,10
"479981",2062610,"KANSAS/LOWER REPUBLICAN RIVER BASIN","SC239","","2022-10-24",620,0.1,2022,10,24,39.09973,-95.72473,10270102,"TKN",10270102,102701,1027,10
"479982",2062710,"KANSAS/LOWER REPUBLICAN RIVER BASIN","SC239","","2023-02-06",657,0.23,2023,2,6,39.09973,-95.72473,10270102,"TKN",10270102,102701,1027,10
"479983",2062810,"KANSAS/LOWER REPUBLICAN RIVER BASIN","SC239","","2023-02-06",702,0.21,2023,2,6,39.09973,-95.72473,10270102,"TKN",10270102,102701,1027,10
"479984",206299,"KANSAS/LOWER REPUBLICAN RIVER BASIN","SC239","","2023-05-01",631,0.56,2023,5,1,39.09973,-95.72473,10270102,"TKN",10270102,102701,1027,10
"479985",2063010,"KANSAS/LOWER REPUBLICAN RIVER BASIN","SC239","","2023-08-07",719,0.2,2023,8,7,39.09973,-95.72473,10270102,"TKN",10270102,102701,1027,10
"479986",2063114,"KANSAS/LOWER REPUBLICAN RIVER BASIN","SC239","","2023-11-27",725,0.1,2023,11,27,39.09973,-95.72473,10270102,"TKN",10270102,102701,1027,10
"479987",2063212,"KANSAS/LOWER REPUBLICAN RIVER BASIN","SC239","","2024-03-04",631,0.22,2024,3,4,39.09973,-95.72473,10270102,"TKN",10270102,102701,1027,10
"479988",2063310,"KANSAS/LOWER REPUBLICAN RIVER BASIN","SC239","","2024-06-24",731,0.35,2024,6,24,39.09973,-95.72473,10270102,"TKN",10270102,102701,1027,10
"479989",2063410,"KANSAS/LOWER REPUBLICAN RIVER BASIN","SC239","","2024-09-09",547,0.38,2024,9,9,39.09973,-95.72473,10270102,"TKN",10270102,102701,1027,10
"479990",206359,"KANSAS/LOWER REPUBLICAN RIVER BASIN","SC239","","2024-12-02",621,0.52,2024,12,2,39.09973,-95.72473,10270102,"TKN",10270102,102701,1027,10
"479991",2077114,"KANSAS/LOWER REPUBLICAN RIVER BASIN","SC240","U.S. HIGHWAY 77, 1.4 NE OF BLUE RAPIDS","2000-01-18",1050,0.373,2000,1,18,39.6876,-96.63835,10270205,"TKN",10270205,102702,1027,10
"479992",2077213,"KANSAS/LOWER REPUBLICAN RIVER BASIN","SC240","U.S. HIGHWAY 77, 1.4 NE OF BLUE RAPIDS","2000-03-20",1130,1.175,2000,3,20,39.6876,-96.63835,10270205,"TKN",10270205,102702,1027,10
"479993",2077312,"KANSAS/LOWER REPUBLICAN RIVER BASIN","SC240","U.S. HIGHWAY 77, 1.4 NE OF BLUE RAPIDS","2000-05-15",1150,2.103,2000,5,15,39.6876,-96.63835,10270205,"TKN",10270205,102702,1027,10
"479994",2077411,"KANSAS/LOWER REPUBLICAN RIVER BASIN","SC240","U.S. HIGHWAY 77, 1.4 NE OF BLUE RAPIDS","2000-07-17",1100,5.86,2000,7,17,39.6876,-96.63835,10270205,"TKN",10270205,102702,1027,10
"479995",2077512,"KANSAS/LOWER REPUBLICAN RIVER BASIN","SC240","U.S. HIGHWAY 77, 1.4 NE OF BLUE RAPIDS","2000-09-18",1105,2.46,2000,9,18,39.6876,-96.63835,10270205,"TKN",10270205,102702,1027,10
"479996",2077611,"KANSAS/LOWER REPUBLICAN RIVER BASIN","SC240","U.S. HIGHWAY 77, 1.4 NE OF BLUE RAPIDS","2000-11-13",1150,1.85,2000,11,13,39.6876,-96.63835,10270205,"TKN",10270205,102702,1027,10
"479997",2077712,"KANSAS/LOWER REPUBLICAN RIVER BASIN","SC240","U.S. HIGHWAY 77, 1.4 NE OF BLUE RAPIDS","2001-02-12",1255,0.652,2001,2,12,39.6876,-96.63835,10270205,"TKN",10270205,102702,1027,10
"479998",2077811,"KANSAS/LOWER REPUBLICAN RIVER BASIN","SC240","U.S. HIGHWAY 77, 1.4 NE OF BLUE RAPIDS","2001-04-16",1130,1.627,2001,4,16,39.6876,-96.63835,10270205,"TKN",10270205,102702,1027,10
"479999",2077912,"KANSAS/LOWER REPUBLICAN RIVER BASIN","SC240","U.S. HIGHWAY 77, 1.4 NE OF BLUE RAPIDS","2001-06-18",1200,3.194,2001,6,18,39.6876,-96.63835,10270205,"TKN",10270205,102702,1027,10
"480000",2078012,"KANSAS/LOWER REPUBLICAN RIVER BASIN","SC240","U.S. HIGHWAY 77, 1.4 NE OF BLUE RAPIDS","2001-06-18",1205,2.888,2001,6,18,39.6876,-96.63835,10270205,"TKN",10270205,102702,1027,10
"480001",2078114,"KANSAS/LOWER REPUBLICAN RIVER BASIN","SC240","U.S. HIGHWAY 77, 1.4 NE OF BLUE RAPIDS","2001-08-20",1045,2.11,2001,8,20,39.6876,-96.63835,10270205,"TKN",10270205,102702,1027,10
"480002",2078213,"KANSAS/LOWER REPUBLICAN RIVER BASIN","SC240","U.S. HIGHWAY 77, 1.4 NE OF BLUE RAPIDS","2001-10-15",1100,1.631,2001,10,15,39.6876,-96.63835,10270205,"TKN",10270205,102702,1027,10
"480003",2078311,"KANSAS/LOWER REPUBLICAN RIVER BASIN","SC240","U.S. HIGHWAY 77, 1.4 NE OF BLUE RAPIDS","2001-12-17",1050,0.767,2001,12,17,39.6876,-96.63835,10270205,"TKN",10270205,102702,1027,10
"480004",2078411,"KANSAS/LOWER REPUBLICAN RIVER BASIN","SC240","U.S. HIGHWAY 77, 1.4 NE OF BLUE RAPIDS","2002-01-22",1040,0.39,2002,1,22,39.6876,-96.63835,10270205,"TKN",10270205,102702,1027,10
"480005",2078512,"KANSAS/LOWER REPUBLICAN RIVER BASIN","SC240","U.S. HIGHWAY 77, 1.4 NE OF BLUE RAPIDS","2002-03-18",1110,0.868,2002,3,18,39.6876,-96.63835,10270205,"TKN",10270205,102702,1027,10
"480006",2078611,"KANSAS/LOWER REPUBLICAN RIVER BASIN","SC240","U.S. HIGHWAY 77, 1.4 NE OF BLUE RAPIDS","2002-05-20",1055,3.235,2002,5,20,39.6876,-96.63835,10270205,"TKN",10270205,102702,1027,10
"480007",2078712,"KANSAS/LOWER REPUBLICAN RIVER BASIN","SC240","","2002-07-22",1025,0.94,2002,7,22,39.6876,-96.63835,10270205,"TKN",10270205,102702,1027,10
"480008",2078811,"KANSAS/LOWER REPUBLICAN RIVER BASIN","SC240","","2002-09-16",1124,1.417,2002,9,16,39.6876,-96.63835,10270205,"TKN",10270205,102702,1027,10
"480009",2078912,"KANSAS/LOWER REPUBLICAN RIVER BASIN","SC240","","2002-11-18",1125,1.174,2002,11,18,39.6876,-96.63835,10270205,"TKN",10270205,102702,1027,10
"480010",2079012,"KANSAS/LOWER REPUBLICAN RIVER BASIN","SC240","","2003-02-17",1113,1.275,2003,2,17,39.6876,-96.63835,10270205,"TKN",10270205,102702,1027,10
"480011",2079114,"KANSAS/LOWER REPUBLICAN RIVER BASIN","SC240","","2003-04-14",1053,0.484,2003,4,14,39.6876,-96.63835,10270205,"TKN",10270205,102702,1027,10
"480012",2079213,"KANSAS/LOWER REPUBLICAN RIVER BASIN","SC240","","2003-06-16",1025,8.414,2003,6,16,39.6876,-96.63835,10270205,"TKN",10270205,102702,1027,10
"480013",2079311,"KANSAS/LOWER REPUBLICAN RIVER BASIN","SC240","","2003-08-18",1118,1.327,2003,8,18,39.6876,-96.63835,10270205,"TKN",10270205,102702,1027,10
"480014",2079411,"KANSAS/LOWER REPUBLICAN RIVER BASIN","SC240","","2003-10-20",1104,0.932,2003,10,20,39.6876,-96.63835,10270205,"TKN",10270205,102702,1027,10
"480015",2079510,"KANSAS/LOWER REPUBLICAN RIVER BASIN","SC240","","2004-03-15",1054,2.146,2004,3,15,39.6876,-96.63835,10270205,"TKN",10270205,102702,1027,10
"480016",2079611,"KANSAS/LOWER REPUBLICAN RIVER BASIN","SC240","","2004-05-17",1146,3.304,2004,5,17,39.6876,-96.63835,10270205,"TKN",10270205,102702,1027,10
"480017",2079710,"KANSAS/LOWER REPUBLICAN RIVER BASIN","SC240","","2004-07-19",1035,1.904,2004,7,19,39.6876,-96.63835,10270205,"TKN",10270205,102702,1027,10
"480018",2079811,"KANSAS/LOWER REPUBLICAN RIVER BASIN","SC240","","2004-09-20",1048,1.221,2004,9,20,39.6876,-96.63835,10270205,"TKN",10270205,102702,1027,10
"480019",2079910,"KANSAS/LOWER REPUBLICAN RIVER BASIN","SC240","","2004-11-15",1038,0.939,2004,11,15,39.6876,-96.63835,10270205,"TKN",10270205,102702,1027,10
"480020",2080011,"KANSAS/LOWER REPUBLICAN RIVER BASIN","SC240","","2005-02-14",1030,4.736,2005,2,14,39.6876,-96.63835,10270205,"TKN",10270205,102702,1027,10
"480021",2080114,"KANSAS/LOWER REPUBLICAN RIVER BASIN","SC240","","2005-04-18",1055,2.569,2005,4,18,39.6876,-96.63835,10270205,"TKN",10270205,102702,1027,10
"480022",2080212,"KANSAS/LOWER REPUBLICAN RIVER BASIN","SC240","","2005-06-13",1000,3.27,2005,6,13,39.6876,-96.63835,10270205,"TKN",10270205,102702,1027,10
"480023",2080310,"KANSAS/LOWER REPUBLICAN RIVER BASIN","SC240","","2005-08-15",924,2.866,2005,8,15,39.6876,-96.63835,10270205,"TKN",10270205,102702,1027,10
"480024",2080411,"KANSAS/LOWER REPUBLICAN RIVER BASIN","SC240","","2005-10-17",1101,1.338,2005,10,17,39.6876,-96.63835,10270205,"TKN",10270205,102702,1027,10
"480025",2080510,"KANSAS/LOWER REPUBLICAN RIVER BASIN","SC240","","2005-12-19",952,0.409,2005,12,19,39.6876,-96.63835,10270205,"TKN",10270205,102702,1027,10
"480026",2080610,"KANSAS/LOWER REPUBLICAN RIVER BASIN","SC240","","2006-01-23",942,0.585,2006,1,23,39.6876,-96.63835,10270205,"TKN",10270205,102702,1027,10
"480027",2080710,"KANSAS/LOWER REPUBLICAN RIVER BASIN","SC240","","2006-05-15",1046,2.224,2006,5,15,39.6876,-96.63835,10270205,"TKN",10270205,102702,1027,10
"480028",2080811,"KANSAS/LOWER REPUBLICAN RIVER BASIN","SC240","","2006-07-17",1046,2.186,2006,7,17,39.6876,-96.63835,10270205,"TKN",10270205,102702,1027,10
"480029",2080910,"KANSAS/LOWER REPUBLICAN RIVER BASIN","SC240","","2006-09-18",921,2.478,2006,9,18,39.6876,-96.63835,10270205,"TKN",10270205,102702,1027,10
"480030",2081011,"KANSAS/LOWER REPUBLICAN RIVER BASIN","SC240","","2006-11-13",958,1.193,2006,11,13,39.6876,-96.63835,10270205,"TKN",10270205,102702,1027,10
"480031",2081211,"KANSAS/LOWER REPUBLICAN RIVER BASIN","SC240","","2007-04-16",1001,1.898,2007,4,16,39.6876,-96.63835,10270205,"TKN",10270205,102702,1027,10
"480032",2081310,"KANSAS/LOWER REPUBLICAN RIVER BASIN","SC240","","2007-06-18",938,1.331,2007,6,18,39.6876,-96.63835,10270205,"TKN",10270205,102702,1027,10
"480033",2081411,"KANSAS/LOWER REPUBLICAN RIVER BASIN","SC240","","2007-08-20",1045,1.315,2007,8,20,39.6876,-96.63835,10270205,"TKN",10270205,102702,1027,10
"480034",2081510,"KANSAS/LOWER REPUBLICAN RIVER BASIN","SC240","","2007-10-15",952,1.701,2007,10,15,39.6876,-96.63835,10270205,"TKN",10270205,102702,1027,10
"480035",2081611,"KANSAS/LOWER REPUBLICAN RIVER BASIN","SC240","","2007-12-17",1008,0.887,2007,12,17,39.6876,-96.63835,10270205,"TKN",10270205,102702,1027,10
"480036",2081711,"KANSAS/LOWER REPUBLICAN RIVER BASIN","SC240","","2008-01-28",952,0.663,2008,1,28,39.6876,-96.63835,10270205,"TKN",10270205,102702,1027,10
"480037",2081810,"KANSAS/LOWER REPUBLICAN RIVER BASIN","SC240","","2008-03-17",935,1.058,2008,3,17,39.6876,-96.63835,10270205,"TKN",10270205,102702,1027,10
"480038",2081911,"KANSAS/LOWER REPUBLICAN RIVER BASIN","SC240","","2008-05-19",923,1.399,2008,5,19,39.6876,-96.63835,10270205,"TKN",10270205,102702,1027,10
"480039",2082010,"KANSAS/LOWER REPUBLICAN RIVER BASIN","SC240","","2008-07-21",945,3.39,2008,7,21,39.6876,-96.63835,10270205,"TKN",10270205,102702,1027,10
"480040",2082114,"KANSAS/LOWER REPUBLICAN RIVER BASIN","SC240","","2008-09-15",949,2.309,2008,9,15,39.6876,-96.63835,10270205,"TKN",10270205,102702,1027,10
"480041",2082211,"KANSAS/LOWER REPUBLICAN RIVER BASIN","SC240","","2008-11-17",938,0.736,2008,11,17,39.6876,-96.63835,10270205,"TKN",10270205,102702,1027,10
"480042",2082311,"KANSAS/LOWER REPUBLICAN RIVER BASIN","SC240","","2009-02-16",937,0.609,2009,2,16,39.6876,-96.63835,10270205,"TKN",10270205,102702,1027,10
"480043",2082410,"KANSAS/LOWER REPUBLICAN RIVER BASIN","SC240","","2009-04-20",1021,1.043,2009,4,20,39.6876,-96.63835,10270205,"TKN",10270205,102702,1027,10
"480044",2082511,"KANSAS/LOWER REPUBLICAN RIVER BASIN","SC240","","2009-06-08",1048,4.208,2009,6,8,39.6876,-96.63835,10270205,"TKN",10270205,102702,1027,10
"480045",2082711,"KANSAS/LOWER REPUBLICAN RIVER BASIN","SC240","","2009-10-12",1049,1.722,2009,10,12,39.6876,-96.63835,10270205,"TKN",10270205,102702,1027,10
"480046",2082810,"KANSAS/LOWER REPUBLICAN RIVER BASIN","SC240","","2009-12-14",1017,0.65,2009,12,14,39.6876,-96.63835,10270205,"TKN",10270205,102702,1027,10
"480047",2082911,"KANSAS/LOWER REPUBLICAN RIVER BASIN","SC240","","2010-02-01",1141,1.579,2010,2,1,39.6876,-96.63835,10270205,"TKN",10270205,102702,1027,10
"480048",2083010,"KANSAS/LOWER REPUBLICAN RIVER BASIN","SC240","","2010-05-03",1108,5.684,2010,5,3,39.6876,-96.63835,10270205,"TKN",10270205,102702,1027,10
"480049",2083114,"KANSAS/LOWER REPUBLICAN RIVER BASIN","SC240","","2010-08-02",1111,2.141,2010,8,2,39.6876,-96.63835,10270205,"TKN",10270205,102702,1027,10
"480050",2083212,"KANSAS/LOWER REPUBLICAN RIVER BASIN","SC240","","2010-11-01",1105,0.898,2010,11,1,39.6876,-96.63835,10270205,"TKN",10270205,102702,1027,10
"480051",2083311,"KANSAS/LOWER REPUBLICAN RIVER BASIN","SC240","","2011-03-07",1046,0.812,2011,3,7,39.6876,-96.63835,10270205,"TKN",10270205,102702,1027,10
"480052",2083410,"KANSAS/LOWER REPUBLICAN RIVER BASIN","SC240","","2011-06-06",1103,1.912,2011,6,6,39.6876,-96.63835,10270205,"TKN",10270205,102702,1027,10
"480053",2083511,"KANSAS/LOWER REPUBLICAN RIVER BASIN","SC240","","2011-09-12",1626,1.276,2011,9,12,39.6876,-96.63835,10270205,"TKN",10270205,102702,1027,10
"480054",2083610,"KANSAS/LOWER REPUBLICAN RIVER BASIN","SC240","","2011-12-12",1009,1.205,2011,12,12,39.6876,-96.63835,10270205,"TKN",10270205,102702,1027,10
"480055",2083710,"KANSAS/LOWER REPUBLICAN RIVER BASIN","SC240","","2012-01-10",1413,0.574,2012,1,10,39.6876,-96.63835,10270205,"TKN",10270205,102702,1027,10
"480056",2083811,"KANSAS/LOWER REPUBLICAN RIVER BASIN","SC240","","2012-04-25",1011,1.178,2012,4,25,39.6876,-96.63835,10270205,"TKN",10270205,102702,1027,10
"480057",2083910,"KANSAS/LOWER REPUBLICAN RIVER BASIN","SC240","","2012-07-11",1054,1.221,2012,7,11,39.6876,-96.63835,10270205,"TKN",10270205,102702,1027,10
"480058",2084011,"KANSAS/LOWER REPUBLICAN RIVER BASIN","SC240","","2012-10-10",949,1.138,2012,10,10,39.6876,-96.63835,10270205,"TKN",10270205,102702,1027,10
"480059",2084114,"KANSAS/LOWER REPUBLICAN RIVER BASIN","SC240","","2013-02-13",801,0.791,2013,2,13,39.6876,-96.63835,10270205,"TKN",10270205,102702,1027,10
"480060",2084212,"KANSAS/LOWER REPUBLICAN RIVER BASIN","SC240","","2013-05-14",1337,2.409,2013,5,14,39.6876,-96.63835,10270205,"TKN",10270205,102702,1027,10
"480061",2084311,"KANSAS/LOWER REPUBLICAN RIVER BASIN","SC240","","2013-08-13",1404,2.931,2013,8,13,39.6876,-96.63835,10270205,"TKN",10270205,102702,1027,10
"480062",2084411,"KANSAS/LOWER REPUBLICAN RIVER BASIN","SC240","","2013-11-05",1445,0.821,2013,11,5,39.6876,-96.63835,10270205,"TKN",10270205,102702,1027,10
"480063",2084511,"KANSAS/LOWER REPUBLICAN RIVER BASIN","SC240","","2014-03-12",1014,0.87,2014,3,12,39.6876,-96.63835,10270205,"TKN",10270205,102702,1027,10
"480064",2084611,"KANSAS/LOWER REPUBLICAN RIVER BASIN","SC240","","2014-06-10",1519,4.9,2014,6,10,39.6876,-96.63835,10270205,"TKN",10270205,102702,1027,10
"480065",2084711,"KANSAS/LOWER REPUBLICAN RIVER BASIN","SC240","","2014-09-16",1407,2.5,2014,9,16,39.6876,-96.63835,10270205,"TKN",10270205,102702,1027,10
"480066",2084810,"KANSAS/LOWER REPUBLICAN RIVER BASIN","SC240","","2014-12-10",1018,0.86,2014,12,10,39.6876,-96.63835,10270205,"TKN",10270205,102702,1027,10
"480067",2084911,"KANSAS/LOWER REPUBLICAN RIVER BASIN","SC240","","2015-01-12",1021,0.93,2015,1,12,39.6876,-96.63835,10270205,"TKN",10270205,102702,1027,10
"480068",2085011,"KANSAS/LOWER REPUBLICAN RIVER BASIN","SC240","","2015-04-13",953,1.8,2015,4,13,39.6876,-96.63835,10270205,"TKN",10270205,102702,1027,10
"480069",2085114,"KANSAS/LOWER REPUBLICAN RIVER BASIN","SC240","","2015-07-20",1234,3.5,2015,7,20,39.6876,-96.63835,10270205,"TKN",10270205,102702,1027,10
"480070",2085212,"KANSAS/LOWER REPUBLICAN RIVER BASIN","SC240","","2015-10-19",1001,1.9,2015,10,19,39.6876,-96.63835,10270205,"TKN",10270205,102702,1027,10
"480071",2085311,"KANSAS/LOWER REPUBLICAN RIVER BASIN","SC240","","2016-02-24",833,2.3,2016,2,24,39.6876,-96.63835,10270205,"TKN",10270205,102702,1027,10
"480072",2085411,"KANSAS/LOWER REPUBLICAN RIVER BASIN","SC240","","2016-05-16",1215,4.4,2016,5,16,39.6876,-96.63835,10270205,"TKN",10270205,102702,1027,10
"480073",2085511,"KANSAS/LOWER REPUBLICAN RIVER BASIN","SC240","","2016-08-15",1112,1.5,2016,8,15,39.6876,-96.63835,10270205,"TKN",10270205,102702,1027,10
"480074",2085611,"KANSAS/LOWER REPUBLICAN RIVER BASIN","SC240","","2016-11-14",939,1.3,2016,11,14,39.6876,-96.63835,10270205,"TKN",10270205,102702,1027,10
"480075",2085711,"KANSAS/LOWER REPUBLICAN RIVER BASIN","SC240","","2017-03-13",1044,1.8,2017,3,13,39.6876,-96.63835,10270205,"TKN",10270205,102702,1027,10
"480076",2085810,"KANSAS/LOWER REPUBLICAN RIVER BASIN","SC240","","2017-06-12",1033,1.5,2017,6,12,39.6876,-96.63835,10270205,"TKN",10270205,102702,1027,10
"480077",2085911,"KANSAS/LOWER REPUBLICAN RIVER BASIN","SC240","","2017-09-11",1027,1.1,2017,9,11,39.6876,-96.63835,10270205,"TKN",10270205,102702,1027,10
"480078",2086011,"KANSAS/LOWER REPUBLICAN RIVER BASIN","SC240","","2017-12-04",1000,2.1,2017,12,4,39.6876,-96.63835,10270205,"TKN",10270205,102702,1027,10
"480079",2086114,"KANSAS/LOWER REPUBLICAN RIVER BASIN","SC240","","2018-01-08",1007,1.7,2018,1,8,39.6876,-96.63835,10270205,"TKN",10270205,102702,1027,10
"480080",2086212,"KANSAS/LOWER REPUBLICAN RIVER BASIN","SC240","","2018-04-09",950,0.7,2018,4,9,39.6876,-96.63835,10270205,"TKN",10270205,102702,1027,10
"480081",2086311,"KANSAS/LOWER REPUBLICAN RIVER BASIN","SC240","","2018-07-23",1026,2,2018,7,23,39.6876,-96.63835,10270205,"TKN",10270205,102702,1027,10
"480082",2086410,"KANSAS/LOWER REPUBLICAN RIVER BASIN","SC240","","2018-10-15",935,1.9,2018,10,15,39.6876,-96.63835,10270205,"TKN",10270205,102702,1027,10
"480083",2086511,"KANSAS/LOWER REPUBLICAN RIVER BASIN","SC240","","2019-02-11",1023,1.4,2019,2,11,39.6876,-96.63835,10270205,"TKN",10270205,102702,1027,10
"480084",2086611,"KANSAS/LOWER REPUBLICAN RIVER BASIN","SC240","","2019-05-20",1105,1.6,2019,5,20,39.6876,-96.63835,10270205,"TKN",10270205,102702,1027,10
"480085",2086711,"KANSAS/LOWER REPUBLICAN RIVER BASIN","SC240","","2019-08-19",1124,0.56,2019,8,19,39.6876,-96.63835,10270205,"TKN",10270205,102702,1027,10
"480086",2086810,"KANSAS/LOWER REPUBLICAN RIVER BASIN","SC240","","2019-11-05",909,0.71,2019,11,5,39.6876,-96.63835,10270205,"TKN",10270205,102702,1027,10
"480087",208699,"KANSAS/LOWER REPUBLICAN RIVER BASIN","SC240","","2020-03-02",1057,1.4,2020,3,2,39.6876,-96.63835,10270205,"TKN",10270205,102702,1027,10
"480088",2087010,"KANSAS/LOWER REPUBLICAN RIVER BASIN","SC240","","2020-09-14",922,0.73,2020,9,14,39.6876,-96.63835,10270205,"TKN",10270205,102702,1027,10
"480089",2087114,"KANSAS/LOWER REPUBLICAN RIVER BASIN","SC240","","2020-12-07",811,0.45,2020,12,7,39.6876,-96.63835,10270205,"TKN",10270205,102702,1027,10
"480090",2087211,"KANSAS/LOWER REPUBLICAN RIVER BASIN","SC240","","2021-01-04",1404,0.36,2021,1,4,39.6876,-96.63835,10270205,"TKN",10270205,102702,1027,10
"480091",2087310,"KANSAS/LOWER REPUBLICAN RIVER BASIN","SC240","","2021-04-05",1539,1.6,2021,4,5,39.6876,-96.63835,10270205,"TKN",10270205,102702,1027,10
"480092",208749,"KANSAS/LOWER REPUBLICAN RIVER BASIN","SC240","","2021-07-14",632,2.3,2021,7,14,39.6876,-96.63835,10270205,"TKN",10270205,102702,1027,10
"480093",2087510,"KANSAS/LOWER REPUBLICAN RIVER BASIN","SC240","","2021-10-04",846,1.1,2021,10,4,39.6876,-96.63835,10270205,"TKN",10270205,102702,1027,10
"480094",2087610,"KANSAS/LOWER REPUBLICAN RIVER BASIN","SC240","","2022-02-09",527,0.38,2022,2,9,39.6876,-96.63835,10270205,"TKN",10270205,102702,1027,10
"480095",208779,"KANSAS/LOWER REPUBLICAN RIVER BASIN","SC240","","2022-05-03",1257,3.7,2022,5,3,39.6876,-96.63835,10270205,"TKN",10270205,102702,1027,10
"480096",2087810,"KANSAS/LOWER REPUBLICAN RIVER BASIN","SC240","","2022-08-02",1242,0.25,2022,8,2,39.6876,-96.63835,10270205,"TKN",10270205,102702,1027,10
"480097",2087910,"KANSAS/LOWER REPUBLICAN RIVER BASIN","SC240","","2022-11-08",1458,0.38,2022,11,8,39.6876,-96.63835,10270205,"TKN",10270205,102702,1027,10
"480098",2088010,"KANSAS/LOWER REPUBLICAN RIVER BASIN","SC240","","2023-03-06",939,1.3,2023,3,6,39.6876,-96.63835,10270205,"TKN",10270205,102702,1027,10
"480099",2088114,"KANSAS/LOWER REPUBLICAN RIVER BASIN","SC240","","2023-06-05",1037,1.6,2023,6,5,39.6876,-96.63835,10270205,"TKN",10270205,102702,1027,10
"480100",2088211,"KANSAS/LOWER REPUBLICAN RIVER BASIN","SC240","","2023-09-18",955,0.49,2023,9,18,39.6876,-96.63835,10270205,"TKN",10270205,102702,1027,10
"480101",208839,"KANSAS/LOWER REPUBLICAN RIVER BASIN","SC240","","2023-12-04",929,0.29,2023,12,4,39.6876,-96.63835,10270205,"TKN",10270205,102702,1027,10
"480102",2088410,"KANSAS/LOWER REPUBLICAN RIVER BASIN","SC240","","2024-04-08",958,0.43,2024,4,8,39.6876,-96.63835,10270205,"TKN",10270205,102702,1027,10
"480103",208859,"KANSAS/LOWER REPUBLICAN RIVER BASIN","SC240","","2024-07-08",916,0.5,2024,7,8,39.6876,-96.63835,10270205,"TKN",10270205,102702,1027,10
"480104",2088610,"KANSAS/LOWER REPUBLICAN RIVER BASIN","SC240","","2024-10-07",1123,2.5,2024,10,7,39.6876,-96.63835,10270205,"TKN",10270205,102702,1027,10
"480222",2245011,"KANSAS/LOWER REPUBLICAN RIVER BASIN","SC251","STATE HIGHWAY 12 AT SHAWNEE","2000-01-05",1230,1.253,2000,1,5,39.00939,-94.81604,10270104,"TKN",10270104,102701,1027,10
"480223",2245116,"KANSAS/LOWER REPUBLICAN RIVER BASIN","SC251","STATE HIGHWAY 12 AT SHAWNEE","2000-03-08",1150,0.355,2000,3,8,39.00939,-94.81604,10270104,"TKN",10270104,102701,1027,10
"480224",2245213,"KANSAS/LOWER REPUBLICAN RIVER BASIN","SC251","STATE HIGHWAY 12 AT SHAWNEE","2000-05-03",1120,1.26,2000,5,3,39.00939,-94.81604,10270104,"TKN",10270104,102701,1027,10
"480225",2245312,"KANSAS/LOWER REPUBLICAN RIVER BASIN","SC251","STATE HIGHWAY 12 AT SHAWNEE","2000-07-05",1115,0.55,2000,7,5,39.00939,-94.81604,10270104,"TKN",10270104,102701,1027,10
"480226",2245411,"KANSAS/LOWER REPUBLICAN RIVER BASIN","SC251","STATE HIGHWAY 12 AT SHAWNEE","2000-09-06",1130,0.889,2000,9,6,39.00939,-94.81604,10270104,"TKN",10270104,102701,1027,10
"480227",2245512,"KANSAS/LOWER REPUBLICAN RIVER BASIN","SC251","STATE HIGHWAY 12 AT SHAWNEE","2000-11-01",1200,1.11,2000,11,1,39.00939,-94.81604,10270104,"TKN",10270104,102701,1027,10
"480228",2245611,"KANSAS/LOWER REPUBLICAN RIVER BASIN","SC251","STATE HIGHWAY 12 AT SHAWNEE","2001-01-31",1135,0.23,2001,1,31,39.00939,-94.81604,10270104,"TKN",10270104,102701,1027,10
"480229",2245712,"KANSAS/LOWER REPUBLICAN RIVER BASIN","SC251","STATE HIGHWAY 12 AT SHAWNEE","2001-04-04",1130,0.653,2001,4,4,39.00939,-94.81604,10270104,"TKN",10270104,102701,1027,10
"480230",2245811,"KANSAS/LOWER REPUBLICAN RIVER BASIN","SC251","STATE HIGHWAY 12 AT SHAWNEE","2001-06-06",1125,1.381,2001,6,6,39.00939,-94.81604,10270104,"TKN",10270104,102701,1027,10
"480231",2245912,"KANSAS/LOWER REPUBLICAN RIVER BASIN","SC251","STATE HIGHWAY 12 AT SHAWNEE","2001-08-08",1050,0.413,2001,8,8,39.00939,-94.81604,10270104,"TKN",10270104,102701,1027,10
"480232",2246011,"KANSAS/LOWER REPUBLICAN RIVER BASIN","SC251","STATE HIGHWAY 12 AT SHAWNEE","2001-10-03",1225,0.826,2001,10,3,39.00939,-94.81604,10270104,"TKN",10270104,102701,1027,10
"480233",2246115,"KANSAS/LOWER REPUBLICAN RIVER BASIN","SC251","STATE HIGHWAY 12 AT SHAWNEE","2001-12-05",1055,1.007,2001,12,5,39.00939,-94.81604,10270104,"TKN",10270104,102701,1027,10
"480234",2246213,"KANSAS/LOWER REPUBLICAN RIVER BASIN","SC251","STATE HIGHWAY 12 AT SHAWNEE","2002-01-09",1100,1.266,2002,1,9,39.00939,-94.81604,10270104,"TKN",10270104,102701,1027,10
"480235",2246312,"KANSAS/LOWER REPUBLICAN RIVER BASIN","SC251","STATE HIGHWAY 12 AT SHAWNEE","2002-03-06",1155,0.493,2002,3,6,39.00939,-94.81604,10270104,"TKN",10270104,102701,1027,10
"480236",2246412,"KANSAS/LOWER REPUBLICAN RIVER BASIN","SC251","STATE HIGHWAY 12 AT SHAWNEE","2002-05-08",1155,1.029,2002,5,8,39.00939,-94.81604,10270104,"TKN",10270104,102701,1027,10
"480237",2246512,"KANSAS/LOWER REPUBLICAN RIVER BASIN","SC251","STATE HIGHWAY 12 AT SHAWNEE","2002-05-08",1200,1.058,2002,5,8,39.00939,-94.81604,10270104,"TKN",10270104,102701,1027,10
"480238",2246611,"KANSAS/LOWER REPUBLICAN RIVER BASIN","SC251","","2002-07-10",1048,0.485,2002,7,10,39.00939,-94.81604,10270104,"TKN",10270104,102701,1027,10
"480239",2246712,"KANSAS/LOWER REPUBLICAN RIVER BASIN","SC251","","2002-09-04",1029,0.71,2002,9,4,39.00939,-94.81604,10270104,"TKN",10270104,102701,1027,10
"480240",2246811,"KANSAS/LOWER REPUBLICAN RIVER BASIN","SC251","","2002-11-13",1128,0.451,2002,11,13,39.00939,-94.81604,10270104,"TKN",10270104,102701,1027,10
"480241",2246911,"KANSAS/LOWER REPUBLICAN RIVER BASIN","SC251","","2003-02-06",1020,1.007,2003,2,6,39.00939,-94.81604,10270104,"TKN",10270104,102701,1027,10
"480242",2247012,"KANSAS/LOWER REPUBLICAN RIVER BASIN","SC251","","2003-04-03",1018,0.619,2003,4,3,39.00939,-94.81604,10270104,"TKN",10270104,102701,1027,10
"480243",2247115,"KANSAS/LOWER REPUBLICAN RIVER BASIN","SC251","","2003-06-05",945,0.766,2003,6,5,39.00939,-94.81604,10270104,"TKN",10270104,102701,1027,10
"480244",2247213,"KANSAS/LOWER REPUBLICAN RIVER BASIN","SC251","","2003-08-07",1010,0.641,2003,8,7,39.00939,-94.81604,10270104,"TKN",10270104,102701,1027,10
"480245",2247311,"KANSAS/LOWER REPUBLICAN RIVER BASIN","SC251","","2003-10-09",1043,0.342,2003,10,9,39.00939,-94.81604,10270104,"TKN",10270104,102701,1027,10
"480246",2247411,"KANSAS/LOWER REPUBLICAN RIVER BASIN","SC251","","2003-12-30",1046,0.238,2003,12,30,39.00939,-94.81604,10270104,"TKN",10270104,102701,1027,10
"480247",2247510,"KANSAS/LOWER REPUBLICAN RIVER BASIN","SC251","","2004-01-08",1138,0.363,2004,1,8,39.00939,-94.81604,10270104,"TKN",10270104,102701,1027,10
"480248",2247611,"KANSAS/LOWER REPUBLICAN RIVER BASIN","SC251","","2004-03-02",1029,1.163,2004,3,2,39.00939,-94.81604,10270104,"TKN",10270104,102701,1027,10
"480249",2247710,"KANSAS/LOWER REPUBLICAN RIVER BASIN","SC251","","2004-05-06",1008,0.571,2004,5,6,39.00939,-94.81604,10270104,"TKN",10270104,102701,1027,10
"480250",2247811,"KANSAS/LOWER REPUBLICAN RIVER BASIN","SC251","","2004-07-08",1028,0.771,2004,7,8,39.00939,-94.81604,10270104,"TKN",10270104,102701,1027,10
"480251",2247910,"KANSAS/LOWER REPUBLICAN RIVER BASIN","SC251","","2004-09-09",1108,0.356,2004,9,9,39.00939,-94.81604,10270104,"TKN",10270104,102701,1027,10
"480252",2248011,"KANSAS/LOWER REPUBLICAN RIVER BASIN","SC251","","2004-11-04",1016,1.014,2004,11,4,39.00939,-94.81604,10270104,"TKN",10270104,102701,1027,10
"480253",2248115,"KANSAS/LOWER REPUBLICAN RIVER BASIN","SC251","","2005-02-03",1045,0.142,2005,2,3,39.00939,-94.81604,10270104,"TKN",10270104,102701,1027,10
"480254",2248212,"KANSAS/LOWER REPUBLICAN RIVER BASIN","SC251","","2005-04-07",1033,0.889,2005,4,7,39.00939,-94.81604,10270104,"TKN",10270104,102701,1027,10
"480255",2248311,"KANSAS/LOWER REPUBLICAN RIVER BASIN","SC251","","2005-06-02",1059,0.526,2005,6,2,39.00939,-94.81604,10270104,"TKN",10270104,102701,1027,10
"480256",2248410,"KANSAS/LOWER REPUBLICAN RIVER BASIN","SC251","","2005-08-04",1000,0.445,2005,8,4,39.00939,-94.81604,10270104,"TKN",10270104,102701,1027,10
"480257",2248511,"KANSAS/LOWER REPUBLICAN RIVER BASIN","SC251","","2005-10-06",1008,0.58,2005,10,6,39.00939,-94.81604,10270104,"TKN",10270104,102701,1027,10
"480258",2248610,"KANSAS/LOWER REPUBLICAN RIVER BASIN","SC251","","2005-12-08",1159,0.666,2005,12,8,39.00939,-94.81604,10270104,"TKN",10270104,102701,1027,10
"480259",2248710,"KANSAS/LOWER REPUBLICAN RIVER BASIN","SC251","","2006-01-05",1022,0.225,2006,1,5,39.00939,-94.81604,10270104,"TKN",10270104,102701,1027,10
"480260",2248811,"KANSAS/LOWER REPUBLICAN RIVER BASIN","SC251","","2006-03-09",1151,0.472,2006,3,9,39.00939,-94.81604,10270104,"TKN",10270104,102701,1027,10
"480261",2248910,"KANSAS/LOWER REPUBLICAN RIVER BASIN","SC251","","2006-05-04",1100,0.655,2006,5,4,39.00939,-94.81604,10270104,"TKN",10270104,102701,1027,10
"480262",2249011,"KANSAS/LOWER REPUBLICAN RIVER BASIN","SC251","","2006-07-06",944,0.528,2006,7,6,39.00939,-94.81604,10270104,"TKN",10270104,102701,1027,10
"480263",2249114,"KANSAS/LOWER REPUBLICAN RIVER BASIN","SC251","","2006-09-07",938,0.875,2006,9,7,39.00939,-94.81604,10270104,"TKN",10270104,102701,1027,10
"480264",2249212,"KANSAS/LOWER REPUBLICAN RIVER BASIN","SC251","","2006-11-02",929,0.514,2006,11,2,39.00939,-94.81604,10270104,"TKN",10270104,102701,1027,10
"480265",2249311,"KANSAS/LOWER REPUBLICAN RIVER BASIN","SC251","","2007-02-08",1012,0.72,2007,2,8,39.00939,-94.81604,10270104,"TKN",10270104,102701,1027,10
"480266",2249411,"KANSAS/LOWER REPUBLICAN RIVER BASIN","SC251","","2007-04-05",932,0.525,2007,4,5,39.00939,-94.81604,10270104,"TKN",10270104,102701,1027,10
"480267",2249510,"KANSAS/LOWER REPUBLICAN RIVER BASIN","SC251","","2007-06-07",918,0.662,2007,6,7,39.00939,-94.81604,10270104,"TKN",10270104,102701,1027,10
"480268",2249611,"KANSAS/LOWER REPUBLICAN RIVER BASIN","SC251","","2007-08-09",920,1.254,2007,8,9,39.00939,-94.81604,10270104,"TKN",10270104,102701,1027,10
"480269",2249710,"KANSAS/LOWER REPUBLICAN RIVER BASIN","SC251","","2007-10-04",1014,0.61,2007,10,4,39.00939,-94.81604,10270104,"TKN",10270104,102701,1027,10
"480270",2249811,"KANSAS/LOWER REPUBLICAN RIVER BASIN","SC251","","2007-12-18",949,0.593,2007,12,18,39.00939,-94.81604,10270104,"TKN",10270104,102701,1027,10
"480271",2249911,"KANSAS/LOWER REPUBLICAN RIVER BASIN","SC251","","2008-01-09",1047,0.58,2008,1,9,39.00939,-94.81604,10270104,"TKN",10270104,102701,1027,10
"480272",2250010,"KANSAS/LOWER REPUBLICAN RIVER BASIN","SC251","","2008-03-05",950,0.512,2008,3,5,39.00939,-94.81604,10270104,"TKN",10270104,102701,1027,10
"480273",2250115,"KANSAS/LOWER REPUBLICAN RIVER BASIN","SC251","","2008-05-07",1035,0.707,2008,5,7,39.00939,-94.81604,10270104,"TKN",10270104,102701,1027,10
"480274",2250212,"KANSAS/LOWER REPUBLICAN RIVER BASIN","SC251","","2008-07-09",1033,0.558,2008,7,9,39.00939,-94.81604,10270104,"TKN",10270104,102701,1027,10
"480275",2250311,"KANSAS/LOWER REPUBLICAN RIVER BASIN","SC251","","2008-09-03",1007,0.649,2008,9,3,39.00939,-94.81604,10270104,"TKN",10270104,102701,1027,10
"480276",2250411,"KANSAS/LOWER REPUBLICAN RIVER BASIN","SC251","","2008-09-03",1012,0.657,2008,9,3,39.00939,-94.81604,10270104,"TKN",10270104,102701,1027,10
"480277",2250510,"KANSAS/LOWER REPUBLICAN RIVER BASIN","SC251","","2008-11-13",1013,0.325,2008,11,13,39.00939,-94.81604,10270104,"TKN",10270104,102701,1027,10
"480278",2250611,"KANSAS/LOWER REPUBLICAN RIVER BASIN","SC251","","2009-02-04",1009,0.793,2009,2,4,39.00939,-94.81604,10270104,"TKN",10270104,102701,1027,10
"480279",2250710,"KANSAS/LOWER REPUBLICAN RIVER BASIN","SC251","","2009-04-06",1035,0.344,2009,4,6,39.00939,-94.81604,10270104,"TKN",10270104,102701,1027,10
"480280",2250811,"KANSAS/LOWER REPUBLICAN RIVER BASIN","SC251","","2009-06-03",942,0.759,2009,6,3,39.00939,-94.81604,10270104,"TKN",10270104,102701,1027,10
"480281",2251011,"KANSAS/LOWER REPUBLICAN RIVER BASIN","SC251","","2009-10-07",1117,0.486,2009,10,7,39.00939,-94.81604,10270104,"TKN",10270104,102701,1027,10
"480282",2251114,"KANSAS/LOWER REPUBLICAN RIVER BASIN","SC251","","2009-12-29",1040,0.6,2009,12,29,39.00939,-94.81604,10270104,"TKN",10270104,102701,1027,10
"480283",2251212,"KANSAS/LOWER REPUBLICAN RIVER BASIN","SC251","","2010-01-13",1049,1.495,2010,1,13,39.00939,-94.81604,10270104,"TKN",10270104,102701,1027,10
"480284",2251311,"KANSAS/LOWER REPUBLICAN RIVER BASIN","SC251","","2010-01-13",1054,1.71,2010,1,13,39.00939,-94.81604,10270104,"TKN",10270104,102701,1027,10
"480285",2251410,"KANSAS/LOWER REPUBLICAN RIVER BASIN","SC251","","2010-04-28",1053,0.432,2010,4,28,39.00939,-94.81604,10270104,"TKN",10270104,102701,1027,10
"480286",2251511,"KANSAS/LOWER REPUBLICAN RIVER BASIN","SC251","","2010-07-26",1108,0.461,2010,7,26,39.00939,-94.81604,10270104,"TKN",10270104,102701,1027,10
"480287",2251610,"KANSAS/LOWER REPUBLICAN RIVER BASIN","SC251","","2010-10-12",1056,0.828,2010,10,12,39.00939,-94.81604,10270104,"TKN",10270104,102701,1027,10
"480288",2251711,"KANSAS/LOWER REPUBLICAN RIVER BASIN","SC251","","2011-02-28",954,0.909,2011,2,28,39.00939,-94.81604,10270104,"TKN",10270104,102701,1027,10
"480289",2251811,"KANSAS/LOWER REPUBLICAN RIVER BASIN","SC251","","2011-02-28",959,0.826,2011,2,28,39.00939,-94.81604,10270104,"TKN",10270104,102701,1027,10
"480290",2251910,"KANSAS/LOWER REPUBLICAN RIVER BASIN","SC251","","2011-05-24",1029,0.512,2011,5,24,39.00939,-94.81604,10270104,"TKN",10270104,102701,1027,10
"480291",2252011,"KANSAS/LOWER REPUBLICAN RIVER BASIN","SC251","","2011-08-09",958,0.597,2011,8,9,39.00939,-94.81604,10270104,"TKN",10270104,102701,1027,10
"480292",2252115,"KANSAS/LOWER REPUBLICAN RIVER BASIN","SC251","","2011-11-29",948,0.343,2011,11,29,39.00939,-94.81604,10270104,"TKN",10270104,102701,1027,10
"480293",2252212,"KANSAS/LOWER REPUBLICAN RIVER BASIN","SC251","","2012-03-05",1109,0.469,2012,3,5,39.00939,-94.81604,10270104,"TKN",10270104,102701,1027,10
"480294",2252311,"KANSAS/LOWER REPUBLICAN RIVER BASIN","SC251","","2012-06-18",1151,0.502,2012,6,18,39.00939,-94.81604,10270104,"TKN",10270104,102701,1027,10
"480295",2252411,"KANSAS/LOWER REPUBLICAN RIVER BASIN","SC251","","2012-09-24",1225,0.384,2012,9,24,39.00939,-94.81604,10270104,"TKN",10270104,102701,1027,10
"480296",2252510,"KANSAS/LOWER REPUBLICAN RIVER BASIN","SC251","","2012-12-17",1053,0.651,2012,12,17,39.00939,-94.81604,10270104,"TKN",10270104,102701,1027,10
"480297",2252611,"KANSAS/LOWER REPUBLICAN RIVER BASIN","SC251","","2013-01-28",1012,0.712,2013,1,28,39.00939,-94.81604,10270104,"TKN",10270104,102701,1027,10
"480298",2252711,"KANSAS/LOWER REPUBLICAN RIVER BASIN","SC251","","2013-04-29",2301,0.293,2013,4,29,39.00939,-94.81604,10270104,"TKN",10270104,102701,1027,10
"480299",2252811,"KANSAS/LOWER REPUBLICAN RIVER BASIN","SC251","","2013-07-08",1115,0.563,2013,7,8,39.00939,-94.81604,10270104,"TKN",10270104,102701,1027,10
"480300",2252911,"KANSAS/LOWER REPUBLICAN RIVER BASIN","SC251","","2013-07-08",1120,0.593,2013,7,8,39.00939,-94.81604,10270104,"TKN",10270104,102701,1027,10
"480301",2253010,"KANSAS/LOWER REPUBLICAN RIVER BASIN","SC251","","2013-10-22",1105,0.452,2013,10,22,39.00939,-94.81604,10270104,"TKN",10270104,102701,1027,10
"480302",2253114,"KANSAS/LOWER REPUBLICAN RIVER BASIN","SC251","","2014-02-03",1036,2.4,2014,2,3,39.00939,-94.81604,10270104,"TKN",10270104,102701,1027,10
"480303",2253212,"KANSAS/LOWER REPUBLICAN RIVER BASIN","SC251","","2014-05-05",1024,0.63,2014,5,5,39.00939,-94.81604,10270104,"TKN",10270104,102701,1027,10
"480304",2253311,"KANSAS/LOWER REPUBLICAN RIVER BASIN","SC251","","2014-08-04",1029,1.2,2014,8,4,39.00939,-94.81604,10270104,"TKN",10270104,102701,1027,10
"480305",2253410,"KANSAS/LOWER REPUBLICAN RIVER BASIN","SC251","","2014-11-12",1033,0.52,2014,11,12,39.00939,-94.81604,10270104,"TKN",10270104,102701,1027,10
"480306",2253511,"KANSAS/LOWER REPUBLICAN RIVER BASIN","SC251","","2015-03-02",930,0.63,2015,3,2,39.00939,-94.81604,10270104,"TKN",10270104,102701,1027,10
"480307",2253610,"KANSAS/LOWER REPUBLICAN RIVER BASIN","SC251","","2015-06-01",925,0.45,2015,6,1,39.00939,-94.81604,10270104,"TKN",10270104,102701,1027,10
"480308",2253711,"KANSAS/LOWER REPUBLICAN RIVER BASIN","SC251","","2015-09-01",952,0.43,2015,9,1,39.00939,-94.81604,10270104,"TKN",10270104,102701,1027,10
"480309",2253811,"KANSAS/LOWER REPUBLICAN RIVER BASIN","SC251","","2015-12-01",1010,0.57,2015,12,1,39.00939,-94.81604,10270104,"TKN",10270104,102701,1027,10
"480310",2253910,"KANSAS/LOWER REPUBLICAN RIVER BASIN","SC251","","2016-01-04",1056,0.47,2016,1,4,39.00939,-94.81604,10270104,"TKN",10270104,102701,1027,10
"480311",2254011,"KANSAS/LOWER REPUBLICAN RIVER BASIN","SC251","","2016-04-04",1130,0.42,2016,4,4,39.00939,-94.81604,10270104,"TKN",10270104,102701,1027,10
"480312",2254115,"KANSAS/LOWER REPUBLICAN RIVER BASIN","SC251","","2016-07-11",1022,0.49,2016,7,11,39.00939,-94.81604,10270104,"TKN",10270104,102701,1027,10
"480313",2254212,"KANSAS/LOWER REPUBLICAN RIVER BASIN","SC251","","2016-10-03",1010,0.33,2016,10,3,39.00939,-94.81604,10270104,"TKN",10270104,102701,1027,10
"480314",2254311,"KANSAS/LOWER REPUBLICAN RIVER BASIN","SC251","","2017-02-06",1040,0.69,2017,2,6,39.00939,-94.81604,10270104,"TKN",10270104,102701,1027,10
"480315",2254411,"KANSAS/LOWER REPUBLICAN RIVER BASIN","SC251","","2017-05-01",1005,0.61,2017,5,1,39.00939,-94.81604,10270104,"TKN",10270104,102701,1027,10
"480316",2254511,"KANSAS/LOWER REPUBLICAN RIVER BASIN","SC251","","2017-08-07",1100,0.39,2017,8,7,39.00939,-94.81604,10270104,"TKN",10270104,102701,1027,10
"480317",2254610,"KANSAS/LOWER REPUBLICAN RIVER BASIN","SC251","","2017-11-06",1047,0.32,2017,11,6,39.00939,-94.81604,10270104,"TKN",10270104,102701,1027,10
"480318",2254710,"KANSAS/LOWER REPUBLICAN RIVER BASIN","SC251","","2018-03-05",1045,0.68,2018,3,5,39.00939,-94.81604,10270104,"TKN",10270104,102701,1027,10
"480319",2254811,"KANSAS/LOWER REPUBLICAN RIVER BASIN","SC251","","2018-06-18",1211,0.43,2018,6,18,39.00939,-94.81604,10270104,"TKN",10270104,102701,1027,10
"480320",2254911,"KANSAS/LOWER REPUBLICAN RIVER BASIN","SC251","","2018-09-24",1058,0.65,2018,9,24,39.00939,-94.81604,10270104,"TKN",10270104,102701,1027,10
"480321",2255010,"KANSAS/LOWER REPUBLICAN RIVER BASIN","SC251","","2018-12-10",1124,0.37,2018,12,10,39.00939,-94.81604,10270104,"TKN",10270104,102701,1027,10
"480322",2255115,"KANSAS/LOWER REPUBLICAN RIVER BASIN","SC251","","2019-01-28",1016,0.43,2019,1,28,39.00939,-94.81604,10270104,"TKN",10270104,102701,1027,10
"480323",2255212,"KANSAS/LOWER REPUBLICAN RIVER BASIN","SC251","","2019-04-01",830,0.41,2019,4,1,39.00939,-94.81604,10270104,"TKN",10270104,102701,1027,10
"480324",2255311,"KANSAS/LOWER REPUBLICAN RIVER BASIN","SC251","","2019-07-08",935,0.39,2019,7,8,39.00939,-94.81604,10270104,"TKN",10270104,102701,1027,10
"480325",2255411,"KANSAS/LOWER REPUBLICAN RIVER BASIN","SC251","","2019-10-21",924,0.43,2019,10,21,39.00939,-94.81604,10270104,"TKN",10270104,102701,1027,10
"480326",2255510,"KANSAS/LOWER REPUBLICAN RIVER BASIN","SC251","","2020-02-03",952,0.33,2020,2,3,39.00939,-94.81604,10270104,"TKN",10270104,102701,1027,10
"480327",2255610,"KANSAS/LOWER REPUBLICAN RIVER BASIN","SC251","","2020-02-03",957,0.25,2020,2,3,39.00939,-94.81604,10270104,"TKN",10270104,102701,1027,10
"480328",225579,"KANSAS/LOWER REPUBLICAN RIVER BASIN","SC251","","2020-08-03",958,0.52,2020,8,3,39.00939,-94.81604,10270104,"TKN",10270104,102701,1027,10
"480329",2255810,"KANSAS/LOWER REPUBLICAN RIVER BASIN","SC251","","2020-11-30",744,0.39,2020,11,30,39.00939,-94.81604,10270104,"TKN",10270104,102701,1027,10
"480330",2255910,"KANSAS/LOWER REPUBLICAN RIVER BASIN","SC251","","2021-03-01",722,0.56,2021,3,1,39.00939,-94.81604,10270104,"TKN",10270104,102701,1027,10
"480331",2256010,"KANSAS/LOWER REPUBLICAN RIVER BASIN","SC251","","2021-06-22",824,0.63,2021,6,22,39.00939,-94.81604,10270104,"TKN",10270104,102701,1027,10
"480332",2256115,"KANSAS/LOWER REPUBLICAN RIVER BASIN","SC251","","2021-09-07",740,0.45,2021,9,7,39.00939,-94.81604,10270104,"TKN",10270104,102701,1027,10
"480333",2256211,"KANSAS/LOWER REPUBLICAN RIVER BASIN","SC251","","2021-12-06",812,0.47,2021,12,6,39.00939,-94.81604,10270104,"TKN",10270104,102701,1027,10
"480334",2256310,"KANSAS/LOWER REPUBLICAN RIVER BASIN","SC251","","2022-01-24",849,0.38,2022,1,24,39.00939,-94.81604,10270104,"TKN",10270104,102701,1027,10
"480335",2256410,"KANSAS/LOWER REPUBLICAN RIVER BASIN","SC251","","2022-04-26",841,0.4,2022,4,26,39.00939,-94.81604,10270104,"TKN",10270104,102701,1027,10
"480336",225659,"KANSAS/LOWER REPUBLICAN RIVER BASIN","SC251","","2022-07-05",845,0.48,2022,7,5,39.00939,-94.81604,10270104,"TKN",10270104,102701,1027,10
"480337",2256610,"KANSAS/LOWER REPUBLICAN RIVER BASIN","SC251","","2022-10-18",822,0.47,2022,10,18,39.00939,-94.81604,10270104,"TKN",10270104,102701,1027,10
"480338",2256710,"KANSAS/LOWER REPUBLICAN RIVER BASIN","SC251","","2023-02-07",824,0.35,2023,2,7,39.00939,-94.81604,10270104,"TKN",10270104,102701,1027,10
"480339",225689,"KANSAS/LOWER REPUBLICAN RIVER BASIN","SC251","","2023-05-02",619,0.38,2023,5,2,39.00939,-94.81604,10270104,"TKN",10270104,102701,1027,10
"480340",2256910,"KANSAS/LOWER REPUBLICAN RIVER BASIN","SC251","","2023-08-08",645,0.1,2023,8,8,39.00939,-94.81604,10270104,"TKN",10270104,102701,1027,10
"480341",2257010,"KANSAS/LOWER REPUBLICAN RIVER BASIN","SC251","","2023-11-28",750,0.2,2023,11,28,39.00939,-94.81604,10270104,"TKN",10270104,102701,1027,10
"480342",2257110,"KANSAS/LOWER REPUBLICAN RIVER BASIN","SC251","","2024-03-05",801,0.44,2024,3,5,39.00939,-94.81604,10270104,"TKN",10270104,102701,1027,10
"480343",2257210,"KANSAS/LOWER REPUBLICAN RIVER BASIN","SC251","","2024-06-17",929,0.24,2024,6,17,39.00939,-94.81604,10270104,"TKN",10270104,102701,1027,10
"480344",2257310,"KANSAS/LOWER REPUBLICAN RIVER BASIN","SC251","","2024-09-10",801,0.32,2024,9,10,39.00939,-94.81604,10270104,"TKN",10270104,102701,1027,10
"480345",2257410,"KANSAS/LOWER REPUBLICAN RIVER BASIN","SC251","","2024-12-03",854,0.41,2024,12,3,39.00939,-94.81604,10270104,"TKN",10270104,102701,1027,10
"480346",2270911,"KANSAS/LOWER REPUBLICAN RIVER BASIN","SC252","STATE HIGHWAY 10, 4.5 MI. E OF DESOTO","2000-01-05",1530,0.32,2000,1,5,38.95652,-94.91543,10270104,"TKN",10270104,102701,1027,10
"480347",2271012,"KANSAS/LOWER REPUBLICAN RIVER BASIN","SC252","STATE HIGHWAY 10, 4.5 MI. E OF DESOTO","2000-03-08",1505,0.308,2000,3,8,38.95652,-94.91543,10270104,"TKN",10270104,102701,1027,10
"480348",2271115,"KANSAS/LOWER REPUBLICAN RIVER BASIN","SC252","STATE HIGHWAY 10, 4.5 MI. E OF DESOTO","2000-05-03",1345,0.67,2000,5,3,38.95652,-94.91543,10270104,"TKN",10270104,102701,1027,10
"480349",2271213,"KANSAS/LOWER REPUBLICAN RIVER BASIN","SC252","STATE HIGHWAY 10, 4.5 MI. E OF DESOTO","2000-07-05",1420,1,2000,7,5,38.95652,-94.91543,10270104,"TKN",10270104,102701,1027,10
"480350",2271312,"KANSAS/LOWER REPUBLICAN RIVER BASIN","SC252","STATE HIGHWAY 10, 4.5 MI. E OF DESOTO","2000-09-06",1410,0.9,2000,9,6,38.95652,-94.91543,10270104,"TKN",10270104,102701,1027,10
"480351",2271412,"KANSAS/LOWER REPUBLICAN RIVER BASIN","SC252","STATE HIGHWAY 10, 4.5 MI. E OF DESOTO","2000-11-01",1440,0.69,2000,11,1,38.95652,-94.91543,10270104,"TKN",10270104,102701,1027,10
"480352",2271511,"KANSAS/LOWER REPUBLICAN RIVER BASIN","SC252","STATE HIGHWAY 10, 4.5 MI. E OF DESOTO","2001-01-31",1400,0.22,2001,1,31,38.95652,-94.91543,10270104,"TKN",10270104,102701,1027,10
"480353",2271612,"KANSAS/LOWER REPUBLICAN RIVER BASIN","SC252","STATE HIGHWAY 10, 4.5 MI. E OF DESOTO","2001-04-04",1415,0.949,2001,4,4,38.95652,-94.91543,10270104,"TKN",10270104,102701,1027,10
"480354",2271711,"KANSAS/LOWER REPUBLICAN RIVER BASIN","SC252","STATE HIGHWAY 10, 4.5 MI. E OF DESOTO","2001-06-06",1355,1.41,2001,6,6,38.95652,-94.91543,10270104,"TKN",10270104,102701,1027,10
"480355",2271812,"KANSAS/LOWER REPUBLICAN RIVER BASIN","SC252","STATE HIGHWAY 10, 4.5 MI. E OF DESOTO","2001-08-08",1330,0.77,2001,8,8,38.95652,-94.91543,10270104,"TKN",10270104,102701,1027,10
"480356",2271912,"KANSAS/LOWER REPUBLICAN RIVER BASIN","SC252","STATE HIGHWAY 10, 4.5 MI. E OF DESOTO","2001-08-08",1335,0.921,2001,8,8,38.95652,-94.91543,10270104,"TKN",10270104,102701,1027,10
"480357",2272011,"KANSAS/LOWER REPUBLICAN RIVER BASIN","SC252","STATE HIGHWAY 10, 4.5 MI. E OF DESOTO","2001-10-03",1500,0.97,2001,10,3,38.95652,-94.91543,10270104,"TKN",10270104,102701,1027,10
"480358",2272115,"KANSAS/LOWER REPUBLICAN RIVER BASIN","SC252","STATE HIGHWAY 10, 4.5 MI. E OF DESOTO","2001-12-05",1310,1.385,2001,12,5,38.95652,-94.91543,10270104,"TKN",10270104,102701,1027,10
"480359",2272213,"KANSAS/LOWER REPUBLICAN RIVER BASIN","SC252","STATE HIGHWAY 10, 4.5 MI. E OF DESOTO","2002-01-09",1340,0.808,2002,1,9,38.95652,-94.91543,10270104,"TKN",10270104,102701,1027,10
"480360",2272312,"KANSAS/LOWER REPUBLICAN RIVER BASIN","SC252","STATE HIGHWAY 10, 4.5 MI. E OF DESOTO","2002-03-06",1430,0.524,2002,3,6,38.95652,-94.91543,10270104,"TKN",10270104,102701,1027,10
"480361",2272412,"KANSAS/LOWER REPUBLICAN RIVER BASIN","SC252","STATE HIGHWAY 10, 4.5 MI. E OF DESOTO","2002-05-08",1505,1.335,2002,5,8,38.95652,-94.91543,10270104,"TKN",10270104,102701,1027,10
"480362",2272511,"KANSAS/LOWER REPUBLICAN RIVER BASIN","SC252","","2002-07-10",1344,0.688,2002,7,10,38.95652,-94.91543,10270104,"TKN",10270104,102701,1027,10
"480363",2272612,"KANSAS/LOWER REPUBLICAN RIVER BASIN","SC252","","2002-09-04",1421,0.723,2002,9,4,38.95652,-94.91543,10270104,"TKN",10270104,102701,1027,10
"480364",2272711,"KANSAS/LOWER REPUBLICAN RIVER BASIN","SC252","","2002-11-13",1408,0.919,2002,11,13,38.95652,-94.91543,10270104,"TKN",10270104,102701,1027,10
"480365",2272811,"KANSAS/LOWER REPUBLICAN RIVER BASIN","SC252","","2003-02-06",1240,0.787,2003,2,6,38.95652,-94.91543,10270104,"TKN",10270104,102701,1027,10
"480366",2272912,"KANSAS/LOWER REPUBLICAN RIVER BASIN","SC252","","2003-04-03",1310,0.849,2003,4,3,38.95652,-94.91543,10270104,"TKN",10270104,102701,1027,10
"480367",2273011,"KANSAS/LOWER REPUBLICAN RIVER BASIN","SC252","","2003-06-05",1216,0.88,2003,6,5,38.95652,-94.91543,10270104,"TKN",10270104,102701,1027,10
"480368",2273115,"KANSAS/LOWER REPUBLICAN RIVER BASIN","SC252","","2003-08-07",1245,0.871,2003,8,7,38.95652,-94.91543,10270104,"TKN",10270104,102701,1027,10
"480369",2273212,"KANSAS/LOWER REPUBLICAN RIVER BASIN","SC252","","2003-10-09",1255,0.525,2003,10,9,38.95652,-94.91543,10270104,"TKN",10270104,102701,1027,10
"480370",2273311,"KANSAS/LOWER REPUBLICAN RIVER BASIN","SC252","","2003-12-30",1255,0.239,2003,12,30,38.95652,-94.91543,10270104,"TKN",10270104,102701,1027,10
"480371",2273410,"KANSAS/LOWER REPUBLICAN RIVER BASIN","SC252","","2004-01-08",1408,0.528,2004,1,8,38.95652,-94.91543,10270104,"TKN",10270104,102701,1027,10
"480372",2273511,"KANSAS/LOWER REPUBLICAN RIVER BASIN","SC252","","2004-03-02",1401,0.721,2004,3,2,38.95652,-94.91543,10270104,"TKN",10270104,102701,1027,10
"480373",2273610,"KANSAS/LOWER REPUBLICAN RIVER BASIN","SC252","","2004-05-06",1248,0.828,2004,5,6,38.95652,-94.91543,10270104,"TKN",10270104,102701,1027,10
"480374",2273711,"KANSAS/LOWER REPUBLICAN RIVER BASIN","SC252","","2004-07-08",1342,0.729,2004,7,8,38.95652,-94.91543,10270104,"TKN",10270104,102701,1027,10
"480375",2273810,"KANSAS/LOWER REPUBLICAN RIVER BASIN","SC252","","2004-09-09",1354,0.694,2004,9,9,38.95652,-94.91543,10270104,"TKN",10270104,102701,1027,10
"480376",2273911,"KANSAS/LOWER REPUBLICAN RIVER BASIN","SC252","","2004-11-04",1244,1.352,2004,11,4,38.95652,-94.91543,10270104,"TKN",10270104,102701,1027,10
"480377",2274011,"KANSAS/LOWER REPUBLICAN RIVER BASIN","SC252","","2005-02-03",1329,0.256,2005,2,3,38.95652,-94.91543,10270104,"TKN",10270104,102701,1027,10
"480378",2274115,"KANSAS/LOWER REPUBLICAN RIVER BASIN","SC252","","2005-04-07",1329,0.649,2005,4,7,38.95652,-94.91543,10270104,"TKN",10270104,102701,1027,10
"480379",2274212,"KANSAS/LOWER REPUBLICAN RIVER BASIN","SC252","","2005-06-02",1419,0.712,2005,6,2,38.95652,-94.91543,10270104,"TKN",10270104,102701,1027,10
"480380",2274311,"KANSAS/LOWER REPUBLICAN RIVER BASIN","SC252","","2005-08-04",1302,0.785,2005,8,4,38.95652,-94.91543,10270104,"TKN",10270104,102701,1027,10
"480381",2274411,"KANSAS/LOWER REPUBLICAN RIVER BASIN","SC252","","2005-10-06",1301,0.339,2005,10,6,38.95652,-94.91543,10270104,"TKN",10270104,102701,1027,10
"480382",2274510,"KANSAS/LOWER REPUBLICAN RIVER BASIN","SC252","","2005-12-08",1433,0.778,2005,12,8,38.95652,-94.91543,10270104,"TKN",10270104,102701,1027,10
"480383",2274610,"KANSAS/LOWER REPUBLICAN RIVER BASIN","SC252","","2006-01-05",1241,0.46,2006,1,5,38.95652,-94.91543,10270104,"TKN",10270104,102701,1027,10
"480384",2274711,"KANSAS/LOWER REPUBLICAN RIVER BASIN","SC252","","2006-03-09",1512,1.005,2006,3,9,38.95652,-94.91543,10270104,"TKN",10270104,102701,1027,10
"480385",2274810,"KANSAS/LOWER REPUBLICAN RIVER BASIN","SC252","","2006-05-04",1411,0.416,2006,5,4,38.95652,-94.91543,10270104,"TKN",10270104,102701,1027,10
"480386",2274911,"KANSAS/LOWER REPUBLICAN RIVER BASIN","SC252","","2006-07-06",1404,0.646,2006,7,6,38.95652,-94.91543,10270104,"TKN",10270104,102701,1027,10
"480387",2275010,"KANSAS/LOWER REPUBLICAN RIVER BASIN","SC252","","2006-09-07",1240,1.086,2006,9,7,38.95652,-94.91543,10270104,"TKN",10270104,102701,1027,10
"480388",2275115,"KANSAS/LOWER REPUBLICAN RIVER BASIN","SC252","","2006-11-02",1216,0.865,2006,11,2,38.95652,-94.91543,10270104,"TKN",10270104,102701,1027,10
"480389",2275212,"KANSAS/LOWER REPUBLICAN RIVER BASIN","SC252","","2007-02-08",1313,1.468,2007,2,8,38.95652,-94.91543,10270104,"TKN",10270104,102701,1027,10
"480390",2275311,"KANSAS/LOWER REPUBLICAN RIVER BASIN","SC252","","2007-04-05",1344,0.521,2007,4,5,38.95652,-94.91543,10270104,"TKN",10270104,102701,1027,10
"480391",2275410,"KANSAS/LOWER REPUBLICAN RIVER BASIN","SC252","","2007-06-07",1209,0.915,2007,6,7,38.95652,-94.91543,10270104,"TKN",10270104,102701,1027,10
"480392",2275511,"KANSAS/LOWER REPUBLICAN RIVER BASIN","SC252","","2007-08-09",1224,0.952,2007,8,9,38.95652,-94.91543,10270104,"TKN",10270104,102701,1027,10
"480393",2275610,"KANSAS/LOWER REPUBLICAN RIVER BASIN","SC252","","2007-10-04",1335,0.715,2007,10,4,38.95652,-94.91543,10270104,"TKN",10270104,102701,1027,10
"480394",2275711,"KANSAS/LOWER REPUBLICAN RIVER BASIN","SC252","","2007-12-18",1238,0.618,2007,12,18,38.95652,-94.91543,10270104,"TKN",10270104,102701,1027,10
"480395",2275811,"KANSAS/LOWER REPUBLICAN RIVER BASIN","SC252","","2008-01-09",1326,0.733,2008,1,9,38.95652,-94.91543,10270104,"TKN",10270104,102701,1027,10
"480396",2275910,"KANSAS/LOWER REPUBLICAN RIVER BASIN","SC252","","2008-03-05",1314,0.655,2008,3,5,38.95652,-94.91543,10270104,"TKN",10270104,102701,1027,10
"480397",2276011,"KANSAS/LOWER REPUBLICAN RIVER BASIN","SC252","","2008-05-07",1326,0.348,2008,5,7,38.95652,-94.91543,10270104,"TKN",10270104,102701,1027,10
"480398",2276114,"KANSAS/LOWER REPUBLICAN RIVER BASIN","SC252","","2008-05-07",1331,0.327,2008,5,7,38.95652,-94.91543,10270104,"TKN",10270104,102701,1027,10
"480399",2276212,"KANSAS/LOWER REPUBLICAN RIVER BASIN","SC252","","2008-07-09",1340,0.521,2008,7,9,38.95652,-94.91543,10270104,"TKN",10270104,102701,1027,10
"480400",2276311,"KANSAS/LOWER REPUBLICAN RIVER BASIN","SC252","","2008-09-03",1329,0.847,2008,9,3,38.95652,-94.91543,10270104,"TKN",10270104,102701,1027,10
"480401",2276410,"KANSAS/LOWER REPUBLICAN RIVER BASIN","SC252","","2008-11-13",1315,0.462,2008,11,13,38.95652,-94.91543,10270104,"TKN",10270104,102701,1027,10
"480402",2276511,"KANSAS/LOWER REPUBLICAN RIVER BASIN","SC252","","2009-02-04",1400,1.155,2009,2,4,38.95652,-94.91543,10270104,"TKN",10270104,102701,1027,10
"480403",2276610,"KANSAS/LOWER REPUBLICAN RIVER BASIN","SC252","","2009-04-06",1440,0.481,2009,4,6,38.95652,-94.91543,10270104,"TKN",10270104,102701,1027,10
"480404",2276711,"KANSAS/LOWER REPUBLICAN RIVER BASIN","SC252","","2009-06-03",1154,0.698,2009,6,3,38.95652,-94.91543,10270104,"TKN",10270104,102701,1027,10
"480405",2276911,"KANSAS/LOWER REPUBLICAN RIVER BASIN","SC252","","2009-10-07",1408,0.855,2009,10,7,38.95652,-94.91543,10270104,"TKN",10270104,102701,1027,10
"480406",2277010,"KANSAS/LOWER REPUBLICAN RIVER BASIN","SC252","","2009-12-29",1413,0.51,2009,12,29,38.95652,-94.91543,10270104,"TKN",10270104,102701,1027,10
"480407",2277115,"KANSAS/LOWER REPUBLICAN RIVER BASIN","SC252","","2010-01-13",1415,0.56,2010,1,13,38.95652,-94.91543,10270104,"TKN",10270104,102701,1027,10
"480408",2277212,"KANSAS/LOWER REPUBLICAN RIVER BASIN","SC252","","2010-04-28",1424,0.547,2010,4,28,38.95652,-94.91543,10270104,"TKN",10270104,102701,1027,10
"480409",2277311,"KANSAS/LOWER REPUBLICAN RIVER BASIN","SC252","","2010-07-26",1416,0.802,2010,7,26,38.95652,-94.91543,10270104,"TKN",10270104,102701,1027,10
"480410",2277410,"KANSAS/LOWER REPUBLICAN RIVER BASIN","SC252","","2010-10-12",1411,0.966,2010,10,12,38.95652,-94.91543,10270104,"TKN",10270104,102701,1027,10
"480411",2277511,"KANSAS/LOWER REPUBLICAN RIVER BASIN","SC252","","2011-02-28",1240,0.861,2011,2,28,38.95652,-94.91543,10270104,"TKN",10270104,102701,1027,10
"480412",2277610,"KANSAS/LOWER REPUBLICAN RIVER BASIN","SC252","","2011-05-24",1327,0.538,2011,5,24,38.95652,-94.91543,10270104,"TKN",10270104,102701,1027,10
"480413",2277711,"KANSAS/LOWER REPUBLICAN RIVER BASIN","SC252","","2011-08-09",1327,0.73,2011,8,9,38.95652,-94.91543,10270104,"TKN",10270104,102701,1027,10
"480414",2277810,"KANSAS/LOWER REPUBLICAN RIVER BASIN","SC252","","2011-11-29",1252,0.625,2011,11,29,38.95652,-94.91543,10270104,"TKN",10270104,102701,1027,10
"480415",2277911,"KANSAS/LOWER REPUBLICAN RIVER BASIN","SC252","","2012-03-05",1424,0.705,2012,3,5,38.95652,-94.91543,10270104,"TKN",10270104,102701,1027,10
"480416",2278010,"KANSAS/LOWER REPUBLICAN RIVER BASIN","SC252","","2012-06-18",1515,0.867,2012,6,18,38.95652,-94.91543,10270104,"TKN",10270104,102701,1027,10
"480417",2278115,"KANSAS/LOWER REPUBLICAN RIVER BASIN","SC252","","2012-09-24",1517,0.715,2012,9,24,38.95652,-94.91543,10270104,"TKN",10270104,102701,1027,10
"480418",2278212,"KANSAS/LOWER REPUBLICAN RIVER BASIN","SC252","","2012-12-17",1436,0.604,2012,12,17,38.95652,-94.91543,10270104,"TKN",10270104,102701,1027,10
"480419",2278311,"KANSAS/LOWER REPUBLICAN RIVER BASIN","SC252","","2013-01-28",1349,0.996,2013,1,28,38.95652,-94.91543,10270104,"TKN",10270104,102701,1027,10
"480420",227848,"KANSAS/LOWER REPUBLICAN RIVER BASIN","SC252","","2013-04-29",1402,0.34,2013,4,29,38.95652,-94.91543,10270104,"TKN",10270104,102701,1027,10
"480421",2278511,"KANSAS/LOWER REPUBLICAN RIVER BASIN","SC252","","2013-07-08",1528,0.691,2013,7,8,38.95652,-94.91543,10270104,"TKN",10270104,102701,1027,10
"480422",2278610,"KANSAS/LOWER REPUBLICAN RIVER BASIN","SC252","","2013-10-22",1425,1.403,2013,10,22,38.95652,-94.91543,10270104,"TKN",10270104,102701,1027,10
"480423",2278710,"KANSAS/LOWER REPUBLICAN RIVER BASIN","SC252","","2014-02-03",1333,4.2,2014,2,3,38.95652,-94.91543,10270104,"TKN",10270104,102701,1027,10
"480424",2278811,"KANSAS/LOWER REPUBLICAN RIVER BASIN","SC252","","2014-05-05",1251,0.69,2014,5,5,38.95652,-94.91543,10270104,"TKN",10270104,102701,1027,10
"480425",2278911,"KANSAS/LOWER REPUBLICAN RIVER BASIN","SC252","","2014-08-04",1247,1.1,2014,8,4,38.95652,-94.91543,10270104,"TKN",10270104,102701,1027,10
"480426",2279010,"KANSAS/LOWER REPUBLICAN RIVER BASIN","SC252","","2014-11-12",1306,0.72,2014,11,12,38.95652,-94.91543,10270104,"TKN",10270104,102701,1027,10
"480427",2279115,"KANSAS/LOWER REPUBLICAN RIVER BASIN","SC252","","2015-03-02",1236,4.9,2015,3,2,38.95652,-94.91543,10270104,"TKN",10270104,102701,1027,10
"480428",2279212,"KANSAS/LOWER REPUBLICAN RIVER BASIN","SC252","","2015-06-01",1221,0.68,2015,6,1,38.95652,-94.91543,10270104,"TKN",10270104,102701,1027,10
"480429",2279311,"KANSAS/LOWER REPUBLICAN RIVER BASIN","SC252","","2015-09-01",1259,0.77,2015,9,1,38.95652,-94.91543,10270104,"TKN",10270104,102701,1027,10
"480430",2279411,"KANSAS/LOWER REPUBLICAN RIVER BASIN","SC252","","2015-12-01",1259,0.7,2015,12,1,38.95652,-94.91543,10270104,"TKN",10270104,102701,1027,10
"480431",2279510,"KANSAS/LOWER REPUBLICAN RIVER BASIN","SC252","","2016-01-04",1344,0.44,2016,1,4,38.95652,-94.91543,10270104,"TKN",10270104,102701,1027,10
"480432",2279611,"KANSAS/LOWER REPUBLICAN RIVER BASIN","SC252","","2016-04-04",1436,0.8,2016,4,4,38.95652,-94.91543,10270104,"TKN",10270104,102701,1027,10
"480433",2279710,"KANSAS/LOWER REPUBLICAN RIVER BASIN","SC252","","2016-07-11",1303,0.55,2016,7,11,38.95652,-94.91543,10270104,"TKN",10270104,102701,1027,10
"480434",2279811,"KANSAS/LOWER REPUBLICAN RIVER BASIN","SC252","","2016-10-03",1314,0.52,2016,10,3,38.95652,-94.91543,10270104,"TKN",10270104,102701,1027,10
"480435",2279911,"KANSAS/LOWER REPUBLICAN RIVER BASIN","SC252","","2017-02-06",1241,0.73,2017,2,6,38.95652,-94.91543,10270104,"TKN",10270104,102701,1027,10
"480436",2280011,"KANSAS/LOWER REPUBLICAN RIVER BASIN","SC252","","2017-05-01",1232,0.58,2017,5,1,38.95652,-94.91543,10270104,"TKN",10270104,102701,1027,10
"480437",2280115,"KANSAS/LOWER REPUBLICAN RIVER BASIN","SC252","","2017-08-07",1355,0.42,2017,8,7,38.95652,-94.91543,10270104,"TKN",10270104,102701,1027,10
"480438",2280212,"KANSAS/LOWER REPUBLICAN RIVER BASIN","SC252","","2017-11-06",1348,0.54,2017,11,6,38.95652,-94.91543,10270104,"TKN",10270104,102701,1027,10
"480439",2280311,"KANSAS/LOWER REPUBLICAN RIVER BASIN","SC252","","2018-03-05",1312,0.91,2018,3,5,38.95652,-94.91543,10270104,"TKN",10270104,102701,1027,10
"480440",2280411,"KANSAS/LOWER REPUBLICAN RIVER BASIN","SC252","","2018-06-18",1531,0.87,2018,6,18,38.95652,-94.91543,10270104,"TKN",10270104,102701,1027,10
"480441",2280511,"KANSAS/LOWER REPUBLICAN RIVER BASIN","SC252","","2018-09-24",1305,0.76,2018,9,24,38.95652,-94.91543,10270104,"TKN",10270104,102701,1027,10
"480442",2280610,"KANSAS/LOWER REPUBLICAN RIVER BASIN","SC252","","2018-12-10",1406,0.49,2018,12,10,38.95652,-94.91543,10270104,"TKN",10270104,102701,1027,10
"480443",2280711,"KANSAS/LOWER REPUBLICAN RIVER BASIN","SC252","","2019-01-28",1304,0.54,2019,1,28,38.95652,-94.91543,10270104,"TKN",10270104,102701,1027,10
"480444",2280810,"KANSAS/LOWER REPUBLICAN RIVER BASIN","SC252","","2019-04-01",1123,0.37,2019,4,1,38.95652,-94.91543,10270104,"TKN",10270104,102701,1027,10
"480445",2280911,"KANSAS/LOWER REPUBLICAN RIVER BASIN","SC252","","2019-07-08",1213,0.39,2019,7,8,38.95652,-94.91543,10270104,"TKN",10270104,102701,1027,10
"480446",2281011,"KANSAS/LOWER REPUBLICAN RIVER BASIN","SC252","","2019-10-21",1215,0.58,2019,10,21,38.95652,-94.91543,10270104,"TKN",10270104,102701,1027,10
"480447",2281114,"KANSAS/LOWER REPUBLICAN RIVER BASIN","SC252","","2020-02-03",1250,0.51,2020,2,3,38.95652,-94.91543,10270104,"TKN",10270104,102701,1027,10
"480448",2281211,"KANSAS/LOWER REPUBLICAN RIVER BASIN","SC252","","2020-08-03",1239,0.66,2020,8,3,38.95652,-94.91543,10270104,"TKN",10270104,102701,1027,10
"480449",2281310,"KANSAS/LOWER REPUBLICAN RIVER BASIN","SC252","","2020-11-30",1223,0.64,2020,11,30,38.95652,-94.91543,10270104,"TKN",10270104,102701,1027,10
"480450",2281410,"KANSAS/LOWER REPUBLICAN RIVER BASIN","SC252","","2021-03-01",1123,0.74,2021,3,1,38.95652,-94.91543,10270104,"TKN",10270104,102701,1027,10
"480451",2281510,"KANSAS/LOWER REPUBLICAN RIVER BASIN","SC252","","2021-06-22",1112,0.57,2021,6,22,38.95652,-94.91543,10270104,"TKN",10270104,102701,1027,10
"480452",2281610,"KANSAS/LOWER REPUBLICAN RIVER BASIN","SC252","","2021-09-07",1116,0.55,2021,9,7,38.95652,-94.91543,10270104,"TKN",10270104,102701,1027,10
"480453",228179,"KANSAS/LOWER REPUBLICAN RIVER BASIN","SC252","","2021-12-06",1255,0.72,2021,12,6,38.95652,-94.91543,10270104,"TKN",10270104,102701,1027,10
"480454",2281810,"KANSAS/LOWER REPUBLICAN RIVER BASIN","SC252","","2022-01-24",1120,1.2,2022,1,24,38.95652,-94.91543,10270104,"TKN",10270104,102701,1027,10
"480455",2281910,"KANSAS/LOWER REPUBLICAN RIVER BASIN","SC252","","2022-04-26",1203,0.79,2022,4,26,38.95652,-94.91543,10270104,"TKN",10270104,102701,1027,10
"480456",228209,"KANSAS/LOWER REPUBLICAN RIVER BASIN","SC252","","2022-07-05",1213,0.72,2022,7,5,38.95652,-94.91543,10270104,"TKN",10270104,102701,1027,10
"480457",2282114,"KANSAS/LOWER REPUBLICAN RIVER BASIN","SC252","","2022-10-18",1148,0.87,2022,10,18,38.95652,-94.91543,10270104,"TKN",10270104,102701,1027,10
"480458",2282212,"KANSAS/LOWER REPUBLICAN RIVER BASIN","SC252","","2023-02-07",1111,0.68,2023,2,7,38.95652,-94.91543,10270104,"TKN",10270104,102701,1027,10
"480459",2282310,"KANSAS/LOWER REPUBLICAN RIVER BASIN","SC252","","2023-05-02",915,0.51,2023,5,2,38.95652,-94.91543,10270104,"TKN",10270104,102701,1027,10
"480460",2282410,"KANSAS/LOWER REPUBLICAN RIVER BASIN","SC252","","2023-08-08",1018,0.4,2023,8,8,38.95652,-94.91543,10270104,"TKN",10270104,102701,1027,10
"480461",2282510,"KANSAS/LOWER REPUBLICAN RIVER BASIN","SC252","","2023-11-28",1100,0.28,2023,11,28,38.95652,-94.91543,10270104,"TKN",10270104,102701,1027,10
"480462",2282610,"KANSAS/LOWER REPUBLICAN RIVER BASIN","SC252","","2024-03-05",1038,0.56,2024,3,5,38.95652,-94.91543,10270104,"TKN",10270104,102701,1027,10
"480463",2282710,"KANSAS/LOWER REPUBLICAN RIVER BASIN","SC252","","2024-06-17",1218,0.47,2024,6,17,38.95652,-94.91543,10270104,"TKN",10270104,102701,1027,10
"480464",2282810,"KANSAS/LOWER REPUBLICAN RIVER BASIN","SC252","","2024-09-10",1126,0.69,2024,9,10,38.95652,-94.91543,10270104,"TKN",10270104,102701,1027,10
"480465",228299,"KANSAS/LOWER REPUBLICAN RIVER BASIN","SC252","","2024-12-03",1153,0.62,2024,12,3,38.95652,-94.91543,10270104,"TKN",10270104,102701,1027,10
"480466",2306812,"KANSAS/LOWER REPUBLICAN RIVER BASIN","SC253","STATE HIGHWAY 10, 1.5 MI. SOUTH OF DESOTO","2000-01-05",1550,0.17,2000,1,5,38.960386,-94.97036,10270104,"TKN",10270104,102701,1027,10
"480467",2306911,"KANSAS/LOWER REPUBLICAN RIVER BASIN","SC253","STATE HIGHWAY 10, 1.5 MI. SOUTH OF DESOTO","2000-03-08",1520,0.15,2000,3,8,38.960386,-94.97036,10270104,"TKN",10270104,102701,1027,10
"480468",2307012,"KANSAS/LOWER REPUBLICAN RIVER BASIN","SC253","STATE HIGHWAY 10, 1.5 MI. SOUTH OF DESOTO","2000-05-03",1400,0.5,2000,5,3,38.960386,-94.97036,10270104,"TKN",10270104,102701,1027,10
"480469",2307114,"KANSAS/LOWER REPUBLICAN RIVER BASIN","SC253","STATE HIGHWAY 10, 1.5 MI. SOUTH OF DESOTO","2000-07-05",1435,0.76,2000,7,5,38.960386,-94.97036,10270104,"TKN",10270104,102701,1027,10
"480470",2307213,"KANSAS/LOWER REPUBLICAN RIVER BASIN","SC253","STATE HIGHWAY 10, 1.5 MI. SOUTH OF DESOTO","2000-09-06",1425,0.55,2000,9,6,38.960386,-94.97036,10270104,"TKN",10270104,102701,1027,10
"480471",2307311,"KANSAS/LOWER REPUBLICAN RIVER BASIN","SC253","STATE HIGHWAY 10, 1.5 MI. SOUTH OF DESOTO","2000-11-01",1450,0.37,2000,11,1,38.960386,-94.97036,10270104,"TKN",10270104,102701,1027,10
"480472",2307412,"KANSAS/LOWER REPUBLICAN RIVER BASIN","SC253","STATE HIGHWAY 10, 1.5 MI. SOUTH OF DESOTO","2001-01-31",1410,1.66,2001,1,31,38.960386,-94.97036,10270104,"TKN",10270104,102701,1027,10
"480473",2307511,"KANSAS/LOWER REPUBLICAN RIVER BASIN","SC253","STATE HIGHWAY 10, 1.5 MI. SOUTH OF DESOTO","2001-04-04",1425,1.065,2001,4,4,38.960386,-94.97036,10270104,"TKN",10270104,102701,1027,10
"480474",2307612,"KANSAS/LOWER REPUBLICAN RIVER BASIN","SC253","STATE HIGHWAY 10, 1.5 MI. SOUTH OF DESOTO","2001-06-06",1405,1.676,2001,6,6,38.960386,-94.97036,10270104,"TKN",10270104,102701,1027,10
"480475",2307712,"KANSAS/LOWER REPUBLICAN RIVER BASIN","SC253","STATE HIGHWAY 10, 1.5 MI. SOUTH OF DESOTO","2001-06-06",1410,1.444,2001,6,6,38.960386,-94.97036,10270104,"TKN",10270104,102701,1027,10
"480476",2307811,"KANSAS/LOWER REPUBLICAN RIVER BASIN","SC253","STATE HIGHWAY 10, 1.5 MI. SOUTH OF DESOTO","2001-08-08",1350,0.721,2001,8,8,38.960386,-94.97036,10270104,"TKN",10270104,102701,1027,10
"480477",2307912,"KANSAS/LOWER REPUBLICAN RIVER BASIN","SC253","STATE HIGHWAY 10, 1.5 MI. SOUTH OF DESOTO","2001-10-03",1520,0.559,2001,10,3,38.960386,-94.97036,10270104,"TKN",10270104,102701,1027,10
"480478",2308011,"KANSAS/LOWER REPUBLICAN RIVER BASIN","SC253","STATE HIGHWAY 10, 1.5 MI. SOUTH OF DESOTO","2001-12-05",1325,0.591,2001,12,5,38.960386,-94.97036,10270104,"TKN",10270104,102701,1027,10
"480479",2308115,"KANSAS/LOWER REPUBLICAN RIVER BASIN","SC253","STATE HIGHWAY 10, 1.5 MI. SOUTH OF DESOTO","2002-01-09",1400,0.716,2002,1,9,38.960386,-94.97036,10270104,"TKN",10270104,102701,1027,10
"480480",2308212,"KANSAS/LOWER REPUBLICAN RIVER BASIN","SC253","STATE HIGHWAY 10, 1.5 MI. SOUTH OF DESOTO","2002-03-06",1450,0.309,2002,3,6,38.960386,-94.97036,10270104,"TKN",10270104,102701,1027,10
"480481",2308312,"KANSAS/LOWER REPUBLICAN RIVER BASIN","SC253","STATE HIGHWAY 10, 1.5 MI. SOUTH OF DESOTO","2002-05-08",1515,1.466,2002,5,8,38.960386,-94.97036,10270104,"TKN",10270104,102701,1027,10
"480482",2308411,"KANSAS/LOWER REPUBLICAN RIVER BASIN","SC253","","2002-07-10",1400,0.473,2002,7,10,38.960386,-94.97036,10270104,"TKN",10270104,102701,1027,10
"480483",2308611,"KANSAS/LOWER REPUBLICAN RIVER BASIN","SC253","","2002-11-13",1425,0.51,2002,11,13,38.960386,-94.97036,10270104,"TKN",10270104,102701,1027,10
"480484",2308711,"KANSAS/LOWER REPUBLICAN RIVER BASIN","SC253","","2005-02-03",1342,0.05,2005,2,3,38.960386,-94.97036,10270104,"TKN",10270104,102701,1027,10
"480485",2308811,"KANSAS/LOWER REPUBLICAN RIVER BASIN","SC253","","2005-02-03",1347,0.05,2005,2,3,38.960386,-94.97036,10270104,"TKN",10270104,102701,1027,10
"480486",2308910,"KANSAS/LOWER REPUBLICAN RIVER BASIN","SC253","","2005-04-07",1345,0.25,2005,4,7,38.960386,-94.97036,10270104,"TKN",10270104,102701,1027,10
"480487",2309011,"KANSAS/LOWER REPUBLICAN RIVER BASIN","SC253","","2005-06-02",1437,1.226,2005,6,2,38.960386,-94.97036,10270104,"TKN",10270104,102701,1027,10
"480488",2309114,"KANSAS/LOWER REPUBLICAN RIVER BASIN","SC253","","2005-08-04",1316,0.302,2005,8,4,38.960386,-94.97036,10270104,"TKN",10270104,102701,1027,10
"480489",2309212,"KANSAS/LOWER REPUBLICAN RIVER BASIN","SC253","","2005-10-06",1314,0.349,2005,10,6,38.960386,-94.97036,10270104,"TKN",10270104,102701,1027,10
"480490",2309310,"KANSAS/LOWER REPUBLICAN RIVER BASIN","SC253","","2005-12-08",1454,0.417,2005,12,8,38.960386,-94.97036,10270104,"TKN",10270104,102701,1027,10
"480491",2309410,"KANSAS/LOWER REPUBLICAN RIVER BASIN","SC253","","2009-02-04",1410,0.488,2009,2,4,38.960386,-94.97036,10270104,"TKN",10270104,102701,1027,10
"480492",2309511,"KANSAS/LOWER REPUBLICAN RIVER BASIN","SC253","","2009-04-06",1449,0.391,2009,4,6,38.960386,-94.97036,10270104,"TKN",10270104,102701,1027,10
"480493",2309610,"KANSAS/LOWER REPUBLICAN RIVER BASIN","SC253","","2009-06-03",1204,0.537,2009,6,3,38.960386,-94.97036,10270104,"TKN",10270104,102701,1027,10
"480494",2309711,"KANSAS/LOWER REPUBLICAN RIVER BASIN","SC253","","2009-08-25",1137,0.485,2009,8,25,38.960386,-94.97036,10270104,"TKN",10270104,102701,1027,10
"480495",2309811,"KANSAS/LOWER REPUBLICAN RIVER BASIN","SC253","","2009-08-25",1142,0.495,2009,8,25,38.960386,-94.97036,10270104,"TKN",10270104,102701,1027,10
"480496",2310011,"KANSAS/LOWER REPUBLICAN RIVER BASIN","SC253","","2009-12-29",1423,0.491,2009,12,29,38.960386,-94.97036,10270104,"TKN",10270104,102701,1027,10
"480497",2310115,"KANSAS/LOWER REPUBLICAN RIVER BASIN","SC253","","2013-01-28",1401,0.433,2013,1,28,38.960386,-94.97036,10270104,"TKN",10270104,102701,1027,10
"480498",2310210,"KANSAS/LOWER REPUBLICAN RIVER BASIN","SC253","","2013-04-29",1418,0.512,2013,4,29,38.960386,-94.97036,10270104,"TKN",10270104,102701,1027,10
"480499",231037,"KANSAS/LOWER REPUBLICAN RIVER BASIN","SC253","","2013-04-29",1423,0.415,2013,4,29,38.960386,-94.97036,10270104,"TKN",10270104,102701,1027,10
"480500",2310411,"KANSAS/LOWER REPUBLICAN RIVER BASIN","SC253","","2013-07-08",1542,0.391,2013,7,8,38.960386,-94.97036,10270104,"TKN",10270104,102701,1027,10
"480501",2310510,"KANSAS/LOWER REPUBLICAN RIVER BASIN","SC253","","2013-10-22",1435,0.417,2013,10,22,38.960386,-94.97036,10270104,"TKN",10270104,102701,1027,10
"480502",2310611,"KANSAS/LOWER REPUBLICAN RIVER BASIN","SC253","","2015-07-31",940,0.43,2015,7,31,38.960386,-94.97036,10270104,"TKN",10270104,102701,1027,10
"480503",2310711,"KANSAS/LOWER REPUBLICAN RIVER BASIN","SC253","","2017-02-06",1252,0.47,2017,2,6,38.960386,-94.97036,10270104,"TKN",10270104,102701,1027,10
"480504",2310811,"KANSAS/LOWER REPUBLICAN RIVER BASIN","SC253","","2017-05-01",1241,0.91,2017,5,1,38.960386,-94.97036,10270104,"TKN",10270104,102701,1027,10
"480505",2310911,"KANSAS/LOWER REPUBLICAN RIVER BASIN","SC253","","2017-08-07",1405,0.66,2017,8,7,38.960386,-94.97036,10270104,"TKN",10270104,102701,1027,10
"480506",2311013,"KANSAS/LOWER REPUBLICAN RIVER BASIN","SC253","","2017-11-06",1357,0.35,2017,11,6,38.960386,-94.97036,10270104,"TKN",10270104,102701,1027,10
"480507",2311114,"KANSAS/LOWER REPUBLICAN RIVER BASIN","SC253","","2021-03-01",1156,0.53,2021,3,1,38.960386,-94.97036,10270104,"TKN",10270104,102701,1027,10
"480508",2311212,"KANSAS/LOWER REPUBLICAN RIVER BASIN","SC253","","2021-06-22",1126,0.32,2021,6,22,38.960386,-94.97036,10270104,"TKN",10270104,102701,1027,10
"480509",2311310,"KANSAS/LOWER REPUBLICAN RIVER BASIN","SC253","","2021-09-07",1133,0.59,2021,9,7,38.960386,-94.97036,10270104,"TKN",10270104,102701,1027,10
"480510",231149,"KANSAS/LOWER REPUBLICAN RIVER BASIN","SC253","","2021-12-06",1317,0.4,2021,12,6,38.960386,-94.97036,10270104,"TKN",10270104,102701,1027,10
"480511",2336511,"KANSAS/LOWER REPUBLICAN RIVER BASIN","SC254","0.5 MI. N OF DESOTO","2000-01-05",1205,0.814,2000,1,5,38.98213,-94.96482,10270104,"TKN",10270104,102701,1027,10
"480512",2336612,"KANSAS/LOWER REPUBLICAN RIVER BASIN","SC254","0.5 MI. N OF DESOTO","2000-03-08",1125,1.527,2000,3,8,38.98213,-94.96482,10270104,"TKN",10270104,102701,1027,10
"480513",2336711,"KANSAS/LOWER REPUBLICAN RIVER BASIN","SC254","0.5 MI. N OF DESOTO","2000-05-03",1100,1.26,2000,5,3,38.98213,-94.96482,10270104,"TKN",10270104,102701,1027,10
"480514",2336812,"KANSAS/LOWER REPUBLICAN RIVER BASIN","SC254","0.5 MI. N OF DESOTO","2000-07-05",1045,1.34,2000,7,5,38.98213,-94.96482,10270104,"TKN",10270104,102701,1027,10
"480515",2336911,"KANSAS/LOWER REPUBLICAN RIVER BASIN","SC254","0.5 MI. N OF DESOTO","2000-09-06",1100,1.765,2000,9,6,38.98213,-94.96482,10270104,"TKN",10270104,102701,1027,10
"480516",2337012,"KANSAS/LOWER REPUBLICAN RIVER BASIN","SC254","0.5 MI. N OF DESOTO","2000-11-01",1120,1.35,2000,11,1,38.98213,-94.96482,10270104,"TKN",10270104,102701,1027,10
"480517",2337116,"KANSAS/LOWER REPUBLICAN RIVER BASIN","SC254","0.5 MI. N OF DESOTO","2000-11-01",1125,1.28,2000,11,1,38.98213,-94.96482,10270104,"TKN",10270104,102701,1027,10
"480518",2337212,"KANSAS/LOWER REPUBLICAN RIVER BASIN","SC254","0.5 MI. N OF DESOTO","2001-01-31",1105,0.78,2001,1,31,38.98213,-94.96482,10270104,"TKN",10270104,102701,1027,10
"480519",2337311,"KANSAS/LOWER REPUBLICAN RIVER BASIN","SC254","0.5 MI. N OF DESOTO","2001-04-04",1100,1.847,2001,4,4,38.98213,-94.96482,10270104,"TKN",10270104,102701,1027,10
"480520",2337412,"KANSAS/LOWER REPUBLICAN RIVER BASIN","SC254","0.5 MI. N OF DESOTO","2001-06-06",1100,3.088,2001,6,6,38.98213,-94.96482,10270104,"TKN",10270104,102701,1027,10
"480521",2337511,"KANSAS/LOWER REPUBLICAN RIVER BASIN","SC254","0.5 MI. N OF DESOTO","2001-08-08",1015,0.811,2001,8,8,38.98213,-94.96482,10270104,"TKN",10270104,102701,1027,10
"480522",2337612,"KANSAS/LOWER REPUBLICAN RIVER BASIN","SC254","0.5 MI. N OF DESOTO","2001-10-03",1140,1.069,2001,10,3,38.98213,-94.96482,10270104,"TKN",10270104,102701,1027,10
"480523",2337711,"KANSAS/LOWER REPUBLICAN RIVER BASIN","SC254","0.5 MI. N OF DESOTO","2001-12-05",1010,1.054,2001,12,5,38.98213,-94.96482,10270104,"TKN",10270104,102701,1027,10
"480524",2337812,"KANSAS/LOWER REPUBLICAN RIVER BASIN","SC254","0.5 MI. N OF DESOTO","2002-01-09",1030,0.791,2002,1,9,38.98213,-94.96482,10270104,"TKN",10270104,102701,1027,10
"480525",2337911,"KANSAS/LOWER REPUBLICAN RIVER BASIN","SC254","0.5 MI. N OF DESOTO","2002-03-06",1120,0.924,2002,3,6,38.98213,-94.96482,10270104,"TKN",10270104,102701,1027,10
"480526",2338012,"KANSAS/LOWER REPUBLICAN RIVER BASIN","SC254","0.5 MI. N OF DESOTO","2002-05-08",1110,2.764,2002,5,8,38.98213,-94.96482,10270104,"TKN",10270104,102701,1027,10
"480527",2338115,"KANSAS/LOWER REPUBLICAN RIVER BASIN","SC254","","2002-07-10",1030,1.423,2002,7,10,38.98213,-94.96482,10270104,"TKN",10270104,102701,1027,10
"480528",2338212,"KANSAS/LOWER REPUBLICAN RIVER BASIN","SC254","","2002-09-04",1012,1.74,2002,9,4,38.98213,-94.96482,10270104,"TKN",10270104,102701,1027,10
"480529",2338311,"KANSAS/LOWER REPUBLICAN RIVER BASIN","SC254","","2002-11-13",1058,0.907,2002,11,13,38.98213,-94.96482,10270104,"TKN",10270104,102701,1027,10
"480530",2338412,"KANSAS/LOWER REPUBLICAN RIVER BASIN","SC254","","2003-02-06",946,0.918,2003,2,6,38.98213,-94.96482,10270104,"TKN",10270104,102701,1027,10
"480531",2338511,"KANSAS/LOWER REPUBLICAN RIVER BASIN","SC254","","2003-04-03",920,2.197,2003,4,3,38.98213,-94.96482,10270104,"TKN",10270104,102701,1027,10
"480532",2338612,"KANSAS/LOWER REPUBLICAN RIVER BASIN","SC254","","2003-06-05",912,2.025,2003,6,5,38.98213,-94.96482,10270104,"TKN",10270104,102701,1027,10
"480533",2338710,"KANSAS/LOWER REPUBLICAN RIVER BASIN","SC254","","2003-08-07",932,1.516,2003,8,7,38.98213,-94.96482,10270104,"TKN",10270104,102701,1027,10
"480534",2338811,"KANSAS/LOWER REPUBLICAN RIVER BASIN","SC254","","2003-10-09",1003,1.624,2003,10,9,38.98213,-94.96482,10270104,"TKN",10270104,102701,1027,10
"480535",2338910,"KANSAS/LOWER REPUBLICAN RIVER BASIN","SC254","","2003-12-30",1007,0.787,2003,12,30,38.98213,-94.96482,10270104,"TKN",10270104,102701,1027,10
"480536",2339011,"KANSAS/LOWER REPUBLICAN RIVER BASIN","SC254","","2004-01-08",1043,0.619,2004,1,8,38.98213,-94.96482,10270104,"TKN",10270104,102701,1027,10
"480537",2339114,"KANSAS/LOWER REPUBLICAN RIVER BASIN","SC254","","2004-03-02",944,1.11,2004,3,2,38.98213,-94.96482,10270104,"TKN",10270104,102701,1027,10
"480538",2339211,"KANSAS/LOWER REPUBLICAN RIVER BASIN","SC254","","2004-05-06",933,1.892,2004,5,6,38.98213,-94.96482,10270104,"TKN",10270104,102701,1027,10
"480539",2339310,"KANSAS/LOWER REPUBLICAN RIVER BASIN","SC254","","2004-07-08",947,2.374,2004,7,8,38.98213,-94.96482,10270104,"TKN",10270104,102701,1027,10
"480540",2339411,"KANSAS/LOWER REPUBLICAN RIVER BASIN","SC254","","2004-09-09",1033,0.658,2004,9,9,38.98213,-94.96482,10270104,"TKN",10270104,102701,1027,10
"480541",2339510,"KANSAS/LOWER REPUBLICAN RIVER BASIN","SC254","","2004-11-04",937,1.419,2004,11,4,38.98213,-94.96482,10270104,"TKN",10270104,102701,1027,10
"480542",2339610,"KANSAS/LOWER REPUBLICAN RIVER BASIN","SC254","","2005-02-03",1016,0.445,2005,2,3,38.98213,-94.96482,10270104,"TKN",10270104,102701,1027,10
"480543",2339711,"KANSAS/LOWER REPUBLICAN RIVER BASIN","SC254","","2005-04-07",1000,1.572,2005,4,7,38.98213,-94.96482,10270104,"TKN",10270104,102701,1027,10
"480544",2339810,"KANSAS/LOWER REPUBLICAN RIVER BASIN","SC254","","2005-06-02",1016,1.549,2005,6,2,38.98213,-94.96482,10270104,"TKN",10270104,102701,1027,10
"480545",2339911,"KANSAS/LOWER REPUBLICAN RIVER BASIN","SC254","","2005-08-04",941,0.929,2005,8,4,38.98213,-94.96482,10270104,"TKN",10270104,102701,1027,10
"480546",2340010,"KANSAS/LOWER REPUBLICAN RIVER BASIN","SC254","","2005-10-06",929,0.953,2005,10,6,38.98213,-94.96482,10270104,"TKN",10270104,102701,1027,10
"480547",2340115,"KANSAS/LOWER REPUBLICAN RIVER BASIN","SC254","","2005-12-08",1114,0.509,2005,12,8,38.98213,-94.96482,10270104,"TKN",10270104,102701,1027,10
"480548",2340211,"KANSAS/LOWER REPUBLICAN RIVER BASIN","SC254","","2006-01-05",948,0.325,2006,1,5,38.98213,-94.96482,10270104,"TKN",10270104,102701,1027,10
"480549",2340310,"KANSAS/LOWER REPUBLICAN RIVER BASIN","SC254","","2006-03-09",1045,1.07,2006,3,9,38.98213,-94.96482,10270104,"TKN",10270104,102701,1027,10
"480550",2340411,"KANSAS/LOWER REPUBLICAN RIVER BASIN","SC254","","2006-05-04",945,1.176,2006,5,4,38.98213,-94.96482,10270104,"TKN",10270104,102701,1027,10
"480551",2340510,"KANSAS/LOWER REPUBLICAN RIVER BASIN","SC254","","2006-07-06",912,1.296,2006,7,6,38.98213,-94.96482,10270104,"TKN",10270104,102701,1027,10
"480552",2340611,"KANSAS/LOWER REPUBLICAN RIVER BASIN","SC254","","2006-09-07",859,1.805,2006,9,7,38.98213,-94.96482,10270104,"TKN",10270104,102701,1027,10
"480553",2340710,"KANSAS/LOWER REPUBLICAN RIVER BASIN","SC254","","2006-11-02",854,0.874,2006,11,2,38.98213,-94.96482,10270104,"TKN",10270104,102701,1027,10
"480554",2340811,"KANSAS/LOWER REPUBLICAN RIVER BASIN","SC254","","2007-02-08",951,0.814,2007,2,8,38.98213,-94.96482,10270104,"TKN",10270104,102701,1027,10
"480555",2340910,"KANSAS/LOWER REPUBLICAN RIVER BASIN","SC254","","2007-04-05",901,1.382,2007,4,5,38.98213,-94.96482,10270104,"TKN",10270104,102701,1027,10
"480556",2341011,"KANSAS/LOWER REPUBLICAN RIVER BASIN","SC254","","2007-06-07",848,1.268,2007,6,7,38.98213,-94.96482,10270104,"TKN",10270104,102701,1027,10
"480557",2341114,"KANSAS/LOWER REPUBLICAN RIVER BASIN","SC254","","2007-08-09",843,1,2007,8,9,38.98213,-94.96482,10270104,"TKN",10270104,102701,1027,10
"480558",2341212,"KANSAS/LOWER REPUBLICAN RIVER BASIN","SC254","","2007-10-04",936,1.197,2007,10,4,38.98213,-94.96482,10270104,"TKN",10270104,102701,1027,10
"480559",2341310,"KANSAS/LOWER REPUBLICAN RIVER BASIN","SC254","","2007-12-18",918,1.22,2007,12,18,38.98213,-94.96482,10270104,"TKN",10270104,102701,1027,10
"480560",2341411,"KANSAS/LOWER REPUBLICAN RIVER BASIN","SC254","","2008-01-09",954,0.787,2008,1,9,38.98213,-94.96482,10270104,"TKN",10270104,102701,1027,10
"480561",2341510,"KANSAS/LOWER REPUBLICAN RIVER BASIN","SC254","","2008-03-05",921,2.671,2008,3,5,38.98213,-94.96482,10270104,"TKN",10270104,102701,1027,10
"480562",2341611,"KANSAS/LOWER REPUBLICAN RIVER BASIN","SC254","","2008-05-07",935,0.963,2008,5,7,38.98213,-94.96482,10270104,"TKN",10270104,102701,1027,10
"480563",2341710,"KANSAS/LOWER REPUBLICAN RIVER BASIN","SC254","","2008-07-09",1002,0.434,2008,7,9,38.98213,-94.96482,10270104,"TKN",10270104,102701,1027,10
"480564",2341811,"KANSAS/LOWER REPUBLICAN RIVER BASIN","SC254","","2008-09-03",927,1.689,2008,9,3,38.98213,-94.96482,10270104,"TKN",10270104,102701,1027,10
"480565",2341910,"KANSAS/LOWER REPUBLICAN RIVER BASIN","SC254","","2008-11-13",943,1.051,2008,11,13,38.98213,-94.96482,10270104,"TKN",10270104,102701,1027,10
"480566",2342011,"KANSAS/LOWER REPUBLICAN RIVER BASIN","SC254","","2009-02-04",933,1.159,2009,2,4,38.98213,-94.96482,10270104,"TKN",10270104,102701,1027,10
"480567",2342113,"KANSAS/LOWER REPUBLICAN RIVER BASIN","SC254","","2009-04-06",942,0.994,2009,4,6,38.98213,-94.96482,10270104,"TKN",10270104,102701,1027,10
"480568",2342211,"KANSAS/LOWER REPUBLICAN RIVER BASIN","SC254","","2009-06-03",912,1.954,2009,6,3,38.98213,-94.96482,10270104,"TKN",10270104,102701,1027,10
"480569",2342411,"KANSAS/LOWER REPUBLICAN RIVER BASIN","SC254","","2009-10-07",1026,1.181,2009,10,7,38.98213,-94.96482,10270104,"TKN",10270104,102701,1027,10
"480570",2342510,"KANSAS/LOWER REPUBLICAN RIVER BASIN","SC254","","2009-12-29",955,0.85,2009,12,29,38.98213,-94.96482,10270104,"TKN",10270104,102701,1027,10
"480571",2342611,"KANSAS/LOWER REPUBLICAN RIVER BASIN","SC254","","2010-01-13",955,0.564,2010,1,13,38.98213,-94.96482,10270104,"TKN",10270104,102701,1027,10
"480572",2342710,"KANSAS/LOWER REPUBLICAN RIVER BASIN","SC254","","2010-04-28",1017,1.49,2010,4,28,38.98213,-94.96482,10270104,"TKN",10270104,102701,1027,10
"480573",2342811,"KANSAS/LOWER REPUBLICAN RIVER BASIN","SC254","","2010-07-26",1034,1.321,2010,7,26,38.98213,-94.96482,10270104,"TKN",10270104,102701,1027,10
"480574",2342910,"KANSAS/LOWER REPUBLICAN RIVER BASIN","SC254","","2010-10-12",1033,1.157,2010,10,12,38.98213,-94.96482,10270104,"TKN",10270104,102701,1027,10
"480575",2343011,"KANSAS/LOWER REPUBLICAN RIVER BASIN","SC254","","2011-02-28",919,3.25,2011,2,28,38.98213,-94.96482,10270104,"TKN",10270104,102701,1027,10
"480576",2343114,"KANSAS/LOWER REPUBLICAN RIVER BASIN","SC254","","2011-05-24",957,2.053,2011,5,24,38.98213,-94.96482,10270104,"TKN",10270104,102701,1027,10
"480577",2343212,"KANSAS/LOWER REPUBLICAN RIVER BASIN","SC254","","2011-08-09",930,0.973,2011,8,9,38.98213,-94.96482,10270104,"TKN",10270104,102701,1027,10
"480578",2343310,"KANSAS/LOWER REPUBLICAN RIVER BASIN","SC254","","2011-11-29",915,0.574,2011,11,29,38.98213,-94.96482,10270104,"TKN",10270104,102701,1027,10
"480579",2343411,"KANSAS/LOWER REPUBLICAN RIVER BASIN","SC254","","2012-03-05",1028,1.103,2012,3,5,38.98213,-94.96482,10270104,"TKN",10270104,102701,1027,10
"480580",2343510,"KANSAS/LOWER REPUBLICAN RIVER BASIN","SC254","","2012-06-18",1118,0.953,2012,6,18,38.98213,-94.96482,10270104,"TKN",10270104,102701,1027,10
"480581",2343611,"KANSAS/LOWER REPUBLICAN RIVER BASIN","SC254","","2012-09-24",1051,1.457,2012,9,24,38.98213,-94.96482,10270104,"TKN",10270104,102701,1027,10
"480582",2343710,"KANSAS/LOWER REPUBLICAN RIVER BASIN","SC254","","2012-12-17",1021,0.499,2012,12,17,38.98213,-94.96482,10270104,"TKN",10270104,102701,1027,10
"480583",2343811,"KANSAS/LOWER REPUBLICAN RIVER BASIN","SC254","","2013-01-28",940,0.601,2013,1,28,38.98213,-94.96482,10270104,"TKN",10270104,102701,1027,10
"480584",2343911,"KANSAS/LOWER REPUBLICAN RIVER BASIN","SC254","","2013-04-29",1026,1.369,2013,4,29,38.98213,-94.96482,10270104,"TKN",10270104,102701,1027,10
"480585",2344011,"KANSAS/LOWER REPUBLICAN RIVER BASIN","SC254","","2013-07-08",1022,1.542,2013,7,8,38.98213,-94.96482,10270104,"TKN",10270104,102701,1027,10
"480586",2344114,"KANSAS/LOWER REPUBLICAN RIVER BASIN","SC254","","2013-10-22",1034,1.309,2013,10,22,38.98213,-94.96482,10270104,"TKN",10270104,102701,1027,10
"480587",2344211,"KANSAS/LOWER REPUBLICAN RIVER BASIN","SC254","","2014-02-03",956,0.63,2014,2,3,38.98213,-94.96482,10270104,"TKN",10270104,102701,1027,10
"480588",2344311,"KANSAS/LOWER REPUBLICAN RIVER BASIN","SC254","","2014-05-05",955,1.2,2014,5,5,38.98213,-94.96482,10270104,"TKN",10270104,102701,1027,10
"480589",2344411,"KANSAS/LOWER REPUBLICAN RIVER BASIN","SC254","","2014-08-04",957,1.2,2014,8,4,38.98213,-94.96482,10270104,"TKN",10270104,102701,1027,10
"480590",2344510,"KANSAS/LOWER REPUBLICAN RIVER BASIN","SC254","","2014-11-12",959,0.85,2014,11,12,38.98213,-94.96482,10270104,"TKN",10270104,102701,1027,10
"480591",2344611,"KANSAS/LOWER REPUBLICAN RIVER BASIN","SC254","","2015-03-02",900,0.76,2015,3,2,38.98213,-94.96482,10270104,"TKN",10270104,102701,1027,10
"480592",2344710,"KANSAS/LOWER REPUBLICAN RIVER BASIN","SC254","","2015-06-01",850,1.4,2015,6,1,38.98213,-94.96482,10270104,"TKN",10270104,102701,1027,10
"480593",2344811,"KANSAS/LOWER REPUBLICAN RIVER BASIN","SC254","","2015-09-01",906,1.2,2015,9,1,38.98213,-94.96482,10270104,"TKN",10270104,102701,1027,10
"480594",2344911,"KANSAS/LOWER REPUBLICAN RIVER BASIN","SC254","","2015-12-01",933,1.1,2015,12,1,38.98213,-94.96482,10270104,"TKN",10270104,102701,1027,10
"480595",2345010,"KANSAS/LOWER REPUBLICAN RIVER BASIN","SC254","","2016-01-04",1005,0.86,2016,1,4,38.98213,-94.96482,10270104,"TKN",10270104,102701,1027,10
"480596",2345114,"KANSAS/LOWER REPUBLICAN RIVER BASIN","SC254","","2016-04-04",1044,1.4,2016,4,4,38.98213,-94.96482,10270104,"TKN",10270104,102701,1027,10
"480597",2345212,"KANSAS/LOWER REPUBLICAN RIVER BASIN","SC254","","2016-07-11",952,1.2,2016,7,11,38.98213,-94.96482,10270104,"TKN",10270104,102701,1027,10
"480598",2345311,"KANSAS/LOWER REPUBLICAN RIVER BASIN","SC254","","2016-10-03",934,0.78,2016,10,3,38.98213,-94.96482,10270104,"TKN",10270104,102701,1027,10
"480599",2345411,"KANSAS/LOWER REPUBLICAN RIVER BASIN","SC254","","2017-02-06",1008,0.91,2017,2,6,38.98213,-94.96482,10270104,"TKN",10270104,102701,1027,10
"480600",2345511,"KANSAS/LOWER REPUBLICAN RIVER BASIN","SC254","","2017-05-01",937,1.2,2017,5,1,38.98213,-94.96482,10270104,"TKN",10270104,102701,1027,10
"480601",2345611,"KANSAS/LOWER REPUBLICAN RIVER BASIN","SC254","","2017-08-07",1023,1.3,2017,8,7,38.98213,-94.96482,10270104,"TKN",10270104,102701,1027,10
"480602",2345710,"KANSAS/LOWER REPUBLICAN RIVER BASIN","SC254","","2017-11-06",1002,0.63,2017,11,6,38.98213,-94.96482,10270104,"TKN",10270104,102701,1027,10
"480603",2345810,"KANSAS/LOWER REPUBLICAN RIVER BASIN","SC254","","2018-03-05",1021,1.6,2018,3,5,38.98213,-94.96482,10270104,"TKN",10270104,102701,1027,10
"480604",2345911,"KANSAS/LOWER REPUBLICAN RIVER BASIN","SC254","","2018-06-18",1133,1.2,2018,6,18,38.98213,-94.96482,10270104,"TKN",10270104,102701,1027,10
"480605",2346011,"KANSAS/LOWER REPUBLICAN RIVER BASIN","SC254","","2018-09-24",1020,0.94,2018,9,24,38.98213,-94.96482,10270104,"TKN",10270104,102701,1027,10
"480606",2346114,"KANSAS/LOWER REPUBLICAN RIVER BASIN","SC254","","2018-12-10",1051,9,2018,12,10,38.98213,-94.96482,10270104,"TKN",10270104,102701,1027,10
"480607",2346212,"KANSAS/LOWER REPUBLICAN RIVER BASIN","SC254","","2019-01-28",940,1.1,2019,1,28,38.98213,-94.96482,10270104,"TKN",10270104,102701,1027,10
"480608",2346310,"KANSAS/LOWER REPUBLICAN RIVER BASIN","SC254","","2019-04-01",750,0.67,2019,4,1,38.98213,-94.96482,10270104,"TKN",10270104,102701,1027,10
"480609",2346411,"KANSAS/LOWER REPUBLICAN RIVER BASIN","SC254","","2019-07-08",859,0.43,2019,7,8,38.98213,-94.96482,10270104,"TKN",10270104,102701,1027,10
"480610",2346511,"KANSAS/LOWER REPUBLICAN RIVER BASIN","SC254","","2019-10-21",847,0.72,2019,10,21,38.98213,-94.96482,10270104,"TKN",10270104,102701,1027,10
"480611",234669,"KANSAS/LOWER REPUBLICAN RIVER BASIN","SC254","","2020-02-03",911,0.56,2020,2,3,38.98213,-94.96482,10270104,"TKN",10270104,102701,1027,10
"480612",234679,"KANSAS/LOWER REPUBLICAN RIVER BASIN","SC254","","2020-08-03",923,0.59,2020,8,3,38.98213,-94.96482,10270104,"TKN",10270104,102701,1027,10
"480613",2346810,"KANSAS/LOWER REPUBLICAN RIVER BASIN","SC254","","2020-11-30",632,0.43,2020,11,30,38.98213,-94.96482,10270104,"TKN",10270104,102701,1027,10
"480614",2346910,"KANSAS/LOWER REPUBLICAN RIVER BASIN","SC254","","2021-03-01",627,0.45,2021,3,1,38.98213,-94.96482,10270104,"TKN",10270104,102701,1027,10
"480615",2347010,"KANSAS/LOWER REPUBLICAN RIVER BASIN","SC254","","2021-06-22",723,1.3,2021,6,22,38.98213,-94.96482,10270104,"TKN",10270104,102701,1027,10
"480616",2347114,"KANSAS/LOWER REPUBLICAN RIVER BASIN","SC254","","2021-09-07",714,1.2,2021,9,7,38.98213,-94.96482,10270104,"TKN",10270104,102701,1027,10
"480617",2347211,"KANSAS/LOWER REPUBLICAN RIVER BASIN","SC254","","2021-12-06",655,1.4,2021,12,6,38.98213,-94.96482,10270104,"TKN",10270104,102701,1027,10
"480618",2347310,"KANSAS/LOWER REPUBLICAN RIVER BASIN","SC254","","2022-01-24",815,0.66,2022,1,24,38.98213,-94.96482,10270104,"TKN",10270104,102701,1027,10
"480619",2347410,"KANSAS/LOWER REPUBLICAN RIVER BASIN","SC254","","2022-04-26",800,0.99,2022,4,26,38.98213,-94.96482,10270104,"TKN",10270104,102701,1027,10
"480620",234759,"KANSAS/LOWER REPUBLICAN RIVER BASIN","SC254","","2022-07-05",809,2.2,2022,7,5,38.98213,-94.96482,10270104,"TKN",10270104,102701,1027,10
"480621",2347610,"KANSAS/LOWER REPUBLICAN RIVER BASIN","SC254","","2022-10-18",742,0.51,2022,10,18,38.98213,-94.96482,10270104,"TKN",10270104,102701,1027,10
"480622",2347710,"KANSAS/LOWER REPUBLICAN RIVER BASIN","SC254","","2023-02-07",753,0.52,2023,2,7,38.98213,-94.96482,10270104,"TKN",10270104,102701,1027,10
"480623",234789,"KANSAS/LOWER REPUBLICAN RIVER BASIN","SC254","","2023-05-02",544,0.36,2023,5,2,38.98213,-94.96482,10270104,"TKN",10270104,102701,1027,10
"480624",2347910,"KANSAS/LOWER REPUBLICAN RIVER BASIN","SC254","","2023-08-08",607,0.45,2023,8,8,38.98213,-94.96482,10270104,"TKN",10270104,102701,1027,10
"480625",2348010,"KANSAS/LOWER REPUBLICAN RIVER BASIN","SC254","","2023-11-28",715,0.34,2023,11,28,38.98213,-94.96482,10270104,"TKN",10270104,102701,1027,10
"480626",2348114,"KANSAS/LOWER REPUBLICAN RIVER BASIN","SC254","","2024-03-05",715,0.31,2024,3,5,38.98213,-94.96482,10270104,"TKN",10270104,102701,1027,10
"480627",2348211,"KANSAS/LOWER REPUBLICAN RIVER BASIN","SC254","","2024-06-17",854,0.23,2024,6,17,38.98213,-94.96482,10270104,"TKN",10270104,102701,1027,10
"480628",2348310,"KANSAS/LOWER REPUBLICAN RIVER BASIN","SC254","","2024-09-10",734,1.2,2024,9,10,38.98213,-94.96482,10270104,"TKN",10270104,102701,1027,10
"480629",234849,"KANSAS/LOWER REPUBLICAN RIVER BASIN","SC254","","2024-12-03",832,0.54,2024,12,3,38.98213,-94.96482,10270104,"TKN",10270104,102701,1027,10
"480630",2376912,"KANSAS/LOWER REPUBLICAN RIVER BASIN","SC255","","2003-02-06",1320,1.139,2003,2,6,38.95585,-95.0968,10270104,"TKN",10270104,102701,1027,10
"480631",2377011,"KANSAS/LOWER REPUBLICAN RIVER BASIN","SC255","","2003-04-03",1404,1.96,2003,4,3,38.95585,-95.0968,10270104,"TKN",10270104,102701,1027,10
"480632",2377114,"KANSAS/LOWER REPUBLICAN RIVER BASIN","SC255","","2003-06-05",1301,1.997,2003,6,5,38.95585,-95.0968,10270104,"TKN",10270104,102701,1027,10
"480633",2377212,"KANSAS/LOWER REPUBLICAN RIVER BASIN","SC255","","2003-08-07",1309,1.788,2003,8,7,38.95585,-95.0968,10270104,"TKN",10270104,102701,1027,10
"480634",2377312,"KANSAS/LOWER REPUBLICAN RIVER BASIN","SC255","","2003-10-09",1335,1.491,2003,10,9,38.95585,-95.0968,10270104,"TKN",10270104,102701,1027,10
"480635",2377411,"KANSAS/LOWER REPUBLICAN RIVER BASIN","SC255","","2003-12-30",1328,0.596,2003,12,30,38.95585,-95.0968,10270104,"TKN",10270104,102701,1027,10
"480636",2377511,"KANSAS/LOWER REPUBLICAN RIVER BASIN","SC255","","2007-02-08",1347,0.945,2007,2,8,38.95585,-95.0968,10270104,"TKN",10270104,102701,1027,10
"480637",2377610,"KANSAS/LOWER REPUBLICAN RIVER BASIN","SC255","","2007-04-05",1427,1.132,2007,4,5,38.95585,-95.0968,10270104,"TKN",10270104,102701,1027,10
"480638",2377711,"KANSAS/LOWER REPUBLICAN RIVER BASIN","SC255","","2007-06-07",1248,1.137,2007,6,7,38.95585,-95.0968,10270104,"TKN",10270104,102701,1027,10
"480639",2377810,"KANSAS/LOWER REPUBLICAN RIVER BASIN","SC255","","2007-08-09",1257,1.214,2007,8,9,38.95585,-95.0968,10270104,"TKN",10270104,102701,1027,10
"480640",2377911,"KANSAS/LOWER REPUBLICAN RIVER BASIN","SC255","","2007-10-04",1407,1.233,2007,10,4,38.95585,-95.0968,10270104,"TKN",10270104,102701,1027,10
"480641",2378010,"KANSAS/LOWER REPUBLICAN RIVER BASIN","SC255","","2007-12-18",1315,1.252,2007,12,18,38.95585,-95.0968,10270104,"TKN",10270104,102701,1027,10
"480642",2378114,"KANSAS/LOWER REPUBLICAN RIVER BASIN","SC255","","2011-02-28",1344,0.902,2011,2,28,38.95585,-95.0968,10270104,"TKN",10270104,102701,1027,10
"480643",2378212,"KANSAS/LOWER REPUBLICAN RIVER BASIN","SC255","","2011-05-24",1420,1.139,2011,5,24,38.95585,-95.0968,10270104,"TKN",10270104,102701,1027,10
"480644",2378311,"KANSAS/LOWER REPUBLICAN RIVER BASIN","SC255","","2011-08-09",1418,1.06,2011,8,9,38.95585,-95.0968,10270104,"TKN",10270104,102701,1027,10
"480645",2378411,"KANSAS/LOWER REPUBLICAN RIVER BASIN","SC255","","2011-11-29",1414,0.548,2011,11,29,38.95585,-95.0968,10270104,"TKN",10270104,102701,1027,10
"480646",2378511,"KANSAS/LOWER REPUBLICAN RIVER BASIN","SC255","","2015-03-02",1342,0.74,2015,3,2,38.95585,-95.0968,10270104,"TKN",10270104,102701,1027,10
"480647",2378610,"KANSAS/LOWER REPUBLICAN RIVER BASIN","SC255","","2015-06-01",1341,1.6,2015,6,1,38.95585,-95.0968,10270104,"TKN",10270104,102701,1027,10
"480648",2378711,"KANSAS/LOWER REPUBLICAN RIVER BASIN","SC255","","2015-09-01",1420,1.1,2015,9,1,38.95585,-95.0968,10270104,"TKN",10270104,102701,1027,10
"480649",2378811,"KANSAS/LOWER REPUBLICAN RIVER BASIN","SC255","","2015-12-01",1410,0.86,2015,12,1,38.95585,-95.0968,10270104,"TKN",10270104,102701,1027,10
"480650",2378911,"KANSAS/LOWER REPUBLICAN RIVER BASIN","SC255","","2019-01-28",1338,1.1,2019,1,28,38.95585,-95.0968,10270104,"TKN",10270104,102701,1027,10
"480651",2379010,"KANSAS/LOWER REPUBLICAN RIVER BASIN","SC255","","2019-04-01",1214,0.58,2019,4,1,38.95585,-95.0968,10270104,"TKN",10270104,102701,1027,10
"480652",2379114,"KANSAS/LOWER REPUBLICAN RIVER BASIN","SC255","","2019-07-08",1248,0.45,2019,7,8,38.95585,-95.0968,10270104,"TKN",10270104,102701,1027,10
"480653",2379212,"KANSAS/LOWER REPUBLICAN RIVER BASIN","SC255","","2019-10-21",1300,0.85,2019,10,21,38.95585,-95.0968,10270104,"TKN",10270104,102701,1027,10
"480654",2379311,"KANSAS/LOWER REPUBLICAN RIVER BASIN","SC255","","2023-02-07",1140,0.47,2023,2,7,38.95585,-95.0968,10270104,"TKN",10270104,102701,1027,10
"480655",237949,"KANSAS/LOWER REPUBLICAN RIVER BASIN","SC255","","2023-05-02",1034,0.48,2023,5,2,38.95585,-95.0968,10270104,"TKN",10270104,102701,1027,10
"480656",2379510,"KANSAS/LOWER REPUBLICAN RIVER BASIN","SC255","","2023-08-08",1136,0.57,2023,8,8,38.95585,-95.0968,10270104,"TKN",10270104,102701,1027,10
"480657",2379610,"KANSAS/LOWER REPUBLICAN RIVER BASIN","SC255","","2023-11-28",1225,0.27,2023,11,28,38.95585,-95.0968,10270104,"TKN",10270104,102701,1027,10
"480658",2390611,"KANSAS/LOWER REPUBLICAN RIVER BASIN","SC256","","2007-02-08",804,0.75,2007,2,8,38.97558,-95.23561,10270104,"TKN",10270104,102701,1027,10
"480659",2390710,"KANSAS/LOWER REPUBLICAN RIVER BASIN","SC256","","2007-04-05",751,1.935,2007,4,5,38.97558,-95.23561,10270104,"TKN",10270104,102701,1027,10
"480660",2390811,"KANSAS/LOWER REPUBLICAN RIVER BASIN","SC256","","2007-06-07",748,1.3,2007,6,7,38.97558,-95.23561,10270104,"TKN",10270104,102701,1027,10
"480661",2390910,"KANSAS/LOWER REPUBLICAN RIVER BASIN","SC256","","2007-08-09",749,1.013,2007,8,9,38.97558,-95.23561,10270104,"TKN",10270104,102701,1027,10
"480662",2391011,"KANSAS/LOWER REPUBLICAN RIVER BASIN","SC256","","2007-10-04",841,1.054,2007,10,4,38.97558,-95.23561,10270104,"TKN",10270104,102701,1027,10
"480663",2391114,"KANSAS/LOWER REPUBLICAN RIVER BASIN","SC256","","2007-12-18",829,1.136,2007,12,18,38.97558,-95.23561,10270104,"TKN",10270104,102701,1027,10
"480664",2391211,"KANSAS/LOWER REPUBLICAN RIVER BASIN","SC256","","2014-02-03",917,0.55,2014,2,3,38.97558,-95.23561,10270104,"TKN",10270104,102701,1027,10
"480665",2391311,"KANSAS/LOWER REPUBLICAN RIVER BASIN","SC256","","2014-05-05",845,1.4,2014,5,5,38.97558,-95.23561,10270104,"TKN",10270104,102701,1027,10
"480666",2391411,"KANSAS/LOWER REPUBLICAN RIVER BASIN","SC256","","2014-08-04",910,1.3,2014,8,4,38.97558,-95.23561,10270104,"TKN",10270104,102701,1027,10
"480667",2391510,"KANSAS/LOWER REPUBLICAN RIVER BASIN","SC256","","2014-11-12",908,0.88,2014,11,12,38.97558,-95.23561,10270104,"TKN",10270104,102701,1027,10
"480668",2391610,"KANSAS/LOWER REPUBLICAN RIVER BASIN","SC256","","2018-03-05",900,0.38,2018,3,5,38.97558,-95.23561,10270104,"TKN",10270104,102701,1027,10
"480669",2391711,"KANSAS/LOWER REPUBLICAN RIVER BASIN","SC256","","2018-06-18",954,1.2,2018,6,18,38.97558,-95.23561,10270104,"TKN",10270104,102701,1027,10
"480670",2391811,"KANSAS/LOWER REPUBLICAN RIVER BASIN","SC256","","2018-09-24",906,0.96,2018,9,24,38.97558,-95.23561,10270104,"TKN",10270104,102701,1027,10
"480671",2391910,"KANSAS/LOWER REPUBLICAN RIVER BASIN","SC256","","2018-12-10",923,1.3,2018,12,10,38.97558,-95.23561,10270104,"TKN",10270104,102701,1027,10
"480672",2392010,"KANSAS/LOWER REPUBLICAN RIVER BASIN","SC256","","2022-01-24",709,0.61,2022,1,24,38.97558,-95.23561,10270104,"TKN",10270104,102701,1027,10
"480673",2392114,"KANSAS/LOWER REPUBLICAN RIVER BASIN","SC256","","2022-04-26",641,0.76,2022,4,26,38.97558,-95.23561,10270104,"TKN",10270104,102701,1027,10
"480674",2392211,"KANSAS/LOWER REPUBLICAN RIVER BASIN","SC256","","2022-07-05",645,2.9,2022,7,5,38.97558,-95.23561,10270104,"TKN",10270104,102701,1027,10
"480675",2392310,"KANSAS/LOWER REPUBLICAN RIVER BASIN","SC256","","2022-10-18",627,0.53,2022,10,18,38.97558,-95.23561,10270104,"TKN",10270104,102701,1027,10
"480676",2428511,"KANSAS/LOWER REPUBLICAN RIVER BASIN","SC257","0.25 MI. N OF LECOMPTON","2000-01-05",1010,0.383,2000,1,5,39.04837,-95.38803,10270104,"TKN",10270104,102701,1027,10
"480677",2428612,"KANSAS/LOWER REPUBLICAN RIVER BASIN","SC257","0.25 MI. N OF LECOMPTON","2000-03-08",940,2.743,2000,3,8,39.04837,-95.38803,10270104,"TKN",10270104,102701,1027,10
"480678",2428711,"KANSAS/LOWER REPUBLICAN RIVER BASIN","SC257","0.25 MI. N OF LECOMPTON","2000-05-03",905,1.12,2000,5,3,39.04837,-95.38803,10270104,"TKN",10270104,102701,1027,10
"480679",2428812,"KANSAS/LOWER REPUBLICAN RIVER BASIN","SC257","0.25 MI. N OF LECOMPTON","2000-07-05",905,4.33,2000,7,5,39.04837,-95.38803,10270104,"TKN",10270104,102701,1027,10
"480680",2428912,"KANSAS/LOWER REPUBLICAN RIVER BASIN","SC257","0.25 MI. N OF LECOMPTON","2000-07-05",910,5.56,2000,7,5,39.04837,-95.38803,10270104,"TKN",10270104,102701,1027,10
"480681",2429011,"KANSAS/LOWER REPUBLICAN RIVER BASIN","SC257","0.25 MI. N OF LECOMPTON","2000-09-06",920,1.603,2000,9,6,39.04837,-95.38803,10270104,"TKN",10270104,102701,1027,10
"480682",2429114,"KANSAS/LOWER REPUBLICAN RIVER BASIN","SC257","0.25 MI. N OF LECOMPTON","2000-11-01",935,1.41,2000,11,1,39.04837,-95.38803,10270104,"TKN",10270104,102701,1027,10
"480683",2429213,"KANSAS/LOWER REPUBLICAN RIVER BASIN","SC257","0.25 MI. N OF LECOMPTON","2001-01-31",910,0.58,2001,1,31,39.04837,-95.38803,10270104,"TKN",10270104,102701,1027,10
"480684",2429312,"KANSAS/LOWER REPUBLICAN RIVER BASIN","SC257","0.25 MI. N OF LECOMPTON","2001-04-04",910,1.532,2001,4,4,39.04837,-95.38803,10270104,"TKN",10270104,102701,1027,10
"480685",2429412,"KANSAS/LOWER REPUBLICAN RIVER BASIN","SC257","0.25 MI. N OF LECOMPTON","2001-06-06",915,3.42,2001,6,6,39.04837,-95.38803,10270104,"TKN",10270104,102701,1027,10
"480686",2429511,"KANSAS/LOWER REPUBLICAN RIVER BASIN","SC257","0.25 MI. N OF LECOMPTON","2001-08-08",850,1.292,2001,8,8,39.04837,-95.38803,10270104,"TKN",10270104,102701,1027,10
"480687",2429612,"KANSAS/LOWER REPUBLICAN RIVER BASIN","SC257","0.25 MI. N OF LECOMPTON","2001-10-03",1005,1.062,2001,10,3,39.04837,-95.38803,10270104,"TKN",10270104,102701,1027,10
"480688",2429711,"KANSAS/LOWER REPUBLICAN RIVER BASIN","SC257","0.25 MI. N OF LECOMPTON","2001-12-05",905,3.731,2001,12,5,39.04837,-95.38803,10270104,"TKN",10270104,102701,1027,10
"480689",2429811,"KANSAS/LOWER REPUBLICAN RIVER BASIN","SC257","0.25 MI. N OF LECOMPTON","2002-01-09",845,1.1,2002,1,9,39.04837,-95.38803,10270104,"TKN",10270104,102701,1027,10
"480690",2429912,"KANSAS/LOWER REPUBLICAN RIVER BASIN","SC257","0.25 MI. N OF LECOMPTON","2002-03-06",945,1.099,2002,3,6,39.04837,-95.38803,10270104,"TKN",10270104,102701,1027,10
"480691",2430011,"KANSAS/LOWER REPUBLICAN RIVER BASIN","SC257","0.25 MI. N OF LECOMPTON","2002-05-08",935,3.687,2002,5,8,39.04837,-95.38803,10270104,"TKN",10270104,102701,1027,10
"480692",2430114,"KANSAS/LOWER REPUBLICAN RIVER BASIN","SC257","","2002-07-10",920,1.715,2002,7,10,39.04837,-95.38803,10270104,"TKN",10270104,102701,1027,10
"480693",2430213,"KANSAS/LOWER REPUBLICAN RIVER BASIN","SC257","","2002-09-04",854,1.917,2002,9,4,39.04837,-95.38803,10270104,"TKN",10270104,102701,1027,10
"480694",2430312,"KANSAS/LOWER REPUBLICAN RIVER BASIN","SC257","","2002-11-13",900,0.636,2002,11,13,39.04837,-95.38803,10270104,"TKN",10270104,102701,1027,10
"480695",2430411,"KANSAS/LOWER REPUBLICAN RIVER BASIN","SC257","","2003-02-06",817,1.006,2003,2,6,39.04837,-95.38803,10270104,"TKN",10270104,102701,1027,10
"480696",2430512,"KANSAS/LOWER REPUBLICAN RIVER BASIN","SC257","","2003-04-03",819,1.835,2003,4,3,39.04837,-95.38803,10270104,"TKN",10270104,102701,1027,10
"480697",2430611,"KANSAS/LOWER REPUBLICAN RIVER BASIN","SC257","","2003-06-05",800,2.073,2003,6,5,39.04837,-95.38803,10270104,"TKN",10270104,102701,1027,10
"480698",2430711,"KANSAS/LOWER REPUBLICAN RIVER BASIN","SC257","","2003-08-07",835,1.209,2003,8,7,39.04837,-95.38803,10270104,"TKN",10270104,102701,1027,10
"480699",2430810,"KANSAS/LOWER REPUBLICAN RIVER BASIN","SC257","","2003-10-09",901,1.659,2003,10,9,39.04837,-95.38803,10270104,"TKN",10270104,102701,1027,10
"480700",2430911,"KANSAS/LOWER REPUBLICAN RIVER BASIN","SC257","","2003-12-30",906,0.622,2003,12,30,39.04837,-95.38803,10270104,"TKN",10270104,102701,1027,10
"480701",2431011,"KANSAS/LOWER REPUBLICAN RIVER BASIN","SC257","","2004-01-08",931,1.179,2004,1,8,39.04837,-95.38803,10270104,"TKN",10270104,102701,1027,10
"480702",2431114,"KANSAS/LOWER REPUBLICAN RIVER BASIN","SC257","","2004-03-02",845,1.743,2004,3,2,39.04837,-95.38803,10270104,"TKN",10270104,102701,1027,10
"480703",2431212,"KANSAS/LOWER REPUBLICAN RIVER BASIN","SC257","","2004-05-06",821,1.403,2004,5,6,39.04837,-95.38803,10270104,"TKN",10270104,102701,1027,10
"480704",2431311,"KANSAS/LOWER REPUBLICAN RIVER BASIN","SC257","","2004-07-08",847,1.672,2004,7,8,39.04837,-95.38803,10270104,"TKN",10270104,102701,1027,10
"480705",2431410,"KANSAS/LOWER REPUBLICAN RIVER BASIN","SC257","","2004-09-09",922,1.375,2004,9,9,39.04837,-95.38803,10270104,"TKN",10270104,102701,1027,10
"480706",2431511,"KANSAS/LOWER REPUBLICAN RIVER BASIN","SC257","","2004-11-04",828,1.042,2004,11,4,39.04837,-95.38803,10270104,"TKN",10270104,102701,1027,10
"480707",2431610,"KANSAS/LOWER REPUBLICAN RIVER BASIN","SC257","","2005-02-03",845,0.687,2005,2,3,39.04837,-95.38803,10270104,"TKN",10270104,102701,1027,10
"480708",2431711,"KANSAS/LOWER REPUBLICAN RIVER BASIN","SC257","","2005-04-07",810,1.521,2005,4,7,39.04837,-95.38803,10270104,"TKN",10270104,102701,1027,10
"480709",2431810,"KANSAS/LOWER REPUBLICAN RIVER BASIN","SC257","","2005-06-02",809,1.127,2005,6,2,39.04837,-95.38803,10270104,"TKN",10270104,102701,1027,10
"480710",2431911,"KANSAS/LOWER REPUBLICAN RIVER BASIN","SC257","","2005-08-04",802,1.182,2005,8,4,39.04837,-95.38803,10270104,"TKN",10270104,102701,1027,10
"480711",2432010,"KANSAS/LOWER REPUBLICAN RIVER BASIN","SC257","","2005-10-06",749,0.904,2005,10,6,39.04837,-95.38803,10270104,"TKN",10270104,102701,1027,10
"480712",2432114,"KANSAS/LOWER REPUBLICAN RIVER BASIN","SC257","","2005-12-08",924,0.446,2005,12,8,39.04837,-95.38803,10270104,"TKN",10270104,102701,1027,10
"480713",2432212,"KANSAS/LOWER REPUBLICAN RIVER BASIN","SC257","","2006-01-05",808,0.317,2006,1,5,39.04837,-95.38803,10270104,"TKN",10270104,102701,1027,10
"480714",2432311,"KANSAS/LOWER REPUBLICAN RIVER BASIN","SC257","","2006-03-09",829,0.798,2006,3,9,39.04837,-95.38803,10270104,"TKN",10270104,102701,1027,10
"480715",2432411,"KANSAS/LOWER REPUBLICAN RIVER BASIN","SC257","","2006-05-04",816,2.195,2006,5,4,39.04837,-95.38803,10270104,"TKN",10270104,102701,1027,10
"480716",2432510,"KANSAS/LOWER REPUBLICAN RIVER BASIN","SC257","","2006-07-06",756,1.359,2006,7,6,39.04837,-95.38803,10270104,"TKN",10270104,102701,1027,10
"480717",2432611,"KANSAS/LOWER REPUBLICAN RIVER BASIN","SC257","","2006-09-07",744,1.431,2006,9,7,39.04837,-95.38803,10270104,"TKN",10270104,102701,1027,10
"480718",2432710,"KANSAS/LOWER REPUBLICAN RIVER BASIN","SC257","","2006-11-02",744,0.773,2006,11,2,39.04837,-95.38803,10270104,"TKN",10270104,102701,1027,10
"480719",2432811,"KANSAS/LOWER REPUBLICAN RIVER BASIN","SC257","","2007-10-04",808,1.174,2007,10,4,39.04837,-95.38803,10270104,"TKN",10270104,102701,1027,10
"480720",2432910,"KANSAS/LOWER REPUBLICAN RIVER BASIN","SC257","","2007-12-18",751,1.456,2007,12,18,39.04837,-95.38803,10270104,"TKN",10270104,102701,1027,10
"480721",2433011,"KANSAS/LOWER REPUBLICAN RIVER BASIN","SC257","","2008-01-09",847,0.753,2008,1,9,39.04837,-95.38803,10270104,"TKN",10270104,102701,1027,10
"480722",2433113,"KANSAS/LOWER REPUBLICAN RIVER BASIN","SC257","","2008-03-05",826,2.714,2008,3,5,39.04837,-95.38803,10270104,"TKN",10270104,102701,1027,10
"480723",2433212,"KANSAS/LOWER REPUBLICAN RIVER BASIN","SC257","","2008-05-07",811,0.871,2008,5,7,39.04837,-95.38803,10270104,"TKN",10270104,102701,1027,10
"480724",2433310,"KANSAS/LOWER REPUBLICAN RIVER BASIN","SC257","","2008-07-09",859,0.854,2008,7,9,39.04837,-95.38803,10270104,"TKN",10270104,102701,1027,10
"480725",2433411,"KANSAS/LOWER REPUBLICAN RIVER BASIN","SC257","","2008-09-03",814,1.118,2008,9,3,39.04837,-95.38803,10270104,"TKN",10270104,102701,1027,10
"480726",2433510,"KANSAS/LOWER REPUBLICAN RIVER BASIN","SC257","","2008-11-13",819,1.075,2008,11,13,39.04837,-95.38803,10270104,"TKN",10270104,102701,1027,10
"480727",2433611,"KANSAS/LOWER REPUBLICAN RIVER BASIN","SC257","","2009-02-04",802,1.072,2009,2,4,39.04837,-95.38803,10270104,"TKN",10270104,102701,1027,10
"480728",2433710,"KANSAS/LOWER REPUBLICAN RIVER BASIN","SC257","","2009-04-06",828,1.066,2009,4,6,39.04837,-95.38803,10270104,"TKN",10270104,102701,1027,10
"480729",2433811,"KANSAS/LOWER REPUBLICAN RIVER BASIN","SC257","","2009-06-03",755,1.745,2009,6,3,39.04837,-95.38803,10270104,"TKN",10270104,102701,1027,10
"480730",2434011,"KANSAS/LOWER REPUBLICAN RIVER BASIN","SC257","","2009-10-07",907,1.125,2009,10,7,39.04837,-95.38803,10270104,"TKN",10270104,102701,1027,10
"480731",2434114,"KANSAS/LOWER REPUBLICAN RIVER BASIN","SC257","","2009-12-29",809,0.684,2009,12,29,39.04837,-95.38803,10270104,"TKN",10270104,102701,1027,10
"480732",2434212,"KANSAS/LOWER REPUBLICAN RIVER BASIN","SC257","","2010-01-13",807,0.693,2010,1,13,39.04837,-95.38803,10270104,"TKN",10270104,102701,1027,10
"480733",2434310,"KANSAS/LOWER REPUBLICAN RIVER BASIN","SC257","","2010-04-28",759,1.312,2010,4,28,39.04837,-95.38803,10270104,"TKN",10270104,102701,1027,10
"480734",2434411,"KANSAS/LOWER REPUBLICAN RIVER BASIN","SC257","","2010-07-26",802,1.101,2010,7,26,39.04837,-95.38803,10270104,"TKN",10270104,102701,1027,10
"480735",2434510,"KANSAS/LOWER REPUBLICAN RIVER BASIN","SC257","","2010-10-12",803,1.073,2010,10,12,39.04837,-95.38803,10270104,"TKN",10270104,102701,1027,10
"480736",2434611,"KANSAS/LOWER REPUBLICAN RIVER BASIN","SC257","","2011-02-28",802,1.007,2011,2,28,39.04837,-95.38803,10270104,"TKN",10270104,102701,1027,10
"480737",2434710,"KANSAS/LOWER REPUBLICAN RIVER BASIN","SC257","","2011-05-24",824,1.265,2011,5,24,39.04837,-95.38803,10270104,"TKN",10270104,102701,1027,10
"480738",2434811,"KANSAS/LOWER REPUBLICAN RIVER BASIN","SC257","","2011-08-09",804,1.487,2011,8,9,39.04837,-95.38803,10270104,"TKN",10270104,102701,1027,10
"480739",2434910,"KANSAS/LOWER REPUBLICAN RIVER BASIN","SC257","","2011-11-29",752,0.486,2011,11,29,39.04837,-95.38803,10270104,"TKN",10270104,102701,1027,10
"480740",2435011,"KANSAS/LOWER REPUBLICAN RIVER BASIN","SC257","","2012-03-05",826,1.204,2012,3,5,39.04837,-95.38803,10270104,"TKN",10270104,102701,1027,10
"480741",2435114,"KANSAS/LOWER REPUBLICAN RIVER BASIN","SC257","","2012-06-18",923,1.499,2012,6,18,39.04837,-95.38803,10270104,"TKN",10270104,102701,1027,10
"480742",2435212,"KANSAS/LOWER REPUBLICAN RIVER BASIN","SC257","","2012-09-24",822,1.438,2012,9,24,39.04837,-95.38803,10270104,"TKN",10270104,102701,1027,10
"480743",2435310,"KANSAS/LOWER REPUBLICAN RIVER BASIN","SC257","","2012-12-17",809,0.407,2012,12,17,39.04837,-95.38803,10270104,"TKN",10270104,102701,1027,10
"480744",2435411,"KANSAS/LOWER REPUBLICAN RIVER BASIN","SC257","","2013-01-28",810,0.822,2013,1,28,39.04837,-95.38803,10270104,"TKN",10270104,102701,1027,10
"480745",2435511,"KANSAS/LOWER REPUBLICAN RIVER BASIN","SC257","","2013-04-29",909,1.428,2013,4,29,39.04837,-95.38803,10270104,"TKN",10270104,102701,1027,10
"480746",2435611,"KANSAS/LOWER REPUBLICAN RIVER BASIN","SC257","","2013-07-08",831,1.901,2013,7,8,39.04837,-95.38803,10270104,"TKN",10270104,102701,1027,10
"480747",2435710,"KANSAS/LOWER REPUBLICAN RIVER BASIN","SC257","","2013-10-22",912,1.161,2013,10,22,39.04837,-95.38803,10270104,"TKN",10270104,102701,1027,10
"480748",2435810,"KANSAS/LOWER REPUBLICAN RIVER BASIN","SC257","","2014-02-03",828,0.48,2014,2,3,39.04837,-95.38803,10270104,"TKN",10270104,102701,1027,10
"480749",2435911,"KANSAS/LOWER REPUBLICAN RIVER BASIN","SC257","","2014-05-05",745,1.4,2014,5,5,39.04837,-95.38803,10270104,"TKN",10270104,102701,1027,10
"480750",2436011,"KANSAS/LOWER REPUBLICAN RIVER BASIN","SC257","","2014-08-04",808,0.87,2014,8,4,39.04837,-95.38803,10270104,"TKN",10270104,102701,1027,10
"480751",2436114,"KANSAS/LOWER REPUBLICAN RIVER BASIN","SC257","","2014-11-12",812,0.75,2014,11,12,39.04837,-95.38803,10270104,"TKN",10270104,102701,1027,10
"480752",2436212,"KANSAS/LOWER REPUBLICAN RIVER BASIN","SC257","","2015-03-02",802,0.89,2015,3,2,39.04837,-95.38803,10270104,"TKN",10270104,102701,1027,10
"480753",2436310,"KANSAS/LOWER REPUBLICAN RIVER BASIN","SC257","","2015-06-01",756,1.8,2015,6,1,39.04837,-95.38803,10270104,"TKN",10270104,102701,1027,10
"480754",2436411,"KANSAS/LOWER REPUBLICAN RIVER BASIN","SC257","","2015-09-01",755,1.3,2015,9,1,39.04837,-95.38803,10270104,"TKN",10270104,102701,1027,10
"480755",2436511,"KANSAS/LOWER REPUBLICAN RIVER BASIN","SC257","","2015-12-01",821,0.97,2015,12,1,39.04837,-95.38803,10270104,"TKN",10270104,102701,1027,10
"480756",2436610,"KANSAS/LOWER REPUBLICAN RIVER BASIN","SC257","","2016-01-04",905,0.89,2016,1,4,39.04837,-95.38803,10270104,"TKN",10270104,102701,1027,10
"480757",2436711,"KANSAS/LOWER REPUBLICAN RIVER BASIN","SC257","","2016-04-04",902,1,2016,4,4,39.04837,-95.38803,10270104,"TKN",10270104,102701,1027,10
"480758",2436810,"KANSAS/LOWER REPUBLICAN RIVER BASIN","SC257","","2016-07-11",840,0.93,2016,7,11,39.04837,-95.38803,10270104,"TKN",10270104,102701,1027,10
"480759",2436911,"KANSAS/LOWER REPUBLICAN RIVER BASIN","SC257","","2016-10-03",829,0.87,2016,10,3,39.04837,-95.38803,10270104,"TKN",10270104,102701,1027,10
"480760",2437011,"KANSAS/LOWER REPUBLICAN RIVER BASIN","SC257","","2017-02-06",820,0.9,2017,2,6,39.04837,-95.38803,10270104,"TKN",10270104,102701,1027,10
"480761",2437114,"KANSAS/LOWER REPUBLICAN RIVER BASIN","SC257","","2017-05-01",759,1.1,2017,5,1,39.04837,-95.38803,10270104,"TKN",10270104,102701,1027,10
"480762",2437212,"KANSAS/LOWER REPUBLICAN RIVER BASIN","SC257","","2017-08-07",832,1.4,2017,8,7,39.04837,-95.38803,10270104,"TKN",10270104,102701,1027,10
"480763",2437310,"KANSAS/LOWER REPUBLICAN RIVER BASIN","SC257","","2017-11-06",829,0.65,2017,11,6,39.04837,-95.38803,10270104,"TKN",10270104,102701,1027,10
"480764",2437410,"KANSAS/LOWER REPUBLICAN RIVER BASIN","SC257","","2018-03-05",822,0.45,2018,3,5,39.04837,-95.38803,10270104,"TKN",10270104,102701,1027,10
"480765",2437511,"KANSAS/LOWER REPUBLICAN RIVER BASIN","SC257","","2018-06-18",846,1.3,2018,6,18,39.04837,-95.38803,10270104,"TKN",10270104,102701,1027,10
"480766",2437611,"KANSAS/LOWER REPUBLICAN RIVER BASIN","SC257","","2018-09-24",834,0.82,2018,9,24,39.04837,-95.38803,10270104,"TKN",10270104,102701,1027,10
"480767",2437710,"KANSAS/LOWER REPUBLICAN RIVER BASIN","SC257","","2018-12-10",843,1.3,2018,12,10,39.04837,-95.38803,10270104,"TKN",10270104,102701,1027,10
"480768",2437811,"KANSAS/LOWER REPUBLICAN RIVER BASIN","SC257","","2019-01-28",830,1.2,2019,1,28,39.04837,-95.38803,10270104,"TKN",10270104,102701,1027,10
"480769",2437910,"KANSAS/LOWER REPUBLICAN RIVER BASIN","SC257","","2019-04-01",658,0.58,2019,4,1,39.04837,-95.38803,10270104,"TKN",10270104,102701,1027,10
"480770",2438011,"KANSAS/LOWER REPUBLICAN RIVER BASIN","SC257","","2019-07-08",752,0.54,2019,7,8,39.04837,-95.38803,10270104,"TKN",10270104,102701,1027,10
"480771",2438114,"KANSAS/LOWER REPUBLICAN RIVER BASIN","SC257","","2019-10-21",730,0.74,2019,10,21,39.04837,-95.38803,10270104,"TKN",10270104,102701,1027,10
"480772",2438211,"KANSAS/LOWER REPUBLICAN RIVER BASIN","SC257","","2020-02-03",811,0.81,2020,2,3,39.04837,-95.38803,10270104,"TKN",10270104,102701,1027,10
"480773",243839,"KANSAS/LOWER REPUBLICAN RIVER BASIN","SC257","","2020-08-03",805,2.7,2020,8,3,39.04837,-95.38803,10270104,"TKN",10270104,102701,1027,10
"480774",2438410,"KANSAS/LOWER REPUBLICAN RIVER BASIN","SC257","","2020-11-30",602,0.52,2020,11,30,39.04837,-95.38803,10270104,"TKN",10270104,102701,1027,10
"480775",2438510,"KANSAS/LOWER REPUBLICAN RIVER BASIN","SC257","","2021-03-01",621,0.82,2021,3,1,39.04837,-95.38803,10270104,"TKN",10270104,102701,1027,10
"480776",2438610,"KANSAS/LOWER REPUBLICAN RIVER BASIN","SC257","","2021-06-22",622,1.1,2021,6,22,39.04837,-95.38803,10270104,"TKN",10270104,102701,1027,10
"480777",2438710,"KANSAS/LOWER REPUBLICAN RIVER BASIN","SC257","","2021-09-07",634,1.7,2021,9,7,39.04837,-95.38803,10270104,"TKN",10270104,102701,1027,10
"480778",243889,"KANSAS/LOWER REPUBLICAN RIVER BASIN","SC257","","2021-12-06",631,1,2021,12,6,39.04837,-95.38803,10270104,"TKN",10270104,102701,1027,10
"480779",2438910,"KANSAS/LOWER REPUBLICAN RIVER BASIN","SC257","","2022-01-24",551,0.79,2022,1,24,39.04837,-95.38803,10270104,"TKN",10270104,102701,1027,10
"480780",2439010,"KANSAS/LOWER REPUBLICAN RIVER BASIN","SC257","","2022-04-26",545,0.84,2022,4,26,39.04837,-95.38803,10270104,"TKN",10270104,102701,1027,10
"480781",2439113,"KANSAS/LOWER REPUBLICAN RIVER BASIN","SC257","","2022-07-05",552,2.9,2022,7,5,39.04837,-95.38803,10270104,"TKN",10270104,102701,1027,10
"480782",2439211,"KANSAS/LOWER REPUBLICAN RIVER BASIN","SC257","","2022-10-18",537,1.1,2022,10,18,39.04837,-95.38803,10270104,"TKN",10270104,102701,1027,10
"480783",2439310,"KANSAS/LOWER REPUBLICAN RIVER BASIN","SC257","","2023-02-07",655,0.55,2023,2,7,39.04837,-95.38803,10270104,"TKN",10270104,102701,1027,10
"480784",243949,"KANSAS/LOWER REPUBLICAN RIVER BASIN","SC257","","2023-05-02",410,0.31,2023,5,2,39.04837,-95.38803,10270104,"TKN",10270104,102701,1027,10
"480785",2439510,"KANSAS/LOWER REPUBLICAN RIVER BASIN","SC257","","2023-08-08",428,0.38,2023,8,8,39.04837,-95.38803,10270104,"TKN",10270104,102701,1027,10
"480786",2439610,"KANSAS/LOWER REPUBLICAN RIVER BASIN","SC257","","2023-11-28",540,0.33,2023,11,28,39.04837,-95.38803,10270104,"TKN",10270104,102701,1027,10
"480787",2439710,"KANSAS/LOWER REPUBLICAN RIVER BASIN","SC257","","2024-03-05",606,0.27,2024,3,5,39.04837,-95.38803,10270104,"TKN",10270104,102701,1027,10
"480788",2439810,"KANSAS/LOWER REPUBLICAN RIVER BASIN","SC257","","2024-06-17",636,0.44,2024,6,17,39.04837,-95.38803,10270104,"TKN",10270104,102701,1027,10
"480789",2439910,"KANSAS/LOWER REPUBLICAN RIVER BASIN","SC257","","2024-09-10",542,1.2,2024,9,10,39.04837,-95.38803,10270104,"TKN",10270104,102701,1027,10
"480790",244009,"KANSAS/LOWER REPUBLICAN RIVER BASIN","SC257","","2024-12-03",648,0.52,2024,12,3,39.04837,-95.38803,10270104,"TKN",10270104,102701,1027,10
"480791",2466011,"KANSAS/LOWER REPUBLICAN RIVER BASIN","SC258","","2013-04-29",815,1.375,2013,4,29,39.067238,-95.65115,10270102,"TKN",10270102,102701,1027,10
"480792",2466114,"KANSAS/LOWER REPUBLICAN RIVER BASIN","SC258","","2013-07-08",741,1.606,2013,7,8,39.067238,-95.65115,10270102,"TKN",10270102,102701,1027,10
"480793",2466212,"KANSAS/LOWER REPUBLICAN RIVER BASIN","SC258","","2013-10-22",834,1.059,2013,10,22,39.067238,-95.65115,10270102,"TKN",10270102,102701,1027,10
"480794",2466311,"KANSAS/LOWER REPUBLICAN RIVER BASIN","SC258","","2017-02-06",745,0.89,2017,2,6,39.067238,-95.65115,10270102,"TKN",10270102,102701,1027,10
"480795",2466411,"KANSAS/LOWER REPUBLICAN RIVER BASIN","SC258","","2017-05-01",715,0.98,2017,5,1,39.067238,-95.65115,10270102,"TKN",10270102,102701,1027,10
"480796",2466511,"KANSAS/LOWER REPUBLICAN RIVER BASIN","SC258","","2017-08-07",751,1.3,2017,8,7,39.067238,-95.65115,10270102,"TKN",10270102,102701,1027,10
"480797",2466610,"KANSAS/LOWER REPUBLICAN RIVER BASIN","SC258","","2017-11-06",749,0.63,2017,11,6,39.067238,-95.65115,10270102,"TKN",10270102,102701,1027,10
"480798",2466710,"KANSAS/LOWER REPUBLICAN RIVER BASIN","SC258","","2021-03-01",551,0.69,2021,3,1,39.067238,-95.65115,10270102,"TKN",10270102,102701,1027,10
"480799",246689,"KANSAS/LOWER REPUBLICAN RIVER BASIN","SC258","","2021-06-22",542,1.2,2021,6,22,39.067238,-95.65115,10270102,"TKN",10270102,102701,1027,10
"480800",2466910,"KANSAS/LOWER REPUBLICAN RIVER BASIN","SC258","","2021-09-07",603,1.7,2021,9,7,39.067238,-95.65115,10270102,"TKN",10270102,102701,1027,10
"480801",2467010,"KANSAS/LOWER REPUBLICAN RIVER BASIN","SC258","","2021-12-06",551,0.97,2021,12,6,39.067238,-95.65115,10270102,"TKN",10270102,102701,1027,10
"480802",2488511,"KANSAS/LOWER REPUBLICAN RIVER BASIN","SC259","0.25 MI. NORTH OF WILLARD","2000-01-05",830,0.719,2000,1,5,39.098909,-95.946757,10270102,"TKN",10270102,102701,1027,10
"480803",2488612,"KANSAS/LOWER REPUBLICAN RIVER BASIN","SC259","0.25 MI. NORTH OF WILLARD","2000-03-08",820,2.169,2000,3,8,39.098909,-95.946757,10270102,"TKN",10270102,102701,1027,10
"480804",2488711,"KANSAS/LOWER REPUBLICAN RIVER BASIN","SC259","0.25 MI. NORTH OF WILLARD","2000-05-03",800,1.098,2000,5,3,39.098909,-95.946757,10270102,"TKN",10270102,102701,1027,10
"480805",2488812,"KANSAS/LOWER REPUBLICAN RIVER BASIN","SC259","0.25 MI. NORTH OF WILLARD","2000-07-05",805,5.01,2000,7,5,39.098909,-95.946757,10270102,"TKN",10270102,102701,1027,10
"480806",2488911,"KANSAS/LOWER REPUBLICAN RIVER BASIN","SC259","0.25 MI. NORTH OF WILLARD","2000-09-06",810,0.177,2000,9,6,39.098909,-95.946757,10270102,"TKN",10270102,102701,1027,10
"480807",2489012,"KANSAS/LOWER REPUBLICAN RIVER BASIN","SC259","0.25 MI. NORTH OF WILLARD","2000-11-01",820,0.99,2000,11,1,39.098909,-95.946757,10270102,"TKN",10270102,102701,1027,10
"480808",2489114,"KANSAS/LOWER REPUBLICAN RIVER BASIN","SC259","0.25 MI. NORTH OF WILLARD","2001-01-31",810,0.25,2001,1,31,39.098909,-95.946757,10270102,"TKN",10270102,102701,1027,10
"480809",2489213,"KANSAS/LOWER REPUBLICAN RIVER BASIN","SC259","0.25 MI. NORTH OF WILLARD","2001-04-04",805,8.267,2001,4,4,39.098909,-95.946757,10270102,"TKN",10270102,102701,1027,10
"480810",2489312,"KANSAS/LOWER REPUBLICAN RIVER BASIN","SC259","0.25 MI. NORTH OF WILLARD","2001-06-06",815,2.264,2001,6,6,39.098909,-95.946757,10270102,"TKN",10270102,102701,1027,10
"480811",2489411,"KANSAS/LOWER REPUBLICAN RIVER BASIN","SC259","0.25 MI. NORTH OF WILLARD","2001-08-08",755,1.161,2001,8,8,39.098909,-95.946757,10270102,"TKN",10270102,102701,1027,10
"480812",2489512,"KANSAS/LOWER REPUBLICAN RIVER BASIN","SC259","0.25 MI. NORTH OF WILLARD","2001-10-03",830,0.92,2001,10,3,39.098909,-95.946757,10270102,"TKN",10270102,102701,1027,10
"480813",2489612,"KANSAS/LOWER REPUBLICAN RIVER BASIN","SC259","0.25 MI. NORTH OF WILLARD","2001-10-03",835,0.831,2001,10,3,39.098909,-95.946757,10270102,"TKN",10270102,102701,1027,10
"480814",2489711,"KANSAS/LOWER REPUBLICAN RIVER BASIN","SC259","0.25 MI. NORTH OF WILLARD","2001-12-05",805,0.844,2001,12,5,39.098909,-95.946757,10270102,"TKN",10270102,102701,1027,10
"480815",2489811,"KANSAS/LOWER REPUBLICAN RIVER BASIN","SC259","0.25 MI. NORTH OF WILLARD","2002-01-09",800,1.113,2002,1,9,39.098909,-95.946757,10270102,"TKN",10270102,102701,1027,10
"480816",2489912,"KANSAS/LOWER REPUBLICAN RIVER BASIN","SC259","0.25 MI. NORTH OF WILLARD","2002-03-06",805,0.67,2002,3,6,39.098909,-95.946757,10270102,"TKN",10270102,102701,1027,10
"480817",2490011,"KANSAS/LOWER REPUBLICAN RIVER BASIN","SC259","0.25 MI. NORTH OF WILLARD","2002-05-08",808,3.453,2002,5,8,39.098909,-95.946757,10270102,"TKN",10270102,102701,1027,10
"480818",2490115,"KANSAS/LOWER REPUBLICAN RIVER BASIN","SC259","","2002-07-10",811,1.55,2002,7,10,39.098909,-95.946757,10270102,"TKN",10270102,102701,1027,10
"480819",2490213,"KANSAS/LOWER REPUBLICAN RIVER BASIN","SC259","","2002-09-04",801,1.454,2002,9,4,39.098909,-95.946757,10270102,"TKN",10270102,102701,1027,10
"480820",2490312,"KANSAS/LOWER REPUBLICAN RIVER BASIN","SC259","","2002-11-13",756,0.649,2002,11,13,39.098909,-95.946757,10270102,"TKN",10270102,102701,1027,10
"480821",2490411,"KANSAS/LOWER REPUBLICAN RIVER BASIN","SC259","","2003-02-05",935,0.784,2003,2,5,39.098909,-95.946757,10270102,"TKN",10270102,102701,1027,10
"480822",2490512,"KANSAS/LOWER REPUBLICAN RIVER BASIN","SC259","","2003-04-02",953,0.948,2003,4,2,39.098909,-95.946757,10270102,"TKN",10270102,102701,1027,10
"480823",2490611,"KANSAS/LOWER REPUBLICAN RIVER BASIN","SC259","","2003-06-04",1316,1.573,2003,6,4,39.098909,-95.946757,10270102,"TKN",10270102,102701,1027,10
"480824",2490711,"KANSAS/LOWER REPUBLICAN RIVER BASIN","SC259","","2003-08-06",944,0.973,2003,8,6,39.098909,-95.946757,10270102,"TKN",10270102,102701,1027,10
"480825",2490810,"KANSAS/LOWER REPUBLICAN RIVER BASIN","SC259","","2003-10-08",1016,1.194,2003,10,8,39.098909,-95.946757,10270102,"TKN",10270102,102701,1027,10
"480826",2490911,"KANSAS/LOWER REPUBLICAN RIVER BASIN","SC259","","2003-12-29",1016,0.463,2003,12,29,39.098909,-95.946757,10270102,"TKN",10270102,102701,1027,10
"480827",2491010,"KANSAS/LOWER REPUBLICAN RIVER BASIN","SC259","","2004-01-07",951,0.455,2004,1,7,39.098909,-95.946757,10270102,"TKN",10270102,102701,1027,10
"480828",2491114,"KANSAS/LOWER REPUBLICAN RIVER BASIN","SC259","","2004-03-02",930,1.134,2004,3,2,39.098909,-95.946757,10270102,"TKN",10270102,102701,1027,10
"480829",2491212,"KANSAS/LOWER REPUBLICAN RIVER BASIN","SC259","","2004-05-05",900,0.829,2004,5,5,39.098909,-95.946757,10270102,"TKN",10270102,102701,1027,10
"480830",2491311,"KANSAS/LOWER REPUBLICAN RIVER BASIN","SC259","","2004-07-07",1037,3.286,2004,7,7,39.098909,-95.946757,10270102,"TKN",10270102,102701,1027,10
"480831",2491410,"KANSAS/LOWER REPUBLICAN RIVER BASIN","SC259","","2004-09-08",943,1.186,2004,9,8,39.098909,-95.946757,10270102,"TKN",10270102,102701,1027,10
"480832",2491511,"KANSAS/LOWER REPUBLICAN RIVER BASIN","SC259","","2004-11-03",1003,0.726,2004,11,3,39.098909,-95.946757,10270102,"TKN",10270102,102701,1027,10
"480833",2491611,"KANSAS/LOWER REPUBLICAN RIVER BASIN","SC259","","2005-02-02",1025,0.437,2005,2,2,39.098909,-95.946757,10270102,"TKN",10270102,102701,1027,10
"480834",2491710,"KANSAS/LOWER REPUBLICAN RIVER BASIN","SC259","","2005-04-06",1031,0.944,2005,4,6,39.098909,-95.946757,10270102,"TKN",10270102,102701,1027,10
"480835",2491811,"KANSAS/LOWER REPUBLICAN RIVER BASIN","SC259","","2005-06-01",1039,0.894,2005,6,1,39.098909,-95.946757,10270102,"TKN",10270102,102701,1027,10
"480836",2491910,"KANSAS/LOWER REPUBLICAN RIVER BASIN","SC259","","2005-08-03",959,0.85,2005,8,3,39.098909,-95.946757,10270102,"TKN",10270102,102701,1027,10
"480837",2492011,"KANSAS/LOWER REPUBLICAN RIVER BASIN","SC259","","2005-10-05",1010,0.852,2005,10,5,39.098909,-95.946757,10270102,"TKN",10270102,102701,1027,10
"480838",2492114,"KANSAS/LOWER REPUBLICAN RIVER BASIN","SC259","","2005-12-07",1108,0.365,2005,12,7,39.098909,-95.946757,10270102,"TKN",10270102,102701,1027,10
"480839",2492212,"KANSAS/LOWER REPUBLICAN RIVER BASIN","SC259","","2006-01-04",915,0.71,2006,1,4,39.098909,-95.946757,10270102,"TKN",10270102,102701,1027,10
"480840",2492311,"KANSAS/LOWER REPUBLICAN RIVER BASIN","SC259","","2006-03-08",931,0.556,2006,3,8,39.098909,-95.946757,10270102,"TKN",10270102,102701,1027,10
"480841",2492411,"KANSAS/LOWER REPUBLICAN RIVER BASIN","SC259","","2006-05-03",909,1.292,2006,5,3,39.098909,-95.946757,10270102,"TKN",10270102,102701,1027,10
"480842",2492510,"KANSAS/LOWER REPUBLICAN RIVER BASIN","SC259","","2006-07-05",831,1.588,2006,7,5,39.098909,-95.946757,10270102,"TKN",10270102,102701,1027,10
"480843",2492611,"KANSAS/LOWER REPUBLICAN RIVER BASIN","SC259","","2006-09-06",837,1.34,2006,9,6,39.098909,-95.946757,10270102,"TKN",10270102,102701,1027,10
"480844",2492710,"KANSAS/LOWER REPUBLICAN RIVER BASIN","SC259","","2006-11-01",925,0.724,2006,11,1,39.098909,-95.946757,10270102,"TKN",10270102,102701,1027,10
"480845",2492811,"KANSAS/LOWER REPUBLICAN RIVER BASIN","SC259","","2007-02-07",931,0.752,2007,2,7,39.098909,-95.946757,10270102,"TKN",10270102,102701,1027,10
"480846",2492910,"KANSAS/LOWER REPUBLICAN RIVER BASIN","SC259","","2007-04-04",849,2.971,2007,4,4,39.098909,-95.946757,10270102,"TKN",10270102,102701,1027,10
"480847",2493011,"KANSAS/LOWER REPUBLICAN RIVER BASIN","SC259","","2007-06-06",901,1.255,2007,6,6,39.098909,-95.946757,10270102,"TKN",10270102,102701,1027,10
"480848",2493114,"KANSAS/LOWER REPUBLICAN RIVER BASIN","SC259","","2007-08-08",917,1.042,2007,8,8,39.098909,-95.946757,10270102,"TKN",10270102,102701,1027,10
"480849",2493212,"KANSAS/LOWER REPUBLICAN RIVER BASIN","SC259","","2007-10-03",918,0.932,2007,10,3,39.098909,-95.946757,10270102,"TKN",10270102,102701,1027,10
"480850",2493310,"KANSAS/LOWER REPUBLICAN RIVER BASIN","SC259","","2007-12-17",1030,1.105,2007,12,17,39.098909,-95.946757,10270102,"TKN",10270102,102701,1027,10
"480851",2493411,"KANSAS/LOWER REPUBLICAN RIVER BASIN","SC259","","2008-01-08",907,0.696,2008,1,8,39.098909,-95.946757,10270102,"TKN",10270102,102701,1027,10
"480852",2493510,"KANSAS/LOWER REPUBLICAN RIVER BASIN","SC259","","2008-03-04",845,2.337,2008,3,4,39.098909,-95.946757,10270102,"TKN",10270102,102701,1027,10
"480853",2493611,"KANSAS/LOWER REPUBLICAN RIVER BASIN","SC259","","2008-05-06",908,1.465,2008,5,6,39.098909,-95.946757,10270102,"TKN",10270102,102701,1027,10
"480854",2493710,"KANSAS/LOWER REPUBLICAN RIVER BASIN","SC259","","2008-07-08",932,0.883,2008,7,8,39.098909,-95.946757,10270102,"TKN",10270102,102701,1027,10
"480855",2493811,"KANSAS/LOWER REPUBLICAN RIVER BASIN","SC259","","2008-09-02",845,1.189,2008,9,2,39.098909,-95.946757,10270102,"TKN",10270102,102701,1027,10
"480856",2493910,"KANSAS/LOWER REPUBLICAN RIVER BASIN","SC259","","2008-11-12",903,1.168,2008,11,12,39.098909,-95.946757,10270102,"TKN",10270102,102701,1027,10
"480857",2494011,"KANSAS/LOWER REPUBLICAN RIVER BASIN","SC259","","2009-02-03",958,1.23,2009,2,3,39.098909,-95.946757,10270102,"TKN",10270102,102701,1027,10
"480858",2494114,"KANSAS/LOWER REPUBLICAN RIVER BASIN","SC259","","2009-04-07",1011,0.732,2009,4,7,39.098909,-95.946757,10270102,"TKN",10270102,102701,1027,10
"480859",2494212,"KANSAS/LOWER REPUBLICAN RIVER BASIN","SC259","","2009-06-02",1019,1.343,2009,6,2,39.098909,-95.946757,10270102,"TKN",10270102,102701,1027,10
"480860",2494411,"KANSAS/LOWER REPUBLICAN RIVER BASIN","SC259","","2009-10-05",1145,1.13,2009,10,5,39.098909,-95.946757,10270102,"TKN",10270102,102701,1027,10
"480861",2494510,"KANSAS/LOWER REPUBLICAN RIVER BASIN","SC259","","2009-12-21",1103,0.758,2009,12,21,39.098909,-95.946757,10270102,"TKN",10270102,102701,1027,10
"480862",2494611,"KANSAS/LOWER REPUBLICAN RIVER BASIN","SC259","","2010-01-12",858,0.598,2010,1,12,39.098909,-95.946757,10270102,"TKN",10270102,102701,1027,10
"480863",2494710,"KANSAS/LOWER REPUBLICAN RIVER BASIN","SC259","","2010-04-27",835,1.414,2010,4,27,39.098909,-95.946757,10270102,"TKN",10270102,102701,1027,10
"480864",2494811,"KANSAS/LOWER REPUBLICAN RIVER BASIN","SC259","","2010-07-27",859,1.236,2010,7,27,39.098909,-95.946757,10270102,"TKN",10270102,102701,1027,10
"480865",2494910,"KANSAS/LOWER REPUBLICAN RIVER BASIN","SC259","","2010-10-13",909,1.071,2010,10,13,39.098909,-95.946757,10270102,"TKN",10270102,102701,1027,10
"480866",2495011,"KANSAS/LOWER REPUBLICAN RIVER BASIN","SC259","","2011-02-07",846,0.627,2011,2,7,39.098909,-95.946757,10270102,"TKN",10270102,102701,1027,10
"480867",2495114,"KANSAS/LOWER REPUBLICAN RIVER BASIN","SC259","","2011-05-23",1147,1.066,2011,5,23,39.098909,-95.946757,10270102,"TKN",10270102,102701,1027,10
"480868",2495212,"KANSAS/LOWER REPUBLICAN RIVER BASIN","SC259","","2011-08-08",946,1.553,2011,8,8,39.098909,-95.946757,10270102,"TKN",10270102,102701,1027,10
"480869",2495310,"KANSAS/LOWER REPUBLICAN RIVER BASIN","SC259","","2011-11-28",854,0.5,2011,11,28,39.098909,-95.946757,10270102,"TKN",10270102,102701,1027,10
"480870",2495410,"KANSAS/LOWER REPUBLICAN RIVER BASIN","SC259","","2012-03-06",927,0.98,2012,3,6,39.098909,-95.946757,10270102,"TKN",10270102,102701,1027,10
"480871",2495511,"KANSAS/LOWER REPUBLICAN RIVER BASIN","SC259","","2012-06-19",911,1.399,2012,6,19,39.098909,-95.946757,10270102,"TKN",10270102,102701,1027,10
"480872",2495610,"KANSAS/LOWER REPUBLICAN RIVER BASIN","SC259","","2012-09-25",915,0.932,2012,9,25,39.098909,-95.946757,10270102,"TKN",10270102,102701,1027,10
"480873",2495711,"KANSAS/LOWER REPUBLICAN RIVER BASIN","SC259","","2012-12-18",942,0.477,2012,12,18,39.098909,-95.946757,10270102,"TKN",10270102,102701,1027,10
"480874",2495810,"KANSAS/LOWER REPUBLICAN RIVER BASIN","SC259","","2013-01-29",1415,0.596,2013,1,29,39.098909,-95.946757,10270102,"TKN",10270102,102701,1027,10
"480875",2495911,"KANSAS/LOWER REPUBLICAN RIVER BASIN","SC259","","2013-04-30",1417,0.908,2013,4,30,39.098909,-95.946757,10270102,"TKN",10270102,102701,1027,10
"480876",2496011,"KANSAS/LOWER REPUBLICAN RIVER BASIN","SC259","","2013-07-09",1519,1.219,2013,7,9,39.098909,-95.946757,10270102,"TKN",10270102,102701,1027,10
"480877",2496114,"KANSAS/LOWER REPUBLICAN RIVER BASIN","SC259","","2013-10-23",1420,1.03,2013,10,23,39.098909,-95.946757,10270102,"TKN",10270102,102701,1027,10
"480878",2496213,"KANSAS/LOWER REPUBLICAN RIVER BASIN","SC259","","2014-02-24",807,0.92,2014,2,24,39.098909,-95.946757,10270102,"TKN",10270102,102701,1027,10
"480879",2496311,"KANSAS/LOWER REPUBLICAN RIVER BASIN","SC259","","2014-05-06",852,1.3,2014,5,6,39.098909,-95.946757,10270102,"TKN",10270102,102701,1027,10
"480880",2496411,"KANSAS/LOWER REPUBLICAN RIVER BASIN","SC259","","2014-08-05",850,0.89,2014,8,5,39.098909,-95.946757,10270102,"TKN",10270102,102701,1027,10
"480881",2496510,"KANSAS/LOWER REPUBLICAN RIVER BASIN","SC259","","2014-11-24",847,0.82,2014,11,24,39.098909,-95.946757,10270102,"TKN",10270102,102701,1027,10
"480882",2496610,"KANSAS/LOWER REPUBLICAN RIVER BASIN","SC259","","2015-03-03",911,0.72,2015,3,3,39.098909,-95.946757,10270102,"TKN",10270102,102701,1027,10
"480883",2496711,"KANSAS/LOWER REPUBLICAN RIVER BASIN","SC259","","2015-06-02",844,1.4,2015,6,2,39.098909,-95.946757,10270102,"TKN",10270102,102701,1027,10
"480884",2496810,"KANSAS/LOWER REPUBLICAN RIVER BASIN","SC259","","2015-09-08",851,1.1,2015,9,8,39.098909,-95.946757,10270102,"TKN",10270102,102701,1027,10
"480885",2496911,"KANSAS/LOWER REPUBLICAN RIVER BASIN","SC259","","2015-12-02",956,1.1,2015,12,2,39.098909,-95.946757,10270102,"TKN",10270102,102701,1027,10
"480886",2497010,"KANSAS/LOWER REPUBLICAN RIVER BASIN","SC259","","2016-01-05",855,0.91,2016,1,5,39.098909,-95.946757,10270102,"TKN",10270102,102701,1027,10
"480887",2497114,"KANSAS/LOWER REPUBLICAN RIVER BASIN","SC259","","2016-04-05",936,0.78,2016,4,5,39.098909,-95.946757,10270102,"TKN",10270102,102701,1027,10
"480888",2497212,"KANSAS/LOWER REPUBLICAN RIVER BASIN","SC259","","2016-07-12",908,0.91,2016,7,12,39.098909,-95.946757,10270102,"TKN",10270102,102701,1027,10
"480889",2497311,"KANSAS/LOWER REPUBLICAN RIVER BASIN","SC259","","2016-10-04",938,0.92,2016,10,4,39.098909,-95.946757,10270102,"TKN",10270102,102701,1027,10
"480890",2497410,"KANSAS/LOWER REPUBLICAN RIVER BASIN","SC259","","2017-02-07",1315,0.78,2017,2,7,39.098909,-95.946757,10270102,"TKN",10270102,102701,1027,10
"480891",2497511,"KANSAS/LOWER REPUBLICAN RIVER BASIN","SC259","","2017-05-02",1407,1.1,2017,5,2,39.098909,-95.946757,10270102,"TKN",10270102,102701,1027,10
"480892",2497611,"KANSAS/LOWER REPUBLICAN RIVER BASIN","SC259","","2017-08-08",1500,0.91,2017,8,8,39.098909,-95.946757,10270102,"TKN",10270102,102701,1027,10
"480893",2497711,"KANSAS/LOWER REPUBLICAN RIVER BASIN","SC259","","2017-11-07",1536,0.73,2017,11,7,39.098909,-95.946757,10270102,"TKN",10270102,102701,1027,10
"480894",2497811,"KANSAS/LOWER REPUBLICAN RIVER BASIN","SC259","","2018-03-06",1408,1.4,2018,3,6,39.098909,-95.946757,10270102,"TKN",10270102,102701,1027,10
"480895",2497910,"KANSAS/LOWER REPUBLICAN RIVER BASIN","SC259","","2018-06-19",1344,1.3,2018,6,19,39.098909,-95.946757,10270102,"TKN",10270102,102701,1027,10
"480896",2498011,"KANSAS/LOWER REPUBLICAN RIVER BASIN","SC259","","2018-09-25",1332,0.99,2018,9,25,39.098909,-95.946757,10270102,"TKN",10270102,102701,1027,10
"480897",2498114,"KANSAS/LOWER REPUBLICAN RIVER BASIN","SC259","","2018-12-11",1325,0.9,2018,12,11,39.098909,-95.946757,10270102,"TKN",10270102,102701,1027,10
"480898",2498212,"KANSAS/LOWER REPUBLICAN RIVER BASIN","SC259","","2019-01-29",1430,1,2019,1,29,39.098909,-95.946757,10270102,"TKN",10270102,102701,1027,10
"480899",2498311,"KANSAS/LOWER REPUBLICAN RIVER BASIN","SC259","","2019-04-02",1450,0.59,2019,4,2,39.098909,-95.946757,10270102,"TKN",10270102,102701,1027,10
"480900",2498411,"KANSAS/LOWER REPUBLICAN RIVER BASIN","SC259","","2019-07-09",1530,0.47,2019,7,9,39.098909,-95.946757,10270102,"TKN",10270102,102701,1027,10
"480901",2498511,"KANSAS/LOWER REPUBLICAN RIVER BASIN","SC259","","2019-10-22",1242,0.43,2019,10,22,39.098909,-95.946757,10270102,"TKN",10270102,102701,1027,10
"480902",249869,"KANSAS/LOWER REPUBLICAN RIVER BASIN","SC259","","2020-02-04",858,0.59,2020,2,4,39.098909,-95.946757,10270102,"TKN",10270102,102701,1027,10
"480903",2498710,"KANSAS/LOWER REPUBLICAN RIVER BASIN","SC259","","2020-08-04",919,0.55,2020,8,4,39.098909,-95.946757,10270102,"TKN",10270102,102701,1027,10
"480904",249889,"KANSAS/LOWER REPUBLICAN RIVER BASIN","SC259","","2020-11-23",1222,0.44,2020,11,23,39.098909,-95.946757,10270102,"TKN",10270102,102701,1027,10
"480905",2498910,"KANSAS/LOWER REPUBLICAN RIVER BASIN","SC259","","2021-03-02",716,0.64,2021,3,2,39.098909,-95.946757,10270102,"TKN",10270102,102701,1027,10
"480906",2499010,"KANSAS/LOWER REPUBLICAN RIVER BASIN","SC259","","2021-06-21",1314,1.2,2021,6,21,39.098909,-95.946757,10270102,"TKN",10270102,102701,1027,10
"480907",2499113,"KANSAS/LOWER REPUBLICAN RIVER BASIN","SC259","","2021-09-08",714,2.2,2021,9,8,39.098909,-95.946757,10270102,"TKN",10270102,102701,1027,10
"480908",2499211,"KANSAS/LOWER REPUBLICAN RIVER BASIN","SC259","","2021-12-07",724,1,2021,12,7,39.098909,-95.946757,10270102,"TKN",10270102,102701,1027,10
"480909",2499310,"KANSAS/LOWER REPUBLICAN RIVER BASIN","SC259","","2022-01-31",659,0.78,2022,1,31,39.098909,-95.946757,10270102,"TKN",10270102,102701,1027,10
"480910",249949,"KANSAS/LOWER REPUBLICAN RIVER BASIN","SC259","","2022-04-18",622,0.67,2022,4,18,39.098909,-95.946757,10270102,"TKN",10270102,102701,1027,10
"480911",2499510,"KANSAS/LOWER REPUBLICAN RIVER BASIN","SC259","","2022-07-25",756,1.3,2022,7,25,39.098909,-95.946757,10270102,"TKN",10270102,102701,1027,10
"480912",2499610,"KANSAS/LOWER REPUBLICAN RIVER BASIN","SC259","","2022-10-24",655,0.47,2022,10,24,39.098909,-95.946757,10270102,"TKN",10270102,102701,1027,10
"480913",249979,"KANSAS/LOWER REPUBLICAN RIVER BASIN","SC259","","2023-02-06",819,0.52,2023,2,6,39.098909,-95.946757,10270102,"TKN",10270102,102701,1027,10
"480914",2499810,"KANSAS/LOWER REPUBLICAN RIVER BASIN","SC259","","2023-05-01",711,0.5,2023,5,1,39.098909,-95.946757,10270102,"TKN",10270102,102701,1027,10
"480915",249999,"KANSAS/LOWER REPUBLICAN RIVER BASIN","SC259","","2023-08-07",749,0.39,2023,8,7,39.098909,-95.946757,10270102,"TKN",10270102,102701,1027,10
"480916",2500010,"KANSAS/LOWER REPUBLICAN RIVER BASIN","SC259","","2023-11-27",757,0.31,2023,11,27,39.098909,-95.946757,10270102,"TKN",10270102,102701,1027,10
"480917",2500113,"KANSAS/LOWER REPUBLICAN RIVER BASIN","SC259","","2024-03-04",720,0.27,2024,3,4,39.098909,-95.946757,10270102,"TKN",10270102,102701,1027,10
"480918",2500211,"KANSAS/LOWER REPUBLICAN RIVER BASIN","SC259","","2024-06-24",854,0.34,2024,6,24,39.098909,-95.946757,10270102,"TKN",10270102,102701,1027,10
"480919",2500310,"KANSAS/LOWER REPUBLICAN RIVER BASIN","SC259","","2024-09-09",638,1.3,2024,9,9,39.098909,-95.946757,10270102,"TKN",10270102,102701,1027,10
"480920",250049,"KANSAS/LOWER REPUBLICAN RIVER BASIN","SC259","","2024-12-02",714,0.67,2024,12,2,39.098909,-95.946757,10270102,"TKN",10270102,102701,1027,10
"480921",2534312,"KANSAS/LOWER REPUBLICAN RIVER BASIN","SC260","STATE HIGHWAY 99 AT WAMEGO","2000-01-18",840,0.978,2000,1,18,39.19685,-96.30513,10270102,"TKN",10270102,102701,1027,10
"480922",2534411,"KANSAS/LOWER REPUBLICAN RIVER BASIN","SC260","STATE HIGHWAY 99 AT WAMEGO","2000-03-20",845,0.711,2000,3,20,39.19685,-96.30513,10270102,"TKN",10270102,102701,1027,10
"480923",2534512,"KANSAS/LOWER REPUBLICAN RIVER BASIN","SC260","STATE HIGHWAY 99 AT WAMEGO","2000-05-15",905,1.392,2000,5,15,39.19685,-96.30513,10270102,"TKN",10270102,102701,1027,10
"480924",2534611,"KANSAS/LOWER REPUBLICAN RIVER BASIN","SC260","STATE HIGHWAY 99 AT WAMEGO","2000-07-17",835,0.68,2000,7,17,39.19685,-96.30513,10270102,"TKN",10270102,102701,1027,10
"480925",2534712,"KANSAS/LOWER REPUBLICAN RIVER BASIN","SC260","STATE HIGHWAY 99 AT WAMEGO","2000-09-18",855,1.13,2000,9,18,39.19685,-96.30513,10270102,"TKN",10270102,102701,1027,10
"480926",2534811,"KANSAS/LOWER REPUBLICAN RIVER BASIN","SC260","STATE HIGHWAY 99 AT WAMEGO","2000-11-13",935,0.99,2000,11,13,39.19685,-96.30513,10270102,"TKN",10270102,102701,1027,10
"480927",2534911,"KANSAS/LOWER REPUBLICAN RIVER BASIN","SC260","STATE HIGHWAY 99 AT WAMEGO","2001-02-12",1010,0.866,2001,2,12,39.19685,-96.30513,10270102,"TKN",10270102,102701,1027,10
"480928",2535012,"KANSAS/LOWER REPUBLICAN RIVER BASIN","SC260","STATE HIGHWAY 99 AT WAMEGO","2001-04-16",920,2.122,2001,4,16,39.19685,-96.30513,10270102,"TKN",10270102,102701,1027,10
"480929",2535116,"KANSAS/LOWER REPUBLICAN RIVER BASIN","SC260","STATE HIGHWAY 99 AT WAMEGO","2001-06-18",930,0.964,2001,6,18,39.19685,-96.30513,10270102,"TKN",10270102,102701,1027,10
"480930",2535213,"KANSAS/LOWER REPUBLICAN RIVER BASIN","SC260","STATE HIGHWAY 99 AT WAMEGO","2001-08-20",820,0.886,2001,8,20,39.19685,-96.30513,10270102,"TKN",10270102,102701,1027,10
"480931",2535312,"KANSAS/LOWER REPUBLICAN RIVER BASIN","SC260","STATE HIGHWAY 99 AT WAMEGO","2001-10-15",855,1.074,2001,10,15,39.19685,-96.30513,10270102,"TKN",10270102,102701,1027,10
"480932",2535412,"KANSAS/LOWER REPUBLICAN RIVER BASIN","SC260","STATE HIGHWAY 99 AT WAMEGO","2001-12-17",855,1.629,2001,12,17,39.19685,-96.30513,10270102,"TKN",10270102,102701,1027,10
"480933",2535512,"KANSAS/LOWER REPUBLICAN RIVER BASIN","SC260","STATE HIGHWAY 99 AT WAMEGO","2002-01-22",840,1.288,2002,1,22,39.19685,-96.30513,10270102,"TKN",10270102,102701,1027,10
"480934",2535611,"KANSAS/LOWER REPUBLICAN RIVER BASIN","SC260","STATE HIGHWAY 99 AT WAMEGO","2002-03-18",840,1.656,2002,3,18,39.19685,-96.30513,10270102,"TKN",10270102,102701,1027,10
"480935",2535712,"KANSAS/LOWER REPUBLICAN RIVER BASIN","SC260","STATE HIGHWAY 99 AT WAMEGO","2002-05-20",900,0.954,2002,5,20,39.19685,-96.30513,10270102,"TKN",10270102,102701,1027,10
"480936",2535811,"KANSAS/LOWER REPUBLICAN RIVER BASIN","SC260","","2002-07-22",829,1.325,2002,7,22,39.19685,-96.30513,10270102,"TKN",10270102,102701,1027,10
"480937",2535912,"KANSAS/LOWER REPUBLICAN RIVER BASIN","SC260","","2002-09-16",855,0.881,2002,9,16,39.19685,-96.30513,10270102,"TKN",10270102,102701,1027,10
"480938",2536012,"KANSAS/LOWER REPUBLICAN RIVER BASIN","SC260","","2002-09-16",900,1.111,2002,9,16,39.19685,-96.30513,10270102,"TKN",10270102,102701,1027,10
"480939",2536115,"KANSAS/LOWER REPUBLICAN RIVER BASIN","SC260","","2002-11-18",858,0.507,2002,11,18,39.19685,-96.30513,10270102,"TKN",10270102,102701,1027,10
"480940",2536213,"KANSAS/LOWER REPUBLICAN RIVER BASIN","SC260","","2003-02-05",1153,0.786,2003,2,5,39.19685,-96.30513,10270102,"TKN",10270102,102701,1027,10
"480941",2536312,"KANSAS/LOWER REPUBLICAN RIVER BASIN","SC260","","2003-04-02",1155,1.222,2003,4,2,39.19685,-96.30513,10270102,"TKN",10270102,102701,1027,10
"480942",2536412,"KANSAS/LOWER REPUBLICAN RIVER BASIN","SC260","","2003-06-04",1121,1.35,2003,6,4,39.19685,-96.30513,10270102,"TKN",10270102,102701,1027,10
"480943",2536510,"KANSAS/LOWER REPUBLICAN RIVER BASIN","SC260","","2003-08-06",1252,0.81,2003,8,6,39.19685,-96.30513,10270102,"TKN",10270102,102701,1027,10
"480944",2536611,"KANSAS/LOWER REPUBLICAN RIVER BASIN","SC260","","2003-10-08",1211,0.771,2003,10,8,39.19685,-96.30513,10270102,"TKN",10270102,102701,1027,10
"480945",2536710,"KANSAS/LOWER REPUBLICAN RIVER BASIN","SC260","","2003-12-29",1148,0.492,2003,12,29,39.19685,-96.30513,10270102,"TKN",10270102,102701,1027,10
"480946",2536811,"KANSAS/LOWER REPUBLICAN RIVER BASIN","SC260","","2004-01-07",1142,0.498,2004,1,7,39.19685,-96.30513,10270102,"TKN",10270102,102701,1027,10
"480947",2536910,"KANSAS/LOWER REPUBLICAN RIVER BASIN","SC260","","2004-03-02",1148,0.873,2004,3,2,39.19685,-96.30513,10270102,"TKN",10270102,102701,1027,10
"480948",2537011,"KANSAS/LOWER REPUBLICAN RIVER BASIN","SC260","","2004-05-05",1207,1.609,2004,5,5,39.19685,-96.30513,10270102,"TKN",10270102,102701,1027,10
"480949",2537115,"KANSAS/LOWER REPUBLICAN RIVER BASIN","SC260","","2004-07-07",1335,1.16,2004,7,7,39.19685,-96.30513,10270102,"TKN",10270102,102701,1027,10
"480950",2537213,"KANSAS/LOWER REPUBLICAN RIVER BASIN","SC260","","2004-09-08",1144,1.233,2004,9,8,39.19685,-96.30513,10270102,"TKN",10270102,102701,1027,10
"480951",2537311,"KANSAS/LOWER REPUBLICAN RIVER BASIN","SC260","","2004-11-03",1237,0.873,2004,11,3,39.19685,-96.30513,10270102,"TKN",10270102,102701,1027,10
"480952",2537411,"KANSAS/LOWER REPUBLICAN RIVER BASIN","SC260","","2005-02-02",1148,0.541,2005,2,2,39.19685,-96.30513,10270102,"TKN",10270102,102701,1027,10
"480953",2537510,"KANSAS/LOWER REPUBLICAN RIVER BASIN","SC260","","2005-04-06",1142,1.34,2005,4,6,39.19685,-96.30513,10270102,"TKN",10270102,102701,1027,10
"480954",2537611,"KANSAS/LOWER REPUBLICAN RIVER BASIN","SC260","","2005-06-01",1226,0.537,2005,6,1,39.19685,-96.30513,10270102,"TKN",10270102,102701,1027,10
"480955",2537710,"KANSAS/LOWER REPUBLICAN RIVER BASIN","SC260","","2005-08-03",1107,1.285,2005,8,3,39.19685,-96.30513,10270102,"TKN",10270102,102701,1027,10
"480956",2537811,"KANSAS/LOWER REPUBLICAN RIVER BASIN","SC260","","2005-10-05",1137,0.628,2005,10,5,39.19685,-96.30513,10270102,"TKN",10270102,102701,1027,10
"480957",2537910,"KANSAS/LOWER REPUBLICAN RIVER BASIN","SC260","","2005-12-07",1208,0.436,2005,12,7,39.19685,-96.30513,10270102,"TKN",10270102,102701,1027,10
"480958",2538010,"KANSAS/LOWER REPUBLICAN RIVER BASIN","SC260","","2006-01-04",1208,0.208,2006,1,4,39.19685,-96.30513,10270102,"TKN",10270102,102701,1027,10
"480959",2538115,"KANSAS/LOWER REPUBLICAN RIVER BASIN","SC260","","2006-03-08",1243,0.496,2006,3,8,39.19685,-96.30513,10270102,"TKN",10270102,102701,1027,10
"480960",2538212,"KANSAS/LOWER REPUBLICAN RIVER BASIN","SC260","","2006-05-03",1212,1.095,2006,5,3,39.19685,-96.30513,10270102,"TKN",10270102,102701,1027,10
"480961",2538311,"KANSAS/LOWER REPUBLICAN RIVER BASIN","SC260","","2006-07-05",1104,0.994,2006,7,5,39.19685,-96.30513,10270102,"TKN",10270102,102701,1027,10
"480962",2538410,"KANSAS/LOWER REPUBLICAN RIVER BASIN","SC260","","2006-09-06",1153,1.243,2006,9,6,39.19685,-96.30513,10270102,"TKN",10270102,102701,1027,10
"480963",2538511,"KANSAS/LOWER REPUBLICAN RIVER BASIN","SC260","","2006-11-01",1215,0.715,2006,11,1,39.19685,-96.30513,10270102,"TKN",10270102,102701,1027,10
"480964",2538610,"KANSAS/LOWER REPUBLICAN RIVER BASIN","SC260","","2007-02-07",1129,1.03,2007,2,7,39.19685,-96.30513,10270102,"TKN",10270102,102701,1027,10
"480965",2538711,"KANSAS/LOWER REPUBLICAN RIVER BASIN","SC260","","2007-04-04",1037,2.077,2007,4,4,39.19685,-96.30513,10270102,"TKN",10270102,102701,1027,10
"480966",2538810,"KANSAS/LOWER REPUBLICAN RIVER BASIN","SC260","","2007-06-06",1044,1.244,2007,6,6,39.19685,-96.30513,10270102,"TKN",10270102,102701,1027,10
"480967",2538911,"KANSAS/LOWER REPUBLICAN RIVER BASIN","SC260","","2007-08-08",1050,1.389,2007,8,8,39.19685,-96.30513,10270102,"TKN",10270102,102701,1027,10
"480968",2539010,"KANSAS/LOWER REPUBLICAN RIVER BASIN","SC260","","2007-10-03",1104,0.959,2007,10,3,39.19685,-96.30513,10270102,"TKN",10270102,102701,1027,10
"480969",2539116,"KANSAS/LOWER REPUBLICAN RIVER BASIN","SC260","","2007-12-17",1211,1.016,2007,12,17,39.19685,-96.30513,10270102,"TKN",10270102,102701,1027,10
"480970",2539212,"KANSAS/LOWER REPUBLICAN RIVER BASIN","SC260","","2008-01-08",1117,0.689,2008,1,8,39.19685,-96.30513,10270102,"TKN",10270102,102701,1027,10
"480971",2539311,"KANSAS/LOWER REPUBLICAN RIVER BASIN","SC260","","2008-03-04",1034,3.693,2008,3,4,39.19685,-96.30513,10270102,"TKN",10270102,102701,1027,10
"480972",2539410,"KANSAS/LOWER REPUBLICAN RIVER BASIN","SC260","","2008-05-06",1119,0.938,2008,5,6,39.19685,-96.30513,10270102,"TKN",10270102,102701,1027,10
"480973",2539511,"KANSAS/LOWER REPUBLICAN RIVER BASIN","SC260","","2008-07-08",1101,1.004,2008,7,8,39.19685,-96.30513,10270102,"TKN",10270102,102701,1027,10
"480974",2539611,"KANSAS/LOWER REPUBLICAN RIVER BASIN","SC260","","2008-07-08",1106,1.048,2008,7,8,39.19685,-96.30513,10270102,"TKN",10270102,102701,1027,10
"480975",2539710,"KANSAS/LOWER REPUBLICAN RIVER BASIN","SC260","","2008-09-02",1135,1.299,2008,9,2,39.19685,-96.30513,10270102,"TKN",10270102,102701,1027,10
"480976",2539811,"KANSAS/LOWER REPUBLICAN RIVER BASIN","SC260","","2008-11-12",1055,1.237,2008,11,12,39.19685,-96.30513,10270102,"TKN",10270102,102701,1027,10
"480977",2539910,"KANSAS/LOWER REPUBLICAN RIVER BASIN","SC260","","2009-02-03",1105,1.061,2009,2,3,39.19685,-96.30513,10270102,"TKN",10270102,102701,1027,10
"480978",2540011,"KANSAS/LOWER REPUBLICAN RIVER BASIN","SC260","","2009-04-07",1140,0.789,2009,4,7,39.19685,-96.30513,10270102,"TKN",10270102,102701,1027,10
"480979",2540114,"KANSAS/LOWER REPUBLICAN RIVER BASIN","SC260","","2009-06-02",1127,0.99,2009,6,2,39.19685,-96.30513,10270102,"TKN",10270102,102701,1027,10
"480980",2540212,"KANSAS/LOWER REPUBLICAN RIVER BASIN","SC260","","2009-08-24",928,1.214,2009,8,24,39.19685,-96.30513,10270102,"TKN",10270102,102701,1027,10
"480981",2540411,"KANSAS/LOWER REPUBLICAN RIVER BASIN","SC260","","2009-12-21",1228,0.725,2009,12,21,39.19685,-96.30513,10270102,"TKN",10270102,102701,1027,10
"480982",2540511,"KANSAS/LOWER REPUBLICAN RIVER BASIN","SC260","","2009-12-21",1233,0.799,2009,12,21,39.19685,-96.30513,10270102,"TKN",10270102,102701,1027,10
"480983",2540610,"KANSAS/LOWER REPUBLICAN RIVER BASIN","SC260","","2010-01-12",1239,0.695,2010,1,12,39.19685,-96.30513,10270102,"TKN",10270102,102701,1027,10
"480984",2540711,"KANSAS/LOWER REPUBLICAN RIVER BASIN","SC260","","2010-04-27",1132,1.497,2010,4,27,39.19685,-96.30513,10270102,"TKN",10270102,102701,1027,10
"480985",2540810,"KANSAS/LOWER REPUBLICAN RIVER BASIN","SC260","","2010-07-27",1117,0.642,2010,7,27,39.19685,-96.30513,10270102,"TKN",10270102,102701,1027,10
"480986",2540911,"KANSAS/LOWER REPUBLICAN RIVER BASIN","SC260","","2010-10-13",1220,0.916,2010,10,13,39.19685,-96.30513,10270102,"TKN",10270102,102701,1027,10
"480987",2541010,"KANSAS/LOWER REPUBLICAN RIVER BASIN","SC260","","2011-02-07",1106,0.662,2011,2,7,39.19685,-96.30513,10270102,"TKN",10270102,102701,1027,10
"480988",2541116,"KANSAS/LOWER REPUBLICAN RIVER BASIN","SC260","","2011-05-23",1510,1.221,2011,5,23,39.19685,-96.30513,10270102,"TKN",10270102,102701,1027,10
"480989",2541212,"KANSAS/LOWER REPUBLICAN RIVER BASIN","SC260","","2011-08-08",1246,1.566,2011,8,8,39.19685,-96.30513,10270102,"TKN",10270102,102701,1027,10
"480990",2541311,"KANSAS/LOWER REPUBLICAN RIVER BASIN","SC260","","2011-11-28",1105,0.563,2011,11,28,39.19685,-96.30513,10270102,"TKN",10270102,102701,1027,10
"480991",2541410,"KANSAS/LOWER REPUBLICAN RIVER BASIN","SC260","","2012-03-06",1108,0.968,2012,3,6,39.19685,-96.30513,10270102,"TKN",10270102,102701,1027,10
"480992",2541511,"KANSAS/LOWER REPUBLICAN RIVER BASIN","SC260","","2012-06-19",1050,0.694,2012,6,19,39.19685,-96.30513,10270102,"TKN",10270102,102701,1027,10
"480993",2541610,"KANSAS/LOWER REPUBLICAN RIVER BASIN","SC260","","2012-09-25",1059,0.79,2012,9,25,39.19685,-96.30513,10270102,"TKN",10270102,102701,1027,10
"480994",2541711,"KANSAS/LOWER REPUBLICAN RIVER BASIN","SC260","","2012-12-18",1206,0.474,2012,12,18,39.19685,-96.30513,10270102,"TKN",10270102,102701,1027,10
"480995",2541811,"KANSAS/LOWER REPUBLICAN RIVER BASIN","SC260","","2013-01-29",1041,0.602,2013,1,29,39.19685,-96.30513,10270102,"TKN",10270102,102701,1027,10
"480996",2541910,"KANSAS/LOWER REPUBLICAN RIVER BASIN","SC260","","2013-04-30",1026,1.197,2013,4,30,39.19685,-96.30513,10270102,"TKN",10270102,102701,1027,10
"480997",2542011,"KANSAS/LOWER REPUBLICAN RIVER BASIN","SC260","","2013-07-09",1116,0.799,2013,7,9,39.19685,-96.30513,10270102,"TKN",10270102,102701,1027,10
"480998",2542115,"KANSAS/LOWER REPUBLICAN RIVER BASIN","SC260","","2013-10-23",1023,0.786,2013,10,23,39.19685,-96.30513,10270102,"TKN",10270102,102701,1027,10
"480999",2542213,"KANSAS/LOWER REPUBLICAN RIVER BASIN","SC260","","2014-02-24",1116,0.57,2014,2,24,39.19685,-96.30513,10270102,"TKN",10270102,102701,1027,10
"481000",2542311,"KANSAS/LOWER REPUBLICAN RIVER BASIN","SC260","","2014-05-06",1149,1.6,2014,5,6,39.19685,-96.30513,10270102,"TKN",10270102,102701,1027,10
"481001",2542411,"KANSAS/LOWER REPUBLICAN RIVER BASIN","SC260","","2014-05-06",1154,1.6,2014,5,6,39.19685,-96.30513,10270102,"TKN",10270102,102701,1027,10
"481002",2542510,"KANSAS/LOWER REPUBLICAN RIVER BASIN","SC260","","2014-08-05",1154,0.56,2014,8,5,39.19685,-96.30513,10270102,"TKN",10270102,102701,1027,10
"481003",2542610,"KANSAS/LOWER REPUBLICAN RIVER BASIN","SC260","","2014-11-24",1203,0.7,2014,11,24,39.19685,-96.30513,10270102,"TKN",10270102,102701,1027,10
"481004",2542711,"KANSAS/LOWER REPUBLICAN RIVER BASIN","SC260","","2015-03-03",1112,0.7,2015,3,3,39.19685,-96.30513,10270102,"TKN",10270102,102701,1027,10
"481005",2542811,"KANSAS/LOWER REPUBLICAN RIVER BASIN","SC260","","2015-06-02",1110,1.4,2015,6,2,39.19685,-96.30513,10270102,"TKN",10270102,102701,1027,10
"481006",2542911,"KANSAS/LOWER REPUBLICAN RIVER BASIN","SC260","","2015-09-08",1038,0.83,2015,9,8,39.19685,-96.30513,10270102,"TKN",10270102,102701,1027,10
"481007",2543010,"KANSAS/LOWER REPUBLICAN RIVER BASIN","SC260","","2015-12-02",1128,2,2015,12,2,39.19685,-96.30513,10270102,"TKN",10270102,102701,1027,10
"481008",2543115,"KANSAS/LOWER REPUBLICAN RIVER BASIN","SC260","","2016-01-05",1101,1,2016,1,5,39.19685,-96.30513,10270102,"TKN",10270102,102701,1027,10
"481009",2543213,"KANSAS/LOWER REPUBLICAN RIVER BASIN","SC260","","2016-04-05",1142,0.78,2016,4,5,39.19685,-96.30513,10270102,"TKN",10270102,102701,1027,10
"481010",2543311,"KANSAS/LOWER REPUBLICAN RIVER BASIN","SC260","","2016-04-05",1147,0.79,2016,4,5,39.19685,-96.30513,10270102,"TKN",10270102,102701,1027,10
"481011",2543411,"KANSAS/LOWER REPUBLICAN RIVER BASIN","SC260","","2016-07-12",1059,0.98,2016,7,12,39.19685,-96.30513,10270102,"TKN",10270102,102701,1027,10
"481012",2543511,"KANSAS/LOWER REPUBLICAN RIVER BASIN","SC260","","2016-10-04",1128,0.86,2016,10,4,39.19685,-96.30513,10270102,"TKN",10270102,102701,1027,10
"481013",2543611,"KANSAS/LOWER REPUBLICAN RIVER BASIN","SC260","","2017-02-07",1004,0.97,2017,2,7,39.19685,-96.30513,10270102,"TKN",10270102,102701,1027,10
"481014",2543710,"KANSAS/LOWER REPUBLICAN RIVER BASIN","SC260","","2017-05-02",1007,1.6,2017,5,2,39.19685,-96.30513,10270102,"TKN",10270102,102701,1027,10
"481015",2543811,"KANSAS/LOWER REPUBLICAN RIVER BASIN","SC260","","2017-08-08",1109,1.2,2017,8,8,39.19685,-96.30513,10270102,"TKN",10270102,102701,1027,10
"481016",2543911,"KANSAS/LOWER REPUBLICAN RIVER BASIN","SC260","","2017-11-07",1201,0.77,2017,11,7,39.19685,-96.30513,10270102,"TKN",10270102,102701,1027,10
"481017",2544011,"KANSAS/LOWER REPUBLICAN RIVER BASIN","SC260","","2017-11-07",1206,0.85,2017,11,7,39.19685,-96.30513,10270102,"TKN",10270102,102701,1027,10
"481018",2544115,"KANSAS/LOWER REPUBLICAN RIVER BASIN","SC260","","2018-03-06",1142,1.3,2018,3,6,39.19685,-96.30513,10270102,"TKN",10270102,102701,1027,10
"481019",2544213,"KANSAS/LOWER REPUBLICAN RIVER BASIN","SC260","","2018-06-19",1115,1.3,2018,6,19,39.19685,-96.30513,10270102,"TKN",10270102,102701,1027,10
"481020",2544311,"KANSAS/LOWER REPUBLICAN RIVER BASIN","SC260","","2018-09-25",1118,0.97,2018,9,25,39.19685,-96.30513,10270102,"TKN",10270102,102701,1027,10
"481021",2544410,"KANSAS/LOWER REPUBLICAN RIVER BASIN","SC260","","2018-12-11",1057,0.84,2018,12,11,39.19685,-96.30513,10270102,"TKN",10270102,102701,1027,10
"481022",2544511,"KANSAS/LOWER REPUBLICAN RIVER BASIN","SC260","","2019-01-29",1053,1.1,2019,1,29,39.19685,-96.30513,10270102,"TKN",10270102,102701,1027,10
"481023",2544611,"KANSAS/LOWER REPUBLICAN RIVER BASIN","SC260","","2019-04-02",938,0.61,2019,4,2,39.19685,-96.30513,10270102,"TKN",10270102,102701,1027,10
"481024",2544711,"KANSAS/LOWER REPUBLICAN RIVER BASIN","SC260","","2019-04-02",943,0.66,2019,4,2,39.19685,-96.30513,10270102,"TKN",10270102,102701,1027,10
"481025",2544811,"KANSAS/LOWER REPUBLICAN RIVER BASIN","SC260","","2019-07-09",1131,0.5,2019,7,9,39.19685,-96.30513,10270102,"TKN",10270102,102701,1027,10
"481026",2544910,"KANSAS/LOWER REPUBLICAN RIVER BASIN","SC260","","2019-10-22",1004,0.45,2019,10,22,39.19685,-96.30513,10270102,"TKN",10270102,102701,1027,10
"481027",254509,"KANSAS/LOWER REPUBLICAN RIVER BASIN","SC260","","2020-02-04",1029,0.85,2020,2,4,39.19685,-96.30513,10270102,"TKN",10270102,102701,1027,10
"481028",2545115,"KANSAS/LOWER REPUBLICAN RIVER BASIN","SC260","","2020-08-04",1025,0.81,2020,8,4,39.19685,-96.30513,10270102,"TKN",10270102,102701,1027,10
"481029",2545212,"KANSAS/LOWER REPUBLICAN RIVER BASIN","SC260","","2020-11-23",659,0.35,2020,11,23,39.19685,-96.30513,10270102,"TKN",10270102,102701,1027,10
"481030",2545311,"KANSAS/LOWER REPUBLICAN RIVER BASIN","SC260","","2021-03-02",844,0.53,2021,3,2,39.19685,-96.30513,10270102,"TKN",10270102,102701,1027,10
"481031",2545410,"KANSAS/LOWER REPUBLICAN RIVER BASIN","SC260","","2021-06-21",948,1.3,2021,6,21,39.19685,-96.30513,10270102,"TKN",10270102,102701,1027,10
"481032",254559,"KANSAS/LOWER REPUBLICAN RIVER BASIN","SC260","","2021-09-08",846,2.3,2021,9,8,39.19685,-96.30513,10270102,"TKN",10270102,102701,1027,10
"481033",2545610,"KANSAS/LOWER REPUBLICAN RIVER BASIN","SC260","","2021-12-07",854,1.4,2021,12,7,39.19685,-96.30513,10270102,"TKN",10270102,102701,1027,10
"481034",2545710,"KANSAS/LOWER REPUBLICAN RIVER BASIN","SC260","","2022-01-31",919,0.88,2022,1,31,39.19685,-96.30513,10270102,"TKN",10270102,102701,1027,10
"481035",2545810,"KANSAS/LOWER REPUBLICAN RIVER BASIN","SC260","","2022-07-25",1305,0.39,2022,7,25,39.19685,-96.30513,10270102,"TKN",10270102,102701,1027,10
"481036",2545910,"KANSAS/LOWER REPUBLICAN RIVER BASIN","SC260","","2022-10-24",1007,0.46,2022,10,24,39.19685,-96.30513,10270102,"TKN",10270102,102701,1027,10
"481037",2546010,"KANSAS/LOWER REPUBLICAN RIVER BASIN","SC260","","2023-02-06",1113,0.5,2023,2,6,39.19685,-96.30513,10270102,"TKN",10270102,102701,1027,10
"481038",2546115,"KANSAS/LOWER REPUBLICAN RIVER BASIN","SC260","","2023-05-01",855,0.43,2023,5,1,39.19685,-96.30513,10270102,"TKN",10270102,102701,1027,10
"481039",2546212,"KANSAS/LOWER REPUBLICAN RIVER BASIN","SC260","","2023-05-01",900,0.5,2023,5,1,39.19685,-96.30513,10270102,"TKN",10270102,102701,1027,10
"481040",2546310,"KANSAS/LOWER REPUBLICAN RIVER BASIN","SC260","","2023-08-07",946,0.33,2023,8,7,39.19685,-96.30513,10270102,"TKN",10270102,102701,1027,10
"481041",254649,"KANSAS/LOWER REPUBLICAN RIVER BASIN","SC260","","2023-11-27",956,0.36,2023,11,27,39.19685,-96.30513,10270102,"TKN",10270102,102701,1027,10
"481042",2546510,"KANSAS/LOWER REPUBLICAN RIVER BASIN","SC260","","2024-03-04",906,0.36,2024,3,4,39.19685,-96.30513,10270102,"TKN",10270102,102701,1027,10
"481043",2546610,"KANSAS/LOWER REPUBLICAN RIVER BASIN","SC260","","2024-06-24",1204,0.31,2024,6,24,39.19685,-96.30513,10270102,"TKN",10270102,102701,1027,10
"481044",2546710,"KANSAS/LOWER REPUBLICAN RIVER BASIN","SC260","","2024-06-24",1209,0.36,2024,6,24,39.19685,-96.30513,10270102,"TKN",10270102,102701,1027,10
"481045",2546810,"KANSAS/LOWER REPUBLICAN RIVER BASIN","SC260","","2024-09-09",855,1,2024,9,9,39.19685,-96.30513,10270102,"TKN",10270102,102701,1027,10
"481046",254699,"KANSAS/LOWER REPUBLICAN RIVER BASIN","SC260","","2024-12-02",915,0.63,2024,12,2,39.19685,-96.30513,10270102,"TKN",10270102,102701,1027,10
"481047",2603411,"KANSAS/LOWER REPUBLICAN RIVER BASIN","SC262","","2009-02-03",1141,1.17,2009,2,3,39.174674,-96.553955,10270101,"TKN",10270101,102701,1027,10
"481048",2603511,"KANSAS/LOWER REPUBLICAN RIVER BASIN","SC262","","2009-04-07",1225,0.935,2009,4,7,39.174674,-96.553955,10270101,"TKN",10270101,102701,1027,10
"481049",2603611,"KANSAS/LOWER REPUBLICAN RIVER BASIN","SC262","","2009-04-07",1230,0.911,2009,4,7,39.174674,-96.553955,10270101,"TKN",10270101,102701,1027,10
"481050",2603710,"KANSAS/LOWER REPUBLICAN RIVER BASIN","SC262","","2009-06-02",1154,1.393,2009,6,2,39.174674,-96.553955,10270101,"TKN",10270101,102701,1027,10
"481051",2603811,"KANSAS/LOWER REPUBLICAN RIVER BASIN","SC262","","2009-08-24",1125,1.154,2009,8,24,39.174674,-96.553955,10270101,"TKN",10270101,102701,1027,10
"481052",2603910,"KANSAS/LOWER REPUBLICAN RIVER BASIN","SC262","","2009-10-05",1322,1.021,2009,10,5,39.174674,-96.553955,10270101,"TKN",10270101,102701,1027,10
"481053",2604011,"KANSAS/LOWER REPUBLICAN RIVER BASIN","SC262","","2009-12-21",1336,0.748,2009,12,21,39.174674,-96.553955,10270101,"TKN",10270101,102701,1027,10
"481054",2604115,"KANSAS/LOWER REPUBLICAN RIVER BASIN","SC262","","2013-01-29",1119,0.449,2013,1,29,39.174674,-96.553955,10270101,"TKN",10270101,102701,1027,10
"481055",2604212,"KANSAS/LOWER REPUBLICAN RIVER BASIN","SC262","","2013-04-30",1110,1.391,2013,4,30,39.174674,-96.553955,10270101,"TKN",10270101,102701,1027,10
"481056",2604311,"KANSAS/LOWER REPUBLICAN RIVER BASIN","SC262","","2013-07-09",1159,1.071,2013,7,9,39.174674,-96.553955,10270101,"TKN",10270101,102701,1027,10
"481057",2604411,"KANSAS/LOWER REPUBLICAN RIVER BASIN","SC262","","2013-10-23",1057,0.66,2013,10,23,39.174674,-96.553955,10270101,"TKN",10270101,102701,1027,10
"481058",2604511,"KANSAS/LOWER REPUBLICAN RIVER BASIN","SC262","","2017-02-07",1042,0.74,2017,2,7,39.174674,-96.553955,10270101,"TKN",10270101,102701,1027,10
"481059",2604610,"KANSAS/LOWER REPUBLICAN RIVER BASIN","SC262","","2017-05-02",1038,2.6,2017,5,2,39.174674,-96.553955,10270101,"TKN",10270101,102701,1027,10
"481060",2604711,"KANSAS/LOWER REPUBLICAN RIVER BASIN","SC262","","2017-08-08",1142,1.8,2017,8,8,39.174674,-96.553955,10270101,"TKN",10270101,102701,1027,10
"481061",2604811,"KANSAS/LOWER REPUBLICAN RIVER BASIN","SC262","","2017-11-07",1247,0.81,2017,11,7,39.174674,-96.553955,10270101,"TKN",10270101,102701,1027,10
"481062",260499,"KANSAS/LOWER REPUBLICAN RIVER BASIN","SC262","","2021-03-02",915,0.6,2021,3,2,39.174674,-96.553955,10270101,"TKN",10270101,102701,1027,10
"481063",2605010,"KANSAS/LOWER REPUBLICAN RIVER BASIN","SC262","","2021-06-21",1101,1.2,2021,6,21,39.174674,-96.553955,10270101,"TKN",10270101,102701,1027,10
"481064",2605115,"KANSAS/LOWER REPUBLICAN RIVER BASIN","SC262","","2021-09-08",914,2,2021,9,8,39.174674,-96.553955,10270101,"TKN",10270101,102701,1027,10
"481065",2605212,"KANSAS/LOWER REPUBLICAN RIVER BASIN","SC262","","2021-12-07",927,0.86,2021,12,7,39.174674,-96.553955,10270101,"TKN",10270101,102701,1027,10
"483583",3581116,"KANSAS/LOWER REPUBLICAN RIVER BASIN","SC500","ON HIGHWAY K-10, 1.5 MI. EAST OF EUDORIA","2000-01-05",1120,0.25,2000,1,5,38.94234,-95.11304,10270104,"TKN",10270104,102701,1027,10
"483584",3581213,"KANSAS/LOWER REPUBLICAN RIVER BASIN","SC500","ON HIGHWAY K-10, 1.5 MI. EAST OF EUDORIA","2000-03-08",1035,0.501,2000,3,8,38.94234,-95.11304,10270104,"TKN",10270104,102701,1027,10
"483585",3581312,"KANSAS/LOWER REPUBLICAN RIVER BASIN","SC500","ON HIGHWAY K-10, 1.5 MI. EAST OF EUDORIA","2000-05-03",1005,0.63,2000,5,3,38.94234,-95.11304,10270104,"TKN",10270104,102701,1027,10
"483586",3581411,"KANSAS/LOWER REPUBLICAN RIVER BASIN","SC500","ON HIGHWAY K-10, 1.5 MI. EAST OF EUDORIA","2000-07-05",1005,0.31,2000,7,5,38.94234,-95.11304,10270104,"TKN",10270104,102701,1027,10
"483587",3581512,"KANSAS/LOWER REPUBLICAN RIVER BASIN","SC500","ON HIGHWAY K-10, 1.5 MI. EAST OF EUDORIA","2000-09-06",1010,0.731,2000,9,6,38.94234,-95.11304,10270104,"TKN",10270104,102701,1027,10
"483588",3581611,"KANSAS/LOWER REPUBLICAN RIVER BASIN","SC500","ON HIGHWAY K-10, 1.5 MI. EAST OF EUDORIA","2000-11-01",1035,0.9,2000,11,1,38.94234,-95.11304,10270104,"TKN",10270104,102701,1027,10
"483589",3581711,"KANSAS/LOWER REPUBLICAN RIVER BASIN","SC500","ON HIGHWAY K-10, 1.5 MI. EAST OF EUDORIA","2001-01-31",1000,0.9,2001,1,31,38.94234,-95.11304,10270104,"TKN",10270104,102701,1027,10
"483590",3581812,"KANSAS/LOWER REPUBLICAN RIVER BASIN","SC500","ON HIGHWAY K-10, 1.5 MI. EAST OF EUDORIA","2001-04-04",1000,1.046,2001,4,4,38.94234,-95.11304,10270104,"TKN",10270104,102701,1027,10
"483591",3581911,"KANSAS/LOWER REPUBLICAN RIVER BASIN","SC500","ON HIGHWAY K-10, 1.5 MI. EAST OF EUDORIA","2001-06-06",950,2.897,2001,6,6,38.94234,-95.11304,10270104,"TKN",10270104,102701,1027,10
"483592",3582012,"KANSAS/LOWER REPUBLICAN RIVER BASIN","SC500","ON HIGHWAY K-10, 1.5 MI. EAST OF EUDORIA","2001-08-08",1425,0.576,2001,8,8,38.94234,-95.11304,10270104,"TKN",10270104,102701,1027,10
"483593",3582115,"KANSAS/LOWER REPUBLICAN RIVER BASIN","SC500","ON HIGHWAY K-10, 1.5 MI. EAST OF EUDORIA","2001-10-03",1545,0.753,2001,10,3,38.94234,-95.11304,10270104,"TKN",10270104,102701,1027,10
"483594",3582213,"KANSAS/LOWER REPUBLICAN RIVER BASIN","SC500","ON HIGHWAY K-10, 1.5 MI. EAST OF EUDORIA","2001-12-05",1355,0.904,2001,12,5,38.94234,-95.11304,10270104,"TKN",10270104,102701,1027,10
"483595",3582311,"KANSAS/LOWER REPUBLICAN RIVER BASIN","SC500","ON HIGHWAY K-10, 1.5 MI. EAST OF EUDORIA","2002-01-09",1425,0.902,2002,1,9,38.94234,-95.11304,10270104,"TKN",10270104,102701,1027,10
"483596",3582412,"KANSAS/LOWER REPUBLICAN RIVER BASIN","SC500","ON HIGHWAY K-10, 1.5 MI. EAST OF EUDORIA","2002-03-06",1515,0.477,2002,3,6,38.94234,-95.11304,10270104,"TKN",10270104,102701,1027,10
"483597",3582512,"KANSAS/LOWER REPUBLICAN RIVER BASIN","SC500","ON HIGHWAY K-10, 1.5 MI. EAST OF EUDORIA","2002-03-06",1520,0.462,2002,3,6,38.94234,-95.11304,10270104,"TKN",10270104,102701,1027,10
"483598",3582611,"KANSAS/LOWER REPUBLICAN RIVER BASIN","SC500","ON HIGHWAY K-10, 1.5 MI. EAST OF EUDORIA","2002-05-08",1535,1.427,2002,5,8,38.94234,-95.11304,10270104,"TKN",10270104,102701,1027,10
"483599",3582712,"KANSAS/LOWER REPUBLICAN RIVER BASIN","SC500","","2002-07-10",1430,0.67,2002,7,10,38.94234,-95.11304,10270104,"TKN",10270104,102701,1027,10
"483600",3582812,"KANSAS/LOWER REPUBLICAN RIVER BASIN","SC500","","2002-07-10",1435,0.683,2002,7,10,38.94234,-95.11304,10270104,"TKN",10270104,102701,1027,10
"483601",3582911,"KANSAS/LOWER REPUBLICAN RIVER BASIN","SC500","","2002-09-04",1452,0.677,2002,9,4,38.94234,-95.11304,10270104,"TKN",10270104,102701,1027,10
"483602",3583012,"KANSAS/LOWER REPUBLICAN RIVER BASIN","SC500","","2002-11-13",1450,0.434,2002,11,13,38.94234,-95.11304,10270104,"TKN",10270104,102701,1027,10
"483603",3583116,"KANSAS/LOWER REPUBLICAN RIVER BASIN","SC500","","2003-02-06",1335,0.36,2003,2,6,38.94234,-95.11304,10270104,"TKN",10270104,102701,1027,10
"483604",3583213,"KANSAS/LOWER REPUBLICAN RIVER BASIN","SC500","","2003-04-03",1421,0.812,2003,4,3,38.94234,-95.11304,10270104,"TKN",10270104,102701,1027,10
"483605",3583312,"KANSAS/LOWER REPUBLICAN RIVER BASIN","SC500","","2003-06-05",1317,1.041,2003,6,5,38.94234,-95.11304,10270104,"TKN",10270104,102701,1027,10
"483606",3583410,"KANSAS/LOWER REPUBLICAN RIVER BASIN","SC500","","2003-08-07",1325,0.771,2003,8,7,38.94234,-95.11304,10270104,"TKN",10270104,102701,1027,10
"483607",3583511,"KANSAS/LOWER REPUBLICAN RIVER BASIN","SC500","","2003-10-09",1354,0.596,2003,10,9,38.94234,-95.11304,10270104,"TKN",10270104,102701,1027,10
"483608",3583610,"KANSAS/LOWER REPUBLICAN RIVER BASIN","SC500","","2003-12-30",1338,0.49,2003,12,30,38.94234,-95.11304,10270104,"TKN",10270104,102701,1027,10
"483609",3583711,"KANSAS/LOWER REPUBLICAN RIVER BASIN","SC500","","2004-01-08",1431,0.405,2004,1,8,38.94234,-95.11304,10270104,"TKN",10270104,102701,1027,10
"483610",3583810,"KANSAS/LOWER REPUBLICAN RIVER BASIN","SC500","","2004-03-02",1425,0.873,2004,3,2,38.94234,-95.11304,10270104,"TKN",10270104,102701,1027,10
"483611",3583911,"KANSAS/LOWER REPUBLICAN RIVER BASIN","SC500","","2004-05-06",1307,0.697,2004,5,6,38.94234,-95.11304,10270104,"TKN",10270104,102701,1027,10
"483612",3584010,"KANSAS/LOWER REPUBLICAN RIVER BASIN","SC500","","2004-07-08",1403,1.015,2004,7,8,38.94234,-95.11304,10270104,"TKN",10270104,102701,1027,10
"483613",3584111,"KANSAS/LOWER REPUBLICAN RIVER BASIN","SC500","","2004-09-09",1423,0.666,2004,9,9,38.94234,-95.11304,10270104,"TKN",10270104,102701,1027,10
"483614",3584210,"KANSAS/LOWER REPUBLICAN RIVER BASIN","SC500","","2004-11-04",1303,1.698,2004,11,4,38.94234,-95.11304,10270104,"TKN",10270104,102701,1027,10
"483615",3584310,"KANSAS/LOWER REPUBLICAN RIVER BASIN","SC500","","2005-02-03",1401,0.227,2005,2,3,38.94234,-95.11304,10270104,"TKN",10270104,102701,1027,10
"483616",3584411,"KANSAS/LOWER REPUBLICAN RIVER BASIN","SC500","","2005-04-07",1409,0.701,2005,4,7,38.94234,-95.11304,10270104,"TKN",10270104,102701,1027,10
"483617",3584510,"KANSAS/LOWER REPUBLICAN RIVER BASIN","SC500","","2005-06-02",1453,1.064,2005,6,2,38.94234,-95.11304,10270104,"TKN",10270104,102701,1027,10
"483618",3584611,"KANSAS/LOWER REPUBLICAN RIVER BASIN","SC500","","2005-08-04",1337,0.405,2005,8,4,38.94234,-95.11304,10270104,"TKN",10270104,102701,1027,10
"483619",3584710,"KANSAS/LOWER REPUBLICAN RIVER BASIN","SC500","","2005-10-06",1331,0.586,2005,10,6,38.94234,-95.11304,10270104,"TKN",10270104,102701,1027,10
"483620",3584811,"KANSAS/LOWER REPUBLICAN RIVER BASIN","SC500","","2005-12-08",1522,0.535,2005,12,8,38.94234,-95.11304,10270104,"TKN",10270104,102701,1027,10
"483621",3584911,"KANSAS/LOWER REPUBLICAN RIVER BASIN","SC500","","2006-01-05",1308,0.164,2006,1,5,38.94234,-95.11304,10270104,"TKN",10270104,102701,1027,10
"483622",3585010,"KANSAS/LOWER REPUBLICAN RIVER BASIN","SC500","","2006-03-09",1533,0.546,2006,3,9,38.94234,-95.11304,10270104,"TKN",10270104,102701,1027,10
"483623",3585115,"KANSAS/LOWER REPUBLICAN RIVER BASIN","SC500","","2006-05-04",1437,0.798,2006,5,4,38.94234,-95.11304,10270104,"TKN",10270104,102701,1027,10
"483624",3585212,"KANSAS/LOWER REPUBLICAN RIVER BASIN","SC500","","2006-07-06",1424,0.616,2006,7,6,38.94234,-95.11304,10270104,"TKN",10270104,102701,1027,10
"483625",3585311,"KANSAS/LOWER REPUBLICAN RIVER BASIN","SC500","","2006-09-07",1307,0.677,2006,9,7,38.94234,-95.11304,10270104,"TKN",10270104,102701,1027,10
"483626",3585411,"KANSAS/LOWER REPUBLICAN RIVER BASIN","SC500","","2006-09-07",1312,0.821,2006,9,7,38.94234,-95.11304,10270104,"TKN",10270104,102701,1027,10
"483627",3585510,"KANSAS/LOWER REPUBLICAN RIVER BASIN","SC500","","2006-11-02",1239,0.75,2006,11,2,38.94234,-95.11304,10270104,"TKN",10270104,102701,1027,10
"483628",3585611,"KANSAS/LOWER REPUBLICAN RIVER BASIN","SC500","","2007-02-08",1405,0.557,2007,2,8,38.94234,-95.11304,10270104,"TKN",10270104,102701,1027,10
"483629",3585710,"KANSAS/LOWER REPUBLICAN RIVER BASIN","SC500","","2007-04-05",1447,0.619,2007,4,5,38.94234,-95.11304,10270104,"TKN",10270104,102701,1027,10
"483630",3585811,"KANSAS/LOWER REPUBLICAN RIVER BASIN","SC500","","2007-06-07",1305,0.879,2007,6,7,38.94234,-95.11304,10270104,"TKN",10270104,102701,1027,10
"483631",3585910,"KANSAS/LOWER REPUBLICAN RIVER BASIN","SC500","","2007-08-09",1316,0.553,2007,8,9,38.94234,-95.11304,10270104,"TKN",10270104,102701,1027,10
"483632",3586011,"KANSAS/LOWER REPUBLICAN RIVER BASIN","SC500","","2007-10-04",1425,0.621,2007,10,4,38.94234,-95.11304,10270104,"TKN",10270104,102701,1027,10
"483633",3586114,"KANSAS/LOWER REPUBLICAN RIVER BASIN","SC500","","2007-12-18",1333,0.646,2007,12,18,38.94234,-95.11304,10270104,"TKN",10270104,102701,1027,10
"483634",3586212,"KANSAS/LOWER REPUBLICAN RIVER BASIN","SC500","","2008-01-09",1358,0.683,2008,1,9,38.94234,-95.11304,10270104,"TKN",10270104,102701,1027,10
"483635",3586311,"KANSAS/LOWER REPUBLICAN RIVER BASIN","SC500","","2008-03-05",1333,0.948,2008,3,5,38.94234,-95.11304,10270104,"TKN",10270104,102701,1027,10
"483636",3586410,"KANSAS/LOWER REPUBLICAN RIVER BASIN","SC500","","2008-05-07",1421,0.513,2008,5,7,38.94234,-95.11304,10270104,"TKN",10270104,102701,1027,10
"483637",3586511,"KANSAS/LOWER REPUBLICAN RIVER BASIN","SC500","","2008-07-09",1418,0.567,2008,7,9,38.94234,-95.11304,10270104,"TKN",10270104,102701,1027,10
"483638",3586610,"KANSAS/LOWER REPUBLICAN RIVER BASIN","SC500","","2008-09-03",1406,0.556,2008,9,3,38.94234,-95.11304,10270104,"TKN",10270104,102701,1027,10
"483639",3586711,"KANSAS/LOWER REPUBLICAN RIVER BASIN","SC500","","2008-11-13",1351,0.535,2008,11,13,38.94234,-95.11304,10270104,"TKN",10270104,102701,1027,10
"483640",3586810,"KANSAS/LOWER REPUBLICAN RIVER BASIN","SC500","","2009-02-04",1541,0.382,2009,2,4,38.94234,-95.11304,10270104,"TKN",10270104,102701,1027,10
"483641",3586911,"KANSAS/LOWER REPUBLICAN RIVER BASIN","SC500","","2009-04-06",1605,0.929,2009,4,6,38.94234,-95.11304,10270104,"TKN",10270104,102701,1027,10
"483642",3587010,"KANSAS/LOWER REPUBLICAN RIVER BASIN","SC500","","2009-06-03",1221,1.219,2009,6,3,38.94234,-95.11304,10270104,"TKN",10270104,102701,1027,10
"483643",3587114,"KANSAS/LOWER REPUBLICAN RIVER BASIN","SC500","","2009-08-25",1237,0.486,2009,8,25,38.94234,-95.11304,10270104,"TKN",10270104,102701,1027,10
"483644",3587311,"KANSAS/LOWER REPUBLICAN RIVER BASIN","SC500","","2009-12-29",1446,0.522,2009,12,29,38.94234,-95.11304,10270104,"TKN",10270104,102701,1027,10
"483645",3587410,"KANSAS/LOWER REPUBLICAN RIVER BASIN","SC500","","2010-01-13",1509,0.45,2010,1,13,38.94234,-95.11304,10270104,"TKN",10270104,102701,1027,10
"483646",3587511,"KANSAS/LOWER REPUBLICAN RIVER BASIN","SC500","","2010-04-28",1505,0.622,2010,4,28,38.94234,-95.11304,10270104,"TKN",10270104,102701,1027,10
"483647",3587610,"KANSAS/LOWER REPUBLICAN RIVER BASIN","SC500","","2010-07-26",1447,0.05,2010,7,26,38.94234,-95.11304,10270104,"TKN",10270104,102701,1027,10
"483648",3587711,"KANSAS/LOWER REPUBLICAN RIVER BASIN","SC500","","2010-10-12",1438,0.601,2010,10,12,38.94234,-95.11304,10270104,"TKN",10270104,102701,1027,10
"483649",3587810,"KANSAS/LOWER REPUBLICAN RIVER BASIN","SC500","","2011-02-28",1359,2.231,2011,2,28,38.94234,-95.11304,10270104,"TKN",10270104,102701,1027,10
"483650",3587911,"KANSAS/LOWER REPUBLICAN RIVER BASIN","SC500","","2011-05-24",1437,0.627,2011,5,24,38.94234,-95.11304,10270104,"TKN",10270104,102701,1027,10
"483651",3588010,"KANSAS/LOWER REPUBLICAN RIVER BASIN","SC500","","2011-08-09",1434,0.498,2011,8,9,38.94234,-95.11304,10270104,"TKN",10270104,102701,1027,10
"483652",3588115,"KANSAS/LOWER REPUBLICAN RIVER BASIN","SC500","","2011-11-29",1351,0.444,2011,11,29,38.94234,-95.11304,10270104,"TKN",10270104,102701,1027,10
"483653",3588212,"KANSAS/LOWER REPUBLICAN RIVER BASIN","SC500","","2012-03-05",1448,0.692,2012,3,5,38.94234,-95.11304,10270104,"TKN",10270104,102701,1027,10
"483654",3588311,"KANSAS/LOWER REPUBLICAN RIVER BASIN","SC500","","2012-06-18",1537,0.538,2012,6,18,38.94234,-95.11304,10270104,"TKN",10270104,102701,1027,10
"483655",3588410,"KANSAS/LOWER REPUBLICAN RIVER BASIN","SC500","","2012-09-24",1539,0.547,2012,9,24,38.94234,-95.11304,10270104,"TKN",10270104,102701,1027,10
"483656",3588511,"KANSAS/LOWER REPUBLICAN RIVER BASIN","SC500","","2012-12-17",1457,0.385,2012,12,17,38.94234,-95.11304,10270104,"TKN",10270104,102701,1027,10
"483657",3588611,"KANSAS/LOWER REPUBLICAN RIVER BASIN","SC500","","2012-12-17",1502,0.351,2012,12,17,38.94234,-95.11304,10270104,"TKN",10270104,102701,1027,10
"483658",3588711,"KANSAS/LOWER REPUBLICAN RIVER BASIN","SC500","","2013-01-28",1425,0.389,2013,1,28,38.94234,-95.11304,10270104,"TKN",10270104,102701,1027,10
"483659",358887,"KANSAS/LOWER REPUBLICAN RIVER BASIN","SC500","","2013-04-29",1451,0.686,2013,4,29,38.94234,-95.11304,10270104,"TKN",10270104,102701,1027,10
"483660",3588910,"KANSAS/LOWER REPUBLICAN RIVER BASIN","SC500","","2013-07-08",1604,0.492,2013,7,8,38.94234,-95.11304,10270104,"TKN",10270104,102701,1027,10
"483661",3589011,"KANSAS/LOWER REPUBLICAN RIVER BASIN","SC500","","2013-10-22",1456,0.466,2013,10,22,38.94234,-95.11304,10270104,"TKN",10270104,102701,1027,10
"483662",3589115,"KANSAS/LOWER REPUBLICAN RIVER BASIN","SC500","","2014-02-03",1423,0.4,2014,2,3,38.94234,-95.11304,10270104,"TKN",10270104,102701,1027,10
"483663",3589213,"KANSAS/LOWER REPUBLICAN RIVER BASIN","SC500","","2014-05-05",1342,0.54,2014,5,5,38.94234,-95.11304,10270104,"TKN",10270104,102701,1027,10
"483664",3589311,"KANSAS/LOWER REPUBLICAN RIVER BASIN","SC500","","2014-08-04",1336,0.74,2014,8,4,38.94234,-95.11304,10270104,"TKN",10270104,102701,1027,10
"483665",3589410,"KANSAS/LOWER REPUBLICAN RIVER BASIN","SC500","","2014-11-12",1403,0.41,2014,11,12,38.94234,-95.11304,10270104,"TKN",10270104,102701,1027,10
"483666",3589510,"KANSAS/LOWER REPUBLICAN RIVER BASIN","SC500","","2015-03-02",1400,0.37,2015,3,2,38.94234,-95.11304,10270104,"TKN",10270104,102701,1027,10
"483667",3589611,"KANSAS/LOWER REPUBLICAN RIVER BASIN","SC500","","2015-06-01",1352,0.84,2015,6,1,38.94234,-95.11304,10270104,"TKN",10270104,102701,1027,10
"483668",3589711,"KANSAS/LOWER REPUBLICAN RIVER BASIN","SC500","","2015-09-01",1430,0.35,2015,9,1,38.94234,-95.11304,10270104,"TKN",10270104,102701,1027,10
"483669",3589811,"KANSAS/LOWER REPUBLICAN RIVER BASIN","SC500","","2015-12-01",1423,1.1,2015,12,1,38.94234,-95.11304,10270104,"TKN",10270104,102701,1027,10
"483670",3589910,"KANSAS/LOWER REPUBLICAN RIVER BASIN","SC500","","2016-01-04",1440,0.54,2016,1,4,38.94234,-95.11304,10270104,"TKN",10270104,102701,1027,10
"483671",3590010,"KANSAS/LOWER REPUBLICAN RIVER BASIN","SC500","","2016-04-04",1545,0.45,2016,4,4,38.94234,-95.11304,10270104,"TKN",10270104,102701,1027,10
"483672",3590115,"KANSAS/LOWER REPUBLICAN RIVER BASIN","SC500","","2016-07-11",1346,0.74,2016,7,11,38.94234,-95.11304,10270104,"TKN",10270104,102701,1027,10
"483673",3590213,"KANSAS/LOWER REPUBLICAN RIVER BASIN","SC500","","2016-10-03",1400,0.51,2016,10,3,38.94234,-95.11304,10270104,"TKN",10270104,102701,1027,10
"483674",3590311,"KANSAS/LOWER REPUBLICAN RIVER BASIN","SC500","","2017-02-06",1310,0.56,2017,2,6,38.94234,-95.11304,10270104,"TKN",10270104,102701,1027,10
"483675",3590411,"KANSAS/LOWER REPUBLICAN RIVER BASIN","SC500","","2017-05-01",1302,1.2,2017,5,1,38.94234,-95.11304,10270104,"TKN",10270104,102701,1027,10
"483676",3590511,"KANSAS/LOWER REPUBLICAN RIVER BASIN","SC500","","2017-05-01",1307,1.3,2017,5,1,38.94234,-95.11304,10270104,"TKN",10270104,102701,1027,10
"483677",3590610,"KANSAS/LOWER REPUBLICAN RIVER BASIN","SC500","","2017-08-07",1423,0.78,2017,8,7,38.94234,-95.11304,10270104,"TKN",10270104,102701,1027,10
"483678",3590711,"KANSAS/LOWER REPUBLICAN RIVER BASIN","SC500","","2017-11-06",1419,0.42,2017,11,6,38.94234,-95.11304,10270104,"TKN",10270104,102701,1027,10
"483679",3590811,"KANSAS/LOWER REPUBLICAN RIVER BASIN","SC500","","2018-03-05",1335,0.71,2018,3,5,38.94234,-95.11304,10270104,"TKN",10270104,102701,1027,10
"483680",3590911,"KANSAS/LOWER REPUBLICAN RIVER BASIN","SC500","","2018-06-18",1557,0.75,2018,6,18,38.94234,-95.11304,10270104,"TKN",10270104,102701,1027,10
"483681",3591011,"KANSAS/LOWER REPUBLICAN RIVER BASIN","SC500","","2018-09-24",1326,0.69,2018,9,24,38.94234,-95.11304,10270104,"TKN",10270104,102701,1027,10
"483682",3591115,"KANSAS/LOWER REPUBLICAN RIVER BASIN","SC500","","2018-12-10",1430,0.62,2018,12,10,38.94234,-95.11304,10270104,"TKN",10270104,102701,1027,10
"483683",3591212,"KANSAS/LOWER REPUBLICAN RIVER BASIN","SC500","","2019-01-28",1357,0.65,2019,1,28,38.94234,-95.11304,10270104,"TKN",10270104,102701,1027,10
"483684",3591311,"KANSAS/LOWER REPUBLICAN RIVER BASIN","SC500","","2019-04-01",1227,0.54,2019,4,1,38.94234,-95.11304,10270104,"TKN",10270104,102701,1027,10
"483685",3591411,"KANSAS/LOWER REPUBLICAN RIVER BASIN","SC500","","2019-07-08",1306,0.37,2019,7,8,38.94234,-95.11304,10270104,"TKN",10270104,102701,1027,10
"483686",3591511,"KANSAS/LOWER REPUBLICAN RIVER BASIN","SC500","","2019-10-21",1325,0.44,2019,10,21,38.94234,-95.11304,10270104,"TKN",10270104,102701,1027,10
"483687",3591611,"KANSAS/LOWER REPUBLICAN RIVER BASIN","SC500","","2019-10-21",1330,0.52,2019,10,21,38.94234,-95.11304,10270104,"TKN",10270104,102701,1027,10
"483688",359179,"KANSAS/LOWER REPUBLICAN RIVER BASIN","SC500","","2020-02-03",1311,0.3,2020,2,3,38.94234,-95.11304,10270104,"TKN",10270104,102701,1027,10
"483689",3591810,"KANSAS/LOWER REPUBLICAN RIVER BASIN","SC500","","2020-08-03",1019,0.64,2020,8,3,38.94234,-95.11304,10270104,"TKN",10270104,102701,1027,10
"483690",3591911,"KANSAS/LOWER REPUBLICAN RIVER BASIN","SC500","","2020-11-30",712,0.46,2020,11,30,38.94234,-95.11304,10270104,"TKN",10270104,102701,1027,10
"483691",3592011,"KANSAS/LOWER REPUBLICAN RIVER BASIN","SC500","","2020-11-30",717,0.5,2020,11,30,38.94234,-95.11304,10270104,"TKN",10270104,102701,1027,10
"483692",3592114,"KANSAS/LOWER REPUBLICAN RIVER BASIN","SC500","","2021-03-01",750,0.71,2021,3,1,38.94234,-95.11304,10270104,"TKN",10270104,102701,1027,10
"483693",3592212,"KANSAS/LOWER REPUBLICAN RIVER BASIN","SC500","","2021-06-22",1151,0.37,2021,6,22,38.94234,-95.11304,10270104,"TKN",10270104,102701,1027,10
"483694",3592310,"KANSAS/LOWER REPUBLICAN RIVER BASIN","SC500","","2021-09-07",745,0.79,2021,9,7,38.94234,-95.11304,10270104,"TKN",10270104,102701,1027,10
"483695",359249,"KANSAS/LOWER REPUBLICAN RIVER BASIN","SC500","","2021-12-06",743,0.44,2021,12,6,38.94234,-95.11304,10270104,"TKN",10270104,102701,1027,10
"483696",3592510,"KANSAS/LOWER REPUBLICAN RIVER BASIN","SC500","","2022-01-24",1140,0.49,2022,1,24,38.94234,-95.11304,10270104,"TKN",10270104,102701,1027,10
"483697",3592610,"KANSAS/LOWER REPUBLICAN RIVER BASIN","SC500","","2022-04-26",1230,0.87,2022,4,26,38.94234,-95.11304,10270104,"TKN",10270104,102701,1027,10
"483698",359279,"KANSAS/LOWER REPUBLICAN RIVER BASIN","SC500","","2022-07-05",1236,0.68,2022,7,5,38.94234,-95.11304,10270104,"TKN",10270104,102701,1027,10
"483699",3592810,"KANSAS/LOWER REPUBLICAN RIVER BASIN","SC500","","2022-10-18",1218,0.55,2022,10,18,38.94234,-95.11304,10270104,"TKN",10270104,102701,1027,10
"483700",3592910,"KANSAS/LOWER REPUBLICAN RIVER BASIN","SC500","","2022-10-18",1223,0.5,2022,10,18,38.94234,-95.11304,10270104,"TKN",10270104,102701,1027,10
"483701",359309,"KANSAS/LOWER REPUBLICAN RIVER BASIN","SC500","","2023-02-07",1157,0.48,2023,2,7,38.94234,-95.11304,10270104,"TKN",10270104,102701,1027,10
"483702",3593114,"KANSAS/LOWER REPUBLICAN RIVER BASIN","SC500","","2023-05-02",1053,0.31,2023,5,2,38.94234,-95.11304,10270104,"TKN",10270104,102701,1027,10
"483703",3593212,"KANSAS/LOWER REPUBLICAN RIVER BASIN","SC500","","2023-08-08",1158,0.36,2023,8,8,38.94234,-95.11304,10270104,"TKN",10270104,102701,1027,10
"483704",3593310,"KANSAS/LOWER REPUBLICAN RIVER BASIN","SC500","","2023-11-28",1245,0.38,2023,11,28,38.94234,-95.11304,10270104,"TKN",10270104,102701,1027,10
"483705",3593410,"KANSAS/LOWER REPUBLICAN RIVER BASIN","SC500","","2024-03-05",1102,0.31,2024,3,5,38.94234,-95.11304,10270104,"TKN",10270104,102701,1027,10
"483706",3593510,"KANSAS/LOWER REPUBLICAN RIVER BASIN","SC500","","2024-06-17",1251,0.35,2024,6,17,38.94234,-95.11304,10270104,"TKN",10270104,102701,1027,10
"483707",3593610,"KANSAS/LOWER REPUBLICAN RIVER BASIN","SC500","","2024-09-10",1147,0.53,2024,9,10,38.94234,-95.11304,10270104,"TKN",10270104,102701,1027,10
"483708",359379,"KANSAS/LOWER REPUBLICAN RIVER BASIN","SC500","","2024-12-03",1218,0.57,2024,12,3,38.94234,-95.11304,10270104,"TKN",10270104,102701,1027,10
"483709",3600312,"KANSAS/LOWER REPUBLICAN RIVER BASIN","SC501","ON HIGHWAY K-132, 1.0 EAST OF LINWOOD","2000-01-05",1140,0.253,2000,1,5,39.00579,-95.02837,10270104,"TKN",10270104,102701,1027,10
"483710",3600411,"KANSAS/LOWER REPUBLICAN RIVER BASIN","SC501","ON HIGHWAY K-132, 1.0 EAST OF LINWOOD","2000-03-08",1105,0.513,2000,3,8,39.00579,-95.02837,10270104,"TKN",10270104,102701,1027,10
"483711",3600512,"KANSAS/LOWER REPUBLICAN RIVER BASIN","SC501","ON HIGHWAY K-132, 1.0 EAST OF LINWOOD","2000-05-03",1040,0.72,2000,5,3,39.00579,-95.02837,10270104,"TKN",10270104,102701,1027,10
"483712",3600611,"KANSAS/LOWER REPUBLICAN RIVER BASIN","SC501","ON HIGHWAY K-132, 1.0 EAST OF LINWOOD","2000-07-05",1030,4.44,2000,7,5,39.00579,-95.02837,10270104,"TKN",10270104,102701,1027,10
"483713",3600712,"KANSAS/LOWER REPUBLICAN RIVER BASIN","SC501","ON HIGHWAY K-132, 1.0 EAST OF LINWOOD","2000-09-06",1040,1.029,2000,9,6,39.00579,-95.02837,10270104,"TKN",10270104,102701,1027,10
"483714",3600811,"KANSAS/LOWER REPUBLICAN RIVER BASIN","SC501","ON HIGHWAY K-132, 1.0 EAST OF LINWOOD","2000-11-01",1055,1.5,2000,11,1,39.00579,-95.02837,10270104,"TKN",10270104,102701,1027,10
"483715",3600912,"KANSAS/LOWER REPUBLICAN RIVER BASIN","SC501","ON HIGHWAY K-132, 1.0 EAST OF LINWOOD","2001-01-31",1035,1.02,2001,1,31,39.00579,-95.02837,10270104,"TKN",10270104,102701,1027,10
"483716",3601012,"KANSAS/LOWER REPUBLICAN RIVER BASIN","SC501","ON HIGHWAY K-132, 1.0 EAST OF LINWOOD","2001-01-31",1040,2.17,2001,1,31,39.00579,-95.02837,10270104,"TKN",10270104,102701,1027,10
"483717",3601115,"KANSAS/LOWER REPUBLICAN RIVER BASIN","SC501","ON HIGHWAY K-132, 1.0 EAST OF LINWOOD","2001-04-04",1035,4.561,2001,4,4,39.00579,-95.02837,10270104,"TKN",10270104,102701,1027,10
"483718",3601212,"KANSAS/LOWER REPUBLICAN RIVER BASIN","SC501","ON HIGHWAY K-132, 1.0 EAST OF LINWOOD","2001-06-06",1035,4.042,2001,6,6,39.00579,-95.02837,10270104,"TKN",10270104,102701,1027,10
"483719",3601312,"KANSAS/LOWER REPUBLICAN RIVER BASIN","SC501","ON HIGHWAY K-132, 1.0 EAST OF LINWOOD","2001-08-08",955,0.868,2001,8,8,39.00579,-95.02837,10270104,"TKN",10270104,102701,1027,10
"483720",3601412,"KANSAS/LOWER REPUBLICAN RIVER BASIN","SC501","ON HIGHWAY K-132, 1.0 EAST OF LINWOOD","2001-10-03",1115,0.999,2001,10,3,39.00579,-95.02837,10270104,"TKN",10270104,102701,1027,10
"483721",3601511,"KANSAS/LOWER REPUBLICAN RIVER BASIN","SC501","ON HIGHWAY K-132, 1.0 EAST OF LINWOOD","2001-12-05",950,0.81,2001,12,5,39.00579,-95.02837,10270104,"TKN",10270104,102701,1027,10
"483722",3601612,"KANSAS/LOWER REPUBLICAN RIVER BASIN","SC501","ON HIGHWAY K-132, 1.0 EAST OF LINWOOD","2002-03-06",1100,0.474,2002,3,6,39.00579,-95.02837,10270104,"TKN",10270104,102701,1027,10
"483723",3601711,"KANSAS/LOWER REPUBLICAN RIVER BASIN","SC501","ON HIGHWAY K-132, 1.0 EAST OF LINWOOD","2002-05-08",1045,4.46,2002,5,8,39.00579,-95.02837,10270104,"TKN",10270104,102701,1027,10
"483724",3601812,"KANSAS/LOWER REPUBLICAN RIVER BASIN","SC501","","2002-07-10",1006,1.236,2002,7,10,39.00579,-95.02837,10270104,"TKN",10270104,102701,1027,10
"483725",3601911,"KANSAS/LOWER REPUBLICAN RIVER BASIN","SC501","","2002-09-04",937,1.074,2002,9,4,39.00579,-95.02837,10270104,"TKN",10270104,102701,1027,10
"483726",3602012,"KANSAS/LOWER REPUBLICAN RIVER BASIN","SC501","","2002-11-13",1029,0.969,2002,11,13,39.00579,-95.02837,10270104,"TKN",10270104,102701,1027,10
"483727",3602116,"KANSAS/LOWER REPUBLICAN RIVER BASIN","SC501","","2003-02-06",916,1.221,2003,2,6,39.00579,-95.02837,10270104,"TKN",10270104,102701,1027,10
"483728",3602213,"KANSAS/LOWER REPUBLICAN RIVER BASIN","SC501","","2003-04-03",908,1.068,2003,4,3,39.00579,-95.02837,10270104,"TKN",10270104,102701,1027,10
"483729",3602312,"KANSAS/LOWER REPUBLICAN RIVER BASIN","SC501","","2003-06-05",851,1.272,2003,6,5,39.00579,-95.02837,10270104,"TKN",10270104,102701,1027,10
"483730",3602410,"KANSAS/LOWER REPUBLICAN RIVER BASIN","SC501","","2003-08-07",915,0.911,2003,8,7,39.00579,-95.02837,10270104,"TKN",10270104,102701,1027,10
"483731",3602511,"KANSAS/LOWER REPUBLICAN RIVER BASIN","SC501","","2003-10-09",950,1.145,2003,10,9,39.00579,-95.02837,10270104,"TKN",10270104,102701,1027,10
"483732",3602610,"KANSAS/LOWER REPUBLICAN RIVER BASIN","SC501","","2003-12-30",950,0.573,2003,12,30,39.00579,-95.02837,10270104,"TKN",10270104,102701,1027,10
"483733",3602711,"KANSAS/LOWER REPUBLICAN RIVER BASIN","SC501","","2004-01-08",1017,0.489,2004,1,8,39.00579,-95.02837,10270104,"TKN",10270104,102701,1027,10
"483734",3602810,"KANSAS/LOWER REPUBLICAN RIVER BASIN","SC501","","2004-03-02",917,1.02,2004,3,2,39.00579,-95.02837,10270104,"TKN",10270104,102701,1027,10
"483735",3602911,"KANSAS/LOWER REPUBLICAN RIVER BASIN","SC501","","2004-05-06",902,0.872,2004,5,6,39.00579,-95.02837,10270104,"TKN",10270104,102701,1027,10
"483736",3603010,"KANSAS/LOWER REPUBLICAN RIVER BASIN","SC501","","2004-07-08",927,0.742,2004,7,8,39.00579,-95.02837,10270104,"TKN",10270104,102701,1027,10
"483737",3603115,"KANSAS/LOWER REPUBLICAN RIVER BASIN","SC501","","2004-09-09",1002,0.771,2004,9,9,39.00579,-95.02837,10270104,"TKN",10270104,102701,1027,10
"483738",3603212,"KANSAS/LOWER REPUBLICAN RIVER BASIN","SC501","","2004-11-04",920,1.886,2004,11,4,39.00579,-95.02837,10270104,"TKN",10270104,102701,1027,10
"483739",3603311,"KANSAS/LOWER REPUBLICAN RIVER BASIN","SC501","","2005-02-03",953,0.942,2005,2,3,39.00579,-95.02837,10270104,"TKN",10270104,102701,1027,10
"483740",3603411,"KANSAS/LOWER REPUBLICAN RIVER BASIN","SC501","","2005-04-07",928,0.279,2005,4,7,39.00579,-95.02837,10270104,"TKN",10270104,102701,1027,10
"483741",3603510,"KANSAS/LOWER REPUBLICAN RIVER BASIN","SC501","","2005-06-02",943,2.503,2005,6,2,39.00579,-95.02837,10270104,"TKN",10270104,102701,1027,10
"483742",3603611,"KANSAS/LOWER REPUBLICAN RIVER BASIN","SC501","","2005-08-04",918,0.496,2005,8,4,39.00579,-95.02837,10270104,"TKN",10270104,102701,1027,10
"483743",3603710,"KANSAS/LOWER REPUBLICAN RIVER BASIN","SC501","","2005-10-06",904,2.044,2005,10,6,39.00579,-95.02837,10270104,"TKN",10270104,102701,1027,10
"483744",3603811,"KANSAS/LOWER REPUBLICAN RIVER BASIN","SC501","","2005-12-08",1045,0.185,2005,12,8,39.00579,-95.02837,10270104,"TKN",10270104,102701,1027,10
"483745",3603911,"KANSAS/LOWER REPUBLICAN RIVER BASIN","SC501","","2006-01-05",922,0.201,2006,1,5,39.00579,-95.02837,10270104,"TKN",10270104,102701,1027,10
"483746",3604010,"KANSAS/LOWER REPUBLICAN RIVER BASIN","SC501","","2006-03-09",1006,0.606,2006,3,9,39.00579,-95.02837,10270104,"TKN",10270104,102701,1027,10
"483747",3604115,"KANSAS/LOWER REPUBLICAN RIVER BASIN","SC501","","2006-05-04",904,2.259,2006,5,4,39.00579,-95.02837,10270104,"TKN",10270104,102701,1027,10
"483748",3604212,"KANSAS/LOWER REPUBLICAN RIVER BASIN","SC501","","2006-07-06",851,0.63,2006,7,6,39.00579,-95.02837,10270104,"TKN",10270104,102701,1027,10
"483749",3604311,"KANSAS/LOWER REPUBLICAN RIVER BASIN","SC501","","2006-09-07",840,1.546,2006,9,7,39.00579,-95.02837,10270104,"TKN",10270104,102701,1027,10
"483750",3604410,"KANSAS/LOWER REPUBLICAN RIVER BASIN","SC501","","2006-11-02",837,0.913,2006,11,2,39.00579,-95.02837,10270104,"TKN",10270104,102701,1027,10
"483751",3604511,"KANSAS/LOWER REPUBLICAN RIVER BASIN","SC501","","2007-02-08",856,0.522,2007,2,8,39.00579,-95.02837,10270104,"TKN",10270104,102701,1027,10
"483752",3604610,"KANSAS/LOWER REPUBLICAN RIVER BASIN","SC501","","2007-04-05",837,1.039,2007,4,5,39.00579,-95.02837,10270104,"TKN",10270104,102701,1027,10
"483753",3604711,"KANSAS/LOWER REPUBLICAN RIVER BASIN","SC501","","2007-06-07",824,0.966,2007,6,7,39.00579,-95.02837,10270104,"TKN",10270104,102701,1027,10
"483754",3604810,"KANSAS/LOWER REPUBLICAN RIVER BASIN","SC501","","2007-08-09",823,0.855,2007,8,9,39.00579,-95.02837,10270104,"TKN",10270104,102701,1027,10
"483755",3604911,"KANSAS/LOWER REPUBLICAN RIVER BASIN","SC501","","2007-10-04",917,1.097,2007,10,4,39.00579,-95.02837,10270104,"TKN",10270104,102701,1027,10
"483756",3605010,"KANSAS/LOWER REPUBLICAN RIVER BASIN","SC501","","2007-12-18",900,1.153,2007,12,18,39.00579,-95.02837,10270104,"TKN",10270104,102701,1027,10
"483757",3605115,"KANSAS/LOWER REPUBLICAN RIVER BASIN","SC501","","2008-01-09",935,1.711,2008,1,9,39.00579,-95.02837,10270104,"TKN",10270104,102701,1027,10
"483758",3605212,"KANSAS/LOWER REPUBLICAN RIVER BASIN","SC501","","2008-03-05",901,2.792,2008,3,5,39.00579,-95.02837,10270104,"TKN",10270104,102701,1027,10
"483759",3605311,"KANSAS/LOWER REPUBLICAN RIVER BASIN","SC501","","2008-05-07",910,0.453,2008,5,7,39.00579,-95.02837,10270104,"TKN",10270104,102701,1027,10
"483760",3605410,"KANSAS/LOWER REPUBLICAN RIVER BASIN","SC501","","2008-07-09",944,0.421,2008,7,9,39.00579,-95.02837,10270104,"TKN",10270104,102701,1027,10
"483761",3605511,"KANSAS/LOWER REPUBLICAN RIVER BASIN","SC501","","2008-09-03",858,1.039,2008,9,3,39.00579,-95.02837,10270104,"TKN",10270104,102701,1027,10
"483762",3605610,"KANSAS/LOWER REPUBLICAN RIVER BASIN","SC501","","2008-11-13",924,0.523,2008,11,13,39.00579,-95.02837,10270104,"TKN",10270104,102701,1027,10
"483763",3605711,"KANSAS/LOWER REPUBLICAN RIVER BASIN","SC501","","2009-02-04",910,0.555,2009,2,4,39.00579,-95.02837,10270104,"TKN",10270104,102701,1027,10
"483764",3605810,"KANSAS/LOWER REPUBLICAN RIVER BASIN","SC501","","2009-04-06",926,0.762,2009,4,6,39.00579,-95.02837,10270104,"TKN",10270104,102701,1027,10
"483765",3605911,"KANSAS/LOWER REPUBLICAN RIVER BASIN","SC501","","2009-06-03",855,0.658,2009,6,3,39.00579,-95.02837,10270104,"TKN",10270104,102701,1027,10
"483766",3606114,"KANSAS/LOWER REPUBLICAN RIVER BASIN","SC501","","2009-10-07",1007,0.793,2009,10,7,39.00579,-95.02837,10270104,"TKN",10270104,102701,1027,10
"483767",3606212,"KANSAS/LOWER REPUBLICAN RIVER BASIN","SC501","","2009-12-29",939,0.815,2009,12,29,39.00579,-95.02837,10270104,"TKN",10270104,102701,1027,10
"483768",3606410,"KANSAS/LOWER REPUBLICAN RIVER BASIN","SC501","","2010-04-28",959,0.914,2010,4,28,39.00579,-95.02837,10270104,"TKN",10270104,102701,1027,10
"483769",3606511,"KANSAS/LOWER REPUBLICAN RIVER BASIN","SC501","","2010-07-26",1015,0.629,2010,7,26,39.00579,-95.02837,10270104,"TKN",10270104,102701,1027,10
"483770",3606610,"KANSAS/LOWER REPUBLICAN RIVER BASIN","SC501","","2010-10-12",1009,0.378,2010,10,12,39.00579,-95.02837,10270104,"TKN",10270104,102701,1027,10
"483771",3606711,"KANSAS/LOWER REPUBLICAN RIVER BASIN","SC501","","2011-02-28",842,3.931,2011,2,28,39.00579,-95.02837,10270104,"TKN",10270104,102701,1027,10
"483772",3606810,"KANSAS/LOWER REPUBLICAN RIVER BASIN","SC501","","2011-05-24",924,3.376,2011,5,24,39.00579,-95.02837,10270104,"TKN",10270104,102701,1027,10
"483773",3606911,"KANSAS/LOWER REPUBLICAN RIVER BASIN","SC501","","2011-08-09",849,0.781,2011,8,9,39.00579,-95.02837,10270104,"TKN",10270104,102701,1027,10
"483774",3607010,"KANSAS/LOWER REPUBLICAN RIVER BASIN","SC501","","2011-11-29",829,0.542,2011,11,29,39.00579,-95.02837,10270104,"TKN",10270104,102701,1027,10
"483775",3607115,"KANSAS/LOWER REPUBLICAN RIVER BASIN","SC501","","2012-03-05",1009,0.913,2012,3,5,39.00579,-95.02837,10270104,"TKN",10270104,102701,1027,10
"483776",3607212,"KANSAS/LOWER REPUBLICAN RIVER BASIN","SC501","","2012-06-18",1102,0.697,2012,6,18,39.00579,-95.02837,10270104,"TKN",10270104,102701,1027,10
"483777",3607311,"KANSAS/LOWER REPUBLICAN RIVER BASIN","SC501","","2012-09-24",1023,0.739,2012,9,24,39.00579,-95.02837,10270104,"TKN",10270104,102701,1027,10
"483778",3607410,"KANSAS/LOWER REPUBLICAN RIVER BASIN","SC501","","2012-12-17",1003,0.491,2012,12,17,39.00579,-95.02837,10270104,"TKN",10270104,102701,1027,10
"483779",3607511,"KANSAS/LOWER REPUBLICAN RIVER BASIN","SC501","","2013-01-28",923,0.684,2013,1,28,39.00579,-95.02837,10270104,"TKN",10270104,102701,1027,10
"483780",3607611,"KANSAS/LOWER REPUBLICAN RIVER BASIN","SC501","","2013-04-29",1008,0.765,2013,4,29,39.00579,-95.02837,10270104,"TKN",10270104,102701,1027,10
"483781",3607711,"KANSAS/LOWER REPUBLICAN RIVER BASIN","SC501","","2013-07-08",949,1.093,2013,7,8,39.00579,-95.02837,10270104,"TKN",10270104,102701,1027,10
"483782",3607810,"KANSAS/LOWER REPUBLICAN RIVER BASIN","SC501","","2013-10-22",1015,0.742,2013,10,22,39.00579,-95.02837,10270104,"TKN",10270104,102701,1027,10
"483783",3608011,"KANSAS/LOWER REPUBLICAN RIVER BASIN","SC501","","2014-05-05",938,0.77,2014,5,5,39.00579,-95.02837,10270104,"TKN",10270104,102701,1027,10
"483784",3608115,"KANSAS/LOWER REPUBLICAN RIVER BASIN","SC501","","2014-08-04",938,0.95,2014,8,4,39.00579,-95.02837,10270104,"TKN",10270104,102701,1027,10
"483785",3608212,"KANSAS/LOWER REPUBLICAN RIVER BASIN","SC501","","2014-11-12",942,0.36,2014,11,12,39.00579,-95.02837,10270104,"TKN",10270104,102701,1027,10
"483786",3608311,"KANSAS/LOWER REPUBLICAN RIVER BASIN","SC501","","2015-03-02",835,0.35,2015,3,2,39.00579,-95.02837,10270104,"TKN",10270104,102701,1027,10
"483787",3608410,"KANSAS/LOWER REPUBLICAN RIVER BASIN","SC501","","2015-06-01",832,1.1,2015,6,1,39.00579,-95.02837,10270104,"TKN",10270104,102701,1027,10
"483788",3608511,"KANSAS/LOWER REPUBLICAN RIVER BASIN","SC501","","2015-09-01",847,0.67,2015,9,1,39.00579,-95.02837,10270104,"TKN",10270104,102701,1027,10
"483789",3608611,"KANSAS/LOWER REPUBLICAN RIVER BASIN","SC501","","2015-12-01",910,2.1,2015,12,1,39.00579,-95.02837,10270104,"TKN",10270104,102701,1027,10
"483790",3608710,"KANSAS/LOWER REPUBLICAN RIVER BASIN","SC501","","2016-01-04",944,0.43,2016,1,4,39.00579,-95.02837,10270104,"TKN",10270104,102701,1027,10
"483791",3608811,"KANSAS/LOWER REPUBLICAN RIVER BASIN","SC501","","2016-04-04",1021,0.43,2016,4,4,39.00579,-95.02837,10270104,"TKN",10270104,102701,1027,10
"483792",3608910,"KANSAS/LOWER REPUBLICAN RIVER BASIN","SC501","","2016-07-11",933,1.2,2016,7,11,39.00579,-95.02837,10270104,"TKN",10270104,102701,1027,10
"483793",3609011,"KANSAS/LOWER REPUBLICAN RIVER BASIN","SC501","","2016-10-03",914,0.62,2016,10,3,39.00579,-95.02837,10270104,"TKN",10270104,102701,1027,10
"483794",3609115,"KANSAS/LOWER REPUBLICAN RIVER BASIN","SC501","","2017-02-06",952,0.44,2017,2,6,39.00579,-95.02837,10270104,"TKN",10270104,102701,1027,10
"483795",3609213,"KANSAS/LOWER REPUBLICAN RIVER BASIN","SC501","","2017-05-01",923,3,2017,5,1,39.00579,-95.02837,10270104,"TKN",10270104,102701,1027,10
"483796",3609311,"KANSAS/LOWER REPUBLICAN RIVER BASIN","SC501","","2017-08-07",1000,1.7,2017,8,7,39.00579,-95.02837,10270104,"TKN",10270104,102701,1027,10
"483797",3609410,"KANSAS/LOWER REPUBLICAN RIVER BASIN","SC501","","2017-11-06",948,0.37,2017,11,6,39.00579,-95.02837,10270104,"TKN",10270104,102701,1027,10
"483798",3609510,"KANSAS/LOWER REPUBLICAN RIVER BASIN","SC501","","2018-03-05",957,0.23,2018,3,5,39.00579,-95.02837,10270104,"TKN",10270104,102701,1027,10
"483799",3609611,"KANSAS/LOWER REPUBLICAN RIVER BASIN","SC501","","2018-06-18",1109,0.76,2018,6,18,39.00579,-95.02837,10270104,"TKN",10270104,102701,1027,10
"483800",3609711,"KANSAS/LOWER REPUBLICAN RIVER BASIN","SC501","","2018-09-24",1000,1.1,2018,9,24,39.00579,-95.02837,10270104,"TKN",10270104,102701,1027,10
"483801",3609810,"KANSAS/LOWER REPUBLICAN RIVER BASIN","SC501","","2018-12-10",1026,1.1,2018,12,10,39.00579,-95.02837,10270104,"TKN",10270104,102701,1027,10
"483802",3609911,"KANSAS/LOWER REPUBLICAN RIVER BASIN","SC501","","2019-01-28",911,0.4,2019,1,28,39.00579,-95.02837,10270104,"TKN",10270104,102701,1027,10
"483803",3610010,"KANSAS/LOWER REPUBLICAN RIVER BASIN","SC501","","2019-04-01",729,0.71,2019,4,1,39.00579,-95.02837,10270104,"TKN",10270104,102701,1027,10
"483804",3610115,"KANSAS/LOWER REPUBLICAN RIVER BASIN","SC501","","2019-07-08",842,0.38,2019,7,8,39.00579,-95.02837,10270104,"TKN",10270104,102701,1027,10
"483805",3610213,"KANSAS/LOWER REPUBLICAN RIVER BASIN","SC501","","2019-10-21",819,0.38,2019,10,21,39.00579,-95.02837,10270104,"TKN",10270104,102701,1027,10
"483806",3610310,"KANSAS/LOWER REPUBLICAN RIVER BASIN","SC501","","2020-02-03",855,0.33,2020,2,3,39.00579,-95.02837,10270104,"TKN",10270104,102701,1027,10
"483807",361049,"KANSAS/LOWER REPUBLICAN RIVER BASIN","SC501","","2020-08-03",900,0.73,2020,8,3,39.00579,-95.02837,10270104,"TKN",10270104,102701,1027,10
"483808",3610510,"KANSAS/LOWER REPUBLICAN RIVER BASIN","SC501","","2020-11-30",649,0.63,2020,11,30,39.00579,-95.02837,10270104,"TKN",10270104,102701,1027,10
"483809",3610610,"KANSAS/LOWER REPUBLICAN RIVER BASIN","SC501","","2021-03-01",706,0.73,2021,3,1,39.00579,-95.02837,10270104,"TKN",10270104,102701,1027,10
"483810",3610710,"KANSAS/LOWER REPUBLICAN RIVER BASIN","SC501","","2021-06-22",708,1.1,2021,6,22,39.00579,-95.02837,10270104,"TKN",10270104,102701,1027,10
"483811",3610810,"KANSAS/LOWER REPUBLICAN RIVER BASIN","SC501","","2021-09-07",720,1,2021,9,7,39.00579,-95.02837,10270104,"TKN",10270104,102701,1027,10
"483812",361099,"KANSAS/LOWER REPUBLICAN RIVER BASIN","SC501","","2021-12-06",711,0.34,2021,12,6,39.00579,-95.02837,10270104,"TKN",10270104,102701,1027,10
"483813",3611012,"KANSAS/LOWER REPUBLICAN RIVER BASIN","SC501","","2022-01-24",738,0.26,2022,1,24,39.00579,-95.02837,10270104,"TKN",10270104,102701,1027,10
"483814",3611114,"KANSAS/LOWER REPUBLICAN RIVER BASIN","SC501","","2022-04-26",713,1.2,2022,4,26,39.00579,-95.02837,10270104,"TKN",10270104,102701,1027,10
"483815",3611211,"KANSAS/LOWER REPUBLICAN RIVER BASIN","SC501","","2022-07-05",724,0.33,2022,7,5,39.00579,-95.02837,10270104,"TKN",10270104,102701,1027,10
"483816",3611311,"KANSAS/LOWER REPUBLICAN RIVER BASIN","SC501","","2022-10-18",707,0.33,2022,10,18,39.00579,-95.02837,10270104,"TKN",10270104,102701,1027,10
"483817",3611410,"KANSAS/LOWER REPUBLICAN RIVER BASIN","SC501","","2023-02-07",738,0.24,2023,2,7,39.00579,-95.02837,10270104,"TKN",10270104,102701,1027,10
"483818",361159,"KANSAS/LOWER REPUBLICAN RIVER BASIN","SC501","","2023-05-02",457,0.6,2023,5,2,39.00579,-95.02837,10270104,"TKN",10270104,102701,1027,10
"483819",3611610,"KANSAS/LOWER REPUBLICAN RIVER BASIN","SC501","","2023-08-08",513,0.4,2023,8,8,39.00579,-95.02837,10270104,"TKN",10270104,102701,1027,10
"483820",3611710,"KANSAS/LOWER REPUBLICAN RIVER BASIN","SC501","","2023-11-28",630,0.28,2023,11,28,39.00579,-95.02837,10270104,"TKN",10270104,102701,1027,10
"483821",3611810,"KANSAS/LOWER REPUBLICAN RIVER BASIN","SC501","","2024-03-05",650,0.1,2024,3,5,39.00579,-95.02837,10270104,"TKN",10270104,102701,1027,10
"483822",3611910,"KANSAS/LOWER REPUBLICAN RIVER BASIN","SC501","","2024-06-17",811,0.33,2024,6,17,39.00579,-95.02837,10270104,"TKN",10270104,102701,1027,10
"483823",3612010,"KANSAS/LOWER REPUBLICAN RIVER BASIN","SC501","","2024-09-10",643,0.76,2024,9,10,39.00579,-95.02837,10270104,"TKN",10270104,102701,1027,10
"483824",3612113,"KANSAS/LOWER REPUBLICAN RIVER BASIN","SC501","","2024-12-03",738,0.73,2024,12,3,39.00579,-95.02837,10270104,"TKN",10270104,102701,1027,10
"483825",3615612,"KANSAS/LOWER REPUBLICAN RIVER BASIN","SC502","4.0 MI. W OF JCT. US HIGHWAY 77 & K-16 AND 2.5 MI. N OF RANDOLPH","2002-01-22",1500,0.245,2002,1,22,39.47231,-96.8322,10270205,"TKN",10270205,102702,1027,10
"483826",3615711,"KANSAS/LOWER REPUBLICAN RIVER BASIN","SC502","4.0 MI. W OF JCT. US HIGHWAY 77 & K-16 AND 2.5 MI. N OF RANDOLPH","2002-03-18",1455,0.626,2002,3,18,39.47231,-96.8322,10270205,"TKN",10270205,102702,1027,10
"483827",3615812,"KANSAS/LOWER REPUBLICAN RIVER BASIN","SC502","4.0 MI. W OF JCT. US HIGHWAY 77 & K-16 AND 2.5 MI. N OF RANDOLPH","2002-05-20",1455,1.21,2002,5,20,39.47231,-96.8322,10270205,"TKN",10270205,102702,1027,10
"483828",3615911,"KANSAS/LOWER REPUBLICAN RIVER BASIN","SC502","","2002-07-22",1520,1.69,2002,7,22,39.47231,-96.8322,10270205,"TKN",10270205,102702,1027,10
"483829",3616012,"KANSAS/LOWER REPUBLICAN RIVER BASIN","SC502","","2002-09-16",1531,1.24,2002,9,16,39.47231,-96.8322,10270205,"TKN",10270205,102702,1027,10
"483830",3616115,"KANSAS/LOWER REPUBLICAN RIVER BASIN","SC502","","2002-11-18",1607,0.536,2002,11,18,39.47231,-96.8322,10270205,"TKN",10270205,102702,1027,10
"483831",3616212,"KANSAS/LOWER REPUBLICAN RIVER BASIN","SC502","","2006-01-23",1405,0.203,2006,1,23,39.47231,-96.8322,10270205,"TKN",10270205,102702,1027,10
"483832",3616311,"KANSAS/LOWER REPUBLICAN RIVER BASIN","SC502","","2006-05-15",1613,1.832,2006,5,15,39.47231,-96.8322,10270205,"TKN",10270205,102702,1027,10
"483833",3616411,"KANSAS/LOWER REPUBLICAN RIVER BASIN","SC502","","2006-05-15",1618,1.967,2006,5,15,39.47231,-96.8322,10270205,"TKN",10270205,102702,1027,10
"483834",3616510,"KANSAS/LOWER REPUBLICAN RIVER BASIN","SC502","","2006-07-17",1508,1.295,2006,7,17,39.47231,-96.8322,10270205,"TKN",10270205,102702,1027,10
"483835",3616611,"KANSAS/LOWER REPUBLICAN RIVER BASIN","SC502","","2006-09-18",1515,1.999,2006,9,18,39.47231,-96.8322,10270205,"TKN",10270205,102702,1027,10
"483836",3616710,"KANSAS/LOWER REPUBLICAN RIVER BASIN","SC502","","2006-11-13",1522,0.562,2006,11,13,39.47231,-96.8322,10270205,"TKN",10270205,102702,1027,10
"483837",3616811,"KANSAS/LOWER REPUBLICAN RIVER BASIN","SC502","","2009-02-16",1411,0.229,2009,2,16,39.47231,-96.8322,10270205,"TKN",10270205,102702,1027,10
"483838",3616910,"KANSAS/LOWER REPUBLICAN RIVER BASIN","SC502","","2009-04-20",1526,1.197,2009,4,20,39.47231,-96.8322,10270205,"TKN",10270205,102702,1027,10
"483839",3617011,"KANSAS/LOWER REPUBLICAN RIVER BASIN","SC502","","2009-06-08",1518,1.247,2009,6,8,39.47231,-96.8322,10270205,"TKN",10270205,102702,1027,10
"483840",3617114,"KANSAS/LOWER REPUBLICAN RIVER BASIN","SC502","","2009-06-08",1523,1.313,2009,6,8,39.47231,-96.8322,10270205,"TKN",10270205,102702,1027,10
"483841",3617311,"KANSAS/LOWER REPUBLICAN RIVER BASIN","SC502","","2009-10-13",1154,0.383,2009,10,13,39.47231,-96.8322,10270205,"TKN",10270205,102702,1027,10
"483842",3617410,"KANSAS/LOWER REPUBLICAN RIVER BASIN","SC502","","2009-12-14",1502,0.332,2009,12,14,39.47231,-96.8322,10270205,"TKN",10270205,102702,1027,10
"483843",3617510,"KANSAS/LOWER REPUBLICAN RIVER BASIN","SC502","","2013-02-13",1022,0.3,2013,2,13,39.47231,-96.8322,10270205,"TKN",10270205,102702,1027,10
"483844",3617611,"KANSAS/LOWER REPUBLICAN RIVER BASIN","SC502","","2013-05-14",1427,1.062,2013,5,14,39.47231,-96.8322,10270205,"TKN",10270205,102702,1027,10
"483845",3617711,"KANSAS/LOWER REPUBLICAN RIVER BASIN","SC502","","2013-08-12",914,3.7,2013,8,12,39.47231,-96.8322,10270205,"TKN",10270205,102702,1027,10
"483846",3617810,"KANSAS/LOWER REPUBLICAN RIVER BASIN","SC502","","2013-11-04",910,0.502,2013,11,4,39.47231,-96.8322,10270205,"TKN",10270205,102702,1027,10
"483847",3617911,"KANSAS/LOWER REPUBLICAN RIVER BASIN","SC502","","2017-03-15",1023,0.37,2017,3,15,39.47231,-96.8322,10270205,"TKN",10270205,102702,1027,10
"483848",3618011,"KANSAS/LOWER REPUBLICAN RIVER BASIN","SC502","","2017-06-13",1515,0.91,2017,6,13,39.47231,-96.8322,10270205,"TKN",10270205,102702,1027,10
"483849",3618115,"KANSAS/LOWER REPUBLICAN RIVER BASIN","SC502","","2017-09-12",1508,0.93,2017,9,12,39.47231,-96.8322,10270205,"TKN",10270205,102702,1027,10
"483850",3618212,"KANSAS/LOWER REPUBLICAN RIVER BASIN","SC502","","2017-12-05",1416,0.28,2017,12,5,39.47231,-96.8322,10270205,"TKN",10270205,102702,1027,10
"483851",3618310,"KANSAS/LOWER REPUBLICAN RIVER BASIN","SC502","","2021-01-04",757,0.51,2021,1,4,39.47231,-96.8322,10270205,"TKN",10270205,102702,1027,10
"483852",3618410,"KANSAS/LOWER REPUBLICAN RIVER BASIN","SC502","","2021-04-05",726,1.1,2021,4,5,39.47231,-96.8322,10270205,"TKN",10270205,102702,1027,10
"483853",361859,"KANSAS/LOWER REPUBLICAN RIVER BASIN","SC502","","2021-07-14",717,0.7,2021,7,14,39.47231,-96.8322,10270205,"TKN",10270205,102702,1027,10
"483854",3618610,"KANSAS/LOWER REPUBLICAN RIVER BASIN","SC502","","2021-10-04",701,0.55,2021,10,4,39.47231,-96.8322,10270205,"TKN",10270205,102702,1027,10
"483855",3625213,"KANSAS/LOWER REPUBLICAN RIVER BASIN","SC503","3.0 MI. SE AND 1.25 MI. SOUTH OF CLAY CENTER","2000-01-19",1110,0.64,2000,1,19,39.30269,-97.05294,10250017,"TKN",10250017,102500,1025,10
"483856",3625312,"KANSAS/LOWER REPUBLICAN RIVER BASIN","SC503","3.0 MI. SE AND 1.25 MI. SOUTH OF CLAY CENTER","2000-03-21",1055,1.19,2000,3,21,39.30269,-97.05294,10250017,"TKN",10250017,102500,1025,10
"483857",3625411,"KANSAS/LOWER REPUBLICAN RIVER BASIN","SC503","3.0 MI. SE AND 1.25 MI. SOUTH OF CLAY CENTER","2000-05-16",1025,0.9,2000,5,16,39.30269,-97.05294,10250017,"TKN",10250017,102500,1025,10
"483858",3625512,"KANSAS/LOWER REPUBLICAN RIVER BASIN","SC503","3.0 MI. SE AND 1.25 MI. SOUTH OF CLAY CENTER","2000-07-18",1130,3.77,2000,7,18,39.30269,-97.05294,10250017,"TKN",10250017,102500,1025,10
"483859",3625611,"KANSAS/LOWER REPUBLICAN RIVER BASIN","SC503","3.0 MI. SE AND 1.25 MI. SOUTH OF CLAY CENTER","2000-09-19",1100,1.023,2000,9,19,39.30269,-97.05294,10250017,"TKN",10250017,102500,1025,10
"483860",3625712,"KANSAS/LOWER REPUBLICAN RIVER BASIN","SC503","3.0 MI. SE AND 1.25 MI. SOUTH OF CLAY CENTER","2000-11-14",1220,1.22,2000,11,14,39.30269,-97.05294,10250017,"TKN",10250017,102500,1025,10
"483861",3625811,"KANSAS/LOWER REPUBLICAN RIVER BASIN","SC503","3.0 MI. SE AND 1.25 MI. SOUTH OF CLAY CENTER","2001-02-13",1110,1,2001,2,13,39.30269,-97.05294,10250017,"TKN",10250017,102500,1025,10
"483862",3625912,"KANSAS/LOWER REPUBLICAN RIVER BASIN","SC503","3.0 MI. SE AND 1.25 MI. SOUTH OF CLAY CENTER","2001-04-17",1055,0.544,2001,4,17,39.30269,-97.05294,10250017,"TKN",10250017,102500,1025,10
"483863",3626011,"KANSAS/LOWER REPUBLICAN RIVER BASIN","SC503","3.0 MI. SE AND 1.25 MI. SOUTH OF CLAY CENTER","2001-06-19",1100,1.282,2001,6,19,39.30269,-97.05294,10250017,"TKN",10250017,102500,1025,10
"483864",3626115,"KANSAS/LOWER REPUBLICAN RIVER BASIN","SC503","3.0 MI. SE AND 1.25 MI. SOUTH OF CLAY CENTER","2001-08-21",1035,1.461,2001,8,21,39.30269,-97.05294,10250017,"TKN",10250017,102500,1025,10
"483865",3626212,"KANSAS/LOWER REPUBLICAN RIVER BASIN","SC503","3.0 MI. SE AND 1.25 MI. SOUTH OF CLAY CENTER","2001-10-16",1105,0.846,2001,10,16,39.30269,-97.05294,10250017,"TKN",10250017,102500,1025,10
"483866",3626312,"KANSAS/LOWER REPUBLICAN RIVER BASIN","SC503","3.0 MI. SE AND 1.25 MI. SOUTH OF CLAY CENTER","2001-12-18",1025,0.957,2001,12,18,39.30269,-97.05294,10250017,"TKN",10250017,102500,1025,10
"483867",3626412,"KANSAS/LOWER REPUBLICAN RIVER BASIN","SC503","3.0 MI. SE AND 1.25 MI. SOUTH OF CLAY CENTER","2002-01-22",1615,0.608,2002,1,22,39.30269,-97.05294,10250017,"TKN",10250017,102500,1025,10
"483868",3626511,"KANSAS/LOWER REPUBLICAN RIVER BASIN","SC503","3.0 MI. SE AND 1.25 MI. SOUTH OF CLAY CENTER","2002-03-18",1605,0.755,2002,3,18,39.30269,-97.05294,10250017,"TKN",10250017,102500,1025,10
"483869",3626612,"KANSAS/LOWER REPUBLICAN RIVER BASIN","SC503","3.0 MI. SE AND 1.25 MI. SOUTH OF CLAY CENTER","2002-05-20",1605,0.964,2002,5,20,39.30269,-97.05294,10250017,"TKN",10250017,102500,1025,10
"483870",3627115,"KANSAS/LOWER REPUBLICAN RIVER BASIN","SC503","","2003-04-14",1653,0.847,2003,4,14,39.30269,-97.05294,10250017,"TKN",10250017,102500,1025,10
"483871",3627213,"KANSAS/LOWER REPUBLICAN RIVER BASIN","SC503","","2003-06-16",1605,1.67,2003,6,16,39.30269,-97.05294,10250017,"TKN",10250017,102500,1025,10
"483872",3627311,"KANSAS/LOWER REPUBLICAN RIVER BASIN","SC503","","2003-08-18",1624,1.25,2003,8,18,39.30269,-97.05294,10250017,"TKN",10250017,102500,1025,10
"483873",3627410,"KANSAS/LOWER REPUBLICAN RIVER BASIN","SC503","","2003-10-20",1617,0.572,2003,10,20,39.30269,-97.05294,10250017,"TKN",10250017,102500,1025,10
"483874",3627511,"KANSAS/LOWER REPUBLICAN RIVER BASIN","SC503","","2004-03-15",1617,1.041,2004,3,15,39.30269,-97.05294,10250017,"TKN",10250017,102500,1025,10
"483875",3627610,"KANSAS/LOWER REPUBLICAN RIVER BASIN","SC503","","2004-05-17",1727,2.456,2004,5,17,39.30269,-97.05294,10250017,"TKN",10250017,102500,1025,10
"483876",3627711,"KANSAS/LOWER REPUBLICAN RIVER BASIN","SC503","","2004-07-19",1530,1.187,2004,7,19,39.30269,-97.05294,10250017,"TKN",10250017,102500,1025,10
"483877",3627810,"KANSAS/LOWER REPUBLICAN RIVER BASIN","SC503","","2004-09-20",1618,0.887,2004,9,20,39.30269,-97.05294,10250017,"TKN",10250017,102500,1025,10
"483878",3627911,"KANSAS/LOWER REPUBLICAN RIVER BASIN","SC503","","2004-11-15",1538,0.4,2004,11,15,39.30269,-97.05294,10250017,"TKN",10250017,102500,1025,10
"483879",3628011,"KANSAS/LOWER REPUBLICAN RIVER BASIN","SC503","","2004-11-15",1543,0.346,2004,11,15,39.30269,-97.05294,10250017,"TKN",10250017,102500,1025,10
"483880",3628114,"KANSAS/LOWER REPUBLICAN RIVER BASIN","SC503","","2005-02-14",1448,5.532,2005,2,14,39.30269,-97.05294,10250017,"TKN",10250017,102500,1025,10
"483881",3628212,"KANSAS/LOWER REPUBLICAN RIVER BASIN","SC503","","2005-04-18",1613,1.991,2005,4,18,39.30269,-97.05294,10250017,"TKN",10250017,102500,1025,10
"483882",3628311,"KANSAS/LOWER REPUBLICAN RIVER BASIN","SC503","","2005-06-13",1430,2.823,2005,6,13,39.30269,-97.05294,10250017,"TKN",10250017,102500,1025,10
"483883",3628411,"KANSAS/LOWER REPUBLICAN RIVER BASIN","SC503","","2005-08-15",1427,2.47,2005,8,15,39.30269,-97.05294,10250017,"TKN",10250017,102500,1025,10
"483884",3628511,"KANSAS/LOWER REPUBLICAN RIVER BASIN","SC503","","2005-08-15",1432,1.763,2005,8,15,39.30269,-97.05294,10250017,"TKN",10250017,102500,1025,10
"483885",3628610,"KANSAS/LOWER REPUBLICAN RIVER BASIN","SC503","","2005-10-17",1658,0.96,2005,10,17,39.30269,-97.05294,10250017,"TKN",10250017,102500,1025,10
"483886",3628711,"KANSAS/LOWER REPUBLICAN RIVER BASIN","SC503","","2005-12-19",1452,0.322,2005,12,19,39.30269,-97.05294,10250017,"TKN",10250017,102500,1025,10
"483887",3628811,"KANSAS/LOWER REPUBLICAN RIVER BASIN","SC503","","2006-01-23",1447,0.152,2006,1,23,39.30269,-97.05294,10250017,"TKN",10250017,102500,1025,10
"483888",3628911,"KANSAS/LOWER REPUBLICAN RIVER BASIN","SC503","","2006-05-15",1659,1.174,2006,5,15,39.30269,-97.05294,10250017,"TKN",10250017,102500,1025,10
"483889",3629010,"KANSAS/LOWER REPUBLICAN RIVER BASIN","SC503","","2006-07-17",1550,1.832,2006,7,17,39.30269,-97.05294,10250017,"TKN",10250017,102500,1025,10
"483890",3629115,"KANSAS/LOWER REPUBLICAN RIVER BASIN","SC503","","2006-09-18",1552,3.261,2006,9,18,39.30269,-97.05294,10250017,"TKN",10250017,102500,1025,10
"483891",3629212,"KANSAS/LOWER REPUBLICAN RIVER BASIN","SC503","","2006-11-13",1559,0.436,2006,11,13,39.30269,-97.05294,10250017,"TKN",10250017,102500,1025,10
"483892",3629310,"KANSAS/LOWER REPUBLICAN RIVER BASIN","SC503","","2007-02-19",1719,6.247,2007,2,19,39.30269,-97.05294,10250017,"TKN",10250017,102500,1025,10
"483893",3629411,"KANSAS/LOWER REPUBLICAN RIVER BASIN","SC503","","2007-04-16",1622,1.357,2007,4,16,39.30269,-97.05294,10250017,"TKN",10250017,102500,1025,10
"483894",3629510,"KANSAS/LOWER REPUBLICAN RIVER BASIN","SC503","","2007-06-18",1549,0.582,2007,6,18,39.30269,-97.05294,10250017,"TKN",10250017,102500,1025,10
"483895",3629611,"KANSAS/LOWER REPUBLICAN RIVER BASIN","SC503","","2007-08-20",1706,1.31,2007,8,20,39.30269,-97.05294,10250017,"TKN",10250017,102500,1025,10
"483896",3629710,"KANSAS/LOWER REPUBLICAN RIVER BASIN","SC503","","2007-10-15",1538,4.657,2007,10,15,39.30269,-97.05294,10250017,"TKN",10250017,102500,1025,10
"483897",3629811,"KANSAS/LOWER REPUBLICAN RIVER BASIN","SC503","","2007-12-17",1630,1.105,2007,12,17,39.30269,-97.05294,10250017,"TKN",10250017,102500,1025,10
"483898",3629911,"KANSAS/LOWER REPUBLICAN RIVER BASIN","SC503","","2008-01-28",1412,0.559,2008,1,28,39.30269,-97.05294,10250017,"TKN",10250017,102500,1025,10
"483899",3630010,"KANSAS/LOWER REPUBLICAN RIVER BASIN","SC503","","2008-03-17",1453,0.636,2008,3,17,39.30269,-97.05294,10250017,"TKN",10250017,102500,1025,10
"483900",3630114,"KANSAS/LOWER REPUBLICAN RIVER BASIN","SC503","","2008-05-19",1356,1.025,2008,5,19,39.30269,-97.05294,10250017,"TKN",10250017,102500,1025,10
"483901",3630212,"KANSAS/LOWER REPUBLICAN RIVER BASIN","SC503","","2008-07-21",1432,2.524,2008,7,21,39.30269,-97.05294,10250017,"TKN",10250017,102500,1025,10
"483902",3630311,"KANSAS/LOWER REPUBLICAN RIVER BASIN","SC503","","2008-09-15",1546,2.901,2008,9,15,39.30269,-97.05294,10250017,"TKN",10250017,102500,1025,10
"483903",3630410,"KANSAS/LOWER REPUBLICAN RIVER BASIN","SC503","","2008-11-17",1431,1.039,2008,11,17,39.30269,-97.05294,10250017,"TKN",10250017,102500,1025,10
"483904",3630511,"KANSAS/LOWER REPUBLICAN RIVER BASIN","SC503","","2009-02-16",1450,0.597,2009,2,16,39.30269,-97.05294,10250017,"TKN",10250017,102500,1025,10
"483905",3630610,"KANSAS/LOWER REPUBLICAN RIVER BASIN","SC503","","2009-04-20",1605,0.989,2009,4,20,39.30269,-97.05294,10250017,"TKN",10250017,102500,1025,10
"483906",3630711,"KANSAS/LOWER REPUBLICAN RIVER BASIN","SC503","","2009-06-08",1601,2.544,2009,6,8,39.30269,-97.05294,10250017,"TKN",10250017,102500,1025,10
"483907",3630911,"KANSAS/LOWER REPUBLICAN RIVER BASIN","SC503","","2009-10-13",1117,0.453,2009,10,13,39.30269,-97.05294,10250017,"TKN",10250017,102500,1025,10
"483908",3631010,"KANSAS/LOWER REPUBLICAN RIVER BASIN","SC503","","2009-12-14",1538,0.654,2009,12,14,39.30269,-97.05294,10250017,"TKN",10250017,102500,1025,10
"483909",3631114,"KANSAS/LOWER REPUBLICAN RIVER BASIN","SC503","","2010-02-01",940,0.906,2010,2,1,39.30269,-97.05294,10250017,"TKN",10250017,102500,1025,10
"483910",3631212,"KANSAS/LOWER REPUBLICAN RIVER BASIN","SC503","","2010-05-03",922,3.722,2010,5,3,39.30269,-97.05294,10250017,"TKN",10250017,102500,1025,10
"483911",3631311,"KANSAS/LOWER REPUBLICAN RIVER BASIN","SC503","","2010-08-02",923,1.87,2010,8,2,39.30269,-97.05294,10250017,"TKN",10250017,102500,1025,10
"483912",3631410,"KANSAS/LOWER REPUBLICAN RIVER BASIN","SC503","","2010-11-01",925,0.558,2010,11,1,39.30269,-97.05294,10250017,"TKN",10250017,102500,1025,10
"483913",3631511,"KANSAS/LOWER REPUBLICAN RIVER BASIN","SC503","","2011-03-09",936,0.84,2011,3,9,39.30269,-97.05294,10250017,"TKN",10250017,102500,1025,10
"483914",3631611,"KANSAS/LOWER REPUBLICAN RIVER BASIN","SC503","","2011-03-09",941,0.742,2011,3,9,39.30269,-97.05294,10250017,"TKN",10250017,102500,1025,10
"483915",3631710,"KANSAS/LOWER REPUBLICAN RIVER BASIN","SC503","","2011-06-06",1606,1.624,2011,6,6,39.30269,-97.05294,10250017,"TKN",10250017,102500,1025,10
"483916",3631811,"KANSAS/LOWER REPUBLICAN RIVER BASIN","SC503","","2011-09-14",907,1.117,2011,9,14,39.30269,-97.05294,10250017,"TKN",10250017,102500,1025,10
"483917",3631910,"KANSAS/LOWER REPUBLICAN RIVER BASIN","SC503","","2011-12-14",903,1.075,2011,12,14,39.30269,-97.05294,10250017,"TKN",10250017,102500,1025,10
"483918",3632010,"KANSAS/LOWER REPUBLICAN RIVER BASIN","SC503","","2012-01-09",947,0.686,2012,1,9,39.30269,-97.05294,10250017,"TKN",10250017,102500,1025,10
"483919",3632115,"KANSAS/LOWER REPUBLICAN RIVER BASIN","SC503","","2012-04-23",1007,1.479,2012,4,23,39.30269,-97.05294,10250017,"TKN",10250017,102500,1025,10
"483920",3632212,"KANSAS/LOWER REPUBLICAN RIVER BASIN","SC503","","2012-07-09",1003,2.278,2012,7,9,39.30269,-97.05294,10250017,"TKN",10250017,102500,1025,10
"483921",3632311,"KANSAS/LOWER REPUBLICAN RIVER BASIN","SC503","","2012-10-08",1029,0.541,2012,10,8,39.30269,-97.05294,10250017,"TKN",10250017,102500,1025,10
"483922",3632410,"KANSAS/LOWER REPUBLICAN RIVER BASIN","SC503","","2013-02-11",931,0.431,2013,2,11,39.30269,-97.05294,10250017,"TKN",10250017,102500,1025,10
"483923",3632511,"KANSAS/LOWER REPUBLICAN RIVER BASIN","SC503","","2013-05-13",949,1.418,2013,5,13,39.30269,-97.05294,10250017,"TKN",10250017,102500,1025,10
"483924",3632611,"KANSAS/LOWER REPUBLICAN RIVER BASIN","SC503","","2013-08-12",1026,0.995,2013,8,12,39.30269,-97.05294,10250017,"TKN",10250017,102500,1025,10
"483925",3632711,"KANSAS/LOWER REPUBLICAN RIVER BASIN","SC503","","2013-11-04",955,0.509,2013,11,4,39.30269,-97.05294,10250017,"TKN",10250017,102500,1025,10
"483926",3632811,"KANSAS/LOWER REPUBLICAN RIVER BASIN","SC503","","2014-03-10",1112,0.96,2014,3,10,39.30269,-97.05294,10250017,"TKN",10250017,102500,1025,10
"483927",3632910,"KANSAS/LOWER REPUBLICAN RIVER BASIN","SC503","","2014-06-09",1028,3.5,2014,6,9,39.30269,-97.05294,10250017,"TKN",10250017,102500,1025,10
"483928",3633011,"KANSAS/LOWER REPUBLICAN RIVER BASIN","SC503","","2014-09-15",1103,1.8,2014,9,15,39.30269,-97.05294,10250017,"TKN",10250017,102500,1025,10
"483929",3633114,"KANSAS/LOWER REPUBLICAN RIVER BASIN","SC503","","2014-12-08",1134,0.42,2014,12,8,39.30269,-97.05294,10250017,"TKN",10250017,102500,1025,10
"483930",3633212,"KANSAS/LOWER REPUBLICAN RIVER BASIN","SC503","","2015-01-14",1018,0.69,2015,1,14,39.30269,-97.05294,10250017,"TKN",10250017,102500,1025,10
"483931",3633311,"KANSAS/LOWER REPUBLICAN RIVER BASIN","SC503","","2015-04-13",1557,1.2,2015,4,13,39.30269,-97.05294,10250017,"TKN",10250017,102500,1025,10
"483932",3633410,"KANSAS/LOWER REPUBLICAN RIVER BASIN","SC503","","2015-07-20",1044,3.4,2015,7,20,39.30269,-97.05294,10250017,"TKN",10250017,102500,1025,10
"483933",3633511,"KANSAS/LOWER REPUBLICAN RIVER BASIN","SC503","","2015-10-21",1031,0.49,2015,10,21,39.30269,-97.05294,10250017,"TKN",10250017,102500,1025,10
"483934",3633610,"KANSAS/LOWER REPUBLICAN RIVER BASIN","SC503","","2016-02-22",957,0.81,2016,2,22,39.30269,-97.05294,10250017,"TKN",10250017,102500,1025,10
"483935",3633711,"KANSAS/LOWER REPUBLICAN RIVER BASIN","SC503","","2016-05-16",1713,2,2016,5,16,39.30269,-97.05294,10250017,"TKN",10250017,102500,1025,10
"483936",3633811,"KANSAS/LOWER REPUBLICAN RIVER BASIN","SC503","","2016-08-15",1540,1.6,2016,8,15,39.30269,-97.05294,10250017,"TKN",10250017,102500,1025,10
"483937",3633910,"KANSAS/LOWER REPUBLICAN RIVER BASIN","SC503","","2016-11-14",1319,0.53,2016,11,14,39.30269,-97.05294,10250017,"TKN",10250017,102500,1025,10
"483938",3634010,"KANSAS/LOWER REPUBLICAN RIVER BASIN","SC503","","2017-03-13",1511,0.59,2017,3,13,39.30269,-97.05294,10250017,"TKN",10250017,102500,1025,10
"483939",3634115,"KANSAS/LOWER REPUBLICAN RIVER BASIN","SC503","","2017-06-12",1434,1.4,2017,6,12,39.30269,-97.05294,10250017,"TKN",10250017,102500,1025,10
"483940",3634212,"KANSAS/LOWER REPUBLICAN RIVER BASIN","SC503","","2017-09-11",1445,1.2,2017,9,11,39.30269,-97.05294,10250017,"TKN",10250017,102500,1025,10
"483941",3634311,"KANSAS/LOWER REPUBLICAN RIVER BASIN","SC503","","2017-12-04",1447,0.98,2017,12,4,39.30269,-97.05294,10250017,"TKN",10250017,102500,1025,10
"483942",3634411,"KANSAS/LOWER REPUBLICAN RIVER BASIN","SC503","","2017-12-04",1452,0.41,2017,12,4,39.30269,-97.05294,10250017,"TKN",10250017,102500,1025,10
"483943",3634511,"KANSAS/LOWER REPUBLICAN RIVER BASIN","SC503","","2018-01-08",1439,0.4,2018,1,8,39.30269,-97.05294,10250017,"TKN",10250017,102500,1025,10
"483944",3634610,"KANSAS/LOWER REPUBLICAN RIVER BASIN","SC503","","2018-04-09",1424,0.5,2018,4,9,39.30269,-97.05294,10250017,"TKN",10250017,102500,1025,10
"483945",3634711,"KANSAS/LOWER REPUBLICAN RIVER BASIN","SC503","","2018-07-23",1501,1.4,2018,7,23,39.30269,-97.05294,10250017,"TKN",10250017,102500,1025,10
"483946",3634810,"KANSAS/LOWER REPUBLICAN RIVER BASIN","SC503","","2018-10-15",1419,1.7,2018,10,15,39.30269,-97.05294,10250017,"TKN",10250017,102500,1025,10
"483947",3634911,"KANSAS/LOWER REPUBLICAN RIVER BASIN","SC503","","2019-02-11",1606,0.92,2019,2,11,39.30269,-97.05294,10250017,"TKN",10250017,102500,1025,10
"483948",3635011,"KANSAS/LOWER REPUBLICAN RIVER BASIN","SC503","","2019-05-20",1649,1.7,2019,5,20,39.30269,-97.05294,10250017,"TKN",10250017,102500,1025,10
"483949",3635114,"KANSAS/LOWER REPUBLICAN RIVER BASIN","SC503","","2019-08-19",1704,0.6,2019,8,19,39.30269,-97.05294,10250017,"TKN",10250017,102500,1025,10
"483950",3635212,"KANSAS/LOWER REPUBLICAN RIVER BASIN","SC503","","2019-11-04",952,0.94,2019,11,4,39.30269,-97.05294,10250017,"TKN",10250017,102500,1025,10
"483951",3635310,"KANSAS/LOWER REPUBLICAN RIVER BASIN","SC503","","2020-03-02",1438,1.1,2020,3,2,39.30269,-97.05294,10250017,"TKN",10250017,102500,1025,10
"483952",3635410,"KANSAS/LOWER REPUBLICAN RIVER BASIN","SC503","","2020-09-14",1025,0.58,2020,9,14,39.30269,-97.05294,10250017,"TKN",10250017,102500,1025,10
"483953",363559,"KANSAS/LOWER REPUBLICAN RIVER BASIN","SC503","","2020-12-07",1225,0.44,2020,12,7,39.30269,-97.05294,10250017,"TKN",10250017,102500,1025,10
"483954",363569,"KANSAS/LOWER REPUBLICAN RIVER BASIN","SC503","","2021-01-04",747,0.41,2021,1,4,39.30269,-97.05294,10250017,"TKN",10250017,102500,1025,10
"483955",3635710,"KANSAS/LOWER REPUBLICAN RIVER BASIN","SC503","","2021-04-05",730,1.5,2021,4,5,39.30269,-97.05294,10250017,"TKN",10250017,102500,1025,10
"483956",3635811,"KANSAS/LOWER REPUBLICAN RIVER BASIN","SC503","","2021-07-12",735,2.3,2021,7,12,39.30269,-97.05294,10250017,"TKN",10250017,102500,1025,10
"483957",3635911,"KANSAS/LOWER REPUBLICAN RIVER BASIN","SC503","","2021-07-12",740,3.9,2021,7,12,39.30269,-97.05294,10250017,"TKN",10250017,102500,1025,10
"483958",3636010,"KANSAS/LOWER REPUBLICAN RIVER BASIN","SC503","","2021-10-04",723,0.62,2021,10,4,39.30269,-97.05294,10250017,"TKN",10250017,102500,1025,10
"483959",3636114,"KANSAS/LOWER REPUBLICAN RIVER BASIN","SC503","","2022-02-07",849,0.52,2022,2,7,39.30269,-97.05294,10250017,"TKN",10250017,102500,1025,10
"483960",3636211,"KANSAS/LOWER REPUBLICAN RIVER BASIN","SC503","","2022-05-02",906,4.7,2022,5,2,39.30269,-97.05294,10250017,"TKN",10250017,102500,1025,10
"483961",3636310,"KANSAS/LOWER REPUBLICAN RIVER BASIN","SC503","","2022-08-01",1553,0.67,2022,8,1,39.30269,-97.05294,10250017,"TKN",10250017,102500,1025,10
"483962",3636410,"KANSAS/LOWER REPUBLICAN RIVER BASIN","SC503","","2022-11-07",854,0.48,2022,11,7,39.30269,-97.05294,10250017,"TKN",10250017,102500,1025,10
"483963",3636510,"KANSAS/LOWER REPUBLICAN RIVER BASIN","SC503","","2023-03-06",744,1,2023,3,6,39.30269,-97.05294,10250017,"TKN",10250017,102500,1025,10
"483964",3636610,"KANSAS/LOWER REPUBLICAN RIVER BASIN","SC503","","2023-06-05",826,0.61,2023,6,5,39.30269,-97.05294,10250017,"TKN",10250017,102500,1025,10
"483965",363679,"KANSAS/LOWER REPUBLICAN RIVER BASIN","SC503","","2023-09-18",658,0.39,2023,9,18,39.30269,-97.05294,10250017,"TKN",10250017,102500,1025,10
"483966",3636810,"KANSAS/LOWER REPUBLICAN RIVER BASIN","SC503","","2023-12-04",710,0.26,2023,12,4,39.30269,-97.05294,10250017,"TKN",10250017,102500,1025,10
"483967",3636910,"KANSAS/LOWER REPUBLICAN RIVER BASIN","SC503","","2024-01-22",748,0.6,2024,1,22,39.30269,-97.05294,10250017,"TKN",10250017,102500,1025,10
"483968",363709,"KANSAS/LOWER REPUBLICAN RIVER BASIN","SC503","","2024-04-08",735,0.34,2024,4,8,39.30269,-97.05294,10250017,"TKN",10250017,102500,1025,10
"483969",3637114,"KANSAS/LOWER REPUBLICAN RIVER BASIN","SC503","","2024-07-08",714,0.56,2024,7,8,39.30269,-97.05294,10250017,"TKN",10250017,102500,1025,10
"483970",3637211,"KANSAS/LOWER REPUBLICAN RIVER BASIN","SC503","","2024-10-07",831,0.4,2024,10,7,39.30269,-97.05294,10250017,"TKN",10250017,102500,1025,10
"483971",3639115,"KANSAS/LOWER REPUBLICAN RIVER BASIN","SC504","ON US HIGHWAY 24, 2.5 MI. W OF CLAY CENTER","2002-01-22",1540,0.566,2002,1,22,39.379955,-97.175023,10250017,"TKN",10250017,102500,1025,10
"483972",3639213,"KANSAS/LOWER REPUBLICAN RIVER BASIN","SC504","ON US HIGHWAY 24, 2.5 MI. W OF CLAY CENTER","2002-03-18",1535,0.812,2002,3,18,39.379955,-97.175023,10250017,"TKN",10250017,102500,1025,10
"483973",3639312,"KANSAS/LOWER REPUBLICAN RIVER BASIN","SC504","ON US HIGHWAY 24, 2.5 MI. W OF CLAY CENTER","2002-05-20",1535,0.692,2002,5,20,39.379955,-97.175023,10250017,"TKN",10250017,102500,1025,10
"483974",3639411,"KANSAS/LOWER REPUBLICAN RIVER BASIN","SC504","","2002-07-22",1620,1.483,2002,7,22,39.379955,-97.175023,10250017,"TKN",10250017,102500,1025,10
"483975",3639512,"KANSAS/LOWER REPUBLICAN RIVER BASIN","SC504","","2002-09-16",1642,0.776,2002,9,16,39.379955,-97.175023,10250017,"TKN",10250017,102500,1025,10
"483976",3639611,"KANSAS/LOWER REPUBLICAN RIVER BASIN","SC504","","2002-11-18",1650,0.414,2002,11,18,39.379955,-97.175023,10250017,"TKN",10250017,102500,1025,10
"483977",3639711,"KANSAS/LOWER REPUBLICAN RIVER BASIN","SC504","","2004-03-15",1525,1.051,2004,3,15,39.379955,-97.175023,10250017,"TKN",10250017,102500,1025,10
"483978",3639810,"KANSAS/LOWER REPUBLICAN RIVER BASIN","SC504","","2004-05-17",1635,1.759,2004,5,17,39.379955,-97.175023,10250017,"TKN",10250017,102500,1025,10
"483979",3639911,"KANSAS/LOWER REPUBLICAN RIVER BASIN","SC504","","2004-07-19",1447,1.588,2004,7,19,39.379955,-97.175023,10250017,"TKN",10250017,102500,1025,10
"483980",3640010,"KANSAS/LOWER REPUBLICAN RIVER BASIN","SC504","","2004-09-20",1535,0.708,2004,9,20,39.379955,-97.175023,10250017,"TKN",10250017,102500,1025,10
"483981",3640115,"KANSAS/LOWER REPUBLICAN RIVER BASIN","SC504","","2004-11-15",1442,0.863,2004,11,15,39.379955,-97.175023,10250017,"TKN",10250017,102500,1025,10
"483982",3640212,"KANSAS/LOWER REPUBLICAN RIVER BASIN","SC504","","2008-01-28",1436,0.478,2008,1,28,39.379955,-97.175023,10250017,"TKN",10250017,102500,1025,10
"483983",3640311,"KANSAS/LOWER REPUBLICAN RIVER BASIN","SC504","","2008-03-17",1433,0.61,2008,3,17,39.379955,-97.175023,10250017,"TKN",10250017,102500,1025,10
"483984",3640411,"KANSAS/LOWER REPUBLICAN RIVER BASIN","SC504","","2008-05-19",1307,1.11,2008,5,19,39.379955,-97.175023,10250017,"TKN",10250017,102500,1025,10
"483985",3640510,"KANSAS/LOWER REPUBLICAN RIVER BASIN","SC504","","2008-07-21",1342,2.723,2008,7,21,39.379955,-97.175023,10250017,"TKN",10250017,102500,1025,10
"483986",3640611,"KANSAS/LOWER REPUBLICAN RIVER BASIN","SC504","","2008-09-15",1458,2.585,2008,9,15,39.379955,-97.175023,10250017,"TKN",10250017,102500,1025,10
"483987",3640710,"KANSAS/LOWER REPUBLICAN RIVER BASIN","SC504","","2008-11-17",1345,0.942,2008,11,17,39.379955,-97.175023,10250017,"TKN",10250017,102500,1025,10
"483988",3640811,"KANSAS/LOWER REPUBLICAN RIVER BASIN","SC504","","2012-01-09",1011,0.658,2012,1,9,39.379955,-97.175023,10250017,"TKN",10250017,102500,1025,10
"483989",3640911,"KANSAS/LOWER REPUBLICAN RIVER BASIN","SC504","","2012-04-23",1036,1.493,2012,4,23,39.379955,-97.175023,10250017,"TKN",10250017,102500,1025,10
"483990",3641011,"KANSAS/LOWER REPUBLICAN RIVER BASIN","SC504","","2012-07-09",1033,2.247,2012,7,9,39.379955,-97.175023,10250017,"TKN",10250017,102500,1025,10
"483991",3641114,"KANSAS/LOWER REPUBLICAN RIVER BASIN","SC504","","2012-10-08",1058,0.413,2012,10,8,39.379955,-97.175023,10250017,"TKN",10250017,102500,1025,10
"483992",3641212,"KANSAS/LOWER REPUBLICAN RIVER BASIN","SC504","","2012-10-08",1103,0.332,2012,10,8,39.379955,-97.175023,10250017,"TKN",10250017,102500,1025,10
"483993",3641311,"KANSAS/LOWER REPUBLICAN RIVER BASIN","SC504","","2016-02-22",1030,0.8,2016,2,22,39.379955,-97.175023,10250017,"TKN",10250017,102500,1025,10
"483994",3641411,"KANSAS/LOWER REPUBLICAN RIVER BASIN","SC504","","2016-05-18",825,3.3,2016,5,18,39.379955,-97.175023,10250017,"TKN",10250017,102500,1025,10
"483995",3641511,"KANSAS/LOWER REPUBLICAN RIVER BASIN","SC504","","2016-08-17",832,1.8,2016,8,17,39.379955,-97.175023,10250017,"TKN",10250017,102500,1025,10
"483996",3641610,"KANSAS/LOWER REPUBLICAN RIVER BASIN","SC504","","2016-11-16",805,0.61,2016,11,16,39.379955,-97.175023,10250017,"TKN",10250017,102500,1025,10
"483997",364179,"KANSAS/LOWER REPUBLICAN RIVER BASIN","SC504","","2020-03-02",1521,1,2020,3,2,39.379955,-97.175023,10250017,"TKN",10250017,102500,1025,10
"483998",3641810,"KANSAS/LOWER REPUBLICAN RIVER BASIN","SC504","","2020-09-14",1056,0.69,2020,9,14,39.379955,-97.175023,10250017,"TKN",10250017,102500,1025,10
"483999",364199,"KANSAS/LOWER REPUBLICAN RIVER BASIN","SC504","","2020-12-07",1313,0.51,2020,12,7,39.379955,-97.175023,10250017,"TKN",10250017,102500,1025,10
"484000",364209,"KANSAS/LOWER REPUBLICAN RIVER BASIN","SC504","","2024-04-08",825,0.29,2024,4,8,39.379955,-97.175023,10250017,"TKN",10250017,102500,1025,10
"484001",3642114,"KANSAS/LOWER REPUBLICAN RIVER BASIN","SC504","","2024-07-08",754,0.53,2024,7,8,39.379955,-97.175023,10250017,"TKN",10250017,102500,1025,10
"484002",3642211,"KANSAS/LOWER REPUBLICAN RIVER BASIN","SC504","","2024-10-07",934,0.43,2024,10,7,39.379955,-97.175023,10250017,"TKN",10250017,102500,1025,10
"484003",3648011,"KANSAS/LOWER REPUBLICAN RIVER BASIN","SC505","4.0 MI. SW, 2.0 MI. S, 0.5 MI. W AND 0.5 MI. S OF FRANKFORT","2000-01-18",1020,0.297,2000,1,18,39.6456,-96.50635,10270205,"TKN",10270205,102702,1027,10
"484004",3648116,"KANSAS/LOWER REPUBLICAN RIVER BASIN","SC505","4.0 MI. SW, 2.0 MI. S, 0.5 MI. W AND 0.5 MI. S OF FRANKFORT","2000-03-20",1050,0.388,2000,3,20,39.6456,-96.50635,10270205,"TKN",10270205,102702,1027,10
"484005",3648212,"KANSAS/LOWER REPUBLICAN RIVER BASIN","SC505","4.0 MI. SW, 2.0 MI. S, 0.5 MI. W AND 0.5 MI. S OF FRANKFORT","2000-05-15",1120,0.733,2000,5,15,39.6456,-96.50635,10270205,"TKN",10270205,102702,1027,10
"484006",3648312,"KANSAS/LOWER REPUBLICAN RIVER BASIN","SC505","4.0 MI. SW, 2.0 MI. S, 0.5 MI. W AND 0.5 MI. S OF FRANKFORT","2000-07-17",1030,2.642,2000,7,17,39.6456,-96.50635,10270205,"TKN",10270205,102702,1027,10
"484007",3648411,"KANSAS/LOWER REPUBLICAN RIVER BASIN","SC505","4.0 MI. SW, 2.0 MI. S, 0.5 MI. W AND 0.5 MI. S OF FRANKFORT","2000-09-18",1035,1.39,2000,9,18,39.6456,-96.50635,10270205,"TKN",10270205,102702,1027,10
"484008",3648512,"KANSAS/LOWER REPUBLICAN RIVER BASIN","SC505","4.0 MI. SW, 2.0 MI. S, 0.5 MI. W AND 0.5 MI. S OF FRANKFORT","2000-11-13",1125,1.36,2000,11,13,39.6456,-96.50635,10270205,"TKN",10270205,102702,1027,10
"484009",3648612,"KANSAS/LOWER REPUBLICAN RIVER BASIN","SC505","4.0 MI. SW, 2.0 MI. S, 0.5 MI. W AND 0.5 MI. S OF FRANKFORT","2001-02-12",1230,1.826,2001,2,12,39.6456,-96.50635,10270205,"TKN",10270205,102702,1027,10
"484010",3648711,"KANSAS/LOWER REPUBLICAN RIVER BASIN","SC505","4.0 MI. SW, 2.0 MI. S, 0.5 MI. W AND 0.5 MI. S OF FRANKFORT","2001-04-16",1105,0.647,2001,4,16,39.6456,-96.50635,10270205,"TKN",10270205,102702,1027,10
"484011",3648812,"KANSAS/LOWER REPUBLICAN RIVER BASIN","SC505","4.0 MI. SW, 2.0 MI. S, 0.5 MI. W AND 0.5 MI. S OF FRANKFORT","2001-06-18",1125,0.164,2001,6,18,39.6456,-96.50635,10270205,"TKN",10270205,102702,1027,10
"484012",3648911,"KANSAS/LOWER REPUBLICAN RIVER BASIN","SC505","4.0 MI. SW, 2.0 MI. S, 0.5 MI. W AND 0.5 MI. S OF FRANKFORT","2001-08-20",1005,0.738,2001,8,20,39.6456,-96.50635,10270205,"TKN",10270205,102702,1027,10
"484013",3649012,"KANSAS/LOWER REPUBLICAN RIVER BASIN","SC505","4.0 MI. SW, 2.0 MI. S, 0.5 MI. W AND 0.5 MI. S OF FRANKFORT","2001-10-15",1035,0.573,2001,10,15,39.6456,-96.50635,10270205,"TKN",10270205,102702,1027,10
"484014",3649115,"KANSAS/LOWER REPUBLICAN RIVER BASIN","SC505","4.0 MI. SW, 2.0 MI. S, 0.5 MI. W AND 0.5 MI. S OF FRANKFORT","2001-12-17",1120,0.582,2001,12,17,39.6456,-96.50635,10270205,"TKN",10270205,102702,1027,10
"484015",3649212,"KANSAS/LOWER REPUBLICAN RIVER BASIN","SC505","4.0 MI. SW, 2.0 MI. S, 0.5 MI. W AND 0.5 MI. S OF FRANKFORT","2002-01-22",1015,0.618,2002,1,22,39.6456,-96.50635,10270205,"TKN",10270205,102702,1027,10
"484016",3649312,"KANSAS/LOWER REPUBLICAN RIVER BASIN","SC505","4.0 MI. SW, 2.0 MI. S, 0.5 MI. W AND 0.5 MI. S OF FRANKFORT","2002-03-18",1035,0.611,2002,3,18,39.6456,-96.50635,10270205,"TKN",10270205,102702,1027,10
"484017",3649412,"KANSAS/LOWER REPUBLICAN RIVER BASIN","SC505","4.0 MI. SW, 2.0 MI. S, 0.5 MI. W AND 0.5 MI. S OF FRANKFORT","2002-03-18",1040,0.611,2002,3,18,39.6456,-96.50635,10270205,"TKN",10270205,102702,1027,10
"484018",3649511,"KANSAS/LOWER REPUBLICAN RIVER BASIN","SC505","4.0 MI. SW, 2.0 MI. S, 0.5 MI. W AND 0.5 MI. S OF FRANKFORT","2002-05-20",1030,1.068,2002,5,20,39.6456,-96.50635,10270205,"TKN",10270205,102702,1027,10
"484019",3649612,"KANSAS/LOWER REPUBLICAN RIVER BASIN","SC505","","2002-07-22",955,0.747,2002,7,22,39.6456,-96.50635,10270205,"TKN",10270205,102702,1027,10
"484020",3649711,"KANSAS/LOWER REPUBLICAN RIVER BASIN","SC505","","2002-09-16",1050,0.944,2002,9,16,39.6456,-96.50635,10270205,"TKN",10270205,102702,1027,10
"484021",3649812,"KANSAS/LOWER REPUBLICAN RIVER BASIN","SC505","","2002-11-18",1034,0.607,2002,11,18,39.6456,-96.50635,10270205,"TKN",10270205,102702,1027,10
"484022",3649912,"KANSAS/LOWER REPUBLICAN RIVER BASIN","SC505","","2003-02-17",1040,0.541,2003,2,17,39.6456,-96.50635,10270205,"TKN",10270205,102702,1027,10
"484023",3650011,"KANSAS/LOWER REPUBLICAN RIVER BASIN","SC505","","2003-04-14",1016,0.985,2003,4,14,39.6456,-96.50635,10270205,"TKN",10270205,102702,1027,10
"484024",3650116,"KANSAS/LOWER REPUBLICAN RIVER BASIN","SC505","","2003-06-16",930,1.579,2003,6,16,39.6456,-96.50635,10270205,"TKN",10270205,102702,1027,10
"484025",3650212,"KANSAS/LOWER REPUBLICAN RIVER BASIN","SC505","","2003-08-18",1030,1.135,2003,8,18,39.6456,-96.50635,10270205,"TKN",10270205,102702,1027,10
"484026",3650311,"KANSAS/LOWER REPUBLICAN RIVER BASIN","SC505","","2003-10-20",1022,0.412,2003,10,20,39.6456,-96.50635,10270205,"TKN",10270205,102702,1027,10
"484027",3650411,"KANSAS/LOWER REPUBLICAN RIVER BASIN","SC505","","2003-10-20",1027,0.45,2003,10,20,39.6456,-96.50635,10270205,"TKN",10270205,102702,1027,10
"484028",3650510,"KANSAS/LOWER REPUBLICAN RIVER BASIN","SC505","","2004-03-15",1033,1.379,2004,3,15,39.6456,-96.50635,10270205,"TKN",10270205,102702,1027,10
"484029",3650611,"KANSAS/LOWER REPUBLICAN RIVER BASIN","SC505","","2004-05-17",1048,1.329,2004,5,17,39.6456,-96.50635,10270205,"TKN",10270205,102702,1027,10
"484030",3650710,"KANSAS/LOWER REPUBLICAN RIVER BASIN","SC505","","2004-07-19",1007,1.771,2004,7,19,39.6456,-96.50635,10270205,"TKN",10270205,102702,1027,10
"484031",3650811,"KANSAS/LOWER REPUBLICAN RIVER BASIN","SC505","","2004-09-20",1003,1.013,2004,9,20,39.6456,-96.50635,10270205,"TKN",10270205,102702,1027,10
"484032",3650910,"KANSAS/LOWER REPUBLICAN RIVER BASIN","SC505","","2004-11-15",1017,0.664,2004,11,15,39.6456,-96.50635,10270205,"TKN",10270205,102702,1027,10
"484033",3651011,"KANSAS/LOWER REPUBLICAN RIVER BASIN","SC505","","2005-02-14",1001,5.494,2005,2,14,39.6456,-96.50635,10270205,"TKN",10270205,102702,1027,10
"484034",3651114,"KANSAS/LOWER REPUBLICAN RIVER BASIN","SC505","","2005-04-18",957,1.615,2005,4,18,39.6456,-96.50635,10270205,"TKN",10270205,102702,1027,10
"484035",3651212,"KANSAS/LOWER REPUBLICAN RIVER BASIN","SC505","","2005-06-13",926,2.264,2005,6,13,39.6456,-96.50635,10270205,"TKN",10270205,102702,1027,10
"484036",3651311,"KANSAS/LOWER REPUBLICAN RIVER BASIN","SC505","","2005-08-15",853,0.884,2005,8,15,39.6456,-96.50635,10270205,"TKN",10270205,102702,1027,10
"484037",3651411,"KANSAS/LOWER REPUBLICAN RIVER BASIN","SC505","","2005-10-17",1017,0.35,2005,10,17,39.6456,-96.50635,10270205,"TKN",10270205,102702,1027,10
"484038",3651510,"KANSAS/LOWER REPUBLICAN RIVER BASIN","SC505","","2005-12-19",912,0.158,2005,12,19,39.6456,-96.50635,10270205,"TKN",10270205,102702,1027,10
"484039",3651610,"KANSAS/LOWER REPUBLICAN RIVER BASIN","SC505","","2006-01-23",919,0.178,2006,1,23,39.6456,-96.50635,10270205,"TKN",10270205,102702,1027,10
"484040",3651710,"KANSAS/LOWER REPUBLICAN RIVER BASIN","SC505","","2006-05-15",1016,1.171,2006,5,15,39.6456,-96.50635,10270205,"TKN",10270205,102702,1027,10
"484041",3651811,"KANSAS/LOWER REPUBLICAN RIVER BASIN","SC505","","2006-07-17",942,1.331,2006,7,17,39.6456,-96.50635,10270205,"TKN",10270205,102702,1027,10
"484042",3651910,"KANSAS/LOWER REPUBLICAN RIVER BASIN","SC505","","2006-09-18",857,3.119,2006,9,18,39.6456,-96.50635,10270205,"TKN",10270205,102702,1027,10
"484043",3652011,"KANSAS/LOWER REPUBLICAN RIVER BASIN","SC505","","2006-11-13",934,0.925,2006,11,13,39.6456,-96.50635,10270205,"TKN",10270205,102702,1027,10
"484044",3652211,"KANSAS/LOWER REPUBLICAN RIVER BASIN","SC505","","2007-04-16",936,1.299,2007,4,16,39.6456,-96.50635,10270205,"TKN",10270205,102702,1027,10
"484045",3652310,"KANSAS/LOWER REPUBLICAN RIVER BASIN","SC505","","2007-06-18",907,1.272,2007,6,18,39.6456,-96.50635,10270205,"TKN",10270205,102702,1027,10
"484046",3652411,"KANSAS/LOWER REPUBLICAN RIVER BASIN","SC505","","2007-08-20",1020,1.004,2007,8,20,39.6456,-96.50635,10270205,"TKN",10270205,102702,1027,10
"484047",3652510,"KANSAS/LOWER REPUBLICAN RIVER BASIN","SC505","","2007-10-15",928,3.732,2007,10,15,39.6456,-96.50635,10270205,"TKN",10270205,102702,1027,10
"484048",3652611,"KANSAS/LOWER REPUBLICAN RIVER BASIN","SC505","","2007-12-17",921,1.238,2007,12,17,39.6456,-96.50635,10270205,"TKN",10270205,102702,1027,10
"484049",3652711,"KANSAS/LOWER REPUBLICAN RIVER BASIN","SC505","","2008-01-28",922,0.55,2008,1,28,39.6456,-96.50635,10270205,"TKN",10270205,102702,1027,10
"484050",3652810,"KANSAS/LOWER REPUBLICAN RIVER BASIN","SC505","","2008-03-17",910,1.641,2008,3,17,39.6456,-96.50635,10270205,"TKN",10270205,102702,1027,10
"484051",3652911,"KANSAS/LOWER REPUBLICAN RIVER BASIN","SC505","","2008-05-19",855,0.782,2008,5,19,39.6456,-96.50635,10270205,"TKN",10270205,102702,1027,10
"484052",3653010,"KANSAS/LOWER REPUBLICAN RIVER BASIN","SC505","","2008-07-21",919,2.102,2008,7,21,39.6456,-96.50635,10270205,"TKN",10270205,102702,1027,10
"484053",3653114,"KANSAS/LOWER REPUBLICAN RIVER BASIN","SC505","","2008-09-15",920,1.968,2008,9,15,39.6456,-96.50635,10270205,"TKN",10270205,102702,1027,10
"484054",3653212,"KANSAS/LOWER REPUBLICAN RIVER BASIN","SC505","","2008-11-17",910,0.687,2008,11,17,39.6456,-96.50635,10270205,"TKN",10270205,102702,1027,10
"484055",3653311,"KANSAS/LOWER REPUBLICAN RIVER BASIN","SC505","","2009-02-16",913,0.417,2009,2,16,39.6456,-96.50635,10270205,"TKN",10270205,102702,1027,10
"484056",3653410,"KANSAS/LOWER REPUBLICAN RIVER BASIN","SC505","","2009-04-20",959,0.811,2009,4,20,39.6456,-96.50635,10270205,"TKN",10270205,102702,1027,10
"484057",3653511,"KANSAS/LOWER REPUBLICAN RIVER BASIN","SC505","","2009-06-08",1024,6.011,2009,6,8,39.6456,-96.50635,10270205,"TKN",10270205,102702,1027,10
"484058",3653711,"KANSAS/LOWER REPUBLICAN RIVER BASIN","SC505","","2009-10-12",1026,0.464,2009,10,12,39.6456,-96.50635,10270205,"TKN",10270205,102702,1027,10
"484059",3653810,"KANSAS/LOWER REPUBLICAN RIVER BASIN","SC505","","2009-12-14",951,0.541,2009,12,14,39.6456,-96.50635,10270205,"TKN",10270205,102702,1027,10
"484060",3653911,"KANSAS/LOWER REPUBLICAN RIVER BASIN","SC505","","2010-02-01",1118,0.604,2010,2,1,39.6456,-96.50635,10270205,"TKN",10270205,102702,1027,10
"484061",3654010,"KANSAS/LOWER REPUBLICAN RIVER BASIN","SC505","","2010-05-03",1046,0.573,2010,5,3,39.6456,-96.50635,10270205,"TKN",10270205,102702,1027,10
"484062",3654115,"KANSAS/LOWER REPUBLICAN RIVER BASIN","SC505","","2010-08-02",1046,1.289,2010,8,2,39.6456,-96.50635,10270205,"TKN",10270205,102702,1027,10
"484063",3654212,"KANSAS/LOWER REPUBLICAN RIVER BASIN","SC505","","2010-11-01",1045,0.536,2010,11,1,39.6456,-96.50635,10270205,"TKN",10270205,102702,1027,10
"484064",3654311,"KANSAS/LOWER REPUBLICAN RIVER BASIN","SC505","","2011-03-07",1020,0.586,2011,3,7,39.6456,-96.50635,10270205,"TKN",10270205,102702,1027,10
"484065",3654410,"KANSAS/LOWER REPUBLICAN RIVER BASIN","SC505","","2011-06-06",1034,1.236,2011,6,6,39.6456,-96.50635,10270205,"TKN",10270205,102702,1027,10
"484066",3654511,"KANSAS/LOWER REPUBLICAN RIVER BASIN","SC505","","2011-09-12",1048,0.683,2011,9,12,39.6456,-96.50635,10270205,"TKN",10270205,102702,1027,10
"484067",3654610,"KANSAS/LOWER REPUBLICAN RIVER BASIN","SC505","","2011-12-12",940,0.779,2011,12,12,39.6456,-96.50635,10270205,"TKN",10270205,102702,1027,10
"484068",3654710,"KANSAS/LOWER REPUBLICAN RIVER BASIN","SC505","","2012-01-10",1506,0.357,2012,1,10,39.6456,-96.50635,10270205,"TKN",10270205,102702,1027,10
"484069",3654811,"KANSAS/LOWER REPUBLICAN RIVER BASIN","SC505","","2012-04-25",1039,0.483,2012,4,25,39.6456,-96.50635,10270205,"TKN",10270205,102702,1027,10
"484070",3654910,"KANSAS/LOWER REPUBLICAN RIVER BASIN","SC505","","2012-07-11",1129,0.775,2012,7,11,39.6456,-96.50635,10270205,"TKN",10270205,102702,1027,10
"484071",3655011,"KANSAS/LOWER REPUBLICAN RIVER BASIN","SC505","","2012-10-10",1054,0.599,2012,10,10,39.6456,-96.50635,10270205,"TKN",10270205,102702,1027,10
"484072",3655115,"KANSAS/LOWER REPUBLICAN RIVER BASIN","SC505","","2013-02-13",934,0.457,2013,2,13,39.6456,-96.50635,10270205,"TKN",10270205,102702,1027,10
"484073",3655212,"KANSAS/LOWER REPUBLICAN RIVER BASIN","SC505","","2013-05-14",1316,1.109,2013,5,14,39.6456,-96.50635,10270205,"TKN",10270205,102702,1027,10
"484074",3655311,"KANSAS/LOWER REPUBLICAN RIVER BASIN","SC505","","2013-08-13",1503,0.688,2013,8,13,39.6456,-96.50635,10270205,"TKN",10270205,102702,1027,10
"484075",3655411,"KANSAS/LOWER REPUBLICAN RIVER BASIN","SC505","","2013-11-05",1512,1.351,2013,11,5,39.6456,-96.50635,10270205,"TKN",10270205,102702,1027,10
"484076",3655511,"KANSAS/LOWER REPUBLICAN RIVER BASIN","SC505","","2014-03-12",1039,0.64,2014,3,12,39.6456,-96.50635,10270205,"TKN",10270205,102702,1027,10
"484077",3655611,"KANSAS/LOWER REPUBLICAN RIVER BASIN","SC505","","2014-06-10",1545,4.3,2014,6,10,39.6456,-96.50635,10270205,"TKN",10270205,102702,1027,10
"484078",3655711,"KANSAS/LOWER REPUBLICAN RIVER BASIN","SC505","","2014-09-16",1507,1.8,2014,9,16,39.6456,-96.50635,10270205,"TKN",10270205,102702,1027,10
"484079",3655810,"KANSAS/LOWER REPUBLICAN RIVER BASIN","SC505","","2014-12-10",1045,0.32,2014,12,10,39.6456,-96.50635,10270205,"TKN",10270205,102702,1027,10
"484080",3655911,"KANSAS/LOWER REPUBLICAN RIVER BASIN","SC505","","2015-01-12",945,0.69,2015,1,12,39.6456,-96.50635,10270205,"TKN",10270205,102702,1027,10
"484081",3656011,"KANSAS/LOWER REPUBLICAN RIVER BASIN","SC505","","2015-04-13",922,0.63,2015,4,13,39.6456,-96.50635,10270205,"TKN",10270205,102702,1027,10
"484082",3656115,"KANSAS/LOWER REPUBLICAN RIVER BASIN","SC505","","2015-07-20",1207,4.3,2015,7,20,39.6456,-96.50635,10270205,"TKN",10270205,102702,1027,10
"484083",3656212,"KANSAS/LOWER REPUBLICAN RIVER BASIN","SC505","","2015-10-19",932,0.49,2015,10,19,39.6456,-96.50635,10270205,"TKN",10270205,102702,1027,10
"484084",3656310,"KANSAS/LOWER REPUBLICAN RIVER BASIN","SC505","","2016-02-24",937,0.58,2016,2,24,39.6456,-96.50635,10270205,"TKN",10270205,102702,1027,10
"484085",3656411,"KANSAS/LOWER REPUBLICAN RIVER BASIN","SC505","","2016-05-16",1148,1.5,2016,5,16,39.6456,-96.50635,10270205,"TKN",10270205,102702,1027,10
"484086",3656511,"KANSAS/LOWER REPUBLICAN RIVER BASIN","SC505","","2016-08-15",1044,0.69,2016,8,15,39.6456,-96.50635,10270205,"TKN",10270205,102702,1027,10
"484087",3656611,"KANSAS/LOWER REPUBLICAN RIVER BASIN","SC505","","2016-11-14",912,0.47,2016,11,14,39.6456,-96.50635,10270205,"TKN",10270205,102702,1027,10
"484088",3656711,"KANSAS/LOWER REPUBLICAN RIVER BASIN","SC505","","2017-03-13",1021,0.39,2017,3,13,39.6456,-96.50635,10270205,"TKN",10270205,102702,1027,10
"484089",3656810,"KANSAS/LOWER REPUBLICAN RIVER BASIN","SC505","","2017-06-12",1011,0.78,2017,6,12,39.6456,-96.50635,10270205,"TKN",10270205,102702,1027,10
"484090",3656911,"KANSAS/LOWER REPUBLICAN RIVER BASIN","SC505","","2017-09-11",954,0.29,2017,9,11,39.6456,-96.50635,10270205,"TKN",10270205,102702,1027,10
"484091",3657011,"KANSAS/LOWER REPUBLICAN RIVER BASIN","SC505","","2017-12-04",937,0.72,2017,12,4,39.6456,-96.50635,10270205,"TKN",10270205,102702,1027,10
"484092",3657115,"KANSAS/LOWER REPUBLICAN RIVER BASIN","SC505","","2018-01-08",928,0.36,2018,1,8,39.6456,-96.50635,10270205,"TKN",10270205,102702,1027,10
"484093",3657212,"KANSAS/LOWER REPUBLICAN RIVER BASIN","SC505","","2018-04-09",906,0.35,2018,4,9,39.6456,-96.50635,10270205,"TKN",10270205,102702,1027,10
"484094",3657311,"KANSAS/LOWER REPUBLICAN RIVER BASIN","SC505","","2018-07-23",1005,0.98,2018,7,23,39.6456,-96.50635,10270205,"TKN",10270205,102702,1027,10
"484095",3657410,"KANSAS/LOWER REPUBLICAN RIVER BASIN","SC505","","2018-10-15",911,1.1,2018,10,15,39.6456,-96.50635,10270205,"TKN",10270205,102702,1027,10
"484096",3657511,"KANSAS/LOWER REPUBLICAN RIVER BASIN","SC505","","2019-02-11",949,0.98,2019,2,11,39.6456,-96.50635,10270205,"TKN",10270205,102702,1027,10
"484097",3657611,"KANSAS/LOWER REPUBLICAN RIVER BASIN","SC505","","2019-08-19",1054,0.78,2019,8,19,39.6456,-96.50635,10270205,"TKN",10270205,102702,1027,10
"484098",3657710,"KANSAS/LOWER REPUBLICAN RIVER BASIN","SC505","","2019-11-05",843,0.61,2019,11,5,39.6456,-96.50635,10270205,"TKN",10270205,102702,1027,10
"484099",365789,"KANSAS/LOWER REPUBLICAN RIVER BASIN","SC505","","2020-03-02",1034,0.76,2020,3,2,39.6456,-96.50635,10270205,"TKN",10270205,102702,1027,10
"484100",3657910,"KANSAS/LOWER REPUBLICAN RIVER BASIN","SC505","","2020-09-14",859,0.9,2020,9,14,39.6456,-96.50635,10270205,"TKN",10270205,102702,1027,10
"484101",3658010,"KANSAS/LOWER REPUBLICAN RIVER BASIN","SC505","","2020-12-07",740,0.58,2020,12,7,39.6456,-96.50635,10270205,"TKN",10270205,102702,1027,10
"484102",3658114,"KANSAS/LOWER REPUBLICAN RIVER BASIN","SC505","","2021-01-04",1456,0.59,2021,1,4,39.6456,-96.50635,10270205,"TKN",10270205,102702,1027,10
"484103",3658212,"KANSAS/LOWER REPUBLICAN RIVER BASIN","SC505","","2021-04-05",1633,1.2,2021,4,5,39.6456,-96.50635,10270205,"TKN",10270205,102702,1027,10
"484104",365839,"KANSAS/LOWER REPUBLICAN RIVER BASIN","SC505","","2021-07-14",610,0.67,2021,7,14,39.6456,-96.50635,10270205,"TKN",10270205,102702,1027,10
"484105",3658410,"KANSAS/LOWER REPUBLICAN RIVER BASIN","SC505","","2021-10-04",951,0.79,2021,10,4,39.6456,-96.50635,10270205,"TKN",10270205,102702,1027,10
"484106",3658510,"KANSAS/LOWER REPUBLICAN RIVER BASIN","SC505","","2022-02-09",627,0.32,2022,2,9,39.6456,-96.50635,10270205,"TKN",10270205,102702,1027,10
"484107",365869,"KANSAS/LOWER REPUBLICAN RIVER BASIN","SC505","","2022-05-03",1323,2.4,2022,5,3,39.6456,-96.50635,10270205,"TKN",10270205,102702,1027,10
"484108",3658710,"KANSAS/LOWER REPUBLICAN RIVER BASIN","SC505","","2022-08-02",1316,0.1,2022,8,2,39.6456,-96.50635,10270205,"TKN",10270205,102702,1027,10
"484109",3658810,"KANSAS/LOWER REPUBLICAN RIVER BASIN","SC505","","2022-11-08",1527,1.5,2022,11,8,39.6456,-96.50635,10270205,"TKN",10270205,102702,1027,10
"484110",3658910,"KANSAS/LOWER REPUBLICAN RIVER BASIN","SC505","","2023-03-06",913,0.69,2023,3,6,39.6456,-96.50635,10270205,"TKN",10270205,102702,1027,10
"484111",3659010,"KANSAS/LOWER REPUBLICAN RIVER BASIN","SC505","","2023-06-05",958,0.5,2023,6,5,39.6456,-96.50635,10270205,"TKN",10270205,102702,1027,10
"484112",3659114,"KANSAS/LOWER REPUBLICAN RIVER BASIN","SC505","","2023-09-18",825,0.25,2023,9,18,39.6456,-96.50635,10270205,"TKN",10270205,102702,1027,10
"484113",3659211,"KANSAS/LOWER REPUBLICAN RIVER BASIN","SC505","","2023-09-18",830,0.25,2023,9,18,39.6456,-96.50635,10270205,"TKN",10270205,102702,1027,10
"484114",365939,"KANSAS/LOWER REPUBLICAN RIVER BASIN","SC505","","2023-12-04",956,0.1,2023,12,4,39.6456,-96.50635,10270205,"TKN",10270205,102702,1027,10
"484115",3659410,"KANSAS/LOWER REPUBLICAN RIVER BASIN","SC505","","2024-01-22",1155,0.46,2024,1,22,39.6456,-96.50635,10270205,"TKN",10270205,102702,1027,10
"484116",3659510,"KANSAS/LOWER REPUBLICAN RIVER BASIN","SC505","","2024-01-22",1200,0.55,2024,1,22,39.6456,-96.50635,10270205,"TKN",10270205,102702,1027,10
"484117",3659610,"KANSAS/LOWER REPUBLICAN RIVER BASIN","SC505","","2024-04-08",1027,0.28,2024,4,8,39.6456,-96.50635,10270205,"TKN",10270205,102702,1027,10
"484118",365979,"KANSAS/LOWER REPUBLICAN RIVER BASIN","SC505","","2024-07-08",1042,0.58,2024,7,8,39.6456,-96.50635,10270205,"TKN",10270205,102702,1027,10
"484119",3659810,"KANSAS/LOWER REPUBLICAN RIVER BASIN","SC505","","2024-10-07",1206,0.48,2024,10,7,39.6456,-96.50635,10270205,"TKN",10270205,102702,1027,10
"484120",3661811,"KANSAS/LOWER REPUBLICAN RIVER BASIN","SC506","ON K-99 HWY BRIDGE 1MI S OF ALMA","2002-02-14",1210,0.292,2002,2,14,39.00142,-96.28354,10270102,"TKN",10270102,102701,1027,10
"484121",3661912,"KANSAS/LOWER REPUBLICAN RIVER BASIN","SC506","ON K-99 HWY BRIDGE 1MI S OF ALMA","2002-04-11",1155,0.335,2002,4,11,39.00142,-96.28354,10270102,"TKN",10270102,102701,1027,10
"484122",3662012,"KANSAS/LOWER REPUBLICAN RIVER BASIN","SC506","ON K-99 HWY BRIDGE 1MI S OF ALMA","2002-04-11",1200,0.624,2002,4,11,39.00142,-96.28354,10270102,"TKN",10270102,102701,1027,10
"484123",3662115,"KANSAS/LOWER REPUBLICAN RIVER BASIN","SC506","ON K-99 HWY BRIDGE 1MI S OF ALMA","2002-06-13",1345,0.05,2002,6,13,39.00142,-96.28354,10270102,"TKN",10270102,102701,1027,10
"484124",3662213,"KANSAS/LOWER REPUBLICAN RIVER BASIN","SC506","","2002-08-15",1416,0.445,2002,8,15,39.00142,-96.28354,10270102,"TKN",10270102,102701,1027,10
"484125",3662312,"KANSAS/LOWER REPUBLICAN RIVER BASIN","SC506","","2002-10-17",1235,0.05,2002,10,17,39.00142,-96.28354,10270102,"TKN",10270102,102701,1027,10
"484126",3662412,"KANSAS/LOWER REPUBLICAN RIVER BASIN","SC506","","2002-10-17",1240,0.415,2002,10,17,39.00142,-96.28354,10270102,"TKN",10270102,102701,1027,10
"484127",3662512,"KANSAS/LOWER REPUBLICAN RIVER BASIN","SC506","","2002-12-23",1323,0.306,2002,12,23,39.00142,-96.28354,10270102,"TKN",10270102,102701,1027,10
"484128",3662611,"KANSAS/LOWER REPUBLICAN RIVER BASIN","SC506","","2006-02-09",1236,0.05,2006,2,9,39.00142,-96.28354,10270102,"TKN",10270102,102701,1027,10
"484129",3662710,"KANSAS/LOWER REPUBLICAN RIVER BASIN","SC506","","2006-04-13",1232,0.05,2006,4,13,39.00142,-96.28354,10270102,"TKN",10270102,102701,1027,10
"484130",3662811,"KANSAS/LOWER REPUBLICAN RIVER BASIN","SC506","","2006-06-15",1247,0.338,2006,6,15,39.00142,-96.28354,10270102,"TKN",10270102,102701,1027,10
"484131",3662910,"KANSAS/LOWER REPUBLICAN RIVER BASIN","SC506","","2006-08-17",1444,0.567,2006,8,17,39.00142,-96.28354,10270102,"TKN",10270102,102701,1027,10
"484132",3663011,"KANSAS/LOWER REPUBLICAN RIVER BASIN","SC506","","2006-10-12",1410,0.05,2006,10,12,39.00142,-96.28354,10270102,"TKN",10270102,102701,1027,10
"484133",3663114,"KANSAS/LOWER REPUBLICAN RIVER BASIN","SC506","","2006-12-05",1405,0.05,2006,12,5,39.00142,-96.28354,10270102,"TKN",10270102,102701,1027,10
"484134",3663212,"KANSAS/LOWER REPUBLICAN RIVER BASIN","SC506","","2008-02-12",1404,0.171,2008,2,12,39.00142,-96.28354,10270102,"TKN",10270102,102701,1027,10
"484135",3663311,"KANSAS/LOWER REPUBLICAN RIVER BASIN","SC506","","2008-04-15",1257,0.421,2008,4,15,39.00142,-96.28354,10270102,"TKN",10270102,102701,1027,10
"484136",3663410,"KANSAS/LOWER REPUBLICAN RIVER BASIN","SC506","","2008-06-10",1308,0.308,2008,6,10,39.00142,-96.28354,10270102,"TKN",10270102,102701,1027,10
"484137",3663511,"KANSAS/LOWER REPUBLICAN RIVER BASIN","SC506","","2008-08-12",1240,0.494,2008,8,12,39.00142,-96.28354,10270102,"TKN",10270102,102701,1027,10
"484138",3663611,"KANSAS/LOWER REPUBLICAN RIVER BASIN","SC506","","2008-08-12",1245,0.474,2008,8,12,39.00142,-96.28354,10270102,"TKN",10270102,102701,1027,10
"484139",3663710,"KANSAS/LOWER REPUBLICAN RIVER BASIN","SC506","","2008-10-14",1417,0.304,2008,10,14,39.00142,-96.28354,10270102,"TKN",10270102,102701,1027,10
"484140",3663811,"KANSAS/LOWER REPUBLICAN RIVER BASIN","SC506","","2008-12-22",1323,0.275,2008,12,22,39.00142,-96.28354,10270102,"TKN",10270102,102701,1027,10
"484141",3663911,"KANSAS/LOWER REPUBLICAN RIVER BASIN","SC506","","2010-03-10",1415,1.093,2010,3,10,39.00142,-96.28354,10270102,"TKN",10270102,102701,1027,10
"484142",3664011,"KANSAS/LOWER REPUBLICAN RIVER BASIN","SC506","","2010-06-21",1441,0.455,2010,6,21,39.00142,-96.28354,10270102,"TKN",10270102,102701,1027,10
"484143",3664115,"KANSAS/LOWER REPUBLICAN RIVER BASIN","SC506","","2010-09-08",1337,0.298,2010,9,8,39.00142,-96.28354,10270102,"TKN",10270102,102701,1027,10
"484144",3664212,"KANSAS/LOWER REPUBLICAN RIVER BASIN","SC506","","2010-12-20",1519,0.249,2010,12,20,39.00142,-96.28354,10270102,"TKN",10270102,102701,1027,10
"484145",3664311,"KANSAS/LOWER REPUBLICAN RIVER BASIN","SC506","","2014-01-21",847,0.13,2014,1,21,39.00142,-96.28354,10270102,"TKN",10270102,102701,1027,10
"484146",3664411,"KANSAS/LOWER REPUBLICAN RIVER BASIN","SC506","","2014-04-07",913,0.26,2014,4,7,39.00142,-96.28354,10270102,"TKN",10270102,102701,1027,10
"484147",3664511,"KANSAS/LOWER REPUBLICAN RIVER BASIN","SC506","","2014-07-07",916,0.32,2014,7,7,39.00142,-96.28354,10270102,"TKN",10270102,102701,1027,10
"484148",3664611,"KANSAS/LOWER REPUBLICAN RIVER BASIN","SC506","","2014-10-06",842,0.23,2014,10,6,39.00142,-96.28354,10270102,"TKN",10270102,102701,1027,10
"484149",3664710,"KANSAS/LOWER REPUBLICAN RIVER BASIN","SC506","","2018-02-27",840,0.1,2018,2,27,39.00142,-96.28354,10270102,"TKN",10270102,102701,1027,10
"484150",3664811,"KANSAS/LOWER REPUBLICAN RIVER BASIN","SC506","","2018-05-01",1212,0.42,2018,5,1,39.00142,-96.28354,10270102,"TKN",10270102,102701,1027,10
"484151",3664911,"KANSAS/LOWER REPUBLICAN RIVER BASIN","SC506","","2018-08-13",1013,0.56,2018,8,13,39.00142,-96.28354,10270102,"TKN",10270102,102701,1027,10
"484152",3665011,"KANSAS/LOWER REPUBLICAN RIVER BASIN","SC506","","2018-11-05",930,0.21,2018,11,5,39.00142,-96.28354,10270102,"TKN",10270102,102701,1027,10
"484153",3665114,"KANSAS/LOWER REPUBLICAN RIVER BASIN","SC506","","2022-01-31",1058,0.24,2022,1,31,39.00142,-96.28354,10270102,"TKN",10270102,102701,1027,10
"484154",3665211,"KANSAS/LOWER REPUBLICAN RIVER BASIN","SC506","","2022-04-18",1033,0.35,2022,4,18,39.00142,-96.28354,10270102,"TKN",10270102,102701,1027,10
"484155",366539,"KANSAS/LOWER REPUBLICAN RIVER BASIN","SC506","","2022-07-25",1551,0.21,2022,7,25,39.00142,-96.28354,10270102,"TKN",10270102,102701,1027,10
"484156",3665410,"KANSAS/LOWER REPUBLICAN RIVER BASIN","SC506","","2022-10-24",1301,0.1,2022,10,24,39.00142,-96.28354,10270102,"TKN",10270102,102701,1027,10
"484157",3671411,"KANSAS/LOWER REPUBLICAN RIVER BASIN","SC507","2.0 MI. W, 1.0 MI. N, 0.75 MI. W AND 1.0 N OF HANOVER","2000-01-18",1225,0.357,2000,1,18,39.921032,-96.937179,10270207,"TKN",10270207,102702,1027,10
"484158",3671512,"KANSAS/LOWER REPUBLICAN RIVER BASIN","SC507","2.0 MI. W, 1.0 MI. N, 0.75 MI. W AND 1.0 N OF HANOVER","2000-03-20",1245,0.187,2000,3,20,39.921032,-96.937179,10270207,"TKN",10270207,102702,1027,10
"484159",3671611,"KANSAS/LOWER REPUBLICAN RIVER BASIN","SC507","2.0 MI. W, 1.0 MI. N, 0.75 MI. W AND 1.0 N OF HANOVER","2000-05-15",1330,0.633,2000,5,15,39.921032,-96.937179,10270207,"TKN",10270207,102702,1027,10
"484160",3671712,"KANSAS/LOWER REPUBLICAN RIVER BASIN","SC507","2.0 MI. W, 1.0 MI. N, 0.75 MI. W AND 1.0 N OF HANOVER","2000-07-17",1240,1.47,2000,7,17,39.921032,-96.937179,10270207,"TKN",10270207,102702,1027,10
"484161",3671811,"KANSAS/LOWER REPUBLICAN RIVER BASIN","SC507","2.0 MI. W, 1.0 MI. N, 0.75 MI. W AND 1.0 N OF HANOVER","2000-09-18",1230,1.1,2000,9,18,39.921032,-96.937179,10270207,"TKN",10270207,102702,1027,10
"484162",3671912,"KANSAS/LOWER REPUBLICAN RIVER BASIN","SC507","2.0 MI. W, 1.0 MI. N, 0.75 MI. W AND 1.0 N OF HANOVER","2000-11-13",1350,0.89,2000,11,13,39.921032,-96.937179,10270207,"TKN",10270207,102702,1027,10
"484163",3672012,"KANSAS/LOWER REPUBLICAN RIVER BASIN","SC507","2.0 MI. W, 1.0 MI. N, 0.75 MI. W AND 1.0 N OF HANOVER","2001-04-16",1330,1.624,2001,4,16,39.921032,-96.937179,10270207,"TKN",10270207,102702,1027,10
"484164",3672114,"KANSAS/LOWER REPUBLICAN RIVER BASIN","SC507","2.0 MI. W, 1.0 MI. N, 0.75 MI. W AND 1.0 N OF HANOVER","2001-06-18",1350,2.009,2001,6,18,39.921032,-96.937179,10270207,"TKN",10270207,102702,1027,10
"484165",3672212,"KANSAS/LOWER REPUBLICAN RIVER BASIN","SC507","2.0 MI. W, 1.0 MI. N, 0.75 MI. W AND 1.0 N OF HANOVER","2001-08-20",1225,0.917,2001,8,20,39.921032,-96.937179,10270207,"TKN",10270207,102702,1027,10
"484166",3672311,"KANSAS/LOWER REPUBLICAN RIVER BASIN","SC507","2.0 MI. W, 1.0 MI. N, 0.75 MI. W AND 1.0 N OF HANOVER","2001-10-15",1255,1.077,2001,10,15,39.921032,-96.937179,10270207,"TKN",10270207,102702,1027,10
"484167",3672412,"KANSAS/LOWER REPUBLICAN RIVER BASIN","SC507","2.0 MI. W, 1.0 MI. N, 0.75 MI. W AND 1.0 N OF HANOVER","2001-12-17",1245,0.691,2001,12,17,39.921032,-96.937179,10270207,"TKN",10270207,102702,1027,10
"484168",3672512,"KANSAS/LOWER REPUBLICAN RIVER BASIN","SC507","2.0 MI. W, 1.0 MI. N, 0.75 MI. W AND 1.0 N OF HANOVER","2002-01-22",1255,0.416,2002,1,22,39.921032,-96.937179,10270207,"TKN",10270207,102702,1027,10
"484169",3672611,"KANSAS/LOWER REPUBLICAN RIVER BASIN","SC507","2.0 MI. W, 1.0 MI. N, 0.75 MI. W AND 1.0 N OF HANOVER","2002-03-18",1250,0.614,2002,3,18,39.921032,-96.937179,10270207,"TKN",10270207,102702,1027,10
"484170",3672712,"KANSAS/LOWER REPUBLICAN RIVER BASIN","SC507","2.0 MI. W, 1.0 MI. N, 0.75 MI. W AND 1.0 N OF HANOVER","2002-05-20",1315,1.354,2002,5,20,39.921032,-96.937179,10270207,"TKN",10270207,102702,1027,10
"484171",3672811,"KANSAS/LOWER REPUBLICAN RIVER BASIN","SC507","","2002-07-22",1355,1.203,2002,7,22,39.921032,-96.937179,10270207,"TKN",10270207,102702,1027,10
"484172",3672912,"KANSAS/LOWER REPUBLICAN RIVER BASIN","SC507","","2002-09-16",1332,0.868,2002,9,16,39.921032,-96.937179,10270207,"TKN",10270207,102702,1027,10
"484173",3673011,"KANSAS/LOWER REPUBLICAN RIVER BASIN","SC507","","2002-11-18",1409,0.498,2002,11,18,39.921032,-96.937179,10270207,"TKN",10270207,102702,1027,10
"484174",3673114,"KANSAS/LOWER REPUBLICAN RIVER BASIN","SC507","","2003-02-17",1344,0.453,2003,2,17,39.921032,-96.937179,10270207,"TKN",10270207,102702,1027,10
"484175",3673213,"KANSAS/LOWER REPUBLICAN RIVER BASIN","SC507","","2003-04-14",1404,0.693,2003,4,14,39.921032,-96.937179,10270207,"TKN",10270207,102702,1027,10
"484176",3673312,"KANSAS/LOWER REPUBLICAN RIVER BASIN","SC507","","2003-06-16",1254,1.455,2003,6,16,39.921032,-96.937179,10270207,"TKN",10270207,102702,1027,10
"484177",3673410,"KANSAS/LOWER REPUBLICAN RIVER BASIN","SC507","","2003-08-18",1340,1.312,2003,8,18,39.921032,-96.937179,10270207,"TKN",10270207,102702,1027,10
"484178",3673511,"KANSAS/LOWER REPUBLICAN RIVER BASIN","SC507","","2003-10-20",1334,0.45,2003,10,20,39.921032,-96.937179,10270207,"TKN",10270207,102702,1027,10
"484179",3673610,"KANSAS/LOWER REPUBLICAN RIVER BASIN","SC507","","2004-03-15",1345,1.246,2004,3,15,39.921032,-96.937179,10270207,"TKN",10270207,102702,1027,10
"484180",3673711,"KANSAS/LOWER REPUBLICAN RIVER BASIN","SC507","","2004-05-17",1502,2.402,2004,5,17,39.921032,-96.937179,10270207,"TKN",10270207,102702,1027,10
"484181",3673810,"KANSAS/LOWER REPUBLICAN RIVER BASIN","SC507","","2004-07-19",1306,1.349,2004,7,19,39.921032,-96.937179,10270207,"TKN",10270207,102702,1027,10
"484182",3673911,"KANSAS/LOWER REPUBLICAN RIVER BASIN","SC507","","2004-09-20",1340,0.936,2004,9,20,39.921032,-96.937179,10270207,"TKN",10270207,102702,1027,10
"484183",3674011,"KANSAS/LOWER REPUBLICAN RIVER BASIN","SC507","","2004-09-20",1345,0.886,2004,9,20,39.921032,-96.937179,10270207,"TKN",10270207,102702,1027,10
"484184",3674113,"KANSAS/LOWER REPUBLICAN RIVER BASIN","SC507","","2004-11-15",1309,0.584,2004,11,15,39.921032,-96.937179,10270207,"TKN",10270207,102702,1027,10
"484185",3674212,"KANSAS/LOWER REPUBLICAN RIVER BASIN","SC507","","2005-02-14",1322,1.809,2005,2,14,39.921032,-96.937179,10270207,"TKN",10270207,102702,1027,10
"484186",3674311,"KANSAS/LOWER REPUBLICAN RIVER BASIN","SC507","","2005-02-14",1327,1.62,2005,2,14,39.921032,-96.937179,10270207,"TKN",10270207,102702,1027,10
"484187",3674410,"KANSAS/LOWER REPUBLICAN RIVER BASIN","SC507","","2005-04-18",1354,1.463,2005,4,18,39.921032,-96.937179,10270207,"TKN",10270207,102702,1027,10
"484188",3674511,"KANSAS/LOWER REPUBLICAN RIVER BASIN","SC507","","2005-06-13",1249,2.813,2005,6,13,39.921032,-96.937179,10270207,"TKN",10270207,102702,1027,10
"484189",3674610,"KANSAS/LOWER REPUBLICAN RIVER BASIN","SC507","","2005-08-15",1301,3.501,2005,8,15,39.921032,-96.937179,10270207,"TKN",10270207,102702,1027,10
"484190",3674711,"KANSAS/LOWER REPUBLICAN RIVER BASIN","SC507","","2005-10-17",1532,0.36,2005,10,17,39.921032,-96.937179,10270207,"TKN",10270207,102702,1027,10
"484191",3674910,"KANSAS/LOWER REPUBLICAN RIVER BASIN","SC507","","2006-01-23",1211,0.168,2006,1,23,39.921032,-96.937179,10270207,"TKN",10270207,102702,1027,10
"484192",3675010,"KANSAS/LOWER REPUBLICAN RIVER BASIN","SC507","","2006-05-15",1336,1.035,2006,5,15,39.921032,-96.937179,10270207,"TKN",10270207,102702,1027,10
"484193",3675113,"KANSAS/LOWER REPUBLICAN RIVER BASIN","SC507","","2006-07-17",1336,1.958,2006,7,17,39.921032,-96.937179,10270207,"TKN",10270207,102702,1027,10
"484194",3675211,"KANSAS/LOWER REPUBLICAN RIVER BASIN","SC507","","2006-09-18",1248,3.313,2006,9,18,39.921032,-96.937179,10270207,"TKN",10270207,102702,1027,10
"484195",3675311,"KANSAS/LOWER REPUBLICAN RIVER BASIN","SC507","","2006-11-13",1246,0.619,2006,11,13,39.921032,-96.937179,10270207,"TKN",10270207,102702,1027,10
"484196",3675511,"KANSAS/LOWER REPUBLICAN RIVER BASIN","SC507","","2007-04-16",1325,1.373,2007,4,16,39.921032,-96.937179,10270207,"TKN",10270207,102702,1027,10
"484197",3675610,"KANSAS/LOWER REPUBLICAN RIVER BASIN","SC507","","2007-06-18",1143,0.27,2007,6,18,39.921032,-96.937179,10270207,"TKN",10270207,102702,1027,10
"484198",3675711,"KANSAS/LOWER REPUBLICAN RIVER BASIN","SC507","","2007-08-20",1409,1.066,2007,8,20,39.921032,-96.937179,10270207,"TKN",10270207,102702,1027,10
"484199",3675810,"KANSAS/LOWER REPUBLICAN RIVER BASIN","SC507","","2007-10-15",1253,2.272,2007,10,15,39.921032,-96.937179,10270207,"TKN",10270207,102702,1027,10
"484200",3676011,"KANSAS/LOWER REPUBLICAN RIVER BASIN","SC507","","2008-01-28",1219,1.499,2008,1,28,39.921032,-96.937179,10270207,"TKN",10270207,102702,1027,10
"484201",3676114,"KANSAS/LOWER REPUBLICAN RIVER BASIN","SC507","","2008-03-17",1223,0.5,2008,3,17,39.921032,-96.937179,10270207,"TKN",10270207,102702,1027,10
"484202",3676212,"KANSAS/LOWER REPUBLICAN RIVER BASIN","SC507","","2008-05-19",1133,0.775,2008,5,19,39.921032,-96.937179,10270207,"TKN",10270207,102702,1027,10
"484203",3676310,"KANSAS/LOWER REPUBLICAN RIVER BASIN","SC507","","2008-07-21",1223,1.453,2008,7,21,39.921032,-96.937179,10270207,"TKN",10270207,102702,1027,10
"484204",3676411,"KANSAS/LOWER REPUBLICAN RIVER BASIN","SC507","","2008-09-15",1326,2.881,2008,9,15,39.921032,-96.937179,10270207,"TKN",10270207,102702,1027,10
"484205",3676511,"KANSAS/LOWER REPUBLICAN RIVER BASIN","SC507","","2008-09-15",1331,2.955,2008,9,15,39.921032,-96.937179,10270207,"TKN",10270207,102702,1027,10
"484206",3676610,"KANSAS/LOWER REPUBLICAN RIVER BASIN","SC507","","2008-11-17",1223,0.58,2008,11,17,39.921032,-96.937179,10270207,"TKN",10270207,102702,1027,10
"484207",3676711,"KANSAS/LOWER REPUBLICAN RIVER BASIN","SC507","","2009-02-16",1210,0.366,2009,2,16,39.921032,-96.937179,10270207,"TKN",10270207,102702,1027,10
"484208",3676810,"KANSAS/LOWER REPUBLICAN RIVER BASIN","SC507","","2009-04-20",1351,1.07,2009,4,20,39.921032,-96.937179,10270207,"TKN",10270207,102702,1027,10
"484209",3676911,"KANSAS/LOWER REPUBLICAN RIVER BASIN","SC507","","2009-06-08",1348,1.184,2009,6,8,39.921032,-96.937179,10270207,"TKN",10270207,102702,1027,10
"484210",3677114,"KANSAS/LOWER REPUBLICAN RIVER BASIN","SC507","","2009-10-12",1351,0.866,2009,10,12,39.921032,-96.937179,10270207,"TKN",10270207,102702,1027,10
"484211",3677311,"KANSAS/LOWER REPUBLICAN RIVER BASIN","SC507","","2010-02-01",1410,0.733,2010,2,1,39.921032,-96.937179,10270207,"TKN",10270207,102702,1027,10
"484212",3677410,"KANSAS/LOWER REPUBLICAN RIVER BASIN","SC507","","2010-05-03",1350,2.695,2010,5,3,39.921032,-96.937179,10270207,"TKN",10270207,102702,1027,10
"484213",3677511,"KANSAS/LOWER REPUBLICAN RIVER BASIN","SC507","","2010-08-02",1359,0.921,2010,8,2,39.921032,-96.937179,10270207,"TKN",10270207,102702,1027,10
"484214",3677610,"KANSAS/LOWER REPUBLICAN RIVER BASIN","SC507","","2010-11-01",1325,0.581,2010,11,1,39.921032,-96.937179,10270207,"TKN",10270207,102702,1027,10
"484215",3677711,"KANSAS/LOWER REPUBLICAN RIVER BASIN","SC507","","2011-03-07",1428,0.547,2011,3,7,39.921032,-96.937179,10270207,"TKN",10270207,102702,1027,10
"484216",3677810,"KANSAS/LOWER REPUBLICAN RIVER BASIN","SC507","","2011-06-06",1424,1.556,2011,6,6,39.921032,-96.937179,10270207,"TKN",10270207,102702,1027,10
"484217",3677911,"KANSAS/LOWER REPUBLICAN RIVER BASIN","SC507","","2011-09-12",1457,1.159,2011,9,12,39.921032,-96.937179,10270207,"TKN",10270207,102702,1027,10
"484218",3678010,"KANSAS/LOWER REPUBLICAN RIVER BASIN","SC507","","2011-12-12",1302,1.116,2011,12,12,39.921032,-96.937179,10270207,"TKN",10270207,102702,1027,10
"484219",3678114,"KANSAS/LOWER REPUBLICAN RIVER BASIN","SC507","","2012-01-10",1203,0.378,2012,1,10,39.921032,-96.937179,10270207,"TKN",10270207,102702,1027,10
"484220",3678212,"KANSAS/LOWER REPUBLICAN RIVER BASIN","SC507","","2012-04-24",1412,1.308,2012,4,24,39.921032,-96.937179,10270207,"TKN",10270207,102702,1027,10
"484221",3678310,"KANSAS/LOWER REPUBLICAN RIVER BASIN","SC507","","2012-07-10",1634,0.747,2012,7,10,39.921032,-96.937179,10270207,"TKN",10270207,102702,1027,10
"484222",3678411,"KANSAS/LOWER REPUBLICAN RIVER BASIN","SC507","","2012-10-09",1347,0.712,2012,10,9,39.921032,-96.937179,10270207,"TKN",10270207,102702,1027,10
"484223",3678511,"KANSAS/LOWER REPUBLICAN RIVER BASIN","SC507","","2013-02-12",1358,0.297,2013,2,12,39.921032,-96.937179,10270207,"TKN",10270207,102702,1027,10
"484224",3678611,"KANSAS/LOWER REPUBLICAN RIVER BASIN","SC507","","2013-05-14",954,1.256,2013,5,14,39.921032,-96.937179,10270207,"TKN",10270207,102702,1027,10
"484225",3678710,"KANSAS/LOWER REPUBLICAN RIVER BASIN","SC507","","2013-08-13",1129,2.285,2013,8,13,39.921032,-96.937179,10270207,"TKN",10270207,102702,1027,10
"484226",3678811,"KANSAS/LOWER REPUBLICAN RIVER BASIN","SC507","","2013-11-05",1201,2.069,2013,11,5,39.921032,-96.937179,10270207,"TKN",10270207,102702,1027,10
"484227",3678911,"KANSAS/LOWER REPUBLICAN RIVER BASIN","SC507","","2014-03-11",1437,0.54,2014,3,11,39.921032,-96.937179,10270207,"TKN",10270207,102702,1027,10
"484228",3679011,"KANSAS/LOWER REPUBLICAN RIVER BASIN","SC507","","2014-06-10",1131,1.6,2014,6,10,39.921032,-96.937179,10270207,"TKN",10270207,102702,1027,10
"484229",3679114,"KANSAS/LOWER REPUBLICAN RIVER BASIN","SC507","","2014-09-16",1156,2,2014,9,16,39.921032,-96.937179,10270207,"TKN",10270207,102702,1027,10
"484230",3679211,"KANSAS/LOWER REPUBLICAN RIVER BASIN","SC507","","2014-12-09",1531,0.25,2014,12,9,39.921032,-96.937179,10270207,"TKN",10270207,102702,1027,10
"484231",3679411,"KANSAS/LOWER REPUBLICAN RIVER BASIN","SC507","","2015-04-13",1421,1.2,2015,4,13,39.921032,-96.937179,10270207,"TKN",10270207,102702,1027,10
"484232",3679511,"KANSAS/LOWER REPUBLICAN RIVER BASIN","SC507","","2015-07-20",1613,5,2015,7,20,39.921032,-96.937179,10270207,"TKN",10270207,102702,1027,10
"484233",3679611,"KANSAS/LOWER REPUBLICAN RIVER BASIN","SC507","","2015-10-19",1424,0.74,2015,10,19,39.921032,-96.937179,10270207,"TKN",10270207,102702,1027,10
"484234",3679710,"KANSAS/LOWER REPUBLICAN RIVER BASIN","SC507","","2016-02-23",1351,0.56,2016,2,23,39.921032,-96.937179,10270207,"TKN",10270207,102702,1027,10
"484235",3679810,"KANSAS/LOWER REPUBLICAN RIVER BASIN","SC507","","2016-05-16",1431,1.4,2016,5,16,39.921032,-96.937179,10270207,"TKN",10270207,102702,1027,10
"484236",3679911,"KANSAS/LOWER REPUBLICAN RIVER BASIN","SC507","","2016-08-15",1326,0.73,2016,8,15,39.921032,-96.937179,10270207,"TKN",10270207,102702,1027,10
"484237",3680011,"KANSAS/LOWER REPUBLICAN RIVER BASIN","SC507","","2016-11-14",1148,0.8,2016,11,14,39.921032,-96.937179,10270207,"TKN",10270207,102702,1027,10
"484238",3680114,"KANSAS/LOWER REPUBLICAN RIVER BASIN","SC507","","2017-03-13",1333,0.5,2017,3,13,39.921032,-96.937179,10270207,"TKN",10270207,102702,1027,10
"484239",3680212,"KANSAS/LOWER REPUBLICAN RIVER BASIN","SC507","","2017-06-12",1301,0.95,2017,6,12,39.921032,-96.937179,10270207,"TKN",10270207,102702,1027,10
"484240",3680311,"KANSAS/LOWER REPUBLICAN RIVER BASIN","SC507","","2017-09-11",1248,0.41,2017,9,11,39.921032,-96.937179,10270207,"TKN",10270207,102702,1027,10
"484241",3680411,"KANSAS/LOWER REPUBLICAN RIVER BASIN","SC507","","2017-12-04",1215,0.46,2017,12,4,39.921032,-96.937179,10270207,"TKN",10270207,102702,1027,10
"484242",3680511,"KANSAS/LOWER REPUBLICAN RIVER BASIN","SC507","","2018-01-08",1224,0.43,2018,1,8,39.921032,-96.937179,10270207,"TKN",10270207,102702,1027,10
"484243",3680611,"KANSAS/LOWER REPUBLICAN RIVER BASIN","SC507","","2018-01-08",1229,0.39,2018,1,8,39.921032,-96.937179,10270207,"TKN",10270207,102702,1027,10
"484244",3680711,"KANSAS/LOWER REPUBLICAN RIVER BASIN","SC507","","2018-04-09",1152,0.63,2018,4,9,39.921032,-96.937179,10270207,"TKN",10270207,102702,1027,10
"484245",3680811,"KANSAS/LOWER REPUBLICAN RIVER BASIN","SC507","","2018-07-23",1236,1.3,2018,7,23,39.921032,-96.937179,10270207,"TKN",10270207,102702,1027,10
"484246",3680910,"KANSAS/LOWER REPUBLICAN RIVER BASIN","SC507","","2018-10-15",1142,1.1,2018,10,15,39.921032,-96.937179,10270207,"TKN",10270207,102702,1027,10
"484247",3681010,"KANSAS/LOWER REPUBLICAN RIVER BASIN","SC507","","2019-02-11",1344,1.3,2019,2,11,39.921032,-96.937179,10270207,"TKN",10270207,102702,1027,10
"484248",3681114,"KANSAS/LOWER REPUBLICAN RIVER BASIN","SC507","","2019-05-20",1331,0.88,2019,5,20,39.921032,-96.937179,10270207,"TKN",10270207,102702,1027,10
"484249",3681212,"KANSAS/LOWER REPUBLICAN RIVER BASIN","SC507","","2019-08-19",1355,0.73,2019,8,19,39.921032,-96.937179,10270207,"TKN",10270207,102702,1027,10
"484250",3681311,"KANSAS/LOWER REPUBLICAN RIVER BASIN","SC507","","2019-11-05",1158,0.54,2019,11,5,39.921032,-96.937179,10270207,"TKN",10270207,102702,1027,10
"484251",368149,"KANSAS/LOWER REPUBLICAN RIVER BASIN","SC507","","2020-03-02",1245,0.51,2020,3,2,39.921032,-96.937179,10270207,"TKN",10270207,102702,1027,10
"484252",3681510,"KANSAS/LOWER REPUBLICAN RIVER BASIN","SC507","","2020-09-14",1027,0.76,2020,9,14,39.921032,-96.937179,10270207,"TKN",10270207,102702,1027,10
"484253",3681610,"KANSAS/LOWER REPUBLICAN RIVER BASIN","SC507","","2020-12-07",1040,0.38,2020,12,7,39.921032,-96.937179,10270207,"TKN",10270207,102702,1027,10
"484254",368179,"KANSAS/LOWER REPUBLICAN RIVER BASIN","SC507","","2021-01-04",1112,0.29,2021,1,4,39.921032,-96.937179,10270207,"TKN",10270207,102702,1027,10
"484255",3681810,"KANSAS/LOWER REPUBLICAN RIVER BASIN","SC507","","2021-04-05",1108,1.4,2021,4,5,39.921032,-96.937179,10270207,"TKN",10270207,102702,1027,10
"484256",3681910,"KANSAS/LOWER REPUBLICAN RIVER BASIN","SC507","","2021-07-13",1143,0.64,2021,7,13,39.921032,-96.937179,10270207,"TKN",10270207,102702,1027,10
"484257",3682010,"KANSAS/LOWER REPUBLICAN RIVER BASIN","SC507","","2021-10-04",1221,0.5,2021,10,4,39.921032,-96.937179,10270207,"TKN",10270207,102702,1027,10
"484258",3682114,"KANSAS/LOWER REPUBLICAN RIVER BASIN","SC507","","2022-05-03",1110,1.9,2022,5,3,39.921032,-96.937179,10270207,"TKN",10270207,102702,1027,10
"484259",368239,"KANSAS/LOWER REPUBLICAN RIVER BASIN","SC507","","2022-11-08",1249,0.35,2022,11,8,39.921032,-96.937179,10270207,"TKN",10270207,102702,1027,10
"484260",368249,"KANSAS/LOWER REPUBLICAN RIVER BASIN","SC507","","2023-03-06",1135,0.57,2023,3,6,39.921032,-96.937179,10270207,"TKN",10270207,102702,1027,10
"484261",3682510,"KANSAS/LOWER REPUBLICAN RIVER BASIN","SC507","","2023-06-05",1304,0.31,2023,6,5,39.921032,-96.937179,10270207,"TKN",10270207,102702,1027,10
"484262",3682610,"KANSAS/LOWER REPUBLICAN RIVER BASIN","SC507","","2023-09-18",1301,0.88,2023,9,18,39.921032,-96.937179,10270207,"TKN",10270207,102702,1027,10
"484263",3682710,"KANSAS/LOWER REPUBLICAN RIVER BASIN","SC507","","2023-12-04",1247,0.1,2023,12,4,39.921032,-96.937179,10270207,"TKN",10270207,102702,1027,10
"484264",3682810,"KANSAS/LOWER REPUBLICAN RIVER BASIN","SC507","","2024-04-08",1312,0.67,2024,4,8,39.921032,-96.937179,10270207,"TKN",10270207,102702,1027,10
"484265",3682910,"KANSAS/LOWER REPUBLICAN RIVER BASIN","SC507","","2024-07-08",1310,0.65,2024,7,8,39.921032,-96.937179,10270207,"TKN",10270207,102702,1027,10
"484266",3683010,"KANSAS/LOWER REPUBLICAN RIVER BASIN","SC507","","2024-10-07",1422,0.68,2024,10,7,39.921032,-96.937179,10270207,"TKN",10270207,102702,1027,10
"484267",3685011,"KANSAS/LOWER REPUBLICAN RIVER BASIN","SC508","5 MI. E. & 2 MI. N. OF BURR OAK ON CO. RD. BRIDGE","2002-01-23",1405,0.571,2002,1,23,39.89849,-98.21267,10250016,"TKN",10250016,102500,1025,10
"484268",3685114,"KANSAS/LOWER REPUBLICAN RIVER BASIN","SC508","5 MI. E. & 2 MI. N. OF BURR OAK ON CO. RD. BRIDGE","2002-03-19",1445,0.517,2002,3,19,39.89849,-98.21267,10250016,"TKN",10250016,102500,1025,10
"484269",3685212,"KANSAS/LOWER REPUBLICAN RIVER BASIN","SC508","5 MI. E. & 2 MI. N. OF BURR OAK ON CO. RD. BRIDGE","2002-05-21",1455,1.039,2002,5,21,39.89849,-98.21267,10250016,"TKN",10250016,102500,1025,10
"484270",3685312,"KANSAS/LOWER REPUBLICAN RIVER BASIN","SC508","","2002-07-23",1500,1.98,2002,7,23,39.89849,-98.21267,10250016,"TKN",10250016,102500,1025,10
"484271",3685512,"KANSAS/LOWER REPUBLICAN RIVER BASIN","SC508","","2002-11-19",1451,1.465,2002,11,19,39.89849,-98.21267,10250016,"TKN",10250016,102500,1025,10
"484272",3685611,"KANSAS/LOWER REPUBLICAN RIVER BASIN","SC508","","2006-01-24",1441,0.291,2006,1,24,39.89849,-98.21267,10250016,"TKN",10250016,102500,1025,10
"484273",3685711,"KANSAS/LOWER REPUBLICAN RIVER BASIN","SC508","","2006-05-16",1614,1.513,2006,5,16,39.89849,-98.21267,10250016,"TKN",10250016,102500,1025,10
"484274",3685810,"KANSAS/LOWER REPUBLICAN RIVER BASIN","SC508","","2006-07-18",1402,1.553,2006,7,18,39.89849,-98.21267,10250016,"TKN",10250016,102500,1025,10
"484275",3685911,"KANSAS/LOWER REPUBLICAN RIVER BASIN","SC508","","2006-09-19",1713,1.51,2006,9,19,39.89849,-98.21267,10250016,"TKN",10250016,102500,1025,10
"484276",3686010,"KANSAS/LOWER REPUBLICAN RIVER BASIN","SC508","","2006-11-14",1448,0.502,2006,11,14,39.89849,-98.21267,10250016,"TKN",10250016,102500,1025,10
"484277",3686114,"KANSAS/LOWER REPUBLICAN RIVER BASIN","SC508","","2010-02-02",1056,0.594,2010,2,2,39.89849,-98.21267,10250016,"TKN",10250016,102500,1025,10
"484278",3686212,"KANSAS/LOWER REPUBLICAN RIVER BASIN","SC508","","2010-02-02",1101,0.648,2010,2,2,39.89849,-98.21267,10250016,"TKN",10250016,102500,1025,10
"484279",3686311,"KANSAS/LOWER REPUBLICAN RIVER BASIN","SC508","","2010-05-04",1014,1.164,2010,5,4,39.89849,-98.21267,10250016,"TKN",10250016,102500,1025,10
"484280",3686411,"KANSAS/LOWER REPUBLICAN RIVER BASIN","SC508","","2010-08-03",1011,0.82,2010,8,3,39.89849,-98.21267,10250016,"TKN",10250016,102500,1025,10
"484281",3686511,"KANSAS/LOWER REPUBLICAN RIVER BASIN","SC508","","2010-11-02",1030,0.613,2010,11,2,39.89849,-98.21267,10250016,"TKN",10250016,102500,1025,10
"484282",3686611,"KANSAS/LOWER REPUBLICAN RIVER BASIN","SC508","","2014-03-11",1223,0.5,2014,3,11,39.89849,-98.21267,10250016,"TKN",10250016,102500,1025,10
"484283",3686711,"KANSAS/LOWER REPUBLICAN RIVER BASIN","SC508","","2014-06-10",902,2.4,2014,6,10,39.89849,-98.21267,10250016,"TKN",10250016,102500,1025,10
"484284",3686810,"KANSAS/LOWER REPUBLICAN RIVER BASIN","SC508","","2014-09-16",920,1.1,2014,9,16,39.89849,-98.21267,10250016,"TKN",10250016,102500,1025,10
"484285",3686910,"KANSAS/LOWER REPUBLICAN RIVER BASIN","SC508","","2014-12-09",1318,0.79,2014,12,9,39.89849,-98.21267,10250016,"TKN",10250016,102500,1025,10
"484286",3687010,"KANSAS/LOWER REPUBLICAN RIVER BASIN","SC508","","2018-04-10",1022,0.51,2018,4,10,39.89849,-98.21267,10250016,"TKN",10250016,102500,1025,10
"484287",3687114,"KANSAS/LOWER REPUBLICAN RIVER BASIN","SC508","","2018-07-24",1009,1.7,2018,7,24,39.89849,-98.21267,10250016,"TKN",10250016,102500,1025,10
"484288",3687212,"KANSAS/LOWER REPUBLICAN RIVER BASIN","SC508","","2018-10-16",1003,1.4,2018,10,16,39.89849,-98.21267,10250016,"TKN",10250016,102500,1025,10
"484289",3687310,"KANSAS/LOWER REPUBLICAN RIVER BASIN","SC508","","2022-02-08",857,0.33,2022,2,8,39.89849,-98.21267,10250016,"TKN",10250016,102500,1025,10
"484290",3687410,"KANSAS/LOWER REPUBLICAN RIVER BASIN","SC508","","2022-05-03",811,4.7,2022,5,3,39.89849,-98.21267,10250016,"TKN",10250016,102500,1025,10
"484291",3687510,"KANSAS/LOWER REPUBLICAN RIVER BASIN","SC508","","2022-08-02",743,0.83,2022,8,2,39.89849,-98.21267,10250016,"TKN",10250016,102500,1025,10
"484292",368769,"KANSAS/LOWER REPUBLICAN RIVER BASIN","SC508","","2022-11-08",1009,0.82,2022,11,8,39.89849,-98.21267,10250016,"TKN",10250016,102500,1025,10
"484293",3693411,"KANSAS/LOWER REPUBLICAN RIVER BASIN","SC509","HIGHWAY K-28. 4.5 MI W AND 0.25 N OF CONCORDIA","2000-01-19",1320,1.22,2000,1,19,39.5925,-97.74377,10250017,"TKN",10250017,102500,1025,10
"484294",3693512,"KANSAS/LOWER REPUBLICAN RIVER BASIN","SC509","HIGHWAY K-28. 4.5 MI W AND 0.25 N OF CONCORDIA","2000-03-21",1320,2.33,2000,3,21,39.5925,-97.74377,10250017,"TKN",10250017,102500,1025,10
"484295",3693611,"KANSAS/LOWER REPUBLICAN RIVER BASIN","SC509","HIGHWAY K-28. 4.5 MI W AND 0.25 N OF CONCORDIA","2000-05-16",1255,1.84,2000,5,16,39.5925,-97.74377,10250017,"TKN",10250017,102500,1025,10
"484296",3693712,"KANSAS/LOWER REPUBLICAN RIVER BASIN","SC509","HIGHWAY K-28. 4.5 MI W AND 0.25 N OF CONCORDIA","2000-07-18",1410,2.11,2000,7,18,39.5925,-97.74377,10250017,"TKN",10250017,102500,1025,10
"484297",3693811,"KANSAS/LOWER REPUBLICAN RIVER BASIN","SC509","HIGHWAY K-28. 4.5 MI W AND 0.25 N OF CONCORDIA","2000-09-19",1315,1.38,2000,9,19,39.5925,-97.74377,10250017,"TKN",10250017,102500,1025,10
"484298",3693912,"KANSAS/LOWER REPUBLICAN RIVER BASIN","SC509","HIGHWAY K-28. 4.5 MI W AND 0.25 N OF CONCORDIA","2000-11-14",1015,1.4,2000,11,14,39.5925,-97.74377,10250017,"TKN",10250017,102500,1025,10
"484299",3694012,"KANSAS/LOWER REPUBLICAN RIVER BASIN","SC509","HIGHWAY K-28. 4.5 MI W AND 0.25 N OF CONCORDIA","2001-02-13",1405,1.21,2001,2,13,39.5925,-97.74377,10250017,"TKN",10250017,102500,1025,10
"484300",3694114,"KANSAS/LOWER REPUBLICAN RIVER BASIN","SC509","HIGHWAY K-28. 4.5 MI W AND 0.25 N OF CONCORDIA","2001-04-17",1320,1.268,2001,4,17,39.5925,-97.74377,10250017,"TKN",10250017,102500,1025,10
"484301",3694213,"KANSAS/LOWER REPUBLICAN RIVER BASIN","SC509","HIGHWAY K-28. 4.5 MI W AND 0.25 N OF CONCORDIA","2001-06-19",1315,0.854,2001,6,19,39.5925,-97.74377,10250017,"TKN",10250017,102500,1025,10
"484302",3694311,"KANSAS/LOWER REPUBLICAN RIVER BASIN","SC509","HIGHWAY K-28. 4.5 MI W AND 0.25 N OF CONCORDIA","2001-08-21",1315,1.786,2001,8,21,39.5925,-97.74377,10250017,"TKN",10250017,102500,1025,10
"484303",3694412,"KANSAS/LOWER REPUBLICAN RIVER BASIN","SC509","HIGHWAY K-28. 4.5 MI W AND 0.25 N OF CONCORDIA","2001-10-16",1305,1.967,2001,10,16,39.5925,-97.74377,10250017,"TKN",10250017,102500,1025,10
"484304",3694511,"KANSAS/LOWER REPUBLICAN RIVER BASIN","SC509","HIGHWAY K-28. 4.5 MI W AND 0.25 N OF CONCORDIA","2001-12-18",1240,1.802,2001,12,18,39.5925,-97.74377,10250017,"TKN",10250017,102500,1025,10
"484305",3694611,"KANSAS/LOWER REPUBLICAN RIVER BASIN","SC509","HIGHWAY K-28. 4.5 MI W AND 0.25 N OF CONCORDIA","2002-01-23",1225,1.572,2002,1,23,39.5925,-97.74377,10250017,"TKN",10250017,102500,1025,10
"484306",3694712,"KANSAS/LOWER REPUBLICAN RIVER BASIN","SC509","HIGHWAY K-28. 4.5 MI W AND 0.25 N OF CONCORDIA","2002-03-19",1300,1.429,2002,3,19,39.5925,-97.74377,10250017,"TKN",10250017,102500,1025,10
"484307",3694811,"KANSAS/LOWER REPUBLICAN RIVER BASIN","SC509","HIGHWAY K-28. 4.5 MI W AND 0.25 N OF CONCORDIA","2002-05-21",1330,3.065,2002,5,21,39.5925,-97.74377,10250017,"TKN",10250017,102500,1025,10
"484308",3694912,"KANSAS/LOWER REPUBLICAN RIVER BASIN","SC509","","2002-07-23",1305,1.484,2002,7,23,39.5925,-97.74377,10250017,"TKN",10250017,102500,1025,10
"484309",3695011,"KANSAS/LOWER REPUBLICAN RIVER BASIN","SC509","","2002-09-17",1413,1.193,2002,9,17,39.5925,-97.74377,10250017,"TKN",10250017,102500,1025,10
"484310",3695114,"KANSAS/LOWER REPUBLICAN RIVER BASIN","SC509","","2002-11-19",1307,1.344,2002,11,19,39.5925,-97.74377,10250017,"TKN",10250017,102500,1025,10
"484311",3695213,"KANSAS/LOWER REPUBLICAN RIVER BASIN","SC509","","2003-02-18",1344,1.968,2003,2,18,39.5925,-97.74377,10250017,"TKN",10250017,102500,1025,10
"484312",3695312,"KANSAS/LOWER REPUBLICAN RIVER BASIN","SC509","","2003-04-15",1324,3.508,2003,4,15,39.5925,-97.74377,10250017,"TKN",10250017,102500,1025,10
"484313",3695412,"KANSAS/LOWER REPUBLICAN RIVER BASIN","SC509","","2003-06-17",1227,7.683,2003,6,17,39.5925,-97.74377,10250017,"TKN",10250017,102500,1025,10
"484314",3695512,"KANSAS/LOWER REPUBLICAN RIVER BASIN","SC509","","2003-06-17",1232,7.037,2003,6,17,39.5925,-97.74377,10250017,"TKN",10250017,102500,1025,10
"484315",3695610,"KANSAS/LOWER REPUBLICAN RIVER BASIN","SC509","","2003-08-19",1408,1.725,2003,8,19,39.5925,-97.74377,10250017,"TKN",10250017,102500,1025,10
"484316",3695711,"KANSAS/LOWER REPUBLICAN RIVER BASIN","SC509","","2003-10-21",1312,1.217,2003,10,21,39.5925,-97.74377,10250017,"TKN",10250017,102500,1025,10
"484317",3695811,"KANSAS/LOWER REPUBLICAN RIVER BASIN","SC509","","2004-03-16",1420,2.548,2004,3,16,39.5925,-97.74377,10250017,"TKN",10250017,102500,1025,10
"484318",3695910,"KANSAS/LOWER REPUBLICAN RIVER BASIN","SC509","","2004-05-18",1423,1.763,2004,5,18,39.5925,-97.74377,10250017,"TKN",10250017,102500,1025,10
"484319",3696011,"KANSAS/LOWER REPUBLICAN RIVER BASIN","SC509","","2004-07-20",1303,1.602,2004,7,20,39.5925,-97.74377,10250017,"TKN",10250017,102500,1025,10
"484320",3696114,"KANSAS/LOWER REPUBLICAN RIVER BASIN","SC509","","2004-09-21",1456,2.462,2004,9,21,39.5925,-97.74377,10250017,"TKN",10250017,102500,1025,10
"484321",3696212,"KANSAS/LOWER REPUBLICAN RIVER BASIN","SC509","","2004-11-16",1352,1.972,2004,11,16,39.5925,-97.74377,10250017,"TKN",10250017,102500,1025,10
"484322",3696310,"KANSAS/LOWER REPUBLICAN RIVER BASIN","SC509","","2005-02-15",1454,3.323,2005,2,15,39.5925,-97.74377,10250017,"TKN",10250017,102500,1025,10
"484323",3696411,"KANSAS/LOWER REPUBLICAN RIVER BASIN","SC509","","2005-04-19",1638,2.319,2005,4,19,39.5925,-97.74377,10250017,"TKN",10250017,102500,1025,10
"484324",3696510,"KANSAS/LOWER REPUBLICAN RIVER BASIN","SC509","","2005-06-14",1512,3.979,2005,6,14,39.5925,-97.74377,10250017,"TKN",10250017,102500,1025,10
"484325",3696611,"KANSAS/LOWER REPUBLICAN RIVER BASIN","SC509","","2005-08-16",1433,3.417,2005,8,16,39.5925,-97.74377,10250017,"TKN",10250017,102500,1025,10
"484326",3696710,"KANSAS/LOWER REPUBLICAN RIVER BASIN","SC509","","2005-10-18",1529,2.703,2005,10,18,39.5925,-97.74377,10250017,"TKN",10250017,102500,1025,10
"484327",3696811,"KANSAS/LOWER REPUBLICAN RIVER BASIN","SC509","","2005-12-20",1614,0.762,2005,12,20,39.5925,-97.74377,10250017,"TKN",10250017,102500,1025,10
"484328",3696911,"KANSAS/LOWER REPUBLICAN RIVER BASIN","SC509","","2005-12-20",1619,0.835,2005,12,20,39.5925,-97.74377,10250017,"TKN",10250017,102500,1025,10
"484329",3697011,"KANSAS/LOWER REPUBLICAN RIVER BASIN","SC509","","2006-01-24",1305,1.202,2006,1,24,39.5925,-97.74377,10250017,"TKN",10250017,102500,1025,10
"484330",3697114,"KANSAS/LOWER REPUBLICAN RIVER BASIN","SC509","","2006-05-16",1409,4.456,2006,5,16,39.5925,-97.74377,10250017,"TKN",10250017,102500,1025,10
"484331",3697212,"KANSAS/LOWER REPUBLICAN RIVER BASIN","SC509","","2006-07-18",1229,3.231,2006,7,18,39.5925,-97.74377,10250017,"TKN",10250017,102500,1025,10
"484332",3697311,"KANSAS/LOWER REPUBLICAN RIVER BASIN","SC509","","2006-09-19",1520,1.593,2006,9,19,39.5925,-97.74377,10250017,"TKN",10250017,102500,1025,10
"484333",3697410,"KANSAS/LOWER REPUBLICAN RIVER BASIN","SC509","","2006-11-14",1237,0.818,2006,11,14,39.5925,-97.74377,10250017,"TKN",10250017,102500,1025,10
"484334",3697510,"KANSAS/LOWER REPUBLICAN RIVER BASIN","SC509","","2007-02-20",1253,4.524,2007,2,20,39.5925,-97.74377,10250017,"TKN",10250017,102500,1025,10
"484335",3697611,"KANSAS/LOWER REPUBLICAN RIVER BASIN","SC509","","2007-04-17",1356,2.531,2007,4,17,39.5925,-97.74377,10250017,"TKN",10250017,102500,1025,10
"484336",3697811,"KANSAS/LOWER REPUBLICAN RIVER BASIN","SC509","","2007-08-21",1639,1.789,2007,8,21,39.5925,-97.74377,10250017,"TKN",10250017,102500,1025,10
"484337",3697910,"KANSAS/LOWER REPUBLICAN RIVER BASIN","SC509","","2007-10-16",1401,1.341,2007,10,16,39.5925,-97.74377,10250017,"TKN",10250017,102500,1025,10
"484338",3698011,"KANSAS/LOWER REPUBLICAN RIVER BASIN","SC509","","2007-12-18",1143,1.153,2007,12,18,39.5925,-97.74377,10250017,"TKN",10250017,102500,1025,10
"484339",3698114,"KANSAS/LOWER REPUBLICAN RIVER BASIN","SC509","","2008-01-29",1248,4.676,2008,1,29,39.5925,-97.74377,10250017,"TKN",10250017,102500,1025,10
"484340",3698212,"KANSAS/LOWER REPUBLICAN RIVER BASIN","SC509","","2008-03-18",1441,1.737,2008,3,18,39.5925,-97.74377,10250017,"TKN",10250017,102500,1025,10
"484341",3698311,"KANSAS/LOWER REPUBLICAN RIVER BASIN","SC509","","2008-05-20",1210,2.067,2008,5,20,39.5925,-97.74377,10250017,"TKN",10250017,102500,1025,10
"484342",3698410,"KANSAS/LOWER REPUBLICAN RIVER BASIN","SC509","","2008-07-22",1223,0.05,2008,7,22,39.5925,-97.74377,10250017,"TKN",10250017,102500,1025,10
"484343",3698511,"KANSAS/LOWER REPUBLICAN RIVER BASIN","SC509","","2008-09-16",1205,2.761,2008,9,16,39.5925,-97.74377,10250017,"TKN",10250017,102500,1025,10
"484344",3698610,"KANSAS/LOWER REPUBLICAN RIVER BASIN","SC509","","2008-11-18",1220,1.043,2008,11,18,39.5925,-97.74377,10250017,"TKN",10250017,102500,1025,10
"484345",3698711,"KANSAS/LOWER REPUBLICAN RIVER BASIN","SC509","","2009-02-17",1425,0.634,2009,2,17,39.5925,-97.74377,10250017,"TKN",10250017,102500,1025,10
"484346",3698810,"KANSAS/LOWER REPUBLICAN RIVER BASIN","SC509","","2009-04-21",1440,2.02,2009,4,21,39.5925,-97.74377,10250017,"TKN",10250017,102500,1025,10
"484347",3698911,"KANSAS/LOWER REPUBLICAN RIVER BASIN","SC509","","2009-06-09",1434,2.301,2009,6,9,39.5925,-97.74377,10250017,"TKN",10250017,102500,1025,10
"484348",3699114,"KANSAS/LOWER REPUBLICAN RIVER BASIN","SC509","","2009-10-12",1652,1.395,2009,10,12,39.5925,-97.74377,10250017,"TKN",10250017,102500,1025,10
"484349",3699212,"KANSAS/LOWER REPUBLICAN RIVER BASIN","SC509","","2009-12-15",1617,1.299,2009,12,15,39.5925,-97.74377,10250017,"TKN",10250017,102500,1025,10
"484350",3699311,"KANSAS/LOWER REPUBLICAN RIVER BASIN","SC509","","2010-02-02",821,1.349,2010,2,2,39.5925,-97.74377,10250017,"TKN",10250017,102500,1025,10
"484351",3699410,"KANSAS/LOWER REPUBLICAN RIVER BASIN","SC509","","2010-05-04",817,2.47,2010,5,4,39.5925,-97.74377,10250017,"TKN",10250017,102500,1025,10
"484352",3699511,"KANSAS/LOWER REPUBLICAN RIVER BASIN","SC509","","2010-08-03",813,1.593,2010,8,3,39.5925,-97.74377,10250017,"TKN",10250017,102500,1025,10
"484353",3699610,"KANSAS/LOWER REPUBLICAN RIVER BASIN","SC509","","2010-11-02",824,1.027,2010,11,2,39.5925,-97.74377,10250017,"TKN",10250017,102500,1025,10
"484354",3699711,"KANSAS/LOWER REPUBLICAN RIVER BASIN","SC509","","2011-03-08",1124,0.779,2011,3,8,39.5925,-97.74377,10250017,"TKN",10250017,102500,1025,10
"484355",3699810,"KANSAS/LOWER REPUBLICAN RIVER BASIN","SC509","","2011-06-07",929,1.428,2011,6,7,39.5925,-97.74377,10250017,"TKN",10250017,102500,1025,10
"484356",3699911,"KANSAS/LOWER REPUBLICAN RIVER BASIN","SC509","","2011-09-13",1056,1.411,2011,9,13,39.5925,-97.74377,10250017,"TKN",10250017,102500,1025,10
"484357",3700010,"KANSAS/LOWER REPUBLICAN RIVER BASIN","SC509","","2011-12-13",1021,0.821,2011,12,13,39.5925,-97.74377,10250017,"TKN",10250017,102500,1025,10
"484358",3700114,"KANSAS/LOWER REPUBLICAN RIVER BASIN","SC509","","2012-01-10",900,0.565,2012,1,10,39.5925,-97.74377,10250017,"TKN",10250017,102500,1025,10
"484359",3700212,"KANSAS/LOWER REPUBLICAN RIVER BASIN","SC509","","2012-04-24",1028,2.015,2012,4,24,39.5925,-97.74377,10250017,"TKN",10250017,102500,1025,10
"484360",3700310,"KANSAS/LOWER REPUBLICAN RIVER BASIN","SC509","","2012-07-10",1135,3.509,2012,7,10,39.5925,-97.74377,10250017,"TKN",10250017,102500,1025,10
"484361",3700411,"KANSAS/LOWER REPUBLICAN RIVER BASIN","SC509","","2012-10-09",1031,0.92,2012,10,9,39.5925,-97.74377,10250017,"TKN",10250017,102500,1025,10
"484362",3700510,"KANSAS/LOWER REPUBLICAN RIVER BASIN","SC509","","2013-02-12",1016,1.116,2013,2,12,39.5925,-97.74377,10250017,"TKN",10250017,102500,1025,10
"484363",3700611,"KANSAS/LOWER REPUBLICAN RIVER BASIN","SC509","","2013-05-13",1659,2.049,2013,5,13,39.5925,-97.74377,10250017,"TKN",10250017,102500,1025,10
"484364",3700711,"KANSAS/LOWER REPUBLICAN RIVER BASIN","SC509","","2013-08-13",741,2.961,2013,8,13,39.5925,-97.74377,10250017,"TKN",10250017,102500,1025,10
"484365",3700811,"KANSAS/LOWER REPUBLICAN RIVER BASIN","SC509","","2013-11-05",805,1.354,2013,11,5,39.5925,-97.74377,10250017,"TKN",10250017,102500,1025,10
"484366",3700911,"KANSAS/LOWER REPUBLICAN RIVER BASIN","SC509","","2014-03-11",1024,1.4,2014,3,11,39.5925,-97.74377,10250017,"TKN",10250017,102500,1025,10
"484367",3701011,"KANSAS/LOWER REPUBLICAN RIVER BASIN","SC509","","2014-03-11",1029,1.4,2014,3,11,39.5925,-97.74377,10250017,"TKN",10250017,102500,1025,10
"484368",3701114,"KANSAS/LOWER REPUBLICAN RIVER BASIN","SC509","","2014-06-09",1743,3.6,2014,6,9,39.5925,-97.74377,10250017,"TKN",10250017,102500,1025,10
"484369",3701212,"KANSAS/LOWER REPUBLICAN RIVER BASIN","SC509","","2014-09-16",802,1.3,2014,9,16,39.5925,-97.74377,10250017,"TKN",10250017,102500,1025,10
"484370",3701310,"KANSAS/LOWER REPUBLICAN RIVER BASIN","SC509","","2014-12-09",1124,1.2,2014,12,9,39.5925,-97.74377,10250017,"TKN",10250017,102500,1025,10
"484371",3701411,"KANSAS/LOWER REPUBLICAN RIVER BASIN","SC509","","2015-01-13",852,0.75,2015,1,13,39.5925,-97.74377,10250017,"TKN",10250017,102500,1025,10
"484372",3701511,"KANSAS/LOWER REPUBLICAN RIVER BASIN","SC509","","2015-04-14",1027,3.8,2015,4,14,39.5925,-97.74377,10250017,"TKN",10250017,102500,1025,10
"484373",3701610,"KANSAS/LOWER REPUBLICAN RIVER BASIN","SC509","","2015-07-20",1919,3.3,2015,7,20,39.5925,-97.74377,10250017,"TKN",10250017,102500,1025,10
"484374",3701711,"KANSAS/LOWER REPUBLICAN RIVER BASIN","SC509","","2015-10-20",822,1.4,2015,10,20,39.5925,-97.74377,10250017,"TKN",10250017,102500,1025,10
"484375",3701810,"KANSAS/LOWER REPUBLICAN RIVER BASIN","SC509","","2016-02-23",1053,1.3,2016,2,23,39.5925,-97.74377,10250017,"TKN",10250017,102500,1025,10
"484376",3701911,"KANSAS/LOWER REPUBLICAN RIVER BASIN","SC509","","2016-05-17",1252,4.2,2016,5,17,39.5925,-97.74377,10250017,"TKN",10250017,102500,1025,10
"484377",3702011,"KANSAS/LOWER REPUBLICAN RIVER BASIN","SC509","","2016-08-16",1351,1.8,2016,8,16,39.5925,-97.74377,10250017,"TKN",10250017,102500,1025,10
"484378",3702114,"KANSAS/LOWER REPUBLICAN RIVER BASIN","SC509","","2016-11-15",1446,1.2,2016,11,15,39.5925,-97.74377,10250017,"TKN",10250017,102500,1025,10
"484379",3702212,"KANSAS/LOWER REPUBLICAN RIVER BASIN","SC509","","2017-03-14",1104,1.4,2017,3,14,39.5925,-97.74377,10250017,"TKN",10250017,102500,1025,10
"484380",3702311,"KANSAS/LOWER REPUBLICAN RIVER BASIN","SC509","","2017-06-13",1021,1.6,2017,6,13,39.5925,-97.74377,10250017,"TKN",10250017,102500,1025,10
"484381",3702411,"KANSAS/LOWER REPUBLICAN RIVER BASIN","SC509","","2017-09-12",1036,1.1,2017,9,12,39.5925,-97.74377,10250017,"TKN",10250017,102500,1025,10
"484382",3702511,"KANSAS/LOWER REPUBLICAN RIVER BASIN","SC509","","2017-12-05",1004,0.75,2017,12,5,39.5925,-97.74377,10250017,"TKN",10250017,102500,1025,10
"484383",3702611,"KANSAS/LOWER REPUBLICAN RIVER BASIN","SC509","","2018-01-09",1239,0.42,2018,1,9,39.5925,-97.74377,10250017,"TKN",10250017,102500,1025,10
"484384",3702710,"KANSAS/LOWER REPUBLICAN RIVER BASIN","SC509","","2018-04-10",1200,1.6,2018,4,10,39.5925,-97.74377,10250017,"TKN",10250017,102500,1025,10
"484385",3702811,"KANSAS/LOWER REPUBLICAN RIVER BASIN","SC509","","2018-07-24",1212,1.8,2018,7,24,39.5925,-97.74377,10250017,"TKN",10250017,102500,1025,10
"484386",3702911,"KANSAS/LOWER REPUBLICAN RIVER BASIN","SC509","","2018-07-24",1217,1.7,2018,7,24,39.5925,-97.74377,10250017,"TKN",10250017,102500,1025,10
"484387",3703010,"KANSAS/LOWER REPUBLICAN RIVER BASIN","SC509","","2018-10-16",1208,1.5,2018,10,16,39.5925,-97.74377,10250017,"TKN",10250017,102500,1025,10
"484388",3703114,"KANSAS/LOWER REPUBLICAN RIVER BASIN","SC509","","2018-10-16",1213,1.6,2018,10,16,39.5925,-97.74377,10250017,"TKN",10250017,102500,1025,10
"484389",3703212,"KANSAS/LOWER REPUBLICAN RIVER BASIN","SC509","","2019-02-12",1250,0.85,2019,2,12,39.5925,-97.74377,10250017,"TKN",10250017,102500,1025,10
"484390",3703311,"KANSAS/LOWER REPUBLICAN RIVER BASIN","SC509","","2019-02-12",1255,0.77,2019,2,12,39.5925,-97.74377,10250017,"TKN",10250017,102500,1025,10
"484391",3703411,"KANSAS/LOWER REPUBLICAN RIVER BASIN","SC509","","2019-05-21",1341,1,2019,5,21,39.5925,-97.74377,10250017,"TKN",10250017,102500,1025,10
"484392",3703510,"KANSAS/LOWER REPUBLICAN RIVER BASIN","SC509","","2019-08-20",806,0.95,2019,8,20,39.5925,-97.74377,10250017,"TKN",10250017,102500,1025,10
"484393",3703611,"KANSAS/LOWER REPUBLICAN RIVER BASIN","SC509","","2019-11-06",721,0.63,2019,11,6,39.5925,-97.74377,10250017,"TKN",10250017,102500,1025,10
"484394",370379,"KANSAS/LOWER REPUBLICAN RIVER BASIN","SC509","","2020-03-03",741,0.87,2020,3,3,39.5925,-97.74377,10250017,"TKN",10250017,102500,1025,10
"484395",3703810,"KANSAS/LOWER REPUBLICAN RIVER BASIN","SC509","","2020-09-14",1440,0.68,2020,9,14,39.5925,-97.74377,10250017,"TKN",10250017,102500,1025,10
"484396",370399,"KANSAS/LOWER REPUBLICAN RIVER BASIN","SC509","","2020-12-08",555,0.72,2020,12,8,39.5925,-97.74377,10250017,"TKN",10250017,102500,1025,10
"484397",370409,"KANSAS/LOWER REPUBLICAN RIVER BASIN","SC509","","2021-01-04",1245,0.48,2021,1,4,39.5925,-97.74377,10250017,"TKN",10250017,102500,1025,10
"484398",3704114,"KANSAS/LOWER REPUBLICAN RIVER BASIN","SC509","","2021-04-05",1254,2.2,2021,4,5,39.5925,-97.74377,10250017,"TKN",10250017,102500,1025,10
"484399",3704211,"KANSAS/LOWER REPUBLICAN RIVER BASIN","SC509","","2021-07-13",639,2.3,2021,7,13,39.5925,-97.74377,10250017,"TKN",10250017,102500,1025,10
"484400",3704310,"KANSAS/LOWER REPUBLICAN RIVER BASIN","SC509","","2021-10-04",1302,1.4,2021,10,4,39.5925,-97.74377,10250017,"TKN",10250017,102500,1025,10
"484401",370449,"KANSAS/LOWER REPUBLICAN RIVER BASIN","SC509","","2022-02-08",753,0.44,2022,2,8,39.5925,-97.74377,10250017,"TKN",10250017,102500,1025,10
"484402",3704510,"KANSAS/LOWER REPUBLICAN RIVER BASIN","SC509","","2022-05-03",614,1.4,2022,5,3,39.5925,-97.74377,10250017,"TKN",10250017,102500,1025,10
"484403",3704610,"KANSAS/LOWER REPUBLICAN RIVER BASIN","SC509","","2022-08-02",631,1.1,2022,8,2,39.5925,-97.74377,10250017,"TKN",10250017,102500,1025,10
"484404",3704710,"KANSAS/LOWER REPUBLICAN RIVER BASIN","SC509","","2022-11-08",832,0.8,2022,11,8,39.5925,-97.74377,10250017,"TKN",10250017,102500,1025,10
"484405",3704810,"KANSAS/LOWER REPUBLICAN RIVER BASIN","SC509","","2023-03-07",637,0.91,2023,3,7,39.5925,-97.74377,10250017,"TKN",10250017,102500,1025,10
"484406",3704910,"KANSAS/LOWER REPUBLICAN RIVER BASIN","SC509","","2023-06-06",536,1.3,2023,6,6,39.5925,-97.74377,10250017,"TKN",10250017,102500,1025,10
"484407",370509,"KANSAS/LOWER REPUBLICAN RIVER BASIN","SC509","","2023-09-19",632,0.39,2023,9,19,39.5925,-97.74377,10250017,"TKN",10250017,102500,1025,10
"484408",3705114,"KANSAS/LOWER REPUBLICAN RIVER BASIN","SC509","","2023-12-05",638,0.41,2023,12,5,39.5925,-97.74377,10250017,"TKN",10250017,102500,1025,10
"484409",3705210,"KANSAS/LOWER REPUBLICAN RIVER BASIN","SC509","","2024-01-23",721,0.86,2024,1,23,39.5925,-97.74377,10250017,"TKN",10250017,102500,1025,10
"484410",370539,"KANSAS/LOWER REPUBLICAN RIVER BASIN","SC509","","2024-04-09",637,1.1,2024,4,9,39.5925,-97.74377,10250017,"TKN",10250017,102500,1025,10
"484411",3705410,"KANSAS/LOWER REPUBLICAN RIVER BASIN","SC509","","2024-07-08",1655,2,2024,7,8,39.5925,-97.74377,10250017,"TKN",10250017,102500,1025,10
"484412",3705510,"KANSAS/LOWER REPUBLICAN RIVER BASIN","SC509","","2024-10-08",739,0.9,2024,10,8,39.5925,-97.74377,10250017,"TKN",10250017,102500,1025,10
"484413",3711412,"KANSAS/LOWER REPUBLICAN RIVER BASIN","SC510","1.0 MI W, 1.5 MI N AND 0.25 MI E OF RICE","2000-01-19",1255,0.8,2000,1,19,39.59603,-97.57127,10250017,"TKN",10250017,102500,1025,10
"484414",3711511,"KANSAS/LOWER REPUBLICAN RIVER BASIN","SC510","1.0 MI W, 1.5 MI N AND 0.25 MI E OF RICE","2000-03-21",1255,1.14,2000,3,21,39.59603,-97.57127,10250017,"TKN",10250017,102500,1025,10
"484415",3711612,"KANSAS/LOWER REPUBLICAN RIVER BASIN","SC510","1.0 MI W, 1.5 MI N AND 0.25 MI E OF RICE","2000-05-16",1225,0.89,2000,5,16,39.59603,-97.57127,10250017,"TKN",10250017,102500,1025,10
"484416",3711711,"KANSAS/LOWER REPUBLICAN RIVER BASIN","SC510","1.0 MI W, 1.5 MI N AND 0.25 MI E OF RICE","2000-07-18",1340,2.05,2000,7,18,39.59603,-97.57127,10250017,"TKN",10250017,102500,1025,10
"484417",3711812,"KANSAS/LOWER REPUBLICAN RIVER BASIN","SC510","1.0 MI W, 1.5 MI N AND 0.25 MI E OF RICE","2000-09-19",1255,1.41,2000,9,19,39.59603,-97.57127,10250017,"TKN",10250017,102500,1025,10
"484418",3711911,"KANSAS/LOWER REPUBLICAN RIVER BASIN","SC510","1.0 MI W, 1.5 MI N AND 0.25 MI E OF RICE","2000-11-14",1040,1.1,2000,11,14,39.59603,-97.57127,10250017,"TKN",10250017,102500,1025,10
"484419",3712011,"KANSAS/LOWER REPUBLICAN RIVER BASIN","SC510","1.0 MI W, 1.5 MI N AND 0.25 MI E OF RICE","2001-02-13",1320,0.89,2001,2,13,39.59603,-97.57127,10250017,"TKN",10250017,102500,1025,10
"484420",3712114,"KANSAS/LOWER REPUBLICAN RIVER BASIN","SC510","1.0 MI W, 1.5 MI N AND 0.25 MI E OF RICE","2001-04-17",1240,0.835,2001,4,17,39.59603,-97.57127,10250017,"TKN",10250017,102500,1025,10
"484421",3712213,"KANSAS/LOWER REPUBLICAN RIVER BASIN","SC510","1.0 MI W, 1.5 MI N AND 0.25 MI E OF RICE","2001-06-19",1245,1.047,2001,6,19,39.59603,-97.57127,10250017,"TKN",10250017,102500,1025,10
"484422",3712312,"KANSAS/LOWER REPUBLICAN RIVER BASIN","SC510","1.0 MI W, 1.5 MI N AND 0.25 MI E OF RICE","2001-08-21",1235,2.03,2001,8,21,39.59603,-97.57127,10250017,"TKN",10250017,102500,1025,10
"484423",3712411,"KANSAS/LOWER REPUBLICAN RIVER BASIN","SC510","1.0 MI W, 1.5 MI N AND 0.25 MI E OF RICE","2001-10-16",1240,1.056,2001,10,16,39.59603,-97.57127,10250017,"TKN",10250017,102500,1025,10
"484424",3712512,"KANSAS/LOWER REPUBLICAN RIVER BASIN","SC510","1.0 MI W, 1.5 MI N AND 0.25 MI E OF RICE","2001-12-18",1210,0.798,2001,12,18,39.59603,-97.57127,10250017,"TKN",10250017,102500,1025,10
"484425",3712612,"KANSAS/LOWER REPUBLICAN RIVER BASIN","SC510","1.0 MI W, 1.5 MI N AND 0.25 MI E OF RICE","2001-12-18",1215,0.853,2001,12,18,39.59603,-97.57127,10250017,"TKN",10250017,102500,1025,10
"484426",3712712,"KANSAS/LOWER REPUBLICAN RIVER BASIN","SC510","1.0 MI W, 1.5 MI N AND 0.25 MI E OF RICE","2002-01-23",1140,0.604,2002,1,23,39.59603,-97.57127,10250017,"TKN",10250017,102500,1025,10
"484427",3712811,"KANSAS/LOWER REPUBLICAN RIVER BASIN","SC510","1.0 MI W, 1.5 MI N AND 0.25 MI E OF RICE","2002-03-19",1220,0.713,2002,3,19,39.59603,-97.57127,10250017,"TKN",10250017,102500,1025,10
"484428",3712912,"KANSAS/LOWER REPUBLICAN RIVER BASIN","SC510","1.0 MI W, 1.5 MI N AND 0.25 MI E OF RICE","2002-05-21",1235,0.617,2002,5,21,39.59603,-97.57127,10250017,"TKN",10250017,102500,1025,10
"484429",3713011,"KANSAS/LOWER REPUBLICAN RIVER BASIN","SC510","","2002-07-23",1135,1.383,2002,7,23,39.59603,-97.57127,10250017,"TKN",10250017,102500,1025,10
"484430",3713114,"KANSAS/LOWER REPUBLICAN RIVER BASIN","SC510","","2002-09-17",1311,0.89,2002,9,17,39.59603,-97.57127,10250017,"TKN",10250017,102500,1025,10
"484431",3713212,"KANSAS/LOWER REPUBLICAN RIVER BASIN","SC510","","2002-11-19",1202,0.417,2002,11,19,39.59603,-97.57127,10250017,"TKN",10250017,102500,1025,10
"484432",3713312,"KANSAS/LOWER REPUBLICAN RIVER BASIN","SC510","","2003-02-18",1239,0.994,2003,2,18,39.59603,-97.57127,10250017,"TKN",10250017,102500,1025,10
"484433",3713411,"KANSAS/LOWER REPUBLICAN RIVER BASIN","SC510","","2003-04-15",1245,0.831,2003,4,15,39.59603,-97.57127,10250017,"TKN",10250017,102500,1025,10
"484434",3713512,"KANSAS/LOWER REPUBLICAN RIVER BASIN","SC510","","2003-06-17",1136,1.853,2003,6,17,39.59603,-97.57127,10250017,"TKN",10250017,102500,1025,10
"484435",3713610,"KANSAS/LOWER REPUBLICAN RIVER BASIN","SC510","","2003-08-19",1338,1.369,2003,8,19,39.59603,-97.57127,10250017,"TKN",10250017,102500,1025,10
"484436",3713711,"KANSAS/LOWER REPUBLICAN RIVER BASIN","SC510","","2003-10-21",1222,0.409,2003,10,21,39.59603,-97.57127,10250017,"TKN",10250017,102500,1025,10
"484437",3713811,"KANSAS/LOWER REPUBLICAN RIVER BASIN","SC510","","2004-03-16",1342,0.922,2004,3,16,39.59603,-97.57127,10250017,"TKN",10250017,102500,1025,10
"484438",3713910,"KANSAS/LOWER REPUBLICAN RIVER BASIN","SC510","","2004-05-18",1342,1.216,2004,5,18,39.59603,-97.57127,10250017,"TKN",10250017,102500,1025,10
"484439",3714011,"KANSAS/LOWER REPUBLICAN RIVER BASIN","SC510","","2004-07-20",1231,1.562,2004,7,20,39.59603,-97.57127,10250017,"TKN",10250017,102500,1025,10
"484440",3714114,"KANSAS/LOWER REPUBLICAN RIVER BASIN","SC510","","2004-09-21",1426,0.722,2004,9,21,39.59603,-97.57127,10250017,"TKN",10250017,102500,1025,10
"484441",3714212,"KANSAS/LOWER REPUBLICAN RIVER BASIN","SC510","","2004-11-16",1255,0.689,2004,11,16,39.59603,-97.57127,10250017,"TKN",10250017,102500,1025,10
"484442",3714310,"KANSAS/LOWER REPUBLICAN RIVER BASIN","SC510","","2005-02-15",1210,1.896,2005,2,15,39.59603,-97.57127,10250017,"TKN",10250017,102500,1025,10
"484443",3714411,"KANSAS/LOWER REPUBLICAN RIVER BASIN","SC510","","2005-04-19",1328,1.397,2005,4,19,39.59603,-97.57127,10250017,"TKN",10250017,102500,1025,10
"484444",3714510,"KANSAS/LOWER REPUBLICAN RIVER BASIN","SC510","","2005-06-14",1141,1.388,2005,6,14,39.59603,-97.57127,10250017,"TKN",10250017,102500,1025,10
"484445",3714611,"KANSAS/LOWER REPUBLICAN RIVER BASIN","SC510","","2005-08-16",1155,2.035,2005,8,16,39.59603,-97.57127,10250017,"TKN",10250017,102500,1025,10
"484446",3714710,"KANSAS/LOWER REPUBLICAN RIVER BASIN","SC510","","2005-10-18",1239,0.553,2005,10,18,39.59603,-97.57127,10250017,"TKN",10250017,102500,1025,10
"484447",3714811,"KANSAS/LOWER REPUBLICAN RIVER BASIN","SC510","","2005-12-20",1228,0.253,2005,12,20,39.59603,-97.57127,10250017,"TKN",10250017,102500,1025,10
"484448",3714911,"KANSAS/LOWER REPUBLICAN RIVER BASIN","SC510","","2006-01-24",1221,0.336,2006,1,24,39.59603,-97.57127,10250017,"TKN",10250017,102500,1025,10
"484449",3715011,"KANSAS/LOWER REPUBLICAN RIVER BASIN","SC510","","2006-05-16",1227,1.078,2006,5,16,39.59603,-97.57127,10250017,"TKN",10250017,102500,1025,10
"484450",3715114,"KANSAS/LOWER REPUBLICAN RIVER BASIN","SC510","","2006-07-18",1133,1.682,2006,7,18,39.59603,-97.57127,10250017,"TKN",10250017,102500,1025,10
"484451",3715212,"KANSAS/LOWER REPUBLICAN RIVER BASIN","SC510","","2006-09-19",1343,0.618,2006,9,19,39.59603,-97.57127,10250017,"TKN",10250017,102500,1025,10
"484452",3715310,"KANSAS/LOWER REPUBLICAN RIVER BASIN","SC510","","2006-11-14",1130,0.401,2006,11,14,39.59603,-97.57127,10250017,"TKN",10250017,102500,1025,10
"484453",3715410,"KANSAS/LOWER REPUBLICAN RIVER BASIN","SC510","","2007-02-20",1405,2.16,2007,2,20,39.59603,-97.57127,10250017,"TKN",10250017,102500,1025,10
"484454",3715511,"KANSAS/LOWER REPUBLICAN RIVER BASIN","SC510","","2007-04-17",1255,0.806,2007,4,17,39.59603,-97.57127,10250017,"TKN",10250017,102500,1025,10
"484455",3715610,"KANSAS/LOWER REPUBLICAN RIVER BASIN","SC510","","2007-06-19",1049,1.552,2007,6,19,39.59603,-97.57127,10250017,"TKN",10250017,102500,1025,10
"484456",3715711,"KANSAS/LOWER REPUBLICAN RIVER BASIN","SC510","","2007-08-21",1249,1.679,2007,8,21,39.59603,-97.57127,10250017,"TKN",10250017,102500,1025,10
"484457",3715810,"KANSAS/LOWER REPUBLICAN RIVER BASIN","SC510","","2007-10-16",1335,0.744,2007,10,16,39.59603,-97.57127,10250017,"TKN",10250017,102500,1025,10
"484458",3715911,"KANSAS/LOWER REPUBLICAN RIVER BASIN","SC510","","2007-12-18",1314,0.537,2007,12,18,39.59603,-97.57127,10250017,"TKN",10250017,102500,1025,10
"484459",3716011,"KANSAS/LOWER REPUBLICAN RIVER BASIN","SC510","","2008-01-29",1140,1.049,2008,1,29,39.59603,-97.57127,10250017,"TKN",10250017,102500,1025,10
"484460",3716114,"KANSAS/LOWER REPUBLICAN RIVER BASIN","SC510","","2008-03-18",1217,0.957,2008,3,18,39.59603,-97.57127,10250017,"TKN",10250017,102500,1025,10
"484461",3716212,"KANSAS/LOWER REPUBLICAN RIVER BASIN","SC510","","2008-05-20",1114,1.136,2008,5,20,39.59603,-97.57127,10250017,"TKN",10250017,102500,1025,10
"484462",3716311,"KANSAS/LOWER REPUBLICAN RIVER BASIN","SC510","","2008-05-20",1119,1.152,2008,5,20,39.59603,-97.57127,10250017,"TKN",10250017,102500,1025,10
"484463",3716410,"KANSAS/LOWER REPUBLICAN RIVER BASIN","SC510","","2008-07-22",1130,1.85,2008,7,22,39.59603,-97.57127,10250017,"TKN",10250017,102500,1025,10
"484464",3716511,"KANSAS/LOWER REPUBLICAN RIVER BASIN","SC510","","2008-09-16",1109,1.838,2008,9,16,39.59603,-97.57127,10250017,"TKN",10250017,102500,1025,10
"484465",3716610,"KANSAS/LOWER REPUBLICAN RIVER BASIN","SC510","","2008-11-18",1125,0.818,2008,11,18,39.59603,-97.57127,10250017,"TKN",10250017,102500,1025,10
"484466",3716711,"KANSAS/LOWER REPUBLICAN RIVER BASIN","SC510","","2009-02-17",1104,0.954,2009,2,17,39.59603,-97.57127,10250017,"TKN",10250017,102500,1025,10
"484467",3716810,"KANSAS/LOWER REPUBLICAN RIVER BASIN","SC510","","2009-04-21",1152,0.858,2009,4,21,39.59603,-97.57127,10250017,"TKN",10250017,102500,1025,10
"484468",3716911,"KANSAS/LOWER REPUBLICAN RIVER BASIN","SC510","","2009-06-09",1112,2.44,2009,6,9,39.59603,-97.57127,10250017,"TKN",10250017,102500,1025,10
"484469",3717114,"KANSAS/LOWER REPUBLICAN RIVER BASIN","SC510","","2009-10-13",843,0.482,2009,10,13,39.59603,-97.57127,10250017,"TKN",10250017,102500,1025,10
"484470",3717311,"KANSAS/LOWER REPUBLICAN RIVER BASIN","SC510","","2010-02-01",1616,0.68,2010,2,1,39.59603,-97.57127,10250017,"TKN",10250017,102500,1025,10
"484471",3717410,"KANSAS/LOWER REPUBLICAN RIVER BASIN","SC510","","2010-05-03",1543,1.509,2010,5,3,39.59603,-97.57127,10250017,"TKN",10250017,102500,1025,10
"484472",3717511,"KANSAS/LOWER REPUBLICAN RIVER BASIN","SC510","","2010-08-02",1618,1.698,2010,8,2,39.59603,-97.57127,10250017,"TKN",10250017,102500,1025,10
"484473",3717610,"KANSAS/LOWER REPUBLICAN RIVER BASIN","SC510","","2010-11-01",1522,0.567,2010,11,1,39.59603,-97.57127,10250017,"TKN",10250017,102500,1025,10
"484474",3717711,"KANSAS/LOWER REPUBLICAN RIVER BASIN","SC510","","2011-03-08",803,0.779,2011,3,8,39.59603,-97.57127,10250017,"TKN",10250017,102500,1025,10
"484475",3717810,"KANSAS/LOWER REPUBLICAN RIVER BASIN","SC510","","2011-06-06",1751,1.274,2011,6,6,39.59603,-97.57127,10250017,"TKN",10250017,102500,1025,10
"484476",3717911,"KANSAS/LOWER REPUBLICAN RIVER BASIN","SC510","","2011-09-13",815,1.247,2011,9,13,39.59603,-97.57127,10250017,"TKN",10250017,102500,1025,10
"484477",3718010,"KANSAS/LOWER REPUBLICAN RIVER BASIN","SC510","","2011-12-13",744,0.896,2011,12,13,39.59603,-97.57127,10250017,"TKN",10250017,102500,1025,10
"484478",3718114,"KANSAS/LOWER REPUBLICAN RIVER BASIN","SC510","","2012-01-10",832,0.786,2012,1,10,39.59603,-97.57127,10250017,"TKN",10250017,102500,1025,10
"484479",3718212,"KANSAS/LOWER REPUBLICAN RIVER BASIN","SC510","","2012-04-24",955,1.045,2012,4,24,39.59603,-97.57127,10250017,"TKN",10250017,102500,1025,10
"484480",3718311,"KANSAS/LOWER REPUBLICAN RIVER BASIN","SC510","","2012-07-10",1041,0.556,2012,7,10,39.59603,-97.57127,10250017,"TKN",10250017,102500,1025,10
"484481",3718411,"KANSAS/LOWER REPUBLICAN RIVER BASIN","SC510","","2012-10-09",1004,0.707,2012,10,9,39.59603,-97.57127,10250017,"TKN",10250017,102500,1025,10
"484482",3718510,"KANSAS/LOWER REPUBLICAN RIVER BASIN","SC510","","2013-02-12",932,0.556,2013,2,12,39.59603,-97.57127,10250017,"TKN",10250017,102500,1025,10
"484483",3718611,"KANSAS/LOWER REPUBLICAN RIVER BASIN","SC510","","2013-05-14",753,1.89,2013,5,14,39.59603,-97.57127,10250017,"TKN",10250017,102500,1025,10
"484484",3718711,"KANSAS/LOWER REPUBLICAN RIVER BASIN","SC510","","2013-08-12",1750,2.982,2013,8,12,39.59603,-97.57127,10250017,"TKN",10250017,102500,1025,10
"484485",3718811,"KANSAS/LOWER REPUBLICAN RIVER BASIN","SC510","","2013-11-04",1635,0.553,2013,11,4,39.59603,-97.57127,10250017,"TKN",10250017,102500,1025,10
"484486",3718911,"KANSAS/LOWER REPUBLICAN RIVER BASIN","SC510","","2014-03-11",957,1.1,2014,3,11,39.59603,-97.57127,10250017,"TKN",10250017,102500,1025,10
"484487",3719010,"KANSAS/LOWER REPUBLICAN RIVER BASIN","SC510","","2014-06-09",1815,4.1,2014,6,9,39.59603,-97.57127,10250017,"TKN",10250017,102500,1025,10
"484488",3719114,"KANSAS/LOWER REPUBLICAN RIVER BASIN","SC510","","2014-09-15",1754,0.96,2014,9,15,39.59603,-97.57127,10250017,"TKN",10250017,102500,1025,10
"484489",3719212,"KANSAS/LOWER REPUBLICAN RIVER BASIN","SC510","","2014-12-09",1032,0.33,2014,12,9,39.59603,-97.57127,10250017,"TKN",10250017,102500,1025,10
"484490",3719311,"KANSAS/LOWER REPUBLICAN RIVER BASIN","SC510","","2015-01-12",1524,0.53,2015,1,12,39.59603,-97.57127,10250017,"TKN",10250017,102500,1025,10
"484491",3719411,"KANSAS/LOWER REPUBLICAN RIVER BASIN","SC510","","2015-04-14",957,0.89,2015,4,14,39.59603,-97.57127,10250017,"TKN",10250017,102500,1025,10
"484492",3719510,"KANSAS/LOWER REPUBLICAN RIVER BASIN","SC510","","2015-07-20",1853,2.7,2015,7,20,39.59603,-97.57127,10250017,"TKN",10250017,102500,1025,10
"484493",3719611,"KANSAS/LOWER REPUBLICAN RIVER BASIN","SC510","","2015-10-19",1715,0.6,2015,10,19,39.59603,-97.57127,10250017,"TKN",10250017,102500,1025,10
"484494",3719710,"KANSAS/LOWER REPUBLICAN RIVER BASIN","SC510","","2016-02-23",1028,0.67,2016,2,23,39.59603,-97.57127,10250017,"TKN",10250017,102500,1025,10
"484495",3719811,"KANSAS/LOWER REPUBLICAN RIVER BASIN","SC510","","2016-05-17",1524,4.3,2016,5,17,39.59603,-97.57127,10250017,"TKN",10250017,102500,1025,10
"484496",3719911,"KANSAS/LOWER REPUBLICAN RIVER BASIN","SC510","","2016-08-16",1418,1.6,2016,8,16,39.59603,-97.57127,10250017,"TKN",10250017,102500,1025,10
"484497",3720010,"KANSAS/LOWER REPUBLICAN RIVER BASIN","SC510","","2016-11-15",1513,0.61,2016,11,15,39.59603,-97.57127,10250017,"TKN",10250017,102500,1025,10
"484498",3720114,"KANSAS/LOWER REPUBLICAN RIVER BASIN","SC510","","2017-03-14",1351,0.53,2017,3,14,39.59603,-97.57127,10250017,"TKN",10250017,102500,1025,10
"484499",3720212,"KANSAS/LOWER REPUBLICAN RIVER BASIN","SC510","","2017-06-13",1308,1.3,2017,6,13,39.59603,-97.57127,10250017,"TKN",10250017,102500,1025,10
"484500",3720311,"KANSAS/LOWER REPUBLICAN RIVER BASIN","SC510","","2017-09-12",1335,0.79,2017,9,12,39.59603,-97.57127,10250017,"TKN",10250017,102500,1025,10
"484501",3720411,"KANSAS/LOWER REPUBLICAN RIVER BASIN","SC510","","2017-12-05",1258,0.63,2017,12,5,39.59603,-97.57127,10250017,"TKN",10250017,102500,1025,10
"484502",3720511,"KANSAS/LOWER REPUBLICAN RIVER BASIN","SC510","","2018-01-09",1333,0.33,2018,1,9,39.59603,-97.57127,10250017,"TKN",10250017,102500,1025,10
"484503",3720610,"KANSAS/LOWER REPUBLICAN RIVER BASIN","SC510","","2018-04-10",1241,0.56,2018,4,10,39.59603,-97.57127,10250017,"TKN",10250017,102500,1025,10
"484504",3720711,"KANSAS/LOWER REPUBLICAN RIVER BASIN","SC510","","2018-07-24",1310,1.5,2018,7,24,39.59603,-97.57127,10250017,"TKN",10250017,102500,1025,10
"484505",3720810,"KANSAS/LOWER REPUBLICAN RIVER BASIN","SC510","","2018-10-16",1252,1.1,2018,10,16,39.59603,-97.57127,10250017,"TKN",10250017,102500,1025,10
"484506",3720911,"KANSAS/LOWER REPUBLICAN RIVER BASIN","SC510","","2019-02-12",1325,0.83,2019,2,12,39.59603,-97.57127,10250017,"TKN",10250017,102500,1025,10
"484507",3721012,"KANSAS/LOWER REPUBLICAN RIVER BASIN","SC510","","2019-05-21",1419,1.2,2019,5,21,39.59603,-97.57127,10250017,"TKN",10250017,102500,1025,10
"484508",3721114,"KANSAS/LOWER REPUBLICAN RIVER BASIN","SC510","","2019-08-19",1917,0.54,2019,8,19,39.59603,-97.57127,10250017,"TKN",10250017,102500,1025,10
"484509",3721212,"KANSAS/LOWER REPUBLICAN RIVER BASIN","SC510","","2019-11-05",1455,0.56,2019,11,5,39.59603,-97.57127,10250017,"TKN",10250017,102500,1025,10
"484510",372139,"KANSAS/LOWER REPUBLICAN RIVER BASIN","SC510","","2020-03-02",1645,1.1,2020,3,2,39.59603,-97.57127,10250017,"TKN",10250017,102500,1025,10
"484511",3721410,"KANSAS/LOWER REPUBLICAN RIVER BASIN","SC510","","2020-09-14",1413,0.52,2020,9,14,39.59603,-97.57127,10250017,"TKN",10250017,102500,1025,10
"484512",372159,"KANSAS/LOWER REPUBLICAN RIVER BASIN","SC510","","2020-12-07",1426,0.51,2020,12,7,39.59603,-97.57127,10250017,"TKN",10250017,102500,1025,10
"484513",372169,"KANSAS/LOWER REPUBLICAN RIVER BASIN","SC510","","2021-01-05",605,0.4,2021,1,5,39.59603,-97.57127,10250017,"TKN",10250017,102500,1025,10
"484514",3721710,"KANSAS/LOWER REPUBLICAN RIVER BASIN","SC510","","2021-04-06",602,1.5,2021,4,6,39.59603,-97.57127,10250017,"TKN",10250017,102500,1025,10
"484515",3721810,"KANSAS/LOWER REPUBLICAN RIVER BASIN","SC510","","2021-07-13",712,2.3,2021,7,13,39.59603,-97.57127,10250017,"TKN",10250017,102500,1025,10
"484516",3721910,"KANSAS/LOWER REPUBLICAN RIVER BASIN","SC510","","2021-10-05",544,0.57,2021,10,5,39.59603,-97.57127,10250017,"TKN",10250017,102500,1025,10
"484517",372209,"KANSAS/LOWER REPUBLICAN RIVER BASIN","SC510","","2022-02-08",714,0.49,2022,2,8,39.59603,-97.57127,10250017,"TKN",10250017,102500,1025,10
"484518",3722114,"KANSAS/LOWER REPUBLICAN RIVER BASIN","SC510","","2022-05-03",519,0.76,2022,5,3,39.59603,-97.57127,10250017,"TKN",10250017,102500,1025,10
"484519",3722212,"KANSAS/LOWER REPUBLICAN RIVER BASIN","SC510","","2022-08-01",1719,0.39,2022,8,1,39.59603,-97.57127,10250017,"TKN",10250017,102500,1025,10
"484520",3722310,"KANSAS/LOWER REPUBLICAN RIVER BASIN","SC510","","2022-11-08",730,0.32,2022,11,8,39.59603,-97.57127,10250017,"TKN",10250017,102500,1025,10
"484521",3722410,"KANSAS/LOWER REPUBLICAN RIVER BASIN","SC510","","2023-03-06",1440,0.8,2023,3,6,39.59603,-97.57127,10250017,"TKN",10250017,102500,1025,10
"484522",3722510,"KANSAS/LOWER REPUBLICAN RIVER BASIN","SC510","","2023-03-06",1445,1,2023,3,6,39.59603,-97.57127,10250017,"TKN",10250017,102500,1025,10
"484523",3722610,"KANSAS/LOWER REPUBLICAN RIVER BASIN","SC510","","2023-06-05",1631,0.4,2023,6,5,39.59603,-97.57127,10250017,"TKN",10250017,102500,1025,10
"484524",372279,"KANSAS/LOWER REPUBLICAN RIVER BASIN","SC510","","2023-09-18",1619,1.2,2023,9,18,39.59603,-97.57127,10250017,"TKN",10250017,102500,1025,10
"484525",3722810,"KANSAS/LOWER REPUBLICAN RIVER BASIN","SC510","","2023-12-05",600,0.1,2023,12,5,39.59603,-97.57127,10250017,"TKN",10250017,102500,1025,10
"484526",372299,"KANSAS/LOWER REPUBLICAN RIVER BASIN","SC510","","2024-04-09",607,0.32,2024,4,9,39.59603,-97.57127,10250017,"TKN",10250017,102500,1025,10
"484527",3723010,"KANSAS/LOWER REPUBLICAN RIVER BASIN","SC510","","2024-07-08",1630,0.42,2024,7,8,39.59603,-97.57127,10250017,"TKN",10250017,102500,1025,10
"484528",3723114,"KANSAS/LOWER REPUBLICAN RIVER BASIN","SC510","","2024-10-08",701,0.41,2024,10,8,39.59603,-97.57127,10250017,"TKN",10250017,102500,1025,10
"485241",3836412,"KANSAS/LOWER REPUBLICAN RIVER BASIN","SC517","HIGHWAY I-70, 3.5 MI NE OF GRANDVIEW PLAZA","2000-01-20",1000,0.34,2000,1,20,39.060898,-96.730397,10270101,"TKN",10270101,102701,1027,10
"485242",3836511,"KANSAS/LOWER REPUBLICAN RIVER BASIN","SC517","HIGHWAY I-70, 3.5 MI NE OF GRANDVIEW PLAZA","2000-03-22",1000,0.46,2000,3,22,39.060898,-96.730397,10270101,"TKN",10270101,102701,1027,10
"485243",3836612,"KANSAS/LOWER REPUBLICAN RIVER BASIN","SC517","HIGHWAY I-70, 3.5 MI NE OF GRANDVIEW PLAZA","2000-05-17",1020,0.53,2000,5,17,39.060898,-96.730397,10270101,"TKN",10270101,102701,1027,10
"485244",3836711,"KANSAS/LOWER REPUBLICAN RIVER BASIN","SC517","HIGHWAY I-70, 3.5 MI NE OF GRANDVIEW PLAZA","2000-07-19",1020,0.77,2000,7,19,39.060898,-96.730397,10270101,"TKN",10270101,102701,1027,10
"485245",3836812,"KANSAS/LOWER REPUBLICAN RIVER BASIN","SC517","HIGHWAY I-70, 3.5 MI NE OF GRANDVIEW PLAZA","2000-09-20",935,1.56,2000,9,20,39.060898,-96.730397,10270101,"TKN",10270101,102701,1027,10
"485246",3836911,"KANSAS/LOWER REPUBLICAN RIVER BASIN","SC517","HIGHWAY I-70, 3.5 MI NE OF GRANDVIEW PLAZA","2000-11-15",1025,0.76,2000,11,15,39.060898,-96.730397,10270101,"TKN",10270101,102701,1027,10
"485247",3837012,"KANSAS/LOWER REPUBLICAN RIVER BASIN","SC517","HIGHWAY I-70, 3.5 MI NE OF GRANDVIEW PLAZA","2001-04-18",925,0.991,2001,4,18,39.060898,-96.730397,10270101,"TKN",10270101,102701,1027,10
"485248",3837116,"KANSAS/LOWER REPUBLICAN RIVER BASIN","SC517","HIGHWAY I-70, 3.5 MI NE OF GRANDVIEW PLAZA","2001-06-20",945,2.183,2001,6,20,39.060898,-96.730397,10270101,"TKN",10270101,102701,1027,10
"485249",3837213,"KANSAS/LOWER REPUBLICAN RIVER BASIN","SC517","HIGHWAY I-70, 3.5 MI NE OF GRANDVIEW PLAZA","2001-08-22",950,0.985,2001,8,22,39.060898,-96.730397,10270101,"TKN",10270101,102701,1027,10
"485250",3837312,"KANSAS/LOWER REPUBLICAN RIVER BASIN","SC517","HIGHWAY I-70, 3.5 MI NE OF GRANDVIEW PLAZA","2001-10-17",1015,0.646,2001,10,17,39.060898,-96.730397,10270101,"TKN",10270101,102701,1027,10
"485251",3837412,"KANSAS/LOWER REPUBLICAN RIVER BASIN","SC517","HIGHWAY I-70, 3.5 MI NE OF GRANDVIEW PLAZA","2001-12-19",850,0.406,2001,12,19,39.060898,-96.730397,10270101,"TKN",10270101,102701,1027,10
"485252",3837512,"KANSAS/LOWER REPUBLICAN RIVER BASIN","SC517","HIGHWAY I-70, 3.5 MI NE OF GRANDVIEW PLAZA","2002-01-24",1020,0.294,2002,1,24,39.060898,-96.730397,10270101,"TKN",10270101,102701,1027,10
"485253",3837611,"KANSAS/LOWER REPUBLICAN RIVER BASIN","SC517","HIGHWAY I-70, 3.5 MI NE OF GRANDVIEW PLAZA","2002-03-20",1010,0.577,2002,3,20,39.060898,-96.730397,10270101,"TKN",10270101,102701,1027,10
"485254",3837712,"KANSAS/LOWER REPUBLICAN RIVER BASIN","SC517","HIGHWAY I-70, 3.5 MI NE OF GRANDVIEW PLAZA","2002-05-22",1020,1.432,2002,5,22,39.060898,-96.730397,10270101,"TKN",10270101,102701,1027,10
"485255",3837811,"KANSAS/LOWER REPUBLICAN RIVER BASIN","SC517","","2002-07-24",930,1.211,2002,7,24,39.060898,-96.730397,10270101,"TKN",10270101,102701,1027,10
"485256",3837912,"KANSAS/LOWER REPUBLICAN RIVER BASIN","SC517","","2002-09-18",1003,1.455,2002,9,18,39.060898,-96.730397,10270101,"TKN",10270101,102701,1027,10
"485257",3838011,"KANSAS/LOWER REPUBLICAN RIVER BASIN","SC517","","2002-11-20",1002,0.578,2002,11,20,39.060898,-96.730397,10270101,"TKN",10270101,102701,1027,10
"485258",3838116,"KANSAS/LOWER REPUBLICAN RIVER BASIN","SC517","","2003-02-05",1325,0.248,2003,2,5,39.060898,-96.730397,10270101,"TKN",10270101,102701,1027,10
"485259",3838213,"KANSAS/LOWER REPUBLICAN RIVER BASIN","SC517","","2003-04-02",1326,1.455,2003,4,2,39.060898,-96.730397,10270101,"TKN",10270101,102701,1027,10
"485260",3838312,"KANSAS/LOWER REPUBLICAN RIVER BASIN","SC517","","2003-06-04",930,1.121,2003,6,4,39.060898,-96.730397,10270101,"TKN",10270101,102701,1027,10
"485261",3838410,"KANSAS/LOWER REPUBLICAN RIVER BASIN","SC517","","2003-08-06",1423,1.483,2003,8,6,39.060898,-96.730397,10270101,"TKN",10270101,102701,1027,10
"485262",3838511,"KANSAS/LOWER REPUBLICAN RIVER BASIN","SC517","","2003-10-08",1404,0.556,2003,10,8,39.060898,-96.730397,10270101,"TKN",10270101,102701,1027,10
"485263",3838611,"KANSAS/LOWER REPUBLICAN RIVER BASIN","SC517","","2003-10-08",1409,0.516,2003,10,8,39.060898,-96.730397,10270101,"TKN",10270101,102701,1027,10
"485264",3838710,"KANSAS/LOWER REPUBLICAN RIVER BASIN","SC517","","2003-12-29",1338,0.05,2003,12,29,39.060898,-96.730397,10270101,"TKN",10270101,102701,1027,10
"485265",3838811,"KANSAS/LOWER REPUBLICAN RIVER BASIN","SC517","","2004-01-07",1423,0.294,2004,1,7,39.060898,-96.730397,10270101,"TKN",10270101,102701,1027,10
"485266",3838910,"KANSAS/LOWER REPUBLICAN RIVER BASIN","SC517","","2004-03-02",1309,0.319,2004,3,2,39.060898,-96.730397,10270101,"TKN",10270101,102701,1027,10
"485267",3839011,"KANSAS/LOWER REPUBLICAN RIVER BASIN","SC517","","2004-05-05",1405,0.607,2004,5,5,39.060898,-96.730397,10270101,"TKN",10270101,102701,1027,10
"485268",3839115,"KANSAS/LOWER REPUBLICAN RIVER BASIN","SC517","","2004-07-07",1512,0.283,2004,7,7,39.060898,-96.730397,10270101,"TKN",10270101,102701,1027,10
"485269",3839213,"KANSAS/LOWER REPUBLICAN RIVER BASIN","SC517","","2004-09-08",1452,0.582,2004,9,8,39.060898,-96.730397,10270101,"TKN",10270101,102701,1027,10
"485270",3839311,"KANSAS/LOWER REPUBLICAN RIVER BASIN","SC517","","2004-09-08",1457,0.305,2004,9,8,39.060898,-96.730397,10270101,"TKN",10270101,102701,1027,10
"485271",3839410,"KANSAS/LOWER REPUBLICAN RIVER BASIN","SC517","","2004-11-03",1424,0.419,2004,11,3,39.060898,-96.730397,10270101,"TKN",10270101,102701,1027,10
"485272",3839511,"KANSAS/LOWER REPUBLICAN RIVER BASIN","SC517","","2005-02-02",1350,0.5,2005,2,2,39.060898,-96.730397,10270101,"TKN",10270101,102701,1027,10
"485273",3839610,"KANSAS/LOWER REPUBLICAN RIVER BASIN","SC517","","2005-04-06",1237,3.446,2005,4,6,39.060898,-96.730397,10270101,"TKN",10270101,102701,1027,10
"485274",3839711,"KANSAS/LOWER REPUBLICAN RIVER BASIN","SC517","","2005-06-01",1336,0.348,2005,6,1,39.060898,-96.730397,10270101,"TKN",10270101,102701,1027,10
"485275",3839810,"KANSAS/LOWER REPUBLICAN RIVER BASIN","SC517","","2005-08-03",1214,0.508,2005,8,3,39.060898,-96.730397,10270101,"TKN",10270101,102701,1027,10
"485276",3839911,"KANSAS/LOWER REPUBLICAN RIVER BASIN","SC517","","2005-10-05",1319,0.268,2005,10,5,39.060898,-96.730397,10270101,"TKN",10270101,102701,1027,10
"485277",3840010,"KANSAS/LOWER REPUBLICAN RIVER BASIN","SC517","","2005-12-07",1321,0.487,2005,12,7,39.060898,-96.730397,10270101,"TKN",10270101,102701,1027,10
"485278",3840115,"KANSAS/LOWER REPUBLICAN RIVER BASIN","SC517","","2006-01-04",1309,0.05,2006,1,4,39.060898,-96.730397,10270101,"TKN",10270101,102701,1027,10
"485279",3840212,"KANSAS/LOWER REPUBLICAN RIVER BASIN","SC517","","2006-03-08",1352,0.337,2006,3,8,39.060898,-96.730397,10270101,"TKN",10270101,102701,1027,10
"485280",3840311,"KANSAS/LOWER REPUBLICAN RIVER BASIN","SC517","","2006-05-03",1320,0.324,2006,5,3,39.060898,-96.730397,10270101,"TKN",10270101,102701,1027,10
"485281",3840411,"KANSAS/LOWER REPUBLICAN RIVER BASIN","SC517","","2006-07-05",1213,0.7,2006,7,5,39.060898,-96.730397,10270101,"TKN",10270101,102701,1027,10
"485282",3840511,"KANSAS/LOWER REPUBLICAN RIVER BASIN","SC517","","2006-07-05",1218,0.532,2006,7,5,39.060898,-96.730397,10270101,"TKN",10270101,102701,1027,10
"485283",3840610,"KANSAS/LOWER REPUBLICAN RIVER BASIN","SC517","","2006-09-06",1302,0.981,2006,9,6,39.060898,-96.730397,10270101,"TKN",10270101,102701,1027,10
"485284",3840711,"KANSAS/LOWER REPUBLICAN RIVER BASIN","SC517","","2006-11-01",1321,0.403,2006,11,1,39.060898,-96.730397,10270101,"TKN",10270101,102701,1027,10
"485285",3840810,"KANSAS/LOWER REPUBLICAN RIVER BASIN","SC517","","2007-02-07",1249,0.215,2007,2,7,39.060898,-96.730397,10270101,"TKN",10270101,102701,1027,10
"485286",3840911,"KANSAS/LOWER REPUBLICAN RIVER BASIN","SC517","","2007-04-04",1248,0.839,2007,4,4,39.060898,-96.730397,10270101,"TKN",10270101,102701,1027,10
"485287",3841010,"KANSAS/LOWER REPUBLICAN RIVER BASIN","SC517","","2007-06-06",1310,0.825,2007,6,6,39.060898,-96.730397,10270101,"TKN",10270101,102701,1027,10
"485288",3841116,"KANSAS/LOWER REPUBLICAN RIVER BASIN","SC517","","2007-08-08",1307,0.397,2007,8,8,39.060898,-96.730397,10270101,"TKN",10270101,102701,1027,10
"485289",3841212,"KANSAS/LOWER REPUBLICAN RIVER BASIN","SC517","","2007-10-03",1405,0.36,2007,10,3,39.060898,-96.730397,10270101,"TKN",10270101,102701,1027,10
"485290",3841311,"KANSAS/LOWER REPUBLICAN RIVER BASIN","SC517","","2007-12-17",1500,0.857,2007,12,17,39.060898,-96.730397,10270101,"TKN",10270101,102701,1027,10
"485291",3841410,"KANSAS/LOWER REPUBLICAN RIVER BASIN","SC517","","2008-01-08",1346,0.228,2008,1,8,39.060898,-96.730397,10270101,"TKN",10270101,102701,1027,10
"485292",3841511,"KANSAS/LOWER REPUBLICAN RIVER BASIN","SC517","","2008-03-04",1314,3.321,2008,3,4,39.060898,-96.730397,10270101,"TKN",10270101,102701,1027,10
"485293",3841610,"KANSAS/LOWER REPUBLICAN RIVER BASIN","SC517","","2008-05-06",1345,0.44,2008,5,6,39.060898,-96.730397,10270101,"TKN",10270101,102701,1027,10
"485294",3841711,"KANSAS/LOWER REPUBLICAN RIVER BASIN","SC517","","2008-07-08",1330,0.612,2008,7,8,39.060898,-96.730397,10270101,"TKN",10270101,102701,1027,10
"485295",3841810,"KANSAS/LOWER REPUBLICAN RIVER BASIN","SC517","","2008-09-02",1416,0.545,2008,9,2,39.060898,-96.730397,10270101,"TKN",10270101,102701,1027,10
"485296",3841911,"KANSAS/LOWER REPUBLICAN RIVER BASIN","SC517","","2008-11-12",1340,0.359,2008,11,12,39.060898,-96.730397,10270101,"TKN",10270101,102701,1027,10
"485297",3842010,"KANSAS/LOWER REPUBLICAN RIVER BASIN","SC517","","2009-02-03",1308,0.936,2009,2,3,39.060898,-96.730397,10270101,"TKN",10270101,102701,1027,10
"485298",3842115,"KANSAS/LOWER REPUBLICAN RIVER BASIN","SC517","","2009-04-07",1450,0.819,2009,4,7,39.060898,-96.730397,10270101,"TKN",10270101,102701,1027,10
"485299",3842212,"KANSAS/LOWER REPUBLICAN RIVER BASIN","SC517","","2009-06-02",1312,0.856,2009,6,2,39.060898,-96.730397,10270101,"TKN",10270101,102701,1027,10
"485300",3842311,"KANSAS/LOWER REPUBLICAN RIVER BASIN","SC517","","2009-08-24",1313,0.498,2009,8,24,39.060898,-96.730397,10270101,"TKN",10270101,102701,1027,10
"485301",3842511,"KANSAS/LOWER REPUBLICAN RIVER BASIN","SC517","","2009-12-21",1441,0.239,2009,12,21,39.060898,-96.730397,10270101,"TKN",10270101,102701,1027,10
"485302",3842610,"KANSAS/LOWER REPUBLICAN RIVER BASIN","SC517","","2010-01-12",1423,0.194,2010,1,12,39.060898,-96.730397,10270101,"TKN",10270101,102701,1027,10
"485303",3842711,"KANSAS/LOWER REPUBLICAN RIVER BASIN","SC517","","2010-04-27",1313,0.754,2010,4,27,39.060898,-96.730397,10270101,"TKN",10270101,102701,1027,10
"485304",3842810,"KANSAS/LOWER REPUBLICAN RIVER BASIN","SC517","","2010-07-27",1350,0.456,2010,7,27,39.060898,-96.730397,10270101,"TKN",10270101,102701,1027,10
"485305",3842911,"KANSAS/LOWER REPUBLICAN RIVER BASIN","SC517","","2010-10-13",1356,0.406,2010,10,13,39.060898,-96.730397,10270101,"TKN",10270101,102701,1027,10
"485306",3843010,"KANSAS/LOWER REPUBLICAN RIVER BASIN","SC517","","2011-02-07",1504,0.244,2011,2,7,39.060898,-96.730397,10270101,"TKN",10270101,102701,1027,10
"485307",3843115,"KANSAS/LOWER REPUBLICAN RIVER BASIN","SC517","","2011-05-23",1103,0.483,2011,5,23,39.060898,-96.730397,10270101,"TKN",10270101,102701,1027,10
"485308",3843212,"KANSAS/LOWER REPUBLICAN RIVER BASIN","SC517","","2011-08-08",1627,1.4,2011,8,8,39.060898,-96.730397,10270101,"TKN",10270101,102701,1027,10
"485309",3843311,"KANSAS/LOWER REPUBLICAN RIVER BASIN","SC517","","2011-11-28",1442,0.317,2011,11,28,39.060898,-96.730397,10270101,"TKN",10270101,102701,1027,10
"485310",3843410,"KANSAS/LOWER REPUBLICAN RIVER BASIN","SC517","","2012-03-06",1416,0.751,2012,3,6,39.060898,-96.730397,10270101,"TKN",10270101,102701,1027,10
"485311",3843511,"KANSAS/LOWER REPUBLICAN RIVER BASIN","SC517","","2012-06-19",1347,0.518,2012,6,19,39.060898,-96.730397,10270101,"TKN",10270101,102701,1027,10
"485312",3843610,"KANSAS/LOWER REPUBLICAN RIVER BASIN","SC517","","2012-09-25",1312,0.392,2012,9,25,39.060898,-96.730397,10270101,"TKN",10270101,102701,1027,10
"485313",3843711,"KANSAS/LOWER REPUBLICAN RIVER BASIN","SC517","","2012-12-18",1501,0.264,2012,12,18,39.060898,-96.730397,10270101,"TKN",10270101,102701,1027,10
"485314",3843811,"KANSAS/LOWER REPUBLICAN RIVER BASIN","SC517","","2013-01-29",1301,0.396,2013,1,29,39.060898,-96.730397,10270101,"TKN",10270101,102701,1027,10
"485315",3843910,"KANSAS/LOWER REPUBLICAN RIVER BASIN","SC517","","2013-04-30",1258,0.454,2013,4,30,39.060898,-96.730397,10270101,"TKN",10270101,102701,1027,10
"485316",3844011,"KANSAS/LOWER REPUBLICAN RIVER BASIN","SC517","","2013-07-09",1411,0.365,2013,7,9,39.060898,-96.730397,10270101,"TKN",10270101,102701,1027,10
"485317",3844116,"KANSAS/LOWER REPUBLICAN RIVER BASIN","SC517","","2013-10-23",1236,0.1,2013,10,23,39.060898,-96.730397,10270101,"TKN",10270101,102701,1027,10
"485318",3844213,"KANSAS/LOWER REPUBLICAN RIVER BASIN","SC517","","2014-02-24",1248,0.1,2014,2,24,39.060898,-96.730397,10270101,"TKN",10270101,102701,1027,10
"485319",3844311,"KANSAS/LOWER REPUBLICAN RIVER BASIN","SC517","","2014-05-06",1456,0.64,2014,5,6,39.060898,-96.730397,10270101,"TKN",10270101,102701,1027,10
"485320",3844410,"KANSAS/LOWER REPUBLICAN RIVER BASIN","SC517","","2014-08-05",1415,0.76,2014,8,5,39.060898,-96.730397,10270101,"TKN",10270101,102701,1027,10
"485321",3844510,"KANSAS/LOWER REPUBLICAN RIVER BASIN","SC517","","2014-11-24",1350,0.33,2014,11,24,39.060898,-96.730397,10270101,"TKN",10270101,102701,1027,10
"485322",3844611,"KANSAS/LOWER REPUBLICAN RIVER BASIN","SC517","","2015-03-03",1351,0.35,2015,3,3,39.060898,-96.730397,10270101,"TKN",10270101,102701,1027,10
"485323",3844711,"KANSAS/LOWER REPUBLICAN RIVER BASIN","SC517","","2015-06-02",1301,0.59,2015,6,2,39.060898,-96.730397,10270101,"TKN",10270101,102701,1027,10
"485324",3844811,"KANSAS/LOWER REPUBLICAN RIVER BASIN","SC517","","2015-09-08",1244,0.74,2015,9,8,39.060898,-96.730397,10270101,"TKN",10270101,102701,1027,10
"485325",3844910,"KANSAS/LOWER REPUBLICAN RIVER BASIN","SC517","","2015-12-02",1251,1.6,2015,12,2,39.060898,-96.730397,10270101,"TKN",10270101,102701,1027,10
"485326",3845010,"KANSAS/LOWER REPUBLICAN RIVER BASIN","SC517","","2016-01-05",1315,0.25,2016,1,5,39.060898,-96.730397,10270101,"TKN",10270101,102701,1027,10
"485327",3845115,"KANSAS/LOWER REPUBLICAN RIVER BASIN","SC517","","2016-04-05",1444,0.34,2016,4,5,39.060898,-96.730397,10270101,"TKN",10270101,102701,1027,10
"485328",3845213,"KANSAS/LOWER REPUBLICAN RIVER BASIN","SC517","","2016-07-12",1222,0.38,2016,7,12,39.060898,-96.730397,10270101,"TKN",10270101,102701,1027,10
"485329",3845311,"KANSAS/LOWER REPUBLICAN RIVER BASIN","SC517","","2016-10-04",1256,0.29,2016,10,4,39.060898,-96.730397,10270101,"TKN",10270101,102701,1027,10
"485330",3845411,"KANSAS/LOWER REPUBLICAN RIVER BASIN","SC517","","2017-02-07",1136,0.3,2017,2,7,39.060898,-96.730397,10270101,"TKN",10270101,102701,1027,10
"485331",3845510,"KANSAS/LOWER REPUBLICAN RIVER BASIN","SC517","","2017-05-02",1133,0.92,2017,5,2,39.060898,-96.730397,10270101,"TKN",10270101,102701,1027,10
"485332",3845611,"KANSAS/LOWER REPUBLICAN RIVER BASIN","SC517","","2017-08-08",1322,0.74,2017,8,8,39.060898,-96.730397,10270101,"TKN",10270101,102701,1027,10
"485333",3845711,"KANSAS/LOWER REPUBLICAN RIVER BASIN","SC517","","2017-11-07",1402,0.26,2017,11,7,39.060898,-96.730397,10270101,"TKN",10270101,102701,1027,10
"485334",3845811,"KANSAS/LOWER REPUBLICAN RIVER BASIN","SC517","","2018-03-06",1314,0.85,2018,3,6,39.060898,-96.730397,10270101,"TKN",10270101,102701,1027,10
"485335",3845911,"KANSAS/LOWER REPUBLICAN RIVER BASIN","SC517","","2018-06-19",1247,1.7,2018,6,19,39.060898,-96.730397,10270101,"TKN",10270101,102701,1027,10
"485336",3846010,"KANSAS/LOWER REPUBLICAN RIVER BASIN","SC517","","2018-09-25",1238,0.63,2018,9,25,39.060898,-96.730397,10270101,"TKN",10270101,102701,1027,10
"485337",3846115,"KANSAS/LOWER REPUBLICAN RIVER BASIN","SC517","","2018-12-11",1231,0.21,2018,12,11,39.060898,-96.730397,10270101,"TKN",10270101,102701,1027,10
"485338",3846213,"KANSAS/LOWER REPUBLICAN RIVER BASIN","SC517","","2019-01-29",1246,0.28,2019,1,29,39.060898,-96.730397,10270101,"TKN",10270101,102701,1027,10
"485339",3846311,"KANSAS/LOWER REPUBLICAN RIVER BASIN","SC517","","2019-04-02",1244,0.6,2019,4,2,39.060898,-96.730397,10270101,"TKN",10270101,102701,1027,10
"485340",3846411,"KANSAS/LOWER REPUBLICAN RIVER BASIN","SC517","","2019-07-09",1400,0.33,2019,7,9,39.060898,-96.730397,10270101,"TKN",10270101,102701,1027,10
"485341",3846510,"KANSAS/LOWER REPUBLICAN RIVER BASIN","SC517","","2019-10-22",1136,0.3,2019,10,22,39.060898,-96.730397,10270101,"TKN",10270101,102701,1027,10
"485342",384669,"KANSAS/LOWER REPUBLICAN RIVER BASIN","SC517","","2020-02-04",1300,0.43,2020,2,4,39.060898,-96.730397,10270101,"TKN",10270101,102701,1027,10
"485343",3846710,"KANSAS/LOWER REPUBLICAN RIVER BASIN","SC517","","2020-08-04",1315,0.5,2020,8,4,39.060898,-96.730397,10270101,"TKN",10270101,102701,1027,10
"485344",3846810,"KANSAS/LOWER REPUBLICAN RIVER BASIN","SC517","","2020-11-23",903,0.2,2020,11,23,39.060898,-96.730397,10270101,"TKN",10270101,102701,1027,10
"485345",384699,"KANSAS/LOWER REPUBLICAN RIVER BASIN","SC517","","2021-03-02",1034,0.54,2021,3,2,39.060898,-96.730397,10270101,"TKN",10270101,102701,1027,10
"485346",3847010,"KANSAS/LOWER REPUBLICAN RIVER BASIN","SC517","","2021-06-21",1213,0.89,2021,6,21,39.060898,-96.730397,10270101,"TKN",10270101,102701,1027,10
"485347",3847115,"KANSAS/LOWER REPUBLICAN RIVER BASIN","SC517","","2021-09-08",1032,0.77,2021,9,8,39.060898,-96.730397,10270101,"TKN",10270101,102701,1027,10
"485348",3847212,"KANSAS/LOWER REPUBLICAN RIVER BASIN","SC517","","2021-12-07",1030,0.25,2021,12,7,39.060898,-96.730397,10270101,"TKN",10270101,102701,1027,10
"485349",384739,"KANSAS/LOWER REPUBLICAN RIVER BASIN","SC517","","2022-01-31",1025,0.22,2022,1,31,39.060898,-96.730397,10270101,"TKN",10270101,102701,1027,10
"485350",3847410,"KANSAS/LOWER REPUBLICAN RIVER BASIN","SC517","","2022-04-18",949,0.73,2022,4,18,39.060898,-96.730397,10270101,"TKN",10270101,102701,1027,10
"485351",3847510,"KANSAS/LOWER REPUBLICAN RIVER BASIN","SC517","","2022-07-25",1500,0.1,2022,7,25,39.060898,-96.730397,10270101,"TKN",10270101,102701,1027,10
"485352",3847610,"KANSAS/LOWER REPUBLICAN RIVER BASIN","SC517","","2022-10-24",1231,0.23,2022,10,24,39.060898,-96.730397,10270101,"TKN",10270101,102701,1027,10
"485353",3847710,"KANSAS/LOWER REPUBLICAN RIVER BASIN","SC517","","2023-02-06",1352,0.44,2023,2,6,39.060898,-96.730397,10270101,"TKN",10270101,102701,1027,10
"485354",3847810,"KANSAS/LOWER REPUBLICAN RIVER BASIN","SC517","","2023-05-01",1115,0.24,2023,5,1,39.060898,-96.730397,10270101,"TKN",10270101,102701,1027,10
"485355",3847910,"KANSAS/LOWER REPUBLICAN RIVER BASIN","SC517","","2023-08-07",1153,0.23,2023,8,7,39.060898,-96.730397,10270101,"TKN",10270101,102701,1027,10
"485356",384809,"KANSAS/LOWER REPUBLICAN RIVER BASIN","SC517","","2023-11-27",1210,0.1,2023,11,27,39.060898,-96.730397,10270101,"TKN",10270101,102701,1027,10
"485357",3848115,"KANSAS/LOWER REPUBLICAN RIVER BASIN","SC517","","2024-03-04",1145,0.1,2024,3,4,39.060898,-96.730397,10270101,"TKN",10270101,102701,1027,10
"485358",3848211,"KANSAS/LOWER REPUBLICAN RIVER BASIN","SC517","","2024-06-25",927,0.1,2024,6,25,39.060898,-96.730397,10270101,"TKN",10270101,102701,1027,10
"485359",3848310,"KANSAS/LOWER REPUBLICAN RIVER BASIN","SC517","","2024-09-09",1220,0.37,2024,9,9,39.060898,-96.730397,10270101,"TKN",10270101,102701,1027,10
"485360",3848410,"KANSAS/LOWER REPUBLICAN RIVER BASIN","SC517","","2024-12-02",1231,0.25,2024,12,2,39.060898,-96.730397,10270101,"TKN",10270101,102701,1027,10
"485361",3861511,"KANSAS/LOWER REPUBLICAN RIVER BASIN","SC518","HIGHWAY K-18, 1.25 MI S OF OGDEN","2000-01-20",945,0.64,2000,1,20,39.08988,-96.713961,10270101,"TKN",10270101,102701,1027,10
"485362",3861612,"KANSAS/LOWER REPUBLICAN RIVER BASIN","SC518","HIGHWAY K-18, 1.25 MI S OF OGDEN","2000-03-22",945,0.99,2000,3,22,39.08988,-96.713961,10270101,"TKN",10270101,102701,1027,10
"485363",3861711,"KANSAS/LOWER REPUBLICAN RIVER BASIN","SC518","HIGHWAY K-18, 1.25 MI S OF OGDEN","2000-05-17",1005,1.29,2000,5,17,39.08988,-96.713961,10270101,"TKN",10270101,102701,1027,10
"485364",3861812,"KANSAS/LOWER REPUBLICAN RIVER BASIN","SC518","HIGHWAY K-18, 1.25 MI S OF OGDEN","2000-07-19",1005,0.96,2000,7,19,39.08988,-96.713961,10270101,"TKN",10270101,102701,1027,10
"485365",3861911,"KANSAS/LOWER REPUBLICAN RIVER BASIN","SC518","HIGHWAY K-18, 1.25 MI S OF OGDEN","2000-09-20",910,1.3,2000,9,20,39.08988,-96.713961,10270101,"TKN",10270101,102701,1027,10
"485366",3862012,"KANSAS/LOWER REPUBLICAN RIVER BASIN","SC518","HIGHWAY K-18, 1.25 MI S OF OGDEN","2000-11-15",1010,1.27,2000,11,15,39.08988,-96.713961,10270101,"TKN",10270101,102701,1027,10
"485367",3862115,"KANSAS/LOWER REPUBLICAN RIVER BASIN","SC518","HIGHWAY K-18, 1.25 MI S OF OGDEN","2001-04-18",945,1.119,2001,4,18,39.08988,-96.713961,10270101,"TKN",10270101,102701,1027,10
"485368",3862213,"KANSAS/LOWER REPUBLICAN RIVER BASIN","SC518","HIGHWAY K-18, 1.25 MI S OF OGDEN","2001-06-20",1005,1.101,2001,6,20,39.08988,-96.713961,10270101,"TKN",10270101,102701,1027,10
"485369",3862312,"KANSAS/LOWER REPUBLICAN RIVER BASIN","SC518","HIGHWAY K-18, 1.25 MI S OF OGDEN","2001-08-22",1005,0.865,2001,8,22,39.08988,-96.713961,10270101,"TKN",10270101,102701,1027,10
"485370",3862412,"KANSAS/LOWER REPUBLICAN RIVER BASIN","SC518","HIGHWAY K-18, 1.25 MI S OF OGDEN","2001-10-17",1030,1.039,2001,10,17,39.08988,-96.713961,10270101,"TKN",10270101,102701,1027,10
"485371",3862511,"KANSAS/LOWER REPUBLICAN RIVER BASIN","SC518","HIGHWAY K-18, 1.25 MI S OF OGDEN","2001-12-19",905,0.956,2001,12,19,39.08988,-96.713961,10270101,"TKN",10270101,102701,1027,10
"485372",3862611,"KANSAS/LOWER REPUBLICAN RIVER BASIN","SC518","HIGHWAY K-18, 1.25 MI S OF OGDEN","2002-01-24",1010,0.578,2002,1,24,39.08988,-96.713961,10270101,"TKN",10270101,102701,1027,10
"485373",3862712,"KANSAS/LOWER REPUBLICAN RIVER BASIN","SC518","HIGHWAY K-18, 1.25 MI S OF OGDEN","2002-03-20",955,0.965,2002,3,20,39.08988,-96.713961,10270101,"TKN",10270101,102701,1027,10
"485374",3862811,"KANSAS/LOWER REPUBLICAN RIVER BASIN","SC518","HIGHWAY K-18, 1.25 MI S OF OGDEN","2002-05-22",1005,1.37,2002,5,22,39.08988,-96.713961,10270101,"TKN",10270101,102701,1027,10
"485375",3862912,"KANSAS/LOWER REPUBLICAN RIVER BASIN","SC518","","2002-07-24",910,1.014,2002,7,24,39.08988,-96.713961,10270101,"TKN",10270101,102701,1027,10
"485376",3863011,"KANSAS/LOWER REPUBLICAN RIVER BASIN","SC518","","2002-09-18",948,1.115,2002,9,18,39.08988,-96.713961,10270101,"TKN",10270101,102701,1027,10
"485377",3863116,"KANSAS/LOWER REPUBLICAN RIVER BASIN","SC518","","2002-11-20",947,0.408,2002,11,20,39.08988,-96.713961,10270101,"TKN",10270101,102701,1027,10
"485378",3863214,"KANSAS/LOWER REPUBLICAN RIVER BASIN","SC518","","2003-02-05",1309,0.701,2003,2,5,39.08988,-96.713961,10270101,"TKN",10270101,102701,1027,10
"485379",3863312,"KANSAS/LOWER REPUBLICAN RIVER BASIN","SC518","","2003-04-02",1305,1.795,2003,4,2,39.08988,-96.713961,10270101,"TKN",10270101,102701,1027,10
"485380",3863412,"KANSAS/LOWER REPUBLICAN RIVER BASIN","SC518","","2003-06-04",954,1.544,2003,6,4,39.08988,-96.713961,10270101,"TKN",10270101,102701,1027,10
"485381",3863510,"KANSAS/LOWER REPUBLICAN RIVER BASIN","SC518","","2003-08-06",1407,1.641,2003,8,6,39.08988,-96.713961,10270101,"TKN",10270101,102701,1027,10
"485382",3863611,"KANSAS/LOWER REPUBLICAN RIVER BASIN","SC518","","2003-10-08",1341,0.569,2003,10,8,39.08988,-96.713961,10270101,"TKN",10270101,102701,1027,10
"485383",3863710,"KANSAS/LOWER REPUBLICAN RIVER BASIN","SC518","","2003-12-29",1322,0.301,2003,12,29,39.08988,-96.713961,10270101,"TKN",10270101,102701,1027,10
"485384",3863811,"KANSAS/LOWER REPUBLICAN RIVER BASIN","SC518","","2004-01-07",1406,0.479,2004,1,7,39.08988,-96.713961,10270101,"TKN",10270101,102701,1027,10
"485385",3863910,"KANSAS/LOWER REPUBLICAN RIVER BASIN","SC518","","2004-03-02",1323,0.847,2004,3,2,39.08988,-96.713961,10270101,"TKN",10270101,102701,1027,10
"485386",3864011,"KANSAS/LOWER REPUBLICAN RIVER BASIN","SC518","","2004-05-05",1345,1.466,2004,5,5,39.08988,-96.713961,10270101,"TKN",10270101,102701,1027,10
"485387",3864115,"KANSAS/LOWER REPUBLICAN RIVER BASIN","SC518","","2004-07-07",1456,2.065,2004,7,7,39.08988,-96.713961,10270101,"TKN",10270101,102701,1027,10
"485388",3864212,"KANSAS/LOWER REPUBLICAN RIVER BASIN","SC518","","2004-09-08",1437,0.436,2004,9,8,39.08988,-96.713961,10270101,"TKN",10270101,102701,1027,10
"485389",3864311,"KANSAS/LOWER REPUBLICAN RIVER BASIN","SC518","","2004-11-03",1404,0.684,2004,11,3,39.08988,-96.713961,10270101,"TKN",10270101,102701,1027,10
"485390",3864411,"KANSAS/LOWER REPUBLICAN RIVER BASIN","SC518","","2005-02-02",1335,0.862,2005,2,2,39.08988,-96.713961,10270101,"TKN",10270101,102701,1027,10
"485391",3864510,"KANSAS/LOWER REPUBLICAN RIVER BASIN","SC518","","2005-04-06",1226,1.556,2005,4,6,39.08988,-96.713961,10270101,"TKN",10270101,102701,1027,10
"485392",3864611,"KANSAS/LOWER REPUBLICAN RIVER BASIN","SC518","","2005-06-01",1320,1.048,2005,6,1,39.08988,-96.713961,10270101,"TKN",10270101,102701,1027,10
"485393",3864710,"KANSAS/LOWER REPUBLICAN RIVER BASIN","SC518","","2005-08-03",1156,1.497,2005,8,3,39.08988,-96.713961,10270101,"TKN",10270101,102701,1027,10
"485394",3864811,"KANSAS/LOWER REPUBLICAN RIVER BASIN","SC518","","2005-10-05",1305,0.931,2005,10,5,39.08988,-96.713961,10270101,"TKN",10270101,102701,1027,10
"485395",3864910,"KANSAS/LOWER REPUBLICAN RIVER BASIN","SC518","","2005-12-07",1309,0.317,2005,12,7,39.08988,-96.713961,10270101,"TKN",10270101,102701,1027,10
"485396",3865010,"KANSAS/LOWER REPUBLICAN RIVER BASIN","SC518","","2006-01-04",1251,0.219,2006,1,4,39.08988,-96.713961,10270101,"TKN",10270101,102701,1027,10
"485397",3865116,"KANSAS/LOWER REPUBLICAN RIVER BASIN","SC518","","2006-03-08",1334,0.529,2006,3,8,39.08988,-96.713961,10270101,"TKN",10270101,102701,1027,10
"485398",3865212,"KANSAS/LOWER REPUBLICAN RIVER BASIN","SC518","","2006-05-03",1300,0.808,2006,5,3,39.08988,-96.713961,10270101,"TKN",10270101,102701,1027,10
"485399",3865311,"KANSAS/LOWER REPUBLICAN RIVER BASIN","SC518","","2006-07-05",1155,1.56,2006,7,5,39.08988,-96.713961,10270101,"TKN",10270101,102701,1027,10
"485400",3865410,"KANSAS/LOWER REPUBLICAN RIVER BASIN","SC518","","2006-09-06",1238,2.182,2006,9,6,39.08988,-96.713961,10270101,"TKN",10270101,102701,1027,10
"485401",3865511,"KANSAS/LOWER REPUBLICAN RIVER BASIN","SC518","","2006-11-01",1305,0.832,2006,11,1,39.08988,-96.713961,10270101,"TKN",10270101,102701,1027,10
"485402",3865610,"KANSAS/LOWER REPUBLICAN RIVER BASIN","SC518","","2007-02-07",1235,0.953,2007,2,7,39.08988,-96.713961,10270101,"TKN",10270101,102701,1027,10
"485403",3865711,"KANSAS/LOWER REPUBLICAN RIVER BASIN","SC518","","2007-04-04",1232,2.688,2007,4,4,39.08988,-96.713961,10270101,"TKN",10270101,102701,1027,10
"485404",3865810,"KANSAS/LOWER REPUBLICAN RIVER BASIN","SC518","","2007-06-06",1249,1.324,2007,6,6,39.08988,-96.713961,10270101,"TKN",10270101,102701,1027,10
"485405",3865911,"KANSAS/LOWER REPUBLICAN RIVER BASIN","SC518","","2007-08-08",1251,1.056,2007,8,8,39.08988,-96.713961,10270101,"TKN",10270101,102701,1027,10
"485406",3866010,"KANSAS/LOWER REPUBLICAN RIVER BASIN","SC518","","2007-10-03",1355,1.006,2007,10,3,39.08988,-96.713961,10270101,"TKN",10270101,102701,1027,10
"485407",3866116,"KANSAS/LOWER REPUBLICAN RIVER BASIN","SC518","","2007-12-17",1442,1.124,2007,12,17,39.08988,-96.713961,10270101,"TKN",10270101,102701,1027,10
"485408",3866212,"KANSAS/LOWER REPUBLICAN RIVER BASIN","SC518","","2008-01-08",1330,0.68,2008,1,8,39.08988,-96.713961,10270101,"TKN",10270101,102701,1027,10
"485409",3866311,"KANSAS/LOWER REPUBLICAN RIVER BASIN","SC518","","2008-03-04",1242,3.654,2008,3,4,39.08988,-96.713961,10270101,"TKN",10270101,102701,1027,10
"485410",3866410,"KANSAS/LOWER REPUBLICAN RIVER BASIN","SC518","","2008-05-06",1329,0.879,2008,5,6,39.08988,-96.713961,10270101,"TKN",10270101,102701,1027,10
"485411",3866511,"KANSAS/LOWER REPUBLICAN RIVER BASIN","SC518","","2008-07-08",1313,0.886,2008,7,8,39.08988,-96.713961,10270101,"TKN",10270101,102701,1027,10
"485412",3866610,"KANSAS/LOWER REPUBLICAN RIVER BASIN","SC518","","2008-09-02",1354,1.769,2008,9,2,39.08988,-96.713961,10270101,"TKN",10270101,102701,1027,10
"485413",3866711,"KANSAS/LOWER REPUBLICAN RIVER BASIN","SC518","","2008-11-12",1323,1.36,2008,11,12,39.08988,-96.713961,10270101,"TKN",10270101,102701,1027,10
"485414",3866810,"KANSAS/LOWER REPUBLICAN RIVER BASIN","SC518","","2009-02-03",1251,1.146,2009,2,3,39.08988,-96.713961,10270101,"TKN",10270101,102701,1027,10
"485415",3866911,"KANSAS/LOWER REPUBLICAN RIVER BASIN","SC518","","2009-04-07",1432,0.904,2009,4,7,39.08988,-96.713961,10270101,"TKN",10270101,102701,1027,10
"485416",3867010,"KANSAS/LOWER REPUBLICAN RIVER BASIN","SC518","","2009-06-02",1258,1.577,2009,6,2,39.08988,-96.713961,10270101,"TKN",10270101,102701,1027,10
"485417",3867115,"KANSAS/LOWER REPUBLICAN RIVER BASIN","SC518","","2009-08-24",1256,1.038,2009,8,24,39.08988,-96.713961,10270101,"TKN",10270101,102701,1027,10
"485418",3867311,"KANSAS/LOWER REPUBLICAN RIVER BASIN","SC518","","2009-12-21",1414,0.988,2009,12,21,39.08988,-96.713961,10270101,"TKN",10270101,102701,1027,10
"485419",3867410,"KANSAS/LOWER REPUBLICAN RIVER BASIN","SC518","","2010-01-12",1410,0.753,2010,1,12,39.08988,-96.713961,10270101,"TKN",10270101,102701,1027,10
"485420",3867511,"KANSAS/LOWER REPUBLICAN RIVER BASIN","SC518","","2010-04-27",1244,1.317,2010,4,27,39.08988,-96.713961,10270101,"TKN",10270101,102701,1027,10
"485421",3867611,"KANSAS/LOWER REPUBLICAN RIVER BASIN","SC518","","2010-04-27",1249,1.87,2010,4,27,39.08988,-96.713961,10270101,"TKN",10270101,102701,1027,10
"485422",3867710,"KANSAS/LOWER REPUBLICAN RIVER BASIN","SC518","","2010-07-27",1338,1.084,2010,7,27,39.08988,-96.713961,10270101,"TKN",10270101,102701,1027,10
"485423",3867811,"KANSAS/LOWER REPUBLICAN RIVER BASIN","SC518","","2010-10-13",1336,0.927,2010,10,13,39.08988,-96.713961,10270101,"TKN",10270101,102701,1027,10
"485424",3867910,"KANSAS/LOWER REPUBLICAN RIVER BASIN","SC518","","2011-02-07",1450,0.706,2011,2,7,39.08988,-96.713961,10270101,"TKN",10270101,102701,1027,10
"485425",3868011,"KANSAS/LOWER REPUBLICAN RIVER BASIN","SC518","","2011-05-23",1122,5.051,2011,5,23,39.08988,-96.713961,10270101,"TKN",10270101,102701,1027,10
"485426",3868115,"KANSAS/LOWER REPUBLICAN RIVER BASIN","SC518","","2011-08-08",1615,1.844,2011,8,8,39.08988,-96.713961,10270101,"TKN",10270101,102701,1027,10
"485427",3868213,"KANSAS/LOWER REPUBLICAN RIVER BASIN","SC518","","2011-11-28",1400,0.574,2011,11,28,39.08988,-96.713961,10270101,"TKN",10270101,102701,1027,10
"485428",3868311,"KANSAS/LOWER REPUBLICAN RIVER BASIN","SC518","","2012-03-06",1319,0.93,2012,3,6,39.08988,-96.713961,10270101,"TKN",10270101,102701,1027,10
"485429",3868411,"KANSAS/LOWER REPUBLICAN RIVER BASIN","SC518","","2012-06-19",1331,1.054,2012,6,19,39.08988,-96.713961,10270101,"TKN",10270101,102701,1027,10
"485430",3868510,"KANSAS/LOWER REPUBLICAN RIVER BASIN","SC518","","2012-09-25",1222,0.671,2012,9,25,39.08988,-96.713961,10270101,"TKN",10270101,102701,1027,10
"485431",3868611,"KANSAS/LOWER REPUBLICAN RIVER BASIN","SC518","","2012-12-18",1415,0.393,2012,12,18,39.08988,-96.713961,10270101,"TKN",10270101,102701,1027,10
"485432",3868711,"KANSAS/LOWER REPUBLICAN RIVER BASIN","SC518","","2013-01-29",1226,0.502,2013,1,29,39.08988,-96.713961,10270101,"TKN",10270101,102701,1027,10
"485433",3868810,"KANSAS/LOWER REPUBLICAN RIVER BASIN","SC518","","2013-04-30",1244,0.955,2013,4,30,39.08988,-96.713961,10270101,"TKN",10270101,102701,1027,10
"485434",3868911,"KANSAS/LOWER REPUBLICAN RIVER BASIN","SC518","","2013-07-09",1355,0.935,2013,7,9,39.08988,-96.713961,10270101,"TKN",10270101,102701,1027,10
"485435",3869011,"KANSAS/LOWER REPUBLICAN RIVER BASIN","SC518","","2013-10-23",1222,0.689,2013,10,23,39.08988,-96.713961,10270101,"TKN",10270101,102701,1027,10
"485436",3869115,"KANSAS/LOWER REPUBLICAN RIVER BASIN","SC518","","2014-02-24",1235,0.57,2014,2,24,39.08988,-96.713961,10270101,"TKN",10270101,102701,1027,10
"485437",3869213,"KANSAS/LOWER REPUBLICAN RIVER BASIN","SC518","","2014-05-06",1441,0.8,2014,5,6,39.08988,-96.713961,10270101,"TKN",10270101,102701,1027,10
"485438",3869311,"KANSAS/LOWER REPUBLICAN RIVER BASIN","SC518","","2014-08-05",1358,0.81,2014,8,5,39.08988,-96.713961,10270101,"TKN",10270101,102701,1027,10
"485439",3869410,"KANSAS/LOWER REPUBLICAN RIVER BASIN","SC518","","2014-11-24",1335,0.52,2014,11,24,39.08988,-96.713961,10270101,"TKN",10270101,102701,1027,10
"485440",3869511,"KANSAS/LOWER REPUBLICAN RIVER BASIN","SC518","","2015-03-03",1334,0.63,2015,3,3,39.08988,-96.713961,10270101,"TKN",10270101,102701,1027,10
"485441",3869611,"KANSAS/LOWER REPUBLICAN RIVER BASIN","SC518","","2015-06-02",1248,1.3,2015,6,2,39.08988,-96.713961,10270101,"TKN",10270101,102701,1027,10
"485442",3869711,"KANSAS/LOWER REPUBLICAN RIVER BASIN","SC518","","2015-09-08",1229,0.84,2015,9,8,39.08988,-96.713961,10270101,"TKN",10270101,102701,1027,10
"485443",3869810,"KANSAS/LOWER REPUBLICAN RIVER BASIN","SC518","","2015-12-02",1239,2.2,2015,12,2,39.08988,-96.713961,10270101,"TKN",10270101,102701,1027,10
"485444",3869910,"KANSAS/LOWER REPUBLICAN RIVER BASIN","SC518","","2016-01-05",1230,0.73,2016,1,5,39.08988,-96.713961,10270101,"TKN",10270101,102701,1027,10
"485445",3870011,"KANSAS/LOWER REPUBLICAN RIVER BASIN","SC518","","2016-04-05",1424,0.85,2016,4,5,39.08988,-96.713961,10270101,"TKN",10270101,102701,1027,10
"485446",3870116,"KANSAS/LOWER REPUBLICAN RIVER BASIN","SC518","","2016-07-12",1236,1.2,2016,7,12,39.08988,-96.713961,10270101,"TKN",10270101,102701,1027,10
"485447",3870213,"KANSAS/LOWER REPUBLICAN RIVER BASIN","SC518","","2016-10-04",1310,0.96,2016,10,4,39.08988,-96.713961,10270101,"TKN",10270101,102701,1027,10
"485448",3870311,"KANSAS/LOWER REPUBLICAN RIVER BASIN","SC518","","2017-02-07",1125,0.78,2017,2,7,39.08988,-96.713961,10270101,"TKN",10270101,102701,1027,10
"485449",3870410,"KANSAS/LOWER REPUBLICAN RIVER BASIN","SC518","","2017-05-02",1121,2.8,2017,5,2,39.08988,-96.713961,10270101,"TKN",10270101,102701,1027,10
"485450",3870511,"KANSAS/LOWER REPUBLICAN RIVER BASIN","SC518","","2017-08-08",1307,1.3,2017,8,8,39.08988,-96.713961,10270101,"TKN",10270101,102701,1027,10
"485451",3870611,"KANSAS/LOWER REPUBLICAN RIVER BASIN","SC518","","2017-11-07",1344,0.85,2017,11,7,39.08988,-96.713961,10270101,"TKN",10270101,102701,1027,10
"485452",3870711,"KANSAS/LOWER REPUBLICAN RIVER BASIN","SC518","","2018-03-06",1255,1.5,2018,3,6,39.08988,-96.713961,10270101,"TKN",10270101,102701,1027,10
"485453",3870811,"KANSAS/LOWER REPUBLICAN RIVER BASIN","SC518","","2018-06-19",1226,1.7,2018,6,19,39.08988,-96.713961,10270101,"TKN",10270101,102701,1027,10
"485454",3870910,"KANSAS/LOWER REPUBLICAN RIVER BASIN","SC518","","2018-09-25",1226,1.2,2018,9,25,39.08988,-96.713961,10270101,"TKN",10270101,102701,1027,10
"485455",3871010,"KANSAS/LOWER REPUBLICAN RIVER BASIN","SC518","","2018-12-11",1215,0.9,2018,12,11,39.08988,-96.713961,10270101,"TKN",10270101,102701,1027,10
"485456",3871116,"KANSAS/LOWER REPUBLICAN RIVER BASIN","SC518","","2019-01-29",1229,1,2019,1,29,39.08988,-96.713961,10270101,"TKN",10270101,102701,1027,10
"485457",3871213,"KANSAS/LOWER REPUBLICAN RIVER BASIN","SC518","","2019-04-02",1223,0.64,2019,4,2,39.08988,-96.713961,10270101,"TKN",10270101,102701,1027,10
"485458",3871311,"KANSAS/LOWER REPUBLICAN RIVER BASIN","SC518","","2019-07-09",1349,0.48,2019,7,9,39.08988,-96.713961,10270101,"TKN",10270101,102701,1027,10
"485459",3871410,"KANSAS/LOWER REPUBLICAN RIVER BASIN","SC518","","2019-10-22",1120,0.54,2019,10,22,39.08988,-96.713961,10270101,"TKN",10270101,102701,1027,10
"485460",387159,"KANSAS/LOWER REPUBLICAN RIVER BASIN","SC518","","2020-02-04",1245,0.56,2020,2,4,39.08988,-96.713961,10270101,"TKN",10270101,102701,1027,10
"485461",3871610,"KANSAS/LOWER REPUBLICAN RIVER BASIN","SC518","","2020-08-04",1250,0.57,2020,8,4,39.08988,-96.713961,10270101,"TKN",10270101,102701,1027,10
"485462",3871710,"KANSAS/LOWER REPUBLICAN RIVER BASIN","SC518","","2020-11-23",849,0.4,2020,11,23,39.08988,-96.713961,10270101,"TKN",10270101,102701,1027,10
"485463",387189,"KANSAS/LOWER REPUBLICAN RIVER BASIN","SC518","","2021-03-02",1021,0.83,2021,3,2,39.08988,-96.713961,10270101,"TKN",10270101,102701,1027,10
"485464",3871910,"KANSAS/LOWER REPUBLICAN RIVER BASIN","SC518","","2021-06-21",1158,1.3,2021,6,21,39.08988,-96.713961,10270101,"TKN",10270101,102701,1027,10
"485465",3872010,"KANSAS/LOWER REPUBLICAN RIVER BASIN","SC518","","2021-09-08",1019,2.1,2021,9,8,39.08988,-96.713961,10270101,"TKN",10270101,102701,1027,10
"485466",3872115,"KANSAS/LOWER REPUBLICAN RIVER BASIN","SC518","","2021-12-07",1017,0.92,2021,12,7,39.08988,-96.713961,10270101,"TKN",10270101,102701,1027,10
"485467",3872211,"KANSAS/LOWER REPUBLICAN RIVER BASIN","SC518","","2022-01-31",1014,0.96,2022,1,31,39.08988,-96.713961,10270101,"TKN",10270101,102701,1027,10
"485468",3872310,"KANSAS/LOWER REPUBLICAN RIVER BASIN","SC518","","2022-04-18",936,0.34,2022,4,18,39.08988,-96.713961,10270101,"TKN",10270101,102701,1027,10
"485469",3872410,"KANSAS/LOWER REPUBLICAN RIVER BASIN","SC518","","2022-07-25",1434,0.44,2022,7,25,39.08988,-96.713961,10270101,"TKN",10270101,102701,1027,10
"485470",3872510,"KANSAS/LOWER REPUBLICAN RIVER BASIN","SC518","","2022-10-24",1125,0.43,2022,10,24,39.08988,-96.713961,10270101,"TKN",10270101,102701,1027,10
"485471",3872610,"KANSAS/LOWER REPUBLICAN RIVER BASIN","SC518","","2023-02-06",1326,0.69,2023,2,6,39.08988,-96.713961,10270101,"TKN",10270101,102701,1027,10
"485472",3872710,"KANSAS/LOWER REPUBLICAN RIVER BASIN","SC518","","2023-05-01",1053,0.43,2023,5,1,39.08988,-96.713961,10270101,"TKN",10270101,102701,1027,10
"485473",3872810,"KANSAS/LOWER REPUBLICAN RIVER BASIN","SC518","","2023-08-07",1126,0.37,2023,8,7,39.08988,-96.713961,10270101,"TKN",10270101,102701,1027,10
"485474",387299,"KANSAS/LOWER REPUBLICAN RIVER BASIN","SC518","","2023-11-27",1154,0.35,2023,11,27,39.08988,-96.713961,10270101,"TKN",10270101,102701,1027,10
"485475",3873010,"KANSAS/LOWER REPUBLICAN RIVER BASIN","SC518","","2024-03-04",1120,0.37,2024,3,4,39.08988,-96.713961,10270101,"TKN",10270101,102701,1027,10
"485476",3873115,"KANSAS/LOWER REPUBLICAN RIVER BASIN","SC518","","2024-06-25",826,0.41,2024,6,25,39.08988,-96.713961,10270101,"TKN",10270101,102701,1027,10
"485477",3873212,"KANSAS/LOWER REPUBLICAN RIVER BASIN","SC518","","2024-09-09",1155,0.99,2024,9,9,39.08988,-96.713961,10270101,"TKN",10270101,102701,1027,10
"485478",3873310,"KANSAS/LOWER REPUBLICAN RIVER BASIN","SC518","","2024-12-02",1213,0.77,2024,12,2,39.08988,-96.713961,10270101,"TKN",10270101,102701,1027,10
"485479",3874712,"KANSAS/LOWER REPUBLICAN RIVER BASIN","SC519","ON CO. RD. BRIDGE 1.25 MI S & .25 MI E OF ALMA","2002-02-14",1145,0.375,2002,2,14,38.99283,-96.27967,10270102,"TKN",10270102,102701,1027,10
"485480",3874812,"KANSAS/LOWER REPUBLICAN RIVER BASIN","SC519","ON CO. RD. BRIDGE 1.25 MI S & .25 MI E OF ALMA","2002-02-14",1150,0.345,2002,2,14,38.99283,-96.27967,10270102,"TKN",10270102,102701,1027,10
"485481",3874911,"KANSAS/LOWER REPUBLICAN RIVER BASIN","SC519","ON CO. RD. BRIDGE 1.25 MI S & .25 MI E OF ALMA","2002-04-11",1145,0.383,2002,4,11,38.99283,-96.27967,10270102,"TKN",10270102,102701,1027,10
"485482",3875012,"KANSAS/LOWER REPUBLICAN RIVER BASIN","SC519","ON CO. RD. BRIDGE 1.25 MI S & .25 MI E OF ALMA","2002-06-13",1330,0.05,2002,6,13,38.99283,-96.27967,10270102,"TKN",10270102,102701,1027,10
"485483",3875116,"KANSAS/LOWER REPUBLICAN RIVER BASIN","SC519","","2002-08-15",1400,0.222,2002,8,15,38.99283,-96.27967,10270102,"TKN",10270102,102701,1027,10
"485484",3875213,"KANSAS/LOWER REPUBLICAN RIVER BASIN","SC519","","2002-10-17",1216,0.05,2002,10,17,38.99283,-96.27967,10270102,"TKN",10270102,102701,1027,10
"485485",3875312,"KANSAS/LOWER REPUBLICAN RIVER BASIN","SC519","","2002-12-23",1304,0.13,2002,12,23,38.99283,-96.27967,10270102,"TKN",10270102,102701,1027,10
"485486",3875411,"KANSAS/LOWER REPUBLICAN RIVER BASIN","SC519","","2006-02-09",1248,0.05,2006,2,9,38.99283,-96.27967,10270102,"TKN",10270102,102701,1027,10
"485487",3875511,"KANSAS/LOWER REPUBLICAN RIVER BASIN","SC519","","2006-02-09",1253,0.126,2006,2,9,38.99283,-96.27967,10270102,"TKN",10270102,102701,1027,10
"485488",3875610,"KANSAS/LOWER REPUBLICAN RIVER BASIN","SC519","","2006-04-13",1221,0.05,2006,4,13,38.99283,-96.27967,10270102,"TKN",10270102,102701,1027,10
"485489",3875711,"KANSAS/LOWER REPUBLICAN RIVER BASIN","SC519","","2006-06-15",1235,0.549,2006,6,15,38.99283,-96.27967,10270102,"TKN",10270102,102701,1027,10
"485490",3875810,"KANSAS/LOWER REPUBLICAN RIVER BASIN","SC519","","2006-08-17",1430,0.714,2006,8,17,38.99283,-96.27967,10270102,"TKN",10270102,102701,1027,10
"485491",3875911,"KANSAS/LOWER REPUBLICAN RIVER BASIN","SC519","","2006-10-12",1354,0.05,2006,10,12,38.99283,-96.27967,10270102,"TKN",10270102,102701,1027,10
"485492",3876010,"KANSAS/LOWER REPUBLICAN RIVER BASIN","SC519","","2006-12-05",1356,0.147,2006,12,5,38.99283,-96.27967,10270102,"TKN",10270102,102701,1027,10
"485493",3876115,"KANSAS/LOWER REPUBLICAN RIVER BASIN","SC519","","2010-03-10",1405,0.627,2010,3,10,38.99283,-96.27967,10270102,"TKN",10270102,102701,1027,10
"485494",3876213,"KANSAS/LOWER REPUBLICAN RIVER BASIN","SC519","","2010-06-21",1425,0.384,2010,6,21,38.99283,-96.27967,10270102,"TKN",10270102,102701,1027,10
"485495",3876311,"KANSAS/LOWER REPUBLICAN RIVER BASIN","SC519","","2010-09-08",1328,0.232,2010,9,8,38.99283,-96.27967,10270102,"TKN",10270102,102701,1027,10
"485496",3876411,"KANSAS/LOWER REPUBLICAN RIVER BASIN","SC519","","2010-12-20",1510,0.231,2010,12,20,38.99283,-96.27967,10270102,"TKN",10270102,102701,1027,10
"485497",3876510,"KANSAS/LOWER REPUBLICAN RIVER BASIN","SC519","","2014-01-21",855,0.13,2014,1,21,38.99283,-96.27967,10270102,"TKN",10270102,102701,1027,10
"485498",3876611,"KANSAS/LOWER REPUBLICAN RIVER BASIN","SC519","","2014-04-07",921,0.33,2014,4,7,38.99283,-96.27967,10270102,"TKN",10270102,102701,1027,10
"485499",3876711,"KANSAS/LOWER REPUBLICAN RIVER BASIN","SC519","","2014-07-07",926,0.36,2014,7,7,38.99283,-96.27967,10270102,"TKN",10270102,102701,1027,10
"485500",3876811,"KANSAS/LOWER REPUBLICAN RIVER BASIN","SC519","","2014-10-06",853,0.2,2014,10,6,38.99283,-96.27967,10270102,"TKN",10270102,102701,1027,10
"485501",3876910,"KANSAS/LOWER REPUBLICAN RIVER BASIN","SC519","","2018-02-27",849,0.1,2018,2,27,38.99283,-96.27967,10270102,"TKN",10270102,102701,1027,10
"485502",3877011,"KANSAS/LOWER REPUBLICAN RIVER BASIN","SC519","","2018-05-01",1158,0.27,2018,5,1,38.99283,-96.27967,10270102,"TKN",10270102,102701,1027,10
"485503",3877116,"KANSAS/LOWER REPUBLICAN RIVER BASIN","SC519","","2018-08-13",1022,0.4,2018,8,13,38.99283,-96.27967,10270102,"TKN",10270102,102701,1027,10
"485504",3877213,"KANSAS/LOWER REPUBLICAN RIVER BASIN","SC519","","2018-08-13",1027,0.37,2018,8,13,38.99283,-96.27967,10270102,"TKN",10270102,102701,1027,10
"485505",3877311,"KANSAS/LOWER REPUBLICAN RIVER BASIN","SC519","","2018-11-05",1011,0.1,2018,11,5,38.99283,-96.27967,10270102,"TKN",10270102,102701,1027,10
"485506",3877410,"KANSAS/LOWER REPUBLICAN RIVER BASIN","SC519","","2022-01-31",1111,0.1,2022,1,31,38.99283,-96.27967,10270102,"TKN",10270102,102701,1027,10
"485507",3877510,"KANSAS/LOWER REPUBLICAN RIVER BASIN","SC519","","2022-04-18",1044,0.27,2022,4,18,38.99283,-96.27967,10270102,"TKN",10270102,102701,1027,10
"485508",387769,"KANSAS/LOWER REPUBLICAN RIVER BASIN","SC519","","2022-07-25",1608,0.2,2022,7,25,38.99283,-96.27967,10270102,"TKN",10270102,102701,1027,10
"485509",3877710,"KANSAS/LOWER REPUBLICAN RIVER BASIN","SC519","","2022-10-24",1318,0.24,2022,10,24,38.99283,-96.27967,10270102,"TKN",10270102,102701,1027,10
"485510",3883911,"KANSAS/LOWER REPUBLICAN RIVER BASIN","SC520","0.75 MI E OF LOUISVILLE","2000-01-18",915,0.343,2000,1,18,39.256253,-96.249861,10270102,"TKN",10270102,102701,1027,10
"485511",3884012,"KANSAS/LOWER REPUBLICAN RIVER BASIN","SC520","0.75 MI E OF LOUISVILLE","2000-03-20",935,0.295,2000,3,20,39.256253,-96.249861,10270102,"TKN",10270102,102701,1027,10
"485512",3884115,"KANSAS/LOWER REPUBLICAN RIVER BASIN","SC520","0.75 MI E OF LOUISVILLE","2000-05-15",1010,1.343,2000,5,15,39.256253,-96.249861,10270102,"TKN",10270102,102701,1027,10
"485513",3884213,"KANSAS/LOWER REPUBLICAN RIVER BASIN","SC520","0.75 MI E OF LOUISVILLE","2000-07-17",930,0.496,2000,7,17,39.256253,-96.249861,10270102,"TKN",10270102,102701,1027,10
"485514",3884312,"KANSAS/LOWER REPUBLICAN RIVER BASIN","SC520","0.75 MI E OF LOUISVILLE","2000-09-18",940,0.88,2000,9,18,39.256253,-96.249861,10270102,"TKN",10270102,102701,1027,10
"485515",3884412,"KANSAS/LOWER REPUBLICAN RIVER BASIN","SC520","0.75 MI E OF LOUISVILLE","2000-11-13",1025,1.08,2000,11,13,39.256253,-96.249861,10270102,"TKN",10270102,102701,1027,10
"485516",3884511,"KANSAS/LOWER REPUBLICAN RIVER BASIN","SC520","0.75 MI E OF LOUISVILLE","2001-02-12",1035,1.397,2001,2,12,39.256253,-96.249861,10270102,"TKN",10270102,102701,1027,10
"485517",3884612,"KANSAS/LOWER REPUBLICAN RIVER BASIN","SC520","0.75 MI E OF LOUISVILLE","2001-04-16",955,0.536,2001,4,16,39.256253,-96.249861,10270102,"TKN",10270102,102701,1027,10
"485518",3884712,"KANSAS/LOWER REPUBLICAN RIVER BASIN","SC520","0.75 MI E OF LOUISVILLE","2001-04-16",1000,0.262,2001,4,16,39.256253,-96.249861,10270102,"TKN",10270102,102701,1027,10
"485519",3884811,"KANSAS/LOWER REPUBLICAN RIVER BASIN","SC520","0.75 MI E OF LOUISVILLE","2001-06-18",1010,0.05,2001,6,18,39.256253,-96.249861,10270102,"TKN",10270102,102701,1027,10
"485520",3884912,"KANSAS/LOWER REPUBLICAN RIVER BASIN","SC520","0.75 MI E OF LOUISVILLE","2001-08-20",900,0.784,2001,8,20,39.256253,-96.249861,10270102,"TKN",10270102,102701,1027,10
"485521",3885011,"KANSAS/LOWER REPUBLICAN RIVER BASIN","SC520","0.75 MI E OF LOUISVILLE","2001-10-15",930,0.338,2001,10,15,39.256253,-96.249861,10270102,"TKN",10270102,102701,1027,10
"485522",3885116,"KANSAS/LOWER REPUBLICAN RIVER BASIN","SC520","0.75 MI E OF LOUISVILLE","2001-12-17",925,0.616,2001,12,17,39.256253,-96.249861,10270102,"TKN",10270102,102701,1027,10
"485523",3885213,"KANSAS/LOWER REPUBLICAN RIVER BASIN","SC520","0.75 MI E OF LOUISVILLE","2002-01-22",920,0.116,2002,1,22,39.256253,-96.249861,10270102,"TKN",10270102,102701,1027,10
"485524",3885312,"KANSAS/LOWER REPUBLICAN RIVER BASIN","SC520","0.75 MI E OF LOUISVILLE","2002-03-18",925,0.475,2002,3,18,39.256253,-96.249861,10270102,"TKN",10270102,102701,1027,10
"485525",3885412,"KANSAS/LOWER REPUBLICAN RIVER BASIN","SC520","0.75 MI E OF LOUISVILLE","2002-05-20",935,0.225,2002,5,20,39.256253,-96.249861,10270102,"TKN",10270102,102701,1027,10
"485526",3885511,"KANSAS/LOWER REPUBLICAN RIVER BASIN","SC520","","2002-07-22",900,0.435,2002,7,22,39.256253,-96.249861,10270102,"TKN",10270102,102701,1027,10
"485527",3885612,"KANSAS/LOWER REPUBLICAN RIVER BASIN","SC520","","2002-09-16",956,0.748,2002,9,16,39.256253,-96.249861,10270102,"TKN",10270102,102701,1027,10
"485528",3885711,"KANSAS/LOWER REPUBLICAN RIVER BASIN","SC520","","2002-11-18",931,0.508,2002,11,18,39.256253,-96.249861,10270102,"TKN",10270102,102701,1027,10
"485529",3885811,"KANSAS/LOWER REPUBLICAN RIVER BASIN","SC520","","2003-02-05",1126,0.994,2003,2,5,39.256253,-96.249861,10270102,"TKN",10270102,102701,1027,10
"485530",3885912,"KANSAS/LOWER REPUBLICAN RIVER BASIN","SC520","","2003-04-02",1123,0.474,2003,4,2,39.256253,-96.249861,10270102,"TKN",10270102,102701,1027,10
"485531",3886011,"KANSAS/LOWER REPUBLICAN RIVER BASIN","SC520","","2003-06-04",1142,0.896,2003,6,4,39.256253,-96.249861,10270102,"TKN",10270102,102701,1027,10
"485532",3886115,"KANSAS/LOWER REPUBLICAN RIVER BASIN","SC520","","2003-08-06",1150,1.019,2003,8,6,39.256253,-96.249861,10270102,"TKN",10270102,102701,1027,10
"485533",3886212,"KANSAS/LOWER REPUBLICAN RIVER BASIN","SC520","","2003-10-08",1128,0.668,2003,10,8,39.256253,-96.249861,10270102,"TKN",10270102,102701,1027,10
"485534",3886311,"KANSAS/LOWER REPUBLICAN RIVER BASIN","SC520","","2003-12-29",1121,0.478,2003,12,29,39.256253,-96.249861,10270102,"TKN",10270102,102701,1027,10
"485535",3886410,"KANSAS/LOWER REPUBLICAN RIVER BASIN","SC520","","2004-01-07",1058,0.357,2004,1,7,39.256253,-96.249861,10270102,"TKN",10270102,102701,1027,10
"485536",3886511,"KANSAS/LOWER REPUBLICAN RIVER BASIN","SC520","","2004-03-02",1035,2.522,2004,3,2,39.256253,-96.249861,10270102,"TKN",10270102,102701,1027,10
"485537",3886610,"KANSAS/LOWER REPUBLICAN RIVER BASIN","SC520","","2004-05-05",1034,0.594,2004,5,5,39.256253,-96.249861,10270102,"TKN",10270102,102701,1027,10
"485538",3886711,"KANSAS/LOWER REPUBLICAN RIVER BASIN","SC520","","2004-07-07",1202,2.112,2004,7,7,39.256253,-96.249861,10270102,"TKN",10270102,102701,1027,10
"485539",3886810,"KANSAS/LOWER REPUBLICAN RIVER BASIN","SC520","","2004-09-08",1058,0.421,2004,9,8,39.256253,-96.249861,10270102,"TKN",10270102,102701,1027,10
"485540",3886911,"KANSAS/LOWER REPUBLICAN RIVER BASIN","SC520","","2004-11-03",1121,0.555,2004,11,3,39.256253,-96.249861,10270102,"TKN",10270102,102701,1027,10
"485541",3887011,"KANSAS/LOWER REPUBLICAN RIVER BASIN","SC520","","2005-02-02",1122,0.308,2005,2,2,39.256253,-96.249861,10270102,"TKN",10270102,102701,1027,10
"485542",3887115,"KANSAS/LOWER REPUBLICAN RIVER BASIN","SC520","","2005-04-06",1106,0.05,2005,4,6,39.256253,-96.249861,10270102,"TKN",10270102,102701,1027,10
"485543",3887212,"KANSAS/LOWER REPUBLICAN RIVER BASIN","SC520","","2005-06-01",1131,0.265,2005,6,1,39.256253,-96.249861,10270102,"TKN",10270102,102701,1027,10
"485544",3887311,"KANSAS/LOWER REPUBLICAN RIVER BASIN","SC520","","2005-06-01",1136,0.372,2005,6,1,39.256253,-96.249861,10270102,"TKN",10270102,102701,1027,10
"485545",3887410,"KANSAS/LOWER REPUBLICAN RIVER BASIN","SC520","","2005-08-03",1039,0.348,2005,8,3,39.256253,-96.249861,10270102,"TKN",10270102,102701,1027,10
"485546",3887511,"KANSAS/LOWER REPUBLICAN RIVER BASIN","SC520","","2005-10-05",1101,0.886,2005,10,5,39.256253,-96.249861,10270102,"TKN",10270102,102701,1027,10
"485547",3887610,"KANSAS/LOWER REPUBLICAN RIVER BASIN","SC520","","2005-12-07",1146,0.236,2005,12,7,39.256253,-96.249861,10270102,"TKN",10270102,102701,1027,10
"485548",3887710,"KANSAS/LOWER REPUBLICAN RIVER BASIN","SC520","","2006-01-04",1123,0.05,2006,1,4,39.256253,-96.249861,10270102,"TKN",10270102,102701,1027,10
"485549",3887811,"KANSAS/LOWER REPUBLICAN RIVER BASIN","SC520","","2006-03-08",1200,0.146,2006,3,8,39.256253,-96.249861,10270102,"TKN",10270102,102701,1027,10
"485550",3887910,"KANSAS/LOWER REPUBLICAN RIVER BASIN","SC520","","2006-05-03",1116,5.712,2006,5,3,39.256253,-96.249861,10270102,"TKN",10270102,102701,1027,10
"485551",3888011,"KANSAS/LOWER REPUBLICAN RIVER BASIN","SC520","","2006-07-05",1038,0.92,2006,7,5,39.256253,-96.249861,10270102,"TKN",10270102,102701,1027,10
"485552",3888114,"KANSAS/LOWER REPUBLICAN RIVER BASIN","SC520","","2006-09-06",1103,1.721,2006,9,6,39.256253,-96.249861,10270102,"TKN",10270102,102701,1027,10
"485553",3888212,"KANSAS/LOWER REPUBLICAN RIVER BASIN","SC520","","2006-11-01",1116,0.508,2006,11,1,39.256253,-96.249861,10270102,"TKN",10270102,102701,1027,10
"485554",3888311,"KANSAS/LOWER REPUBLICAN RIVER BASIN","SC520","","2006-11-01",1121,0.422,2006,11,1,39.256253,-96.249861,10270102,"TKN",10270102,102701,1027,10
"485555",3888410,"KANSAS/LOWER REPUBLICAN RIVER BASIN","SC520","","2007-02-07",1039,0.399,2007,2,7,39.256253,-96.249861,10270102,"TKN",10270102,102701,1027,10
"485556",3888511,"KANSAS/LOWER REPUBLICAN RIVER BASIN","SC520","","2007-04-04",945,1.46,2007,4,4,39.256253,-96.249861,10270102,"TKN",10270102,102701,1027,10
"485557",3888610,"KANSAS/LOWER REPUBLICAN RIVER BASIN","SC520","","2007-06-06",1006,0.591,2007,6,6,39.256253,-96.249861,10270102,"TKN",10270102,102701,1027,10
"485558",3888711,"KANSAS/LOWER REPUBLICAN RIVER BASIN","SC520","","2007-08-08",1011,0.42,2007,8,8,39.256253,-96.249861,10270102,"TKN",10270102,102701,1027,10
"485559",3888810,"KANSAS/LOWER REPUBLICAN RIVER BASIN","SC520","","2007-10-03",1023,0.701,2007,10,3,39.256253,-96.249861,10270102,"TKN",10270102,102701,1027,10
"485560",3888911,"KANSAS/LOWER REPUBLICAN RIVER BASIN","SC520","","2007-12-17",1125,1.104,2007,12,17,39.256253,-96.249861,10270102,"TKN",10270102,102701,1027,10
"485561",3889011,"KANSAS/LOWER REPUBLICAN RIVER BASIN","SC520","","2008-01-08",1017,0.519,2008,1,8,39.256253,-96.249861,10270102,"TKN",10270102,102701,1027,10
"485562",3889115,"KANSAS/LOWER REPUBLICAN RIVER BASIN","SC520","","2008-03-04",1002,2.223,2008,3,4,39.256253,-96.249861,10270102,"TKN",10270102,102701,1027,10
"485563",3889212,"KANSAS/LOWER REPUBLICAN RIVER BASIN","SC520","","2008-05-06",1037,0.589,2008,5,6,39.256253,-96.249861,10270102,"TKN",10270102,102701,1027,10
"485564",3889311,"KANSAS/LOWER REPUBLICAN RIVER BASIN","SC520","","2008-07-08",1028,0.375,2008,7,8,39.256253,-96.249861,10270102,"TKN",10270102,102701,1027,10
"485565",3889411,"KANSAS/LOWER REPUBLICAN RIVER BASIN","SC520","","2008-09-02",1015,1.016,2008,9,2,39.256253,-96.249861,10270102,"TKN",10270102,102701,1027,10
"485566",3889510,"KANSAS/LOWER REPUBLICAN RIVER BASIN","SC520","","2008-11-12",1015,0.433,2008,11,12,39.256253,-96.249861,10270102,"TKN",10270102,102701,1027,10
"485567",3889610,"KANSAS/LOWER REPUBLICAN RIVER BASIN","SC520","","2009-02-03",1042,0.348,2009,2,3,39.256253,-96.249861,10270102,"TKN",10270102,102701,1027,10
"485568",3889711,"KANSAS/LOWER REPUBLICAN RIVER BASIN","SC520","","2009-04-07",1110,0.366,2009,4,7,39.256253,-96.249861,10270102,"TKN",10270102,102701,1027,10
"485569",3889810,"KANSAS/LOWER REPUBLICAN RIVER BASIN","SC520","","2009-06-02",1108,0.653,2009,6,2,39.256253,-96.249861,10270102,"TKN",10270102,102701,1027,10
"485570",3889911,"KANSAS/LOWER REPUBLICAN RIVER BASIN","SC520","","2009-08-24",852,0.527,2009,8,24,39.256253,-96.249861,10270102,"TKN",10270102,102701,1027,10
"485571",3890114,"KANSAS/LOWER REPUBLICAN RIVER BASIN","SC520","","2009-12-21",1155,0.21,2009,12,21,39.256253,-96.249861,10270102,"TKN",10270102,102701,1027,10
"485572",3890311,"KANSAS/LOWER REPUBLICAN RIVER BASIN","SC520","","2010-04-27",940,0.424,2010,4,27,39.256253,-96.249861,10270102,"TKN",10270102,102701,1027,10
"485573",3890410,"KANSAS/LOWER REPUBLICAN RIVER BASIN","SC520","","2010-07-27",1006,0.278,2010,7,27,39.256253,-96.249861,10270102,"TKN",10270102,102701,1027,10
"485574",3890511,"KANSAS/LOWER REPUBLICAN RIVER BASIN","SC520","","2010-10-13",1050,0.576,2010,10,13,39.256253,-96.249861,10270102,"TKN",10270102,102701,1027,10
"485575",3890610,"KANSAS/LOWER REPUBLICAN RIVER BASIN","SC520","","2011-02-07",1005,0.292,2011,2,7,39.256253,-96.249861,10270102,"TKN",10270102,102701,1027,10
"485576",3890711,"KANSAS/LOWER REPUBLICAN RIVER BASIN","SC520","","2011-05-23",1315,0.792,2011,5,23,39.256253,-96.249861,10270102,"TKN",10270102,102701,1027,10
"485577",3890810,"KANSAS/LOWER REPUBLICAN RIVER BASIN","SC520","","2011-08-08",1121,0.772,2011,8,8,39.256253,-96.249861,10270102,"TKN",10270102,102701,1027,10
"485578",3890911,"KANSAS/LOWER REPUBLICAN RIVER BASIN","SC520","","2011-11-28",956,0.501,2011,11,28,39.256253,-96.249861,10270102,"TKN",10270102,102701,1027,10
"485579",3891011,"KANSAS/LOWER REPUBLICAN RIVER BASIN","SC520","","2011-11-28",1001,0.501,2011,11,28,39.256253,-96.249861,10270102,"TKN",10270102,102701,1027,10
"485580",3891115,"KANSAS/LOWER REPUBLICAN RIVER BASIN","SC520","","2012-03-06",1026,0.365,2012,3,6,39.256253,-96.249861,10270102,"TKN",10270102,102701,1027,10
"485581",3891212,"KANSAS/LOWER REPUBLICAN RIVER BASIN","SC520","","2012-06-19",1016,1.083,2012,6,19,39.256253,-96.249861,10270102,"TKN",10270102,102701,1027,10
"485582",3891311,"KANSAS/LOWER REPUBLICAN RIVER BASIN","SC520","","2012-06-19",1021,1.167,2012,6,19,39.256253,-96.249861,10270102,"TKN",10270102,102701,1027,10
"485583",3891410,"KANSAS/LOWER REPUBLICAN RIVER BASIN","SC520","","2012-09-25",1025,0.505,2012,9,25,39.256253,-96.249861,10270102,"TKN",10270102,102701,1027,10
"485584",3891511,"KANSAS/LOWER REPUBLICAN RIVER BASIN","SC520","","2012-12-18",1114,0.41,2012,12,18,39.256253,-96.249861,10270102,"TKN",10270102,102701,1027,10
"485585",3891610,"KANSAS/LOWER REPUBLICAN RIVER BASIN","SC520","","2013-01-29",1009,0.358,2013,1,29,39.256253,-96.249861,10270102,"TKN",10270102,102701,1027,10
"485586",3891711,"KANSAS/LOWER REPUBLICAN RIVER BASIN","SC520","","2013-04-30",955,0.417,2013,4,30,39.256253,-96.249861,10270102,"TKN",10270102,102701,1027,10
"485587",3891811,"KANSAS/LOWER REPUBLICAN RIVER BASIN","SC520","","2013-07-09",1022,0.533,2013,7,9,39.256253,-96.249861,10270102,"TKN",10270102,102701,1027,10
"485588",3891911,"KANSAS/LOWER REPUBLICAN RIVER BASIN","SC520","","2013-10-23",946,0.678,2013,10,23,39.256253,-96.249861,10270102,"TKN",10270102,102701,1027,10
"485589",3892011,"KANSAS/LOWER REPUBLICAN RIVER BASIN","SC520","","2014-02-24",1023,2.3,2014,2,24,39.256253,-96.249861,10270102,"TKN",10270102,102701,1027,10
"485590",3892114,"KANSAS/LOWER REPUBLICAN RIVER BASIN","SC520","","2014-05-06",1055,0.52,2014,5,6,39.256253,-96.249861,10270102,"TKN",10270102,102701,1027,10
"485591",3892212,"KANSAS/LOWER REPUBLICAN RIVER BASIN","SC520","","2014-08-05",1048,0.5,2014,8,5,39.256253,-96.249861,10270102,"TKN",10270102,102701,1027,10
"485592",3892311,"KANSAS/LOWER REPUBLICAN RIVER BASIN","SC520","","2014-11-24",1101,0.3,2014,11,24,39.256253,-96.249861,10270102,"TKN",10270102,102701,1027,10
"485593",3892411,"KANSAS/LOWER REPUBLICAN RIVER BASIN","SC520","","2015-03-03",1046,0.22,2015,3,3,39.256253,-96.249861,10270102,"TKN",10270102,102701,1027,10
"485594",3892511,"KANSAS/LOWER REPUBLICAN RIVER BASIN","SC520","","2015-06-02",1002,0.55,2015,6,2,39.256253,-96.249861,10270102,"TKN",10270102,102701,1027,10
"485595",3892610,"KANSAS/LOWER REPUBLICAN RIVER BASIN","SC520","","2015-09-08",1018,0.58,2015,9,8,39.256253,-96.249861,10270102,"TKN",10270102,102701,1027,10
"485596",3892711,"KANSAS/LOWER REPUBLICAN RIVER BASIN","SC520","","2015-12-02",1106,1.8,2015,12,2,39.256253,-96.249861,10270102,"TKN",10270102,102701,1027,10
"485597",3892810,"KANSAS/LOWER REPUBLICAN RIVER BASIN","SC520","","2016-01-05",1039,0.36,2016,1,5,39.256253,-96.249861,10270102,"TKN",10270102,102701,1027,10
"485598",3892911,"KANSAS/LOWER REPUBLICAN RIVER BASIN","SC520","","2016-04-05",1115,0.22,2016,4,5,39.256253,-96.249861,10270102,"TKN",10270102,102701,1027,10
"485599",3893011,"KANSAS/LOWER REPUBLICAN RIVER BASIN","SC520","","2016-07-12",1033,0.71,2016,7,12,39.256253,-96.249861,10270102,"TKN",10270102,102701,1027,10
"485600",3893115,"KANSAS/LOWER REPUBLICAN RIVER BASIN","SC520","","2016-10-04",1058,0.28,2016,10,4,39.256253,-96.249861,10270102,"TKN",10270102,102701,1027,10
"485601",3893212,"KANSAS/LOWER REPUBLICAN RIVER BASIN","SC520","","2017-02-07",942,0.31,2017,2,7,39.256253,-96.249861,10270102,"TKN",10270102,102701,1027,10
"485602",3893311,"KANSAS/LOWER REPUBLICAN RIVER BASIN","SC520","","2017-05-02",946,2.2,2017,5,2,39.256253,-96.249861,10270102,"TKN",10270102,102701,1027,10
"485603",3893411,"KANSAS/LOWER REPUBLICAN RIVER BASIN","SC520","","2017-08-08",1048,0.59,2017,8,8,39.256253,-96.249861,10270102,"TKN",10270102,102701,1027,10
"485604",3893511,"KANSAS/LOWER REPUBLICAN RIVER BASIN","SC520","","2017-11-07",1122,0.5,2017,11,7,39.256253,-96.249861,10270102,"TKN",10270102,102701,1027,10
"485605",3893611,"KANSAS/LOWER REPUBLICAN RIVER BASIN","SC520","","2018-03-06",1050,0.62,2018,3,6,39.256253,-96.249861,10270102,"TKN",10270102,102701,1027,10
"485606",3893710,"KANSAS/LOWER REPUBLICAN RIVER BASIN","SC520","","2018-06-19",1035,0.86,2018,6,19,39.256253,-96.249861,10270102,"TKN",10270102,102701,1027,10
"485607",3893811,"KANSAS/LOWER REPUBLICAN RIVER BASIN","SC520","","2018-09-25",1036,0.83,2018,9,25,39.256253,-96.249861,10270102,"TKN",10270102,102701,1027,10
"485608",3893910,"KANSAS/LOWER REPUBLICAN RIVER BASIN","SC520","","2018-12-11",1004,0.29,2018,12,11,39.256253,-96.249861,10270102,"TKN",10270102,102701,1027,10
"485609",3894011,"KANSAS/LOWER REPUBLICAN RIVER BASIN","SC520","","2019-01-29",1016,0.38,2019,1,29,39.256253,-96.249861,10270102,"TKN",10270102,102701,1027,10
"485610",3894115,"KANSAS/LOWER REPUBLICAN RIVER BASIN","SC520","","2019-04-02",851,0.33,2019,4,2,39.256253,-96.249861,10270102,"TKN",10270102,102701,1027,10
"485611",3894212,"KANSAS/LOWER REPUBLICAN RIVER BASIN","SC520","","2019-07-09",1044,0.3,2019,7,9,39.256253,-96.249861,10270102,"TKN",10270102,102701,1027,10
"485612",3894311,"KANSAS/LOWER REPUBLICAN RIVER BASIN","SC520","","2019-10-22",933,0.26,2019,10,22,39.256253,-96.249861,10270102,"TKN",10270102,102701,1027,10
"485613",389449,"KANSAS/LOWER REPUBLICAN RIVER BASIN","SC520","","2020-02-04",955,0.7,2020,2,4,39.256253,-96.249861,10270102,"TKN",10270102,102701,1027,10
"485614",3894510,"KANSAS/LOWER REPUBLICAN RIVER BASIN","SC520","","2020-08-04",920,0.7,2020,8,4,39.256253,-96.249861,10270102,"TKN",10270102,102701,1027,10
"485615",389469,"KANSAS/LOWER REPUBLICAN RIVER BASIN","SC520","","2020-11-23",615,0.36,2020,11,23,39.256253,-96.249861,10270102,"TKN",10270102,102701,1027,10
"485616",3894710,"KANSAS/LOWER REPUBLICAN RIVER BASIN","SC520","","2021-03-02",822,0.45,2021,3,2,39.256253,-96.249861,10270102,"TKN",10270102,102701,1027,10
"485617",3894810,"KANSAS/LOWER REPUBLICAN RIVER BASIN","SC520","","2021-06-21",908,0.83,2021,6,21,39.256253,-96.249861,10270102,"TKN",10270102,102701,1027,10
"485618",389499,"KANSAS/LOWER REPUBLICAN RIVER BASIN","SC520","","2021-09-08",821,0.76,2021,9,8,39.256253,-96.249861,10270102,"TKN",10270102,102701,1027,10
"485619",3895010,"KANSAS/LOWER REPUBLICAN RIVER BASIN","SC520","","2021-12-07",829,0.45,2021,12,7,39.256253,-96.249861,10270102,"TKN",10270102,102701,1027,10
"485620",3895115,"KANSAS/LOWER REPUBLICAN RIVER BASIN","SC520","","2022-01-31",839,0.29,2022,1,31,39.256253,-96.249861,10270102,"TKN",10270102,102701,1027,10
"485621",3895211,"KANSAS/LOWER REPUBLICAN RIVER BASIN","SC520","","2022-04-18",759,0.56,2022,4,18,39.256253,-96.249861,10270102,"TKN",10270102,102701,1027,10
"485622",3895310,"KANSAS/LOWER REPUBLICAN RIVER BASIN","SC520","","2022-07-25",1148,0.33,2022,7,25,39.256253,-96.249861,10270102,"TKN",10270102,102701,1027,10
"485623",3895410,"KANSAS/LOWER REPUBLICAN RIVER BASIN","SC520","","2022-10-24",904,0.29,2022,10,24,39.256253,-96.249861,10270102,"TKN",10270102,102701,1027,10
"485624",3895510,"KANSAS/LOWER REPUBLICAN RIVER BASIN","SC520","","2023-02-06",1017,0.27,2023,2,6,39.256253,-96.249861,10270102,"TKN",10270102,102701,1027,10
"485625",3895610,"KANSAS/LOWER REPUBLICAN RIVER BASIN","SC520","","2023-05-01",824,0.3,2023,5,1,39.256253,-96.249861,10270102,"TKN",10270102,102701,1027,10
"485626",389579,"KANSAS/LOWER REPUBLICAN RIVER BASIN","SC520","","2023-08-07",923,0.34,2023,8,7,39.256253,-96.249861,10270102,"TKN",10270102,102701,1027,10
"485627",3895810,"KANSAS/LOWER REPUBLICAN RIVER BASIN","SC520","","2023-11-27",925,0.28,2023,11,27,39.256253,-96.249861,10270102,"TKN",10270102,102701,1027,10
"485628",3895910,"KANSAS/LOWER REPUBLICAN RIVER BASIN","SC520","","2024-03-04",842,0.1,2024,3,4,39.256253,-96.249861,10270102,"TKN",10270102,102701,1027,10
"485629",3896010,"KANSAS/LOWER REPUBLICAN RIVER BASIN","SC520","","2024-06-24",1107,0.1,2024,6,24,39.256253,-96.249861,10270102,"TKN",10270102,102701,1027,10
"485630",3896114,"KANSAS/LOWER REPUBLICAN RIVER BASIN","SC520","","2024-09-09",818,0.54,2024,9,9,39.256253,-96.249861,10270102,"TKN",10270102,102701,1027,10
"485631",3896211,"KANSAS/LOWER REPUBLICAN RIVER BASIN","SC520","","2024-12-02",845,0.51,2024,12,2,39.256253,-96.249861,10270102,"TKN",10270102,102701,1027,10
"485632",3902115,"KANSAS/LOWER REPUBLICAN RIVER BASIN","SC521","1 MI. E. OF MAPLE HILL ON CO. RD. BR.","2000-01-20",1140,0.25,2000,1,20,39.089522,-96.006355,10270102,"TKN",10270102,102701,1027,10
"485633",3902213,"KANSAS/LOWER REPUBLICAN RIVER BASIN","SC521","1 MI. E. OF MAPLE HILL ON CO. RD. BR.","2000-03-22",1150,0.285,2000,3,22,39.089522,-96.006355,10270102,"TKN",10270102,102701,1027,10
"485634",3902311,"KANSAS/LOWER REPUBLICAN RIVER BASIN","SC521","1 MI. E. OF MAPLE HILL ON CO. RD. BR.","2000-05-17",1210,0.86,2000,5,17,39.089522,-96.006355,10270102,"TKN",10270102,102701,1027,10
"485635",3902412,"KANSAS/LOWER REPUBLICAN RIVER BASIN","SC521","1 MI. E. OF MAPLE HILL ON CO. RD. BR.","2000-07-19",1155,0.6,2000,7,19,39.089522,-96.006355,10270102,"TKN",10270102,102701,1027,10
"485636",3902512,"KANSAS/LOWER REPUBLICAN RIVER BASIN","SC521","1 MI. E. OF MAPLE HILL ON CO. RD. BR.","2000-07-19",1200,0.58,2000,7,19,39.089522,-96.006355,10270102,"TKN",10270102,102701,1027,10
"485637",3902611,"KANSAS/LOWER REPUBLICAN RIVER BASIN","SC521","1 MI. E. OF MAPLE HILL ON CO. RD. BR.","2000-09-20",1125,2.76,2000,9,20,39.089522,-96.006355,10270102,"TKN",10270102,102701,1027,10
"485638",3902712,"KANSAS/LOWER REPUBLICAN RIVER BASIN","SC521","1 MI. E. OF MAPLE HILL ON CO. RD. BR.","2000-11-15",1245,0.8,2000,11,15,39.089522,-96.006355,10270102,"TKN",10270102,102701,1027,10
"485639",3902811,"KANSAS/LOWER REPUBLICAN RIVER BASIN","SC521","1 MI. E. OF MAPLE HILL ON CO. RD. BR.","2001-04-18",1115,0.286,2001,4,18,39.089522,-96.006355,10270102,"TKN",10270102,102701,1027,10
"485640",3902912,"KANSAS/LOWER REPUBLICAN RIVER BASIN","SC521","1 MI. E. OF MAPLE HILL ON CO. RD. BR.","2001-06-20",1155,2.767,2001,6,20,39.089522,-96.006355,10270102,"TKN",10270102,102701,1027,10
"485641",3903011,"KANSAS/LOWER REPUBLICAN RIVER BASIN","SC521","1 MI. E. OF MAPLE HILL ON CO. RD. BR.","2001-08-22",1135,0.515,2001,8,22,39.089522,-96.006355,10270102,"TKN",10270102,102701,1027,10
"485642",3903116,"KANSAS/LOWER REPUBLICAN RIVER BASIN","SC521","1 MI. E. OF MAPLE HILL ON CO. RD. BR.","2001-10-17",1235,0.875,2001,10,17,39.089522,-96.006355,10270102,"TKN",10270102,102701,1027,10
"485643",3903213,"KANSAS/LOWER REPUBLICAN RIVER BASIN","SC521","1 MI. E. OF MAPLE HILL ON CO. RD. BR.","2001-12-19",1020,0.653,2001,12,19,39.089522,-96.006355,10270102,"TKN",10270102,102701,1027,10
"485644",3903312,"KANSAS/LOWER REPUBLICAN RIVER BASIN","SC521","1 MI. E. OF MAPLE HILL ON CO. RD. BR.","2002-02-14",1430,0.569,2002,2,14,39.089522,-96.006355,10270102,"TKN",10270102,102701,1027,10
"485645",3903411,"KANSAS/LOWER REPUBLICAN RIVER BASIN","SC521","1 MI. E. OF MAPLE HILL ON CO. RD. BR.","2002-04-11",1330,0.636,2002,4,11,39.089522,-96.006355,10270102,"TKN",10270102,102701,1027,10
"485646",3903512,"KANSAS/LOWER REPUBLICAN RIVER BASIN","SC521","1 MI. E. OF MAPLE HILL ON CO. RD. BR.","2002-06-13",1535,0.05,2002,6,13,39.089522,-96.006355,10270102,"TKN",10270102,102701,1027,10
"485647",3903612,"KANSAS/LOWER REPUBLICAN RIVER BASIN","SC521","1 MI. E. OF MAPLE HILL ON CO. RD. BR.","2002-06-13",1540,0.05,2002,6,13,39.089522,-96.006355,10270102,"TKN",10270102,102701,1027,10
"485648",3903711,"KANSAS/LOWER REPUBLICAN RIVER BASIN","SC521","","2002-08-15",1536,0.613,2002,8,15,39.089522,-96.006355,10270102,"TKN",10270102,102701,1027,10
"485649",3903812,"KANSAS/LOWER REPUBLICAN RIVER BASIN","SC521","","2002-10-17",1525,0.14,2002,10,17,39.089522,-96.006355,10270102,"TKN",10270102,102701,1027,10
"485650",3903911,"KANSAS/LOWER REPUBLICAN RIVER BASIN","SC521","","2002-12-23",1426,0.175,2002,12,23,39.089522,-96.006355,10270102,"TKN",10270102,102701,1027,10
"485651",3904011,"KANSAS/LOWER REPUBLICAN RIVER BASIN","SC521","","2003-01-23",1446,0.257,2003,1,23,39.089522,-96.006355,10270102,"TKN",10270102,102701,1027,10
"485652",3904115,"KANSAS/LOWER REPUBLICAN RIVER BASIN","SC521","","2003-03-13",1338,0.38,2003,3,13,39.089522,-96.006355,10270102,"TKN",10270102,102701,1027,10
"485653",3904212,"KANSAS/LOWER REPUBLICAN RIVER BASIN","SC521","","2003-05-29",1533,0.31,2003,5,29,39.089522,-96.006355,10270102,"TKN",10270102,102701,1027,10
"485654",3904311,"KANSAS/LOWER REPUBLICAN RIVER BASIN","SC521","","2003-07-17",1432,0.43,2003,7,17,39.089522,-96.006355,10270102,"TKN",10270102,102701,1027,10
"485655",3904410,"KANSAS/LOWER REPUBLICAN RIVER BASIN","SC521","","2003-09-18",903,0.563,2003,9,18,39.089522,-96.006355,10270102,"TKN",10270102,102701,1027,10
"485656",3904511,"KANSAS/LOWER REPUBLICAN RIVER BASIN","SC521","","2003-11-13",1346,0.05,2003,11,13,39.089522,-96.006355,10270102,"TKN",10270102,102701,1027,10
"485657",3904710,"KANSAS/LOWER REPUBLICAN RIVER BASIN","SC521","","2004-04-15",1442,0.291,2004,4,15,39.089522,-96.006355,10270102,"TKN",10270102,102701,1027,10
"485658",3904811,"KANSAS/LOWER REPUBLICAN RIVER BASIN","SC521","","2004-06-17",1525,3.632,2004,6,17,39.089522,-96.006355,10270102,"TKN",10270102,102701,1027,10
"485659",3904910,"KANSAS/LOWER REPUBLICAN RIVER BASIN","SC521","","2004-08-12",1515,0.106,2004,8,12,39.089522,-96.006355,10270102,"TKN",10270102,102701,1027,10
"485660",3905011,"KANSAS/LOWER REPUBLICAN RIVER BASIN","SC521","","2004-10-14",1542,0.771,2004,10,14,39.089522,-96.006355,10270102,"TKN",10270102,102701,1027,10
"485661",3905115,"KANSAS/LOWER REPUBLICAN RIVER BASIN","SC521","","2004-12-02",1442,0.141,2004,12,2,39.089522,-96.006355,10270102,"TKN",10270102,102701,1027,10
"485662",3905212,"KANSAS/LOWER REPUBLICAN RIVER BASIN","SC521","","2005-01-20",1418,0.965,2005,1,20,39.089522,-96.006355,10270102,"TKN",10270102,102701,1027,10
"485663",3905311,"KANSAS/LOWER REPUBLICAN RIVER BASIN","SC521","","2005-03-17",1412,0.05,2005,3,17,39.089522,-96.006355,10270102,"TKN",10270102,102701,1027,10
"485664",3905410,"KANSAS/LOWER REPUBLICAN RIVER BASIN","SC521","","2005-03-17",1417,0.05,2005,3,17,39.089522,-96.006355,10270102,"TKN",10270102,102701,1027,10
"485665",3905510,"KANSAS/LOWER REPUBLICAN RIVER BASIN","SC521","","2005-05-12",1334,0.05,2005,5,12,39.089522,-96.006355,10270102,"TKN",10270102,102701,1027,10
"485666",3905611,"KANSAS/LOWER REPUBLICAN RIVER BASIN","SC521","","2005-07-07",1436,0.124,2005,7,7,39.089522,-96.006355,10270102,"TKN",10270102,102701,1027,10
"485667",3905710,"KANSAS/LOWER REPUBLICAN RIVER BASIN","SC521","","2005-09-08",1527,0.05,2005,9,8,39.089522,-96.006355,10270102,"TKN",10270102,102701,1027,10
"485668",3905811,"KANSAS/LOWER REPUBLICAN RIVER BASIN","SC521","","2005-11-03",1342,0.05,2005,11,3,39.089522,-96.006355,10270102,"TKN",10270102,102701,1027,10
"485669",3905911,"KANSAS/LOWER REPUBLICAN RIVER BASIN","SC521","","2005-11-03",1347,0.05,2005,11,3,39.089522,-96.006355,10270102,"TKN",10270102,102701,1027,10
"485670",3906011,"KANSAS/LOWER REPUBLICAN RIVER BASIN","SC521","","2006-02-09",1425,0.103,2006,2,9,39.089522,-96.006355,10270102,"TKN",10270102,102701,1027,10
"485671",3906114,"KANSAS/LOWER REPUBLICAN RIVER BASIN","SC521","","2006-04-13",1351,0.128,2006,4,13,39.089522,-96.006355,10270102,"TKN",10270102,102701,1027,10
"485672",3906212,"KANSAS/LOWER REPUBLICAN RIVER BASIN","SC521","","2006-06-15",1342,0.554,2006,6,15,39.089522,-96.006355,10270102,"TKN",10270102,102701,1027,10
"485673",3906310,"KANSAS/LOWER REPUBLICAN RIVER BASIN","SC521","","2006-08-17",1540,0.637,2006,8,17,39.089522,-96.006355,10270102,"TKN",10270102,102701,1027,10
"485674",3906411,"KANSAS/LOWER REPUBLICAN RIVER BASIN","SC521","","2006-10-12",1506,0.05,2006,10,12,39.089522,-96.006355,10270102,"TKN",10270102,102701,1027,10
"485675",3906510,"KANSAS/LOWER REPUBLICAN RIVER BASIN","SC521","","2006-12-05",1454,0.231,2006,12,5,39.089522,-96.006355,10270102,"TKN",10270102,102701,1027,10
"485676",3906710,"KANSAS/LOWER REPUBLICAN RIVER BASIN","SC521","","2007-03-15",1536,0.468,2007,3,15,39.089522,-96.006355,10270102,"TKN",10270102,102701,1027,10
"485677",3906811,"KANSAS/LOWER REPUBLICAN RIVER BASIN","SC521","","2007-05-03",1500,0.642,2007,5,3,39.089522,-96.006355,10270102,"TKN",10270102,102701,1027,10
"485678",3906910,"KANSAS/LOWER REPUBLICAN RIVER BASIN","SC521","","2007-07-19",1411,0.466,2007,7,19,39.089522,-96.006355,10270102,"TKN",10270102,102701,1027,10
"485679",3907011,"KANSAS/LOWER REPUBLICAN RIVER BASIN","SC521","","2007-09-06",1444,0.386,2007,9,6,39.089522,-96.006355,10270102,"TKN",10270102,102701,1027,10
"485680",3907115,"KANSAS/LOWER REPUBLICAN RIVER BASIN","SC521","","2007-11-15",1339,0.27,2007,11,15,39.089522,-96.006355,10270102,"TKN",10270102,102701,1027,10
"485681",3907212,"KANSAS/LOWER REPUBLICAN RIVER BASIN","SC521","","2008-02-12",1518,0.287,2008,2,12,39.089522,-96.006355,10270102,"TKN",10270102,102701,1027,10
"485682",3907311,"KANSAS/LOWER REPUBLICAN RIVER BASIN","SC521","","2008-04-15",1419,0.266,2008,4,15,39.089522,-96.006355,10270102,"TKN",10270102,102701,1027,10
"485683",3907410,"KANSAS/LOWER REPUBLICAN RIVER BASIN","SC521","","2008-06-10",1411,0.443,2008,6,10,39.089522,-96.006355,10270102,"TKN",10270102,102701,1027,10
"485684",3907511,"KANSAS/LOWER REPUBLICAN RIVER BASIN","SC521","","2008-08-12",1405,0.535,2008,8,12,39.089522,-96.006355,10270102,"TKN",10270102,102701,1027,10
"485685",3907610,"KANSAS/LOWER REPUBLICAN RIVER BASIN","SC521","","2008-10-14",1539,0.259,2008,10,14,39.089522,-96.006355,10270102,"TKN",10270102,102701,1027,10
"485686",3907711,"KANSAS/LOWER REPUBLICAN RIVER BASIN","SC521","","2008-12-22",1455,0.235,2008,12,22,39.089522,-96.006355,10270102,"TKN",10270102,102701,1027,10
"485687",3907811,"KANSAS/LOWER REPUBLICAN RIVER BASIN","SC521","","2009-01-20",1306,0.129,2009,1,20,39.089522,-96.006355,10270102,"TKN",10270102,102701,1027,10
"485688",3907911,"KANSAS/LOWER REPUBLICAN RIVER BASIN","SC521","","2009-01-20",1311,0.145,2009,1,20,39.089522,-96.006355,10270102,"TKN",10270102,102701,1027,10
"485689",3908010,"KANSAS/LOWER REPUBLICAN RIVER BASIN","SC521","","2009-03-10",1302,0.702,2009,3,10,39.089522,-96.006355,10270102,"TKN",10270102,102701,1027,10
"485690",3908114,"KANSAS/LOWER REPUBLICAN RIVER BASIN","SC521","","2009-05-26",1203,0.211,2009,5,26,39.089522,-96.006355,10270102,"TKN",10270102,102701,1027,10
"485691",3908311,"KANSAS/LOWER REPUBLICAN RIVER BASIN","SC521","","2009-09-08",1212,0.308,2009,9,8,39.089522,-96.006355,10270102,"TKN",10270102,102701,1027,10
"485692",3908410,"KANSAS/LOWER REPUBLICAN RIVER BASIN","SC521","","2009-11-12",1317,0.462,2009,11,12,39.089522,-96.006355,10270102,"TKN",10270102,102701,1027,10
"485693",3908510,"KANSAS/LOWER REPUBLICAN RIVER BASIN","SC521","","2010-03-10",1601,1.549,2010,3,10,39.089522,-96.006355,10270102,"TKN",10270102,102701,1027,10
"485694",3908611,"KANSAS/LOWER REPUBLICAN RIVER BASIN","SC521","","2010-06-21",1615,0.708,2010,6,21,39.089522,-96.006355,10270102,"TKN",10270102,102701,1027,10
"485695",3908710,"KANSAS/LOWER REPUBLICAN RIVER BASIN","SC521","","2010-09-08",1502,0.396,2010,9,8,39.089522,-96.006355,10270102,"TKN",10270102,102701,1027,10
"485696",3908811,"KANSAS/LOWER REPUBLICAN RIVER BASIN","SC521","","2010-12-20",1605,0.343,2010,12,20,39.089522,-96.006355,10270102,"TKN",10270102,102701,1027,10
"485697",3908910,"KANSAS/LOWER REPUBLICAN RIVER BASIN","SC521","","2011-01-18",1502,0.206,2011,1,18,39.089522,-96.006355,10270102,"TKN",10270102,102701,1027,10
"485698",3909011,"KANSAS/LOWER REPUBLICAN RIVER BASIN","SC521","","2011-04-11",1508,0.325,2011,4,11,39.089522,-96.006355,10270102,"TKN",10270102,102701,1027,10
"485699",3909115,"KANSAS/LOWER REPUBLICAN RIVER BASIN","SC521","","2011-07-05",1634,0.503,2011,7,5,39.089522,-96.006355,10270102,"TKN",10270102,102701,1027,10
"485700",3909212,"KANSAS/LOWER REPUBLICAN RIVER BASIN","SC521","","2011-10-10",1458,0.529,2011,10,10,39.089522,-96.006355,10270102,"TKN",10270102,102701,1027,10
"485701",3909311,"KANSAS/LOWER REPUBLICAN RIVER BASIN","SC521","","2012-02-15",1401,0.169,2012,2,15,39.089522,-96.006355,10270102,"TKN",10270102,102701,1027,10
"485702",3909411,"KANSAS/LOWER REPUBLICAN RIVER BASIN","SC521","","2012-02-15",1406,0.197,2012,2,15,39.089522,-96.006355,10270102,"TKN",10270102,102701,1027,10
"485703",3909510,"KANSAS/LOWER REPUBLICAN RIVER BASIN","SC521","","2012-05-01",1428,0.348,2012,5,1,39.089522,-96.006355,10270102,"TKN",10270102,102701,1027,10
"485704",3909611,"KANSAS/LOWER REPUBLICAN RIVER BASIN","SC521","","2012-08-27",1604,0.41,2012,8,27,39.089522,-96.006355,10270102,"TKN",10270102,102701,1027,10
"485705",3909711,"KANSAS/LOWER REPUBLICAN RIVER BASIN","SC521","","2012-08-27",1609,0.422,2012,8,27,39.089522,-96.006355,10270102,"TKN",10270102,102701,1027,10
"485706",3909810,"KANSAS/LOWER REPUBLICAN RIVER BASIN","SC521","","2012-11-13",1441,0.515,2012,11,13,39.089522,-96.006355,10270102,"TKN",10270102,102701,1027,10
"485707",3909910,"KANSAS/LOWER REPUBLICAN RIVER BASIN","SC521","","2013-01-29",1356,0.367,2013,1,29,39.089522,-96.006355,10270102,"TKN",10270102,102701,1027,10
"485708",3910011,"KANSAS/LOWER REPUBLICAN RIVER BASIN","SC521","","2013-04-30",1355,0.347,2013,4,30,39.089522,-96.006355,10270102,"TKN",10270102,102701,1027,10
"485709",3910115,"KANSAS/LOWER REPUBLICAN RIVER BASIN","SC521","","2013-07-09",1458,0.353,2013,7,9,39.089522,-96.006355,10270102,"TKN",10270102,102701,1027,10
"485710",3910212,"KANSAS/LOWER REPUBLICAN RIVER BASIN","SC521","","2013-10-23",1359,0.363,2013,10,23,39.089522,-96.006355,10270102,"TKN",10270102,102701,1027,10
"485711",3910311,"KANSAS/LOWER REPUBLICAN RIVER BASIN","SC521","","2014-01-21",805,0.2,2014,1,21,39.089522,-96.006355,10270102,"TKN",10270102,102701,1027,10
"485712",3910411,"KANSAS/LOWER REPUBLICAN RIVER BASIN","SC521","","2014-04-07",815,0.4,2014,4,7,39.089522,-96.006355,10270102,"TKN",10270102,102701,1027,10
"485713",3910511,"KANSAS/LOWER REPUBLICAN RIVER BASIN","SC521","","2014-04-07",820,0.39,2014,4,7,39.089522,-96.006355,10270102,"TKN",10270102,102701,1027,10
"485714",3910611,"KANSAS/LOWER REPUBLICAN RIVER BASIN","SC521","","2014-07-07",826,0.51,2014,7,7,39.089522,-96.006355,10270102,"TKN",10270102,102701,1027,10
"485715",3910711,"KANSAS/LOWER REPUBLICAN RIVER BASIN","SC521","","2014-10-06",804,0.39,2014,10,6,39.089522,-96.006355,10270102,"TKN",10270102,102701,1027,10
"485716",3910811,"KANSAS/LOWER REPUBLICAN RIVER BASIN","SC521","","2015-03-03",926,0.23,2015,3,3,39.089522,-96.006355,10270102,"TKN",10270102,102701,1027,10
"485717",3910910,"KANSAS/LOWER REPUBLICAN RIVER BASIN","SC521","","2015-06-02",1437,0.34,2015,6,2,39.089522,-96.006355,10270102,"TKN",10270102,102701,1027,10
"485718",3911011,"KANSAS/LOWER REPUBLICAN RIVER BASIN","SC521","","2015-09-08",907,0.5,2015,9,8,39.089522,-96.006355,10270102,"TKN",10270102,102701,1027,10
"485719",3911115,"KANSAS/LOWER REPUBLICAN RIVER BASIN","SC521","","2015-12-02",936,0.62,2015,12,2,39.089522,-96.006355,10270102,"TKN",10270102,102701,1027,10
"485720",3911212,"KANSAS/LOWER REPUBLICAN RIVER BASIN","SC521","","2016-01-05",907,0.24,2016,1,5,39.089522,-96.006355,10270102,"TKN",10270102,102701,1027,10
"485721",3911311,"KANSAS/LOWER REPUBLICAN RIVER BASIN","SC521","","2016-04-05",908,0.29,2016,4,5,39.089522,-96.006355,10270102,"TKN",10270102,102701,1027,10
"485722",3911410,"KANSAS/LOWER REPUBLICAN RIVER BASIN","SC521","","2016-07-12",852,0.51,2016,7,12,39.089522,-96.006355,10270102,"TKN",10270102,102701,1027,10
"485723",3911511,"KANSAS/LOWER REPUBLICAN RIVER BASIN","SC521","","2016-10-04",907,0.25,2016,10,4,39.089522,-96.006355,10270102,"TKN",10270102,102701,1027,10
"485724",3911610,"KANSAS/LOWER REPUBLICAN RIVER BASIN","SC521","","2017-02-07",1254,0.28,2017,2,7,39.089522,-96.006355,10270102,"TKN",10270102,102701,1027,10
"485725",3911711,"KANSAS/LOWER REPUBLICAN RIVER BASIN","SC521","","2017-05-02",1345,0.5,2017,5,2,39.089522,-96.006355,10270102,"TKN",10270102,102701,1027,10
"485726",3911811,"KANSAS/LOWER REPUBLICAN RIVER BASIN","SC521","","2017-08-08",1438,0.28,2017,8,8,39.089522,-96.006355,10270102,"TKN",10270102,102701,1027,10
"485727",3911911,"KANSAS/LOWER REPUBLICAN RIVER BASIN","SC521","","2017-11-07",1515,0.3,2017,11,7,39.089522,-96.006355,10270102,"TKN",10270102,102701,1027,10
"485728",3912010,"KANSAS/LOWER REPUBLICAN RIVER BASIN","SC521","","2018-02-27",744,0.43,2018,2,27,39.089522,-96.006355,10270102,"TKN",10270102,102701,1027,10
"485729",3912115,"KANSAS/LOWER REPUBLICAN RIVER BASIN","SC521","","2018-05-01",1326,0.34,2018,5,1,39.089522,-96.006355,10270102,"TKN",10270102,102701,1027,10
"485730",3912212,"KANSAS/LOWER REPUBLICAN RIVER BASIN","SC521","","2018-11-05",804,0.24,2018,11,5,39.089522,-96.006355,10270102,"TKN",10270102,102701,1027,10
"485731",3912311,"KANSAS/LOWER REPUBLICAN RIVER BASIN","SC521","","2018-11-05",809,0.27,2018,11,5,39.089522,-96.006355,10270102,"TKN",10270102,102701,1027,10
"485732",3912411,"KANSAS/LOWER REPUBLICAN RIVER BASIN","SC521","","2019-01-29",1402,0.36,2019,1,29,39.089522,-96.006355,10270102,"TKN",10270102,102701,1027,10
"485733",3912510,"KANSAS/LOWER REPUBLICAN RIVER BASIN","SC521","","2019-04-02",1405,0.24,2019,4,2,39.089522,-96.006355,10270102,"TKN",10270102,102701,1027,10
"485734",3912611,"KANSAS/LOWER REPUBLICAN RIVER BASIN","SC521","","2019-07-09",1455,0.23,2019,7,9,39.089522,-96.006355,10270102,"TKN",10270102,102701,1027,10
"485735",3912710,"KANSAS/LOWER REPUBLICAN RIVER BASIN","SC521","","2019-10-22",1222,0.24,2019,10,22,39.089522,-96.006355,10270102,"TKN",10270102,102701,1027,10
"485736",391289,"KANSAS/LOWER REPUBLICAN RIVER BASIN","SC521","","2020-02-04",839,0.1,2020,2,4,39.089522,-96.006355,10270102,"TKN",10270102,102701,1027,10
"485737",391299,"KANSAS/LOWER REPUBLICAN RIVER BASIN","SC521","","2020-08-04",854,0.4,2020,8,4,39.089522,-96.006355,10270102,"TKN",10270102,102701,1027,10
"485738",391309,"KANSAS/LOWER REPUBLICAN RIVER BASIN","SC521","","2020-11-23",1156,0.28,2020,11,23,39.089522,-96.006355,10270102,"TKN",10270102,102701,1027,10
"485739",3913115,"KANSAS/LOWER REPUBLICAN RIVER BASIN","SC521","","2021-03-02",739,0.51,2021,3,2,39.089522,-96.006355,10270102,"TKN",10270102,102701,1027,10
"485740",3913212,"KANSAS/LOWER REPUBLICAN RIVER BASIN","SC521","","2021-06-21",1258,0.49,2021,6,21,39.089522,-96.006355,10270102,"TKN",10270102,102701,1027,10
"485741",3913310,"KANSAS/LOWER REPUBLICAN RIVER BASIN","SC521","","2021-09-08",736,0.55,2021,9,8,39.089522,-96.006355,10270102,"TKN",10270102,102701,1027,10
"485742",3913410,"KANSAS/LOWER REPUBLICAN RIVER BASIN","SC521","","2021-12-07",747,0.22,2021,12,7,39.089522,-96.006355,10270102,"TKN",10270102,102701,1027,10
"485743",3913510,"KANSAS/LOWER REPUBLICAN RIVER BASIN","SC521","","2022-01-31",1147,0.34,2022,1,31,39.089522,-96.006355,10270102,"TKN",10270102,102701,1027,10
"485744",3913610,"KANSAS/LOWER REPUBLICAN RIVER BASIN","SC521","","2022-04-18",1119,0.42,2022,4,18,39.089522,-96.006355,10270102,"TKN",10270102,102701,1027,10
"485745",391379,"KANSAS/LOWER REPUBLICAN RIVER BASIN","SC521","","2022-07-25",1652,0.1,2022,7,25,39.089522,-96.006355,10270102,"TKN",10270102,102701,1027,10
"485746",3913810,"KANSAS/LOWER REPUBLICAN RIVER BASIN","SC521","","2022-10-24",1357,0.21,2022,10,24,39.089522,-96.006355,10270102,"TKN",10270102,102701,1027,10
"485747",3913910,"KANSAS/LOWER REPUBLICAN RIVER BASIN","SC521","","2023-02-06",1517,0.22,2023,2,6,39.089522,-96.006355,10270102,"TKN",10270102,102701,1027,10
"485748",391409,"KANSAS/LOWER REPUBLICAN RIVER BASIN","SC521","","2023-05-01",1244,0.26,2023,5,1,39.089522,-96.006355,10270102,"TKN",10270102,102701,1027,10
"485749",3914114,"KANSAS/LOWER REPUBLICAN RIVER BASIN","SC521","","2023-08-07",1229,0.1,2023,8,7,39.089522,-96.006355,10270102,"TKN",10270102,102701,1027,10
"485750",3914211,"KANSAS/LOWER REPUBLICAN RIVER BASIN","SC521","","2023-11-27",1302,0.1,2023,11,27,39.089522,-96.006355,10270102,"TKN",10270102,102701,1027,10
"485751",3914310,"KANSAS/LOWER REPUBLICAN RIVER BASIN","SC521","","2024-03-04",1226,0.1,2024,3,4,39.089522,-96.006355,10270102,"TKN",10270102,102701,1027,10
"485752",3914410,"KANSAS/LOWER REPUBLICAN RIVER BASIN","SC521","","2024-06-24",924,0.37,2024,6,24,39.089522,-96.006355,10270102,"TKN",10270102,102701,1027,10
"485753",3914510,"KANSAS/LOWER REPUBLICAN RIVER BASIN","SC521","","2024-09-09",654,0.36,2024,9,9,39.089522,-96.006355,10270102,"TKN",10270102,102701,1027,10
"485754",391469,"KANSAS/LOWER REPUBLICAN RIVER BASIN","SC521","","2024-12-02",730,0.26,2024,12,2,39.089522,-96.006355,10270102,"TKN",10270102,102701,1027,10
"488523",4357412,"KANSAS/LOWER REPUBLICAN RIVER BASIN","SC551","3 1/2 MI. N. OF ROSSVILLE ON CO. RD. BR.","2000-01-26",925,0.05,2000,1,26,39.18244,-95.95212,10270102,"TKN",10270102,102701,1027,10
"488524",4357511,"KANSAS/LOWER REPUBLICAN RIVER BASIN","SC551","3 1/2 MI. N. OF ROSSVILLE ON CO. RD. BR.","2000-03-29",910,0.81,2000,3,29,39.18244,-95.95212,10270102,"TKN",10270102,102701,1027,10
"488525",4357612,"KANSAS/LOWER REPUBLICAN RIVER BASIN","SC551","3 1/2 MI. N. OF ROSSVILLE ON CO. RD. BR.","2000-05-24",915,0.4,2000,5,24,39.18244,-95.95212,10270102,"TKN",10270102,102701,1027,10
"488526",4357711,"KANSAS/LOWER REPUBLICAN RIVER BASIN","SC551","3 1/2 MI. N. OF ROSSVILLE ON CO. RD. BR.","2000-07-26",910,0.34,2000,7,26,39.18244,-95.95212,10270102,"TKN",10270102,102701,1027,10
"488527",4357812,"KANSAS/LOWER REPUBLICAN RIVER BASIN","SC551","3 1/2 MI. N. OF ROSSVILLE ON CO. RD. BR.","2000-09-27",910,0.98,2000,9,27,39.18244,-95.95212,10270102,"TKN",10270102,102701,1027,10
"488528",4357911,"KANSAS/LOWER REPUBLICAN RIVER BASIN","SC551","3 1/2 MI. N. OF ROSSVILLE ON CO. RD. BR.","2000-11-20",900,0.97,2000,11,20,39.18244,-95.95212,10270102,"TKN",10270102,102701,1027,10
"488529",4358011,"KANSAS/LOWER REPUBLICAN RIVER BASIN","SC551","3 1/2 MI. N. OF ROSSVILLE ON CO. RD. BR.","2001-02-21",1045,1.118,2001,2,21,39.18244,-95.95212,10270102,"TKN",10270102,102701,1027,10
"488530",4358116,"KANSAS/LOWER REPUBLICAN RIVER BASIN","SC551","3 1/2 MI. N. OF ROSSVILLE ON CO. RD. BR.","2001-04-25",1000,0.05,2001,4,25,39.18244,-95.95212,10270102,"TKN",10270102,102701,1027,10
"488531",4358212,"KANSAS/LOWER REPUBLICAN RIVER BASIN","SC551","3 1/2 MI. N. OF ROSSVILLE ON CO. RD. BR.","2001-06-27",955,0.41,2001,6,27,39.18244,-95.95212,10270102,"TKN",10270102,102701,1027,10
"488532",4358312,"KANSAS/LOWER REPUBLICAN RIVER BASIN","SC551","3 1/2 MI. N. OF ROSSVILLE ON CO. RD. BR.","2001-08-29",955,0.914,2001,8,29,39.18244,-95.95212,10270102,"TKN",10270102,102701,1027,10
"488533",4358411,"KANSAS/LOWER REPUBLICAN RIVER BASIN","SC551","3 1/2 MI. N. OF ROSSVILLE ON CO. RD. BR.","2001-10-24",910,0.605,2001,10,24,39.18244,-95.95212,10270102,"TKN",10270102,102701,1027,10
"488534",4358512,"KANSAS/LOWER REPUBLICAN RIVER BASIN","SC551","3 1/2 MI. N. OF ROSSVILLE ON CO. RD. BR.","2001-12-26",955,0.514,2001,12,26,39.18244,-95.95212,10270102,"TKN",10270102,102701,1027,10
"488535",4358611,"KANSAS/LOWER REPUBLICAN RIVER BASIN","SC551","3 1/2 MI. N. OF ROSSVILLE ON CO. RD. BR.","2002-03-27",850,0.123,2002,3,27,39.18244,-95.95212,10270102,"TKN",10270102,102701,1027,10
"488536",4358712,"KANSAS/LOWER REPUBLICAN RIVER BASIN","SC551","3 1/2 MI. N. OF ROSSVILLE ON CO. RD. BR.","2002-05-29",855,0.593,2002,5,29,39.18244,-95.95212,10270102,"TKN",10270102,102701,1027,10
"488537",4358812,"KANSAS/LOWER REPUBLICAN RIVER BASIN","SC551","3 1/2 MI. N. OF ROSSVILLE ON CO. RD. BR.","2002-05-29",900,0.745,2002,5,29,39.18244,-95.95212,10270102,"TKN",10270102,102701,1027,10
"488538",4358911,"KANSAS/LOWER REPUBLICAN RIVER BASIN","SC551","","2002-07-30",1008,0.639,2002,7,30,39.18244,-95.95212,10270102,"TKN",10270102,102701,1027,10
"488539",4359012,"KANSAS/LOWER REPUBLICAN RIVER BASIN","SC551","","2002-09-25",926,0.241,2002,9,25,39.18244,-95.95212,10270102,"TKN",10270102,102701,1027,10
"488540",4359115,"KANSAS/LOWER REPUBLICAN RIVER BASIN","SC551","","2002-11-25",909,0.407,2002,11,25,39.18244,-95.95212,10270102,"TKN",10270102,102701,1027,10
"488541",4359212,"KANSAS/LOWER REPUBLICAN RIVER BASIN","SC551","","2003-02-05",1009,0.178,2003,2,5,39.18244,-95.95212,10270102,"TKN",10270102,102701,1027,10
"488542",4359312,"KANSAS/LOWER REPUBLICAN RIVER BASIN","SC551","","2003-04-02",1009,0.671,2003,4,2,39.18244,-95.95212,10270102,"TKN",10270102,102701,1027,10
"488543",4359411,"KANSAS/LOWER REPUBLICAN RIVER BASIN","SC551","","2003-06-04",1336,1.17,2003,6,4,39.18244,-95.95212,10270102,"TKN",10270102,102701,1027,10
"488544",4359511,"KANSAS/LOWER REPUBLICAN RIVER BASIN","SC551","","2003-08-06",1013,0.459,2003,8,6,39.18244,-95.95212,10270102,"TKN",10270102,102701,1027,10
"488545",4359610,"KANSAS/LOWER REPUBLICAN RIVER BASIN","SC551","","2003-10-08",1034,0.238,2003,10,8,39.18244,-95.95212,10270102,"TKN",10270102,102701,1027,10
"488546",4359711,"KANSAS/LOWER REPUBLICAN RIVER BASIN","SC551","","2003-12-29",1033,0.05,2003,12,29,39.18244,-95.95212,10270102,"TKN",10270102,102701,1027,10
"488547",4359811,"KANSAS/LOWER REPUBLICAN RIVER BASIN","SC551","","2003-12-29",1038,0.05,2003,12,29,39.18244,-95.95212,10270102,"TKN",10270102,102701,1027,10
"488548",4359910,"KANSAS/LOWER REPUBLICAN RIVER BASIN","SC551","","2004-01-07",1011,0.471,2004,1,7,39.18244,-95.95212,10270102,"TKN",10270102,102701,1027,10
"488549",4360011,"KANSAS/LOWER REPUBLICAN RIVER BASIN","SC551","","2004-03-02",950,1.338,2004,3,2,39.18244,-95.95212,10270102,"TKN",10270102,102701,1027,10
"488550",4360114,"KANSAS/LOWER REPUBLICAN RIVER BASIN","SC551","","2004-05-05",917,0.84,2004,5,5,39.18244,-95.95212,10270102,"TKN",10270102,102701,1027,10
"488551",4360212,"KANSAS/LOWER REPUBLICAN RIVER BASIN","SC551","","2004-07-07",1109,1.15,2004,7,7,39.18244,-95.95212,10270102,"TKN",10270102,102701,1027,10
"488552",4360311,"KANSAS/LOWER REPUBLICAN RIVER BASIN","SC551","","2004-09-08",1006,0.417,2004,9,8,39.18244,-95.95212,10270102,"TKN",10270102,102701,1027,10
"488553",4360411,"KANSAS/LOWER REPUBLICAN RIVER BASIN","SC551","","2004-11-03",1032,1.319,2004,11,3,39.18244,-95.95212,10270102,"TKN",10270102,102701,1027,10
"488554",4360511,"KANSAS/LOWER REPUBLICAN RIVER BASIN","SC551","","2005-02-02",954,0.803,2005,2,2,39.18244,-95.95212,10270102,"TKN",10270102,102701,1027,10
"488555",4360610,"KANSAS/LOWER REPUBLICAN RIVER BASIN","SC551","","2005-04-06",956,0.276,2005,4,6,39.18244,-95.95212,10270102,"TKN",10270102,102701,1027,10
"488556",4360711,"KANSAS/LOWER REPUBLICAN RIVER BASIN","SC551","","2005-06-01",955,0.446,2005,6,1,39.18244,-95.95212,10270102,"TKN",10270102,102701,1027,10
"488557",4360810,"KANSAS/LOWER REPUBLICAN RIVER BASIN","SC551","","2005-08-03",941,0.465,2005,8,3,39.18244,-95.95212,10270102,"TKN",10270102,102701,1027,10
"488558",4360911,"KANSAS/LOWER REPUBLICAN RIVER BASIN","SC551","","2005-10-05",944,1.491,2005,10,5,39.18244,-95.95212,10270102,"TKN",10270102,102701,1027,10
"488559",4361010,"KANSAS/LOWER REPUBLICAN RIVER BASIN","SC551","","2005-12-07",1039,0.178,2005,12,7,39.18244,-95.95212,10270102,"TKN",10270102,102701,1027,10
"488560",4361115,"KANSAS/LOWER REPUBLICAN RIVER BASIN","SC551","","2006-01-04",941,0.17,2006,1,4,39.18244,-95.95212,10270102,"TKN",10270102,102701,1027,10
"488561",4361212,"KANSAS/LOWER REPUBLICAN RIVER BASIN","SC551","","2006-03-08",1001,1.108,2006,3,8,39.18244,-95.95212,10270102,"TKN",10270102,102701,1027,10
"488562",4361311,"KANSAS/LOWER REPUBLICAN RIVER BASIN","SC551","","2006-05-03",951,6.338,2006,5,3,39.18244,-95.95212,10270102,"TKN",10270102,102701,1027,10
"488563",4361411,"KANSAS/LOWER REPUBLICAN RIVER BASIN","SC551","","2006-05-03",956,7.934,2006,5,3,39.18244,-95.95212,10270102,"TKN",10270102,102701,1027,10
"488564",4361510,"KANSAS/LOWER REPUBLICAN RIVER BASIN","SC551","","2006-07-05",903,0.576,2006,7,5,39.18244,-95.95212,10270102,"TKN",10270102,102701,1027,10
"488565",4361611,"KANSAS/LOWER REPUBLICAN RIVER BASIN","SC551","","2006-09-06",921,0.948,2006,9,6,39.18244,-95.95212,10270102,"TKN",10270102,102701,1027,10
"488566",4361710,"KANSAS/LOWER REPUBLICAN RIVER BASIN","SC551","","2006-11-01",951,0.987,2006,11,1,39.18244,-95.95212,10270102,"TKN",10270102,102701,1027,10
"488567",4361811,"KANSAS/LOWER REPUBLICAN RIVER BASIN","SC551","","2007-02-07",948,0.452,2007,2,7,39.18244,-95.95212,10270102,"TKN",10270102,102701,1027,10
"488568",4361910,"KANSAS/LOWER REPUBLICAN RIVER BASIN","SC551","","2007-04-04",906,1.237,2007,4,4,39.18244,-95.95212,10270102,"TKN",10270102,102701,1027,10
"488569",4362011,"KANSAS/LOWER REPUBLICAN RIVER BASIN","SC551","","2007-06-06",918,0.845,2007,6,6,39.18244,-95.95212,10270102,"TKN",10270102,102701,1027,10
"488570",4362115,"KANSAS/LOWER REPUBLICAN RIVER BASIN","SC551","","2007-06-06",923,0.772,2007,6,6,39.18244,-95.95212,10270102,"TKN",10270102,102701,1027,10
"488571",4362212,"KANSAS/LOWER REPUBLICAN RIVER BASIN","SC551","","2007-08-08",933,0.413,2007,8,8,39.18244,-95.95212,10270102,"TKN",10270102,102701,1027,10
"488572",4362311,"KANSAS/LOWER REPUBLICAN RIVER BASIN","SC551","","2007-10-03",935,0.665,2007,10,3,39.18244,-95.95212,10270102,"TKN",10270102,102701,1027,10
"488573",4362410,"KANSAS/LOWER REPUBLICAN RIVER BASIN","SC551","","2007-12-17",1048,0.905,2007,12,17,39.18244,-95.95212,10270102,"TKN",10270102,102701,1027,10
"488574",4362511,"KANSAS/LOWER REPUBLICAN RIVER BASIN","SC551","","2008-01-08",933,1.223,2008,1,8,39.18244,-95.95212,10270102,"TKN",10270102,102701,1027,10
"488575",4362610,"KANSAS/LOWER REPUBLICAN RIVER BASIN","SC551","","2008-03-04",902,1.87,2008,3,4,39.18244,-95.95212,10270102,"TKN",10270102,102701,1027,10
"488576",4362711,"KANSAS/LOWER REPUBLICAN RIVER BASIN","SC551","","2008-05-06",925,0.433,2008,5,6,39.18244,-95.95212,10270102,"TKN",10270102,102701,1027,10
"488577",4362810,"KANSAS/LOWER REPUBLICAN RIVER BASIN","SC551","","2008-07-08",949,0.37,2008,7,8,39.18244,-95.95212,10270102,"TKN",10270102,102701,1027,10
"488578",4362911,"KANSAS/LOWER REPUBLICAN RIVER BASIN","SC551","","2008-09-02",907,0.577,2008,9,2,39.18244,-95.95212,10270102,"TKN",10270102,102701,1027,10
"488579",4363010,"KANSAS/LOWER REPUBLICAN RIVER BASIN","SC551","","2008-11-12",918,0.484,2008,11,12,39.18244,-95.95212,10270102,"TKN",10270102,102701,1027,10
"488580",4363114,"KANSAS/LOWER REPUBLICAN RIVER BASIN","SC551","","2009-02-03",931,0.447,2009,2,3,39.18244,-95.95212,10270102,"TKN",10270102,102701,1027,10
"488581",4363212,"KANSAS/LOWER REPUBLICAN RIVER BASIN","SC551","","2009-04-07",938,0.515,2009,4,7,39.18244,-95.95212,10270102,"TKN",10270102,102701,1027,10
"488582",4363311,"KANSAS/LOWER REPUBLICAN RIVER BASIN","SC551","","2009-06-02",910,0.384,2009,6,2,39.18244,-95.95212,10270102,"TKN",10270102,102701,1027,10
"488583",4363511,"KANSAS/LOWER REPUBLICAN RIVER BASIN","SC551","","2009-10-05",1119,0.368,2009,10,5,39.18244,-95.95212,10270102,"TKN",10270102,102701,1027,10
"488584",4363610,"KANSAS/LOWER REPUBLICAN RIVER BASIN","SC551","","2009-12-21",1032,0.363,2009,12,21,39.18244,-95.95212,10270102,"TKN",10270102,102701,1027,10
"488585",4363711,"KANSAS/LOWER REPUBLICAN RIVER BASIN","SC551","","2010-01-12",915,0.381,2010,1,12,39.18244,-95.95212,10270102,"TKN",10270102,102701,1027,10
"488586",4363810,"KANSAS/LOWER REPUBLICAN RIVER BASIN","SC551","","2010-04-27",852,0.868,2010,4,27,39.18244,-95.95212,10270102,"TKN",10270102,102701,1027,10
"488587",4363911,"KANSAS/LOWER REPUBLICAN RIVER BASIN","SC551","","2010-07-27",917,0.297,2010,7,27,39.18244,-95.95212,10270102,"TKN",10270102,102701,1027,10
"488588",4364010,"KANSAS/LOWER REPUBLICAN RIVER BASIN","SC551","","2010-10-13",937,0.298,2010,10,13,39.18244,-95.95212,10270102,"TKN",10270102,102701,1027,10
"488589",4364114,"KANSAS/LOWER REPUBLICAN RIVER BASIN","SC551","","2011-02-07",906,0.514,2011,2,7,39.18244,-95.95212,10270102,"TKN",10270102,102701,1027,10
"488590",4364212,"KANSAS/LOWER REPUBLICAN RIVER BASIN","SC551","","2011-05-23",1208,0.875,2011,5,23,39.18244,-95.95212,10270102,"TKN",10270102,102701,1027,10
"488591",4364311,"KANSAS/LOWER REPUBLICAN RIVER BASIN","SC551","","2011-08-08",1007,0.638,2011,8,8,39.18244,-95.95212,10270102,"TKN",10270102,102701,1027,10
"488592",4364410,"KANSAS/LOWER REPUBLICAN RIVER BASIN","SC551","","2011-11-28",909,0.512,2011,11,28,39.18244,-95.95212,10270102,"TKN",10270102,102701,1027,10
"488593",4364511,"KANSAS/LOWER REPUBLICAN RIVER BASIN","SC551","","2012-03-06",946,0.485,2012,3,6,39.18244,-95.95212,10270102,"TKN",10270102,102701,1027,10
"488594",4364610,"KANSAS/LOWER REPUBLICAN RIVER BASIN","SC551","","2012-06-19",929,0.446,2012,6,19,39.18244,-95.95212,10270102,"TKN",10270102,102701,1027,10
"488595",4364810,"KANSAS/LOWER REPUBLICAN RIVER BASIN","SC551","","2012-12-18",1000,0.476,2012,12,18,39.18244,-95.95212,10270102,"TKN",10270102,102701,1027,10
"488596",4364911,"KANSAS/LOWER REPUBLICAN RIVER BASIN","SC551","","2013-01-29",932,0.333,2013,1,29,39.18244,-95.95212,10270102,"TKN",10270102,102701,1027,10
"488597",4365011,"KANSAS/LOWER REPUBLICAN RIVER BASIN","SC551","","2013-04-30",904,0.487,2013,4,30,39.18244,-95.95212,10270102,"TKN",10270102,102701,1027,10
"488598",4365114,"KANSAS/LOWER REPUBLICAN RIVER BASIN","SC551","","2013-07-09",929,0.379,2013,7,9,39.18244,-95.95212,10270102,"TKN",10270102,102701,1027,10
"488599",4365212,"KANSAS/LOWER REPUBLICAN RIVER BASIN","SC551","","2013-10-23",859,0.555,2013,10,23,39.18244,-95.95212,10270102,"TKN",10270102,102701,1027,10
"488600",4365310,"KANSAS/LOWER REPUBLICAN RIVER BASIN","SC551","","2014-02-24",828,1.5,2014,2,24,39.18244,-95.95212,10270102,"TKN",10270102,102701,1027,10
"488601",4365411,"KANSAS/LOWER REPUBLICAN RIVER BASIN","SC551","","2014-05-06",913,0.59,2014,5,6,39.18244,-95.95212,10270102,"TKN",10270102,102701,1027,10
"488602",4365610,"KANSAS/LOWER REPUBLICAN RIVER BASIN","SC551","","2014-11-24",906,0.34,2014,11,24,39.18244,-95.95212,10270102,"TKN",10270102,102701,1027,10
"488603",4365711,"KANSAS/LOWER REPUBLICAN RIVER BASIN","SC551","","2015-03-03",953,0.25,2015,3,3,39.18244,-95.95212,10270102,"TKN",10270102,102701,1027,10
"488604",4365810,"KANSAS/LOWER REPUBLICAN RIVER BASIN","SC551","","2015-06-02",912,0.7,2015,6,2,39.18244,-95.95212,10270102,"TKN",10270102,102701,1027,10
"488605",4365911,"KANSAS/LOWER REPUBLICAN RIVER BASIN","SC551","","2015-09-08",932,0.53,2015,9,8,39.18244,-95.95212,10270102,"TKN",10270102,102701,1027,10
"488606",4366011,"KANSAS/LOWER REPUBLICAN RIVER BASIN","SC551","","2015-12-02",1014,1.2,2015,12,2,39.18244,-95.95212,10270102,"TKN",10270102,102701,1027,10
"488607",4366114,"KANSAS/LOWER REPUBLICAN RIVER BASIN","SC551","","2016-01-05",937,0.46,2016,1,5,39.18244,-95.95212,10270102,"TKN",10270102,102701,1027,10
"488608",4366212,"KANSAS/LOWER REPUBLICAN RIVER BASIN","SC551","","2016-04-05",951,0.33,2016,4,5,39.18244,-95.95212,10270102,"TKN",10270102,102701,1027,10
"488609",4366311,"KANSAS/LOWER REPUBLICAN RIVER BASIN","SC551","","2016-07-12",927,0.59,2016,7,12,39.18244,-95.95212,10270102,"TKN",10270102,102701,1027,10
"488610",4366411,"KANSAS/LOWER REPUBLICAN RIVER BASIN","SC551","","2016-10-04",954,0.42,2016,10,4,39.18244,-95.95212,10270102,"TKN",10270102,102701,1027,10
"488611",4366511,"KANSAS/LOWER REPUBLICAN RIVER BASIN","SC551","","2017-02-07",853,0.44,2017,2,7,39.18244,-95.95212,10270102,"TKN",10270102,102701,1027,10
"488612",4366611,"KANSAS/LOWER REPUBLICAN RIVER BASIN","SC551","","2017-05-02",909,1.1,2017,5,2,39.18244,-95.95212,10270102,"TKN",10270102,102701,1027,10
"488613",4366711,"KANSAS/LOWER REPUBLICAN RIVER BASIN","SC551","","2017-08-08",959,0.84,2017,8,8,39.18244,-95.95212,10270102,"TKN",10270102,102701,1027,10
"488614",4366810,"KANSAS/LOWER REPUBLICAN RIVER BASIN","SC551","","2017-11-07",944,0.43,2017,11,7,39.18244,-95.95212,10270102,"TKN",10270102,102701,1027,10
"488615",4366910,"KANSAS/LOWER REPUBLICAN RIVER BASIN","SC551","","2018-03-06",903,0.76,2018,3,6,39.18244,-95.95212,10270102,"TKN",10270102,102701,1027,10
"488616",4367011,"KANSAS/LOWER REPUBLICAN RIVER BASIN","SC551","","2018-06-19",849,0.64,2018,6,19,39.18244,-95.95212,10270102,"TKN",10270102,102701,1027,10
"488617",4367114,"KANSAS/LOWER REPUBLICAN RIVER BASIN","SC551","","2018-09-25",850,0.57,2018,9,25,39.18244,-95.95212,10270102,"TKN",10270102,102701,1027,10
"488618",4367212,"KANSAS/LOWER REPUBLICAN RIVER BASIN","SC551","","2018-12-11",844,0.52,2018,12,11,39.18244,-95.95212,10270102,"TKN",10270102,102701,1027,10
"488619",4367311,"KANSAS/LOWER REPUBLICAN RIVER BASIN","SC551","","2019-01-29",907,0.66,2019,1,29,39.18244,-95.95212,10270102,"TKN",10270102,102701,1027,10
"488620",4367410,"KANSAS/LOWER REPUBLICAN RIVER BASIN","SC551","","2019-04-02",743,0.38,2019,4,2,39.18244,-95.95212,10270102,"TKN",10270102,102701,1027,10
"488621",4367511,"KANSAS/LOWER REPUBLICAN RIVER BASIN","SC551","","2019-07-09",948,0.39,2019,7,9,39.18244,-95.95212,10270102,"TKN",10270102,102701,1027,10
"488622",4367611,"KANSAS/LOWER REPUBLICAN RIVER BASIN","SC551","","2019-10-22",831,0.38,2019,10,22,39.18244,-95.95212,10270102,"TKN",10270102,102701,1027,10
"488623",436779,"KANSAS/LOWER REPUBLICAN RIVER BASIN","SC551","","2020-02-04",916,0.3,2020,2,4,39.18244,-95.95212,10270102,"TKN",10270102,102701,1027,10
"488624",436789,"KANSAS/LOWER REPUBLICAN RIVER BASIN","SC551","","2020-08-04",946,0.57,2020,8,4,39.18244,-95.95212,10270102,"TKN",10270102,102701,1027,10
"488625",4367910,"KANSAS/LOWER REPUBLICAN RIVER BASIN","SC551","","2020-11-23",1236,0.43,2020,11,23,39.18244,-95.95212,10270102,"TKN",10270102,102701,1027,10
"488626",4368010,"KANSAS/LOWER REPUBLICAN RIVER BASIN","SC551","","2021-03-02",657,0.6,2021,3,2,39.18244,-95.95212,10270102,"TKN",10270102,102701,1027,10
"488627",4368114,"KANSAS/LOWER REPUBLICAN RIVER BASIN","SC551","","2021-06-21",731,0.7,2021,6,21,39.18244,-95.95212,10270102,"TKN",10270102,102701,1027,10
"488628",4368211,"KANSAS/LOWER REPUBLICAN RIVER BASIN","SC551","","2021-09-08",656,0.55,2021,9,8,39.18244,-95.95212,10270102,"TKN",10270102,102701,1027,10
"488629",4368310,"KANSAS/LOWER REPUBLICAN RIVER BASIN","SC551","","2021-12-07",703,0.73,2021,12,7,39.18244,-95.95212,10270102,"TKN",10270102,102701,1027,10
"488630",4368410,"KANSAS/LOWER REPUBLICAN RIVER BASIN","SC551","","2022-01-31",719,0.38,2022,1,31,39.18244,-95.95212,10270102,"TKN",10270102,102701,1027,10
"488631",436859,"KANSAS/LOWER REPUBLICAN RIVER BASIN","SC551","","2022-04-18",639,0.62,2022,4,18,39.18244,-95.95212,10270102,"TKN",10270102,102701,1027,10
"488632",4368610,"KANSAS/LOWER REPUBLICAN RIVER BASIN","SC551","","2022-07-25",839,0.43,2022,7,25,39.18244,-95.95212,10270102,"TKN",10270102,102701,1027,10
"488633",4368710,"KANSAS/LOWER REPUBLICAN RIVER BASIN","SC551","","2023-02-06",843,0.26,2023,2,6,39.18244,-95.95212,10270102,"TKN",10270102,102701,1027,10
"488634",436889,"KANSAS/LOWER REPUBLICAN RIVER BASIN","SC551","","2023-05-01",727,0.36,2023,5,1,39.18244,-95.95212,10270102,"TKN",10270102,102701,1027,10
"488635",4368910,"KANSAS/LOWER REPUBLICAN RIVER BASIN","SC551","","2023-08-07",815,0.36,2023,8,7,39.18244,-95.95212,10270102,"TKN",10270102,102701,1027,10
"488636",4369010,"KANSAS/LOWER REPUBLICAN RIVER BASIN","SC551","","2023-08-07",820,0.34,2023,8,7,39.18244,-95.95212,10270102,"TKN",10270102,102701,1027,10
"488637",4369114,"KANSAS/LOWER REPUBLICAN RIVER BASIN","SC551","","2023-11-27",816,0.85,2023,11,27,39.18244,-95.95212,10270102,"TKN",10270102,102701,1027,10
"488638",4369212,"KANSAS/LOWER REPUBLICAN RIVER BASIN","SC551","","2024-03-04",737,0.1,2024,3,4,39.18244,-95.95212,10270102,"TKN",10270102,102701,1027,10
"488639",4369310,"KANSAS/LOWER REPUBLICAN RIVER BASIN","SC551","","2024-03-04",742,0.1,2024,3,4,39.18244,-95.95212,10270102,"TKN",10270102,102701,1027,10
"488640",4369410,"KANSAS/LOWER REPUBLICAN RIVER BASIN","SC551","","2024-06-24",1006,0.36,2024,6,24,39.18244,-95.95212,10270102,"TKN",10270102,102701,1027,10
"488641",4369510,"KANSAS/LOWER REPUBLICAN RIVER BASIN","SC551","","2024-09-09",730,0.47,2024,9,9,39.18244,-95.95212,10270102,"TKN",10270102,102701,1027,10
"488642",436969,"KANSAS/LOWER REPUBLICAN RIVER BASIN","SC551","","2024-12-02",758,0.38,2024,12,2,39.18244,-95.95212,10270102,"TKN",10270102,102701,1027,10
"488726",4393612,"KANSAS/LOWER REPUBLICAN RIVER BASIN","SC554","1/2 MI. W. OF HALFMOUND ON CO. RD. BR.","2000-01-26",1315,0.172,2000,1,26,39.40482,-95.5021,10270103,"TKN",10270103,102701,1027,10
"488727",4393711,"KANSAS/LOWER REPUBLICAN RIVER BASIN","SC554","1/2 MI. W. OF HALFMOUND ON CO. RD. BR.","2000-03-29",1230,0.73,2000,3,29,39.40482,-95.5021,10270103,"TKN",10270103,102701,1027,10
"488728",4393812,"KANSAS/LOWER REPUBLICAN RIVER BASIN","SC554","1/2 MI. W. OF HALFMOUND ON CO. RD. BR.","2000-05-24",1305,0.87,2000,5,24,39.40482,-95.5021,10270103,"TKN",10270103,102701,1027,10
"488729",4393911,"KANSAS/LOWER REPUBLICAN RIVER BASIN","SC554","1/2 MI. W. OF HALFMOUND ON CO. RD. BR.","2000-07-26",1410,0.52,2000,7,26,39.40482,-95.5021,10270103,"TKN",10270103,102701,1027,10
"488730",4394012,"KANSAS/LOWER REPUBLICAN RIVER BASIN","SC554","1/2 MI. W. OF HALFMOUND ON CO. RD. BR.","2000-09-27",1345,0.86,2000,9,27,39.40482,-95.5021,10270103,"TKN",10270103,102701,1027,10
"488731",4394114,"KANSAS/LOWER REPUBLICAN RIVER BASIN","SC554","1/2 MI. W. OF HALFMOUND ON CO. RD. BR.","2000-11-20",1255,0.764,2000,11,20,39.40482,-95.5021,10270103,"TKN",10270103,102701,1027,10
"488732",4394212,"KANSAS/LOWER REPUBLICAN RIVER BASIN","SC554","1/2 MI. W. OF HALFMOUND ON CO. RD. BR.","2001-04-25",1550,0.138,2001,4,25,39.40482,-95.5021,10270103,"TKN",10270103,102701,1027,10
"488733",4394312,"KANSAS/LOWER REPUBLICAN RIVER BASIN","SC554","1/2 MI. W. OF HALFMOUND ON CO. RD. BR.","2001-06-27",1650,0.447,2001,6,27,39.40482,-95.5021,10270103,"TKN",10270103,102701,1027,10
"488734",4394411,"KANSAS/LOWER REPUBLICAN RIVER BASIN","SC554","1/2 MI. W. OF HALFMOUND ON CO. RD. BR.","2001-08-29",1540,0.821,2001,8,29,39.40482,-95.5021,10270103,"TKN",10270103,102701,1027,10
"488735",4394512,"KANSAS/LOWER REPUBLICAN RIVER BASIN","SC554","1/2 MI. W. OF HALFMOUND ON CO. RD. BR.","2001-10-24",1505,0.645,2001,10,24,39.40482,-95.5021,10270103,"TKN",10270103,102701,1027,10
"488736",4394611,"KANSAS/LOWER REPUBLICAN RIVER BASIN","SC554","1/2 MI. W. OF HALFMOUND ON CO. RD. BR.","2001-12-26",1615,0.847,2001,12,26,39.40482,-95.5021,10270103,"TKN",10270103,102701,1027,10
"488737",4394712,"KANSAS/LOWER REPUBLICAN RIVER BASIN","SC554","1/2 MI. W. OF HALFMOUND ON CO. RD. BR.","2002-03-27",1345,0.609,2002,3,27,39.40482,-95.5021,10270103,"TKN",10270103,102701,1027,10
"488738",4394811,"KANSAS/LOWER REPUBLICAN RIVER BASIN","SC554","1/2 MI. W. OF HALFMOUND ON CO. RD. BR.","2002-05-29",1320,1.519,2002,5,29,39.40482,-95.5021,10270103,"TKN",10270103,102701,1027,10
"488739",4394912,"KANSAS/LOWER REPUBLICAN RIVER BASIN","SC554","","2002-07-30",1449,0.659,2002,7,30,39.40482,-95.5021,10270103,"TKN",10270103,102701,1027,10
"488740",4395012,"KANSAS/LOWER REPUBLICAN RIVER BASIN","SC554","","2002-07-30",1454,1.003,2002,7,30,39.40482,-95.5021,10270103,"TKN",10270103,102701,1027,10
"488741",4395114,"KANSAS/LOWER REPUBLICAN RIVER BASIN","SC554","","2002-09-25",1411,0.14,2002,9,25,39.40482,-95.5021,10270103,"TKN",10270103,102701,1027,10
"488742",4395212,"KANSAS/LOWER REPUBLICAN RIVER BASIN","SC554","","2002-11-25",1346,0.154,2002,11,25,39.40482,-95.5021,10270103,"TKN",10270103,102701,1027,10
"488743",4395311,"KANSAS/LOWER REPUBLICAN RIVER BASIN","SC554","","2003-02-26",1647,0.221,2003,2,26,39.40482,-95.5021,10270103,"TKN",10270103,102701,1027,10
"488744",4395412,"KANSAS/LOWER REPUBLICAN RIVER BASIN","SC554","","2003-04-23",938,1.527,2003,4,23,39.40482,-95.5021,10270103,"TKN",10270103,102701,1027,10
"488745",4395511,"KANSAS/LOWER REPUBLICAN RIVER BASIN","SC554","","2003-06-25",847,0.95,2003,6,25,39.40482,-95.5021,10270103,"TKN",10270103,102701,1027,10
"488746",4395611,"KANSAS/LOWER REPUBLICAN RIVER BASIN","SC554","","2003-08-27",941,0.883,2003,8,27,39.40482,-95.5021,10270103,"TKN",10270103,102701,1027,10
"488747",4395711,"KANSAS/LOWER REPUBLICAN RIVER BASIN","SC554","","2003-08-27",946,0.883,2003,8,27,39.40482,-95.5021,10270103,"TKN",10270103,102701,1027,10
"488748",4395811,"KANSAS/LOWER REPUBLICAN RIVER BASIN","SC554","","2003-10-29",911,0.107,2003,10,29,39.40482,-95.5021,10270103,"TKN",10270103,102701,1027,10
"488749",4395911,"KANSAS/LOWER REPUBLICAN RIVER BASIN","SC554","","2003-12-22",944,0.243,2003,12,22,39.40482,-95.5021,10270103,"TKN",10270103,102701,1027,10
"488750",4396011,"KANSAS/LOWER REPUBLICAN RIVER BASIN","SC554","","2003-12-22",949,0.32,2003,12,22,39.40482,-95.5021,10270103,"TKN",10270103,102701,1027,10
"488751",4396114,"KANSAS/LOWER REPUBLICAN RIVER BASIN","SC554","","2004-01-21",1435,0.473,2004,1,21,39.40482,-95.5021,10270103,"TKN",10270103,102701,1027,10
"488752",4396212,"KANSAS/LOWER REPUBLICAN RIVER BASIN","SC554","","2004-03-24",1415,0.615,2004,3,24,39.40482,-95.5021,10270103,"TKN",10270103,102701,1027,10
"488753",4396310,"KANSAS/LOWER REPUBLICAN RIVER BASIN","SC554","","2004-05-26",832,0.847,2004,5,26,39.40482,-95.5021,10270103,"TKN",10270103,102701,1027,10
"488754",4396411,"KANSAS/LOWER REPUBLICAN RIVER BASIN","SC554","","2004-07-28",849,0.567,2004,7,28,39.40482,-95.5021,10270103,"TKN",10270103,102701,1027,10
"488755",4396510,"KANSAS/LOWER REPUBLICAN RIVER BASIN","SC554","","2004-09-29",945,0.29,2004,9,29,39.40482,-95.5021,10270103,"TKN",10270103,102701,1027,10
"488756",4396611,"KANSAS/LOWER REPUBLICAN RIVER BASIN","SC554","","2004-11-22",916,0.347,2004,11,22,39.40482,-95.5021,10270103,"TKN",10270103,102701,1027,10
"488757",4396711,"KANSAS/LOWER REPUBLICAN RIVER BASIN","SC554","","2004-11-22",921,0.244,2004,11,22,39.40482,-95.5021,10270103,"TKN",10270103,102701,1027,10
"488758",4396811,"KANSAS/LOWER REPUBLICAN RIVER BASIN","SC554","","2005-02-23",854,0.654,2005,2,23,39.40482,-95.5021,10270103,"TKN",10270103,102701,1027,10
"488759",4396910,"KANSAS/LOWER REPUBLICAN RIVER BASIN","SC554","","2005-04-27",808,0.182,2005,4,27,39.40482,-95.5021,10270103,"TKN",10270103,102701,1027,10
"488760",4397011,"KANSAS/LOWER REPUBLICAN RIVER BASIN","SC554","","2005-06-22",833,1.137,2005,6,22,39.40482,-95.5021,10270103,"TKN",10270103,102701,1027,10
"488761",4397114,"KANSAS/LOWER REPUBLICAN RIVER BASIN","SC554","","2005-08-24",831,0.816,2005,8,24,39.40482,-95.5021,10270103,"TKN",10270103,102701,1027,10
"488762",4397212,"KANSAS/LOWER REPUBLICAN RIVER BASIN","SC554","","2005-10-26",816,0.646,2005,10,26,39.40482,-95.5021,10270103,"TKN",10270103,102701,1027,10
"488763",4397310,"KANSAS/LOWER REPUBLICAN RIVER BASIN","SC554","","2005-12-28",824,0.405,2005,12,28,39.40482,-95.5021,10270103,"TKN",10270103,102701,1027,10
"488764",4397411,"KANSAS/LOWER REPUBLICAN RIVER BASIN","SC554","","2006-01-18",755,0.213,2006,1,18,39.40482,-95.5021,10270103,"TKN",10270103,102701,1027,10
"488765",4397510,"KANSAS/LOWER REPUBLICAN RIVER BASIN","SC554","","2006-03-29",914,0.852,2006,3,29,39.40482,-95.5021,10270103,"TKN",10270103,102701,1027,10
"488766",4397611,"KANSAS/LOWER REPUBLICAN RIVER BASIN","SC554","","2006-05-24",802,0.293,2006,5,24,39.40482,-95.5021,10270103,"TKN",10270103,102701,1027,10
"488767",4397710,"KANSAS/LOWER REPUBLICAN RIVER BASIN","SC554","","2006-07-25",836,0.57,2006,7,25,39.40482,-95.5021,10270103,"TKN",10270103,102701,1027,10
"488768",4397811,"KANSAS/LOWER REPUBLICAN RIVER BASIN","SC554","","2006-09-27",818,0.486,2006,9,27,39.40482,-95.5021,10270103,"TKN",10270103,102701,1027,10
"488769",4397911,"KANSAS/LOWER REPUBLICAN RIVER BASIN","SC554","","2006-09-27",823,0.324,2006,9,27,39.40482,-95.5021,10270103,"TKN",10270103,102701,1027,10
"488770",4398010,"KANSAS/LOWER REPUBLICAN RIVER BASIN","SC554","","2006-11-20",811,0.181,2006,11,20,39.40482,-95.5021,10270103,"TKN",10270103,102701,1027,10
"488771",4398114,"KANSAS/LOWER REPUBLICAN RIVER BASIN","SC554","","2007-02-27",851,2.39,2007,2,27,39.40482,-95.5021,10270103,"TKN",10270103,102701,1027,10
"488772",4398211,"KANSAS/LOWER REPUBLICAN RIVER BASIN","SC554","","2007-04-25",824,0.859,2007,4,25,39.40482,-95.5021,10270103,"TKN",10270103,102701,1027,10
"488773",4398311,"KANSAS/LOWER REPUBLICAN RIVER BASIN","SC554","","2007-06-27",831,0.83,2007,6,27,39.40482,-95.5021,10270103,"TKN",10270103,102701,1027,10
"488774",4398410,"KANSAS/LOWER REPUBLICAN RIVER BASIN","SC554","","2007-08-29",841,0.734,2007,8,29,39.40482,-95.5021,10270103,"TKN",10270103,102701,1027,10
"488775",4398511,"KANSAS/LOWER REPUBLICAN RIVER BASIN","SC554","","2007-10-24",853,0.758,2007,10,24,39.40482,-95.5021,10270103,"TKN",10270103,102701,1027,10
"488776",4398611,"KANSAS/LOWER REPUBLICAN RIVER BASIN","SC554","","2007-10-24",858,0.745,2007,10,24,39.40482,-95.5021,10270103,"TKN",10270103,102701,1027,10
"488777",4398710,"KANSAS/LOWER REPUBLICAN RIVER BASIN","SC554","","2007-12-26",842,0.813,2007,12,26,39.40482,-95.5021,10270103,"TKN",10270103,102701,1027,10
"488778",4398911,"KANSAS/LOWER REPUBLICAN RIVER BASIN","SC554","","2008-03-26",812,0.577,2008,3,26,39.40482,-95.5021,10270103,"TKN",10270103,102701,1027,10
"488779",4399010,"KANSAS/LOWER REPUBLICAN RIVER BASIN","SC554","","2008-05-28",842,1.453,2008,5,28,39.40482,-95.5021,10270103,"TKN",10270103,102701,1027,10
"488780",4399114,"KANSAS/LOWER REPUBLICAN RIVER BASIN","SC554","","2008-07-30",829,1.893,2008,7,30,39.40482,-95.5021,10270103,"TKN",10270103,102701,1027,10
"488781",4399211,"KANSAS/LOWER REPUBLICAN RIVER BASIN","SC554","","2008-09-24",817,1.22,2008,9,24,39.40482,-95.5021,10270103,"TKN",10270103,102701,1027,10
"488782",4399311,"KANSAS/LOWER REPUBLICAN RIVER BASIN","SC554","","2008-11-24",810,0.362,2008,11,24,39.40482,-95.5021,10270103,"TKN",10270103,102701,1027,10
"488783",4399411,"KANSAS/LOWER REPUBLICAN RIVER BASIN","SC554","","2009-02-24",822,0.296,2009,2,24,39.40482,-95.5021,10270103,"TKN",10270103,102701,1027,10
"488784",4399511,"KANSAS/LOWER REPUBLICAN RIVER BASIN","SC554","","2009-02-24",827,0.352,2009,2,24,39.40482,-95.5021,10270103,"TKN",10270103,102701,1027,10
"488785",4399610,"KANSAS/LOWER REPUBLICAN RIVER BASIN","SC554","","2009-04-28",818,3.487,2009,4,28,39.40482,-95.5021,10270103,"TKN",10270103,102701,1027,10
"488786",4399711,"KANSAS/LOWER REPUBLICAN RIVER BASIN","SC554","","2009-06-24",855,0.728,2009,6,24,39.40482,-95.5021,10270103,"TKN",10270103,102701,1027,10
"488787",4399911,"KANSAS/LOWER REPUBLICAN RIVER BASIN","SC554","","2009-10-28",820,0.61,2009,10,28,39.40482,-95.5021,10270103,"TKN",10270103,102701,1027,10
"488788",4400011,"KANSAS/LOWER REPUBLICAN RIVER BASIN","SC554","","2009-10-28",825,0.522,2009,10,28,39.40482,-95.5021,10270103,"TKN",10270103,102701,1027,10
"488789",4400114,"KANSAS/LOWER REPUBLICAN RIVER BASIN","SC554","","2009-12-21",839,0.456,2009,12,21,39.40482,-95.5021,10270103,"TKN",10270103,102701,1027,10
"488790",4400212,"KANSAS/LOWER REPUBLICAN RIVER BASIN","SC554","","2010-02-09",826,0.487,2010,2,9,39.40482,-95.5021,10270103,"TKN",10270103,102701,1027,10
"488791",4400310,"KANSAS/LOWER REPUBLICAN RIVER BASIN","SC554","","2010-05-10",825,0.438,2010,5,10,39.40482,-95.5021,10270103,"TKN",10270103,102701,1027,10
"488792",4400411,"KANSAS/LOWER REPUBLICAN RIVER BASIN","SC554","","2010-08-10",818,0.672,2010,8,10,39.40482,-95.5021,10270103,"TKN",10270103,102701,1027,10
"488793",4400511,"KANSAS/LOWER REPUBLICAN RIVER BASIN","SC554","","2010-08-10",823,0.629,2010,8,10,39.40482,-95.5021,10270103,"TKN",10270103,102701,1027,10
"488794",4400610,"KANSAS/LOWER REPUBLICAN RIVER BASIN","SC554","","2010-11-08",910,0.338,2010,11,8,39.40482,-95.5021,10270103,"TKN",10270103,102701,1027,10
"488795",4400711,"KANSAS/LOWER REPUBLICAN RIVER BASIN","SC554","","2011-03-15",1646,0.57,2011,3,15,39.40482,-95.5021,10270103,"TKN",10270103,102701,1027,10
"488796",4400810,"KANSAS/LOWER REPUBLICAN RIVER BASIN","SC554","","2011-06-13",1529,0.661,2011,6,13,39.40482,-95.5021,10270103,"TKN",10270103,102701,1027,10
"488797",4400911,"KANSAS/LOWER REPUBLICAN RIVER BASIN","SC554","","2011-09-06",1608,0.435,2011,9,6,39.40482,-95.5021,10270103,"TKN",10270103,102701,1027,10
"488798",4401011,"KANSAS/LOWER REPUBLICAN RIVER BASIN","SC554","","2011-09-06",1613,0.604,2011,9,6,39.40482,-95.5021,10270103,"TKN",10270103,102701,1027,10
"488799",4401114,"KANSAS/LOWER REPUBLICAN RIVER BASIN","SC554","","2011-12-19",1539,0.958,2011,12,19,39.40482,-95.5021,10270103,"TKN",10270103,102701,1027,10
"488800",4401211,"KANSAS/LOWER REPUBLICAN RIVER BASIN","SC554","","2012-01-17",815,0.413,2012,1,17,39.40482,-95.5021,10270103,"TKN",10270103,102701,1027,10
"488801",4401311,"KANSAS/LOWER REPUBLICAN RIVER BASIN","SC554","","2012-04-02",817,0.529,2012,4,2,39.40482,-95.5021,10270103,"TKN",10270103,102701,1027,10
"488802",4401411,"KANSAS/LOWER REPUBLICAN RIVER BASIN","SC554","","2012-04-02",822,0.543,2012,4,2,39.40482,-95.5021,10270103,"TKN",10270103,102701,1027,10
"488803",4401510,"KANSAS/LOWER REPUBLICAN RIVER BASIN","SC554","","2012-07-16",810,0.462,2012,7,16,39.40482,-95.5021,10270103,"TKN",10270103,102701,1027,10
"488804",4401611,"KANSAS/LOWER REPUBLICAN RIVER BASIN","SC554","","2012-10-01",845,0.222,2012,10,1,39.40482,-95.5021,10270103,"TKN",10270103,102701,1027,10
"488805",4401711,"KANSAS/LOWER REPUBLICAN RIVER BASIN","SC554","","2012-10-01",850,0.246,2012,10,1,39.40482,-95.5021,10270103,"TKN",10270103,102701,1027,10
"488806",4401810,"KANSAS/LOWER REPUBLICAN RIVER BASIN","SC554","","2013-02-04",834,0.267,2013,2,4,39.40482,-95.5021,10270103,"TKN",10270103,102701,1027,10
"488807",4401911,"KANSAS/LOWER REPUBLICAN RIVER BASIN","SC554","","2013-05-06",843,1.128,2013,5,6,39.40482,-95.5021,10270103,"TKN",10270103,102701,1027,10
"488808",4402011,"KANSAS/LOWER REPUBLICAN RIVER BASIN","SC554","","2013-08-05",845,2.996,2013,8,5,39.40482,-95.5021,10270103,"TKN",10270103,102701,1027,10
"488809",4402114,"KANSAS/LOWER REPUBLICAN RIVER BASIN","SC554","","2013-08-05",850,2.377,2013,8,5,39.40482,-95.5021,10270103,"TKN",10270103,102701,1027,10
"488810",4402212,"KANSAS/LOWER REPUBLICAN RIVER BASIN","SC554","","2013-11-12",849,0.646,2013,11,12,39.40482,-95.5021,10270103,"TKN",10270103,102701,1027,10
"488811",4402310,"KANSAS/LOWER REPUBLICAN RIVER BASIN","SC554","","2014-03-24",1744,0.46,2014,3,24,39.40482,-95.5021,10270103,"TKN",10270103,102701,1027,10
"488812",4402411,"KANSAS/LOWER REPUBLICAN RIVER BASIN","SC554","","2014-06-02",832,2.4,2014,6,2,39.40482,-95.5021,10270103,"TKN",10270103,102701,1027,10
"488813",4402511,"KANSAS/LOWER REPUBLICAN RIVER BASIN","SC554","","2014-06-02",837,2.4,2014,6,2,39.40482,-95.5021,10270103,"TKN",10270103,102701,1027,10
"488814",4402611,"KANSAS/LOWER REPUBLICAN RIVER BASIN","SC554","","2014-09-08",831,0.52,2014,9,8,39.40482,-95.5021,10270103,"TKN",10270103,102701,1027,10
"488815",4402711,"KANSAS/LOWER REPUBLICAN RIVER BASIN","SC554","","2014-12-01",1428,0.35,2014,12,1,39.40482,-95.5021,10270103,"TKN",10270103,102701,1027,10
"488816",4402811,"KANSAS/LOWER REPUBLICAN RIVER BASIN","SC554","","2015-01-05",1453,0.46,2015,1,5,39.40482,-95.5021,10270103,"TKN",10270103,102701,1027,10
"488817",4402910,"KANSAS/LOWER REPUBLICAN RIVER BASIN","SC554","","2015-04-20",1720,0.72,2015,4,20,39.40482,-95.5021,10270103,"TKN",10270103,102701,1027,10
"488818",4403011,"KANSAS/LOWER REPUBLICAN RIVER BASIN","SC554","","2015-07-13",1707,0.61,2015,7,13,39.40482,-95.5021,10270103,"TKN",10270103,102701,1027,10
"488819",4403114,"KANSAS/LOWER REPUBLICAN RIVER BASIN","SC554","","2015-10-12",1714,0.51,2015,10,12,39.40482,-95.5021,10270103,"TKN",10270103,102701,1027,10
"488820",4403212,"KANSAS/LOWER REPUBLICAN RIVER BASIN","SC554","","2016-02-08",846,0.67,2016,2,8,39.40482,-95.5021,10270103,"TKN",10270103,102701,1027,10
"488821",4403311,"KANSAS/LOWER REPUBLICAN RIVER BASIN","SC554","","2016-05-09",838,0.71,2016,5,9,39.40482,-95.5021,10270103,"TKN",10270103,102701,1027,10
"488822",4403410,"KANSAS/LOWER REPUBLICAN RIVER BASIN","SC554","","2016-08-08",917,0.62,2016,8,8,39.40482,-95.5021,10270103,"TKN",10270103,102701,1027,10
"488823",4403511,"KANSAS/LOWER REPUBLICAN RIVER BASIN","SC554","","2016-11-01",833,0.33,2016,11,1,39.40482,-95.5021,10270103,"TKN",10270103,102701,1027,10
"488824",4403610,"KANSAS/LOWER REPUBLICAN RIVER BASIN","SC554","","2017-03-27",826,1.6,2017,3,27,39.40482,-95.5021,10270103,"TKN",10270103,102701,1027,10
"488825",4403711,"KANSAS/LOWER REPUBLICAN RIVER BASIN","SC554","","2017-06-05",814,0.65,2017,6,5,39.40482,-95.5021,10270103,"TKN",10270103,102701,1027,10
"488826",4403811,"KANSAS/LOWER REPUBLICAN RIVER BASIN","SC554","","2017-09-25",830,0.45,2017,9,25,39.40482,-95.5021,10270103,"TKN",10270103,102701,1027,10
"488827",4403910,"KANSAS/LOWER REPUBLICAN RIVER BASIN","SC554","","2017-12-27",839,0.25,2017,12,27,39.40482,-95.5021,10270103,"TKN",10270103,102701,1027,10
"488828",4404010,"KANSAS/LOWER REPUBLICAN RIVER BASIN","SC554","","2018-01-24",1503,0.51,2018,1,24,39.40482,-95.5021,10270103,"TKN",10270103,102701,1027,10
"488829",4404114,"KANSAS/LOWER REPUBLICAN RIVER BASIN","SC554","","2018-04-16",1445,0.36,2018,4,16,39.40482,-95.5021,10270103,"TKN",10270103,102701,1027,10
"488830",4404212,"KANSAS/LOWER REPUBLICAN RIVER BASIN","SC554","","2018-07-16",1503,0.83,2018,7,16,39.40482,-95.5021,10270103,"TKN",10270103,102701,1027,10
"488831",4404311,"KANSAS/LOWER REPUBLICAN RIVER BASIN","SC554","","2018-10-22",1426,0.59,2018,10,22,39.40482,-95.5021,10270103,"TKN",10270103,102701,1027,10
"488832",4404411,"KANSAS/LOWER REPUBLICAN RIVER BASIN","SC554","","2019-02-04",1450,2.4,2019,2,4,39.40482,-95.5021,10270103,"TKN",10270103,102701,1027,10
"488833",4404510,"KANSAS/LOWER REPUBLICAN RIVER BASIN","SC554","","2019-05-13",1429,0.7,2019,5,13,39.40482,-95.5021,10270103,"TKN",10270103,102701,1027,10
"488834",4404611,"KANSAS/LOWER REPUBLICAN RIVER BASIN","SC554","","2019-08-12",1514,0.39,2019,8,12,39.40482,-95.5021,10270103,"TKN",10270103,102701,1027,10
"488835",4404711,"KANSAS/LOWER REPUBLICAN RIVER BASIN","SC554","","2019-08-12",1519,0.3,2019,8,12,39.40482,-95.5021,10270103,"TKN",10270103,102701,1027,10
"488836",4404810,"KANSAS/LOWER REPUBLICAN RIVER BASIN","SC554","","2019-11-12",1344,0.53,2019,11,12,39.40482,-95.5021,10270103,"TKN",10270103,102701,1027,10
"488837",4404910,"KANSAS/LOWER REPUBLICAN RIVER BASIN","SC554","","2020-03-09",824,0.1,2020,3,9,39.40482,-95.5021,10270103,"TKN",10270103,102701,1027,10
"488838",440509,"KANSAS/LOWER REPUBLICAN RIVER BASIN","SC554","","2020-09-08",1029,0.34,2020,9,8,39.40482,-95.5021,10270103,"TKN",10270103,102701,1027,10
"488839",4405114,"KANSAS/LOWER REPUBLICAN RIVER BASIN","SC554","","2020-12-01",600,0.66,2020,12,1,39.40482,-95.5021,10270103,"TKN",10270103,102701,1027,10
"488840",4405211,"KANSAS/LOWER REPUBLICAN RIVER BASIN","SC554","","2021-01-26",613,0.35,2021,1,26,39.40482,-95.5021,10270103,"TKN",10270103,102701,1027,10
"488841",440539,"KANSAS/LOWER REPUBLICAN RIVER BASIN","SC554","","2021-04-12",601,0.72,2021,4,12,39.40482,-95.5021,10270103,"TKN",10270103,102701,1027,10
"488842",440549,"KANSAS/LOWER REPUBLICAN RIVER BASIN","SC554","","2021-07-06",633,0.42,2021,7,6,39.40482,-95.5021,10270103,"TKN",10270103,102701,1027,10
"488843",4405510,"KANSAS/LOWER REPUBLICAN RIVER BASIN","SC554","","2021-10-11",618,0.47,2021,10,11,39.40482,-95.5021,10270103,"TKN",10270103,102701,1027,10
"488844",440569,"KANSAS/LOWER REPUBLICAN RIVER BASIN","SC554","","2022-02-14",605,0.36,2022,2,14,39.40482,-95.5021,10270103,"TKN",10270103,102701,1027,10
"488845",4405710,"KANSAS/LOWER REPUBLICAN RIVER BASIN","SC554","","2022-05-23",649,0.54,2022,5,23,39.40482,-95.5021,10270103,"TKN",10270103,102701,1027,10
"488846",4405810,"KANSAS/LOWER REPUBLICAN RIVER BASIN","SC554","","2022-05-23",654,0.5,2022,5,23,39.40482,-95.5021,10270103,"TKN",10270103,102701,1027,10
"488847",4405910,"KANSAS/LOWER REPUBLICAN RIVER BASIN","SC554","","2022-08-22",606,0.25,2022,8,22,39.40482,-95.5021,10270103,"TKN",10270103,102701,1027,10
"488848",4406010,"KANSAS/LOWER REPUBLICAN RIVER BASIN","SC554","","2022-08-22",611,0.21,2022,8,22,39.40482,-95.5021,10270103,"TKN",10270103,102701,1027,10
"488849",4406114,"KANSAS/LOWER REPUBLICAN RIVER BASIN","SC554","","2022-10-31",621,0.53,2022,10,31,39.40482,-95.5021,10270103,"TKN",10270103,102701,1027,10
"488850",4406211,"KANSAS/LOWER REPUBLICAN RIVER BASIN","SC554","","2023-03-20",732,0.1,2023,3,20,39.40482,-95.5021,10270103,"TKN",10270103,102701,1027,10
"488851",4406310,"KANSAS/LOWER REPUBLICAN RIVER BASIN","SC554","","2023-03-20",737,0.1,2023,3,20,39.40482,-95.5021,10270103,"TKN",10270103,102701,1027,10
"488852",4406410,"KANSAS/LOWER REPUBLICAN RIVER BASIN","SC554","","2023-06-19",705,0.1,2023,6,19,39.40482,-95.5021,10270103,"TKN",10270103,102701,1027,10
"488853",4406510,"KANSAS/LOWER REPUBLICAN RIVER BASIN","SC554","","2023-06-19",710,0.79,2023,6,19,39.40482,-95.5021,10270103,"TKN",10270103,102701,1027,10
"488854",4406610,"KANSAS/LOWER REPUBLICAN RIVER BASIN","SC554","","2023-09-05",724,0.1,2023,9,5,39.40482,-95.5021,10270103,"TKN",10270103,102701,1027,10
"488855",440679,"KANSAS/LOWER REPUBLICAN RIVER BASIN","SC554","","2023-12-18",741,0.1,2023,12,18,39.40482,-95.5021,10270103,"TKN",10270103,102701,1027,10
"488856",4406810,"KANSAS/LOWER REPUBLICAN RIVER BASIN","SC554","","2024-01-17",655,0.65,2024,1,17,39.40482,-95.5021,10270103,"TKN",10270103,102701,1027,10
"488857",4406910,"KANSAS/LOWER REPUBLICAN RIVER BASIN","SC554","","2024-01-17",723,0.56,2024,1,17,39.40482,-95.5021,10270103,"TKN",10270103,102701,1027,10
"488858",440709,"KANSAS/LOWER REPUBLICAN RIVER BASIN","SC554","","2024-04-15",619,0.28,2024,4,15,39.40482,-95.5021,10270103,"TKN",10270103,102701,1027,10
"488859",4407113,"KANSAS/LOWER REPUBLICAN RIVER BASIN","SC554","","2024-07-15",647,0.3,2024,7,15,39.40482,-95.5021,10270103,"TKN",10270103,102701,1027,10
"488860",4407211,"KANSAS/LOWER REPUBLICAN RIVER BASIN","SC554","","2024-10-14",650,0.36,2024,10,14,39.40482,-95.5021,10270103,"TKN",10270103,102701,1027,10
"492999",5089612,"KANSAS/LOWER REPUBLICAN RIVER BASIN","SC602","","2003-02-26",1522,0.25,2003,2,26,39.27971,-95.10509,10270104,"TKN",10270104,102701,1027,10
"493000",5089711,"KANSAS/LOWER REPUBLICAN RIVER BASIN","SC602","","2003-04-23",1117,0.958,2003,4,23,39.27971,-95.10509,10270104,"TKN",10270104,102701,1027,10
"493001",5089812,"KANSAS/LOWER REPUBLICAN RIVER BASIN","SC602","","2003-06-25",1020,2.145,2003,6,25,39.27971,-95.10509,10270104,"TKN",10270104,102701,1027,10
"493002",5089912,"KANSAS/LOWER REPUBLICAN RIVER BASIN","SC602","","2003-06-25",1025,8.361,2003,6,25,39.27971,-95.10509,10270104,"TKN",10270104,102701,1027,10
"493003",5090114,"KANSAS/LOWER REPUBLICAN RIVER BASIN","SC602","","2003-10-29",1113,0.883,2003,10,29,39.27971,-95.10509,10270104,"TKN",10270104,102701,1027,10
"493004",5090212,"KANSAS/LOWER REPUBLICAN RIVER BASIN","SC602","","2003-12-22",1121,0.357,2003,12,22,39.27971,-95.10509,10270104,"TKN",10270104,102701,1027,10
"493005",5090311,"KANSAS/LOWER REPUBLICAN RIVER BASIN","SC602","","2007-02-27",1029,1.983,2007,2,27,39.27971,-95.10509,10270104,"TKN",10270104,102701,1027,10
"493006",5090411,"KANSAS/LOWER REPUBLICAN RIVER BASIN","SC602","","2007-02-27",1034,1.589,2007,2,27,39.27971,-95.10509,10270104,"TKN",10270104,102701,1027,10
"493007",5090510,"KANSAS/LOWER REPUBLICAN RIVER BASIN","SC602","","2007-04-25",939,0.665,2007,4,25,39.27971,-95.10509,10270104,"TKN",10270104,102701,1027,10
"493008",5090611,"KANSAS/LOWER REPUBLICAN RIVER BASIN","SC602","","2007-06-27",951,1.01,2007,6,27,39.27971,-95.10509,10270104,"TKN",10270104,102701,1027,10
"493009",5090711,"KANSAS/LOWER REPUBLICAN RIVER BASIN","SC602","","2007-06-27",956,0.489,2007,6,27,39.27971,-95.10509,10270104,"TKN",10270104,102701,1027,10
"493010",5090810,"KANSAS/LOWER REPUBLICAN RIVER BASIN","SC602","","2007-08-29",1006,1.121,2007,8,29,39.27971,-95.10509,10270104,"TKN",10270104,102701,1027,10
"493011",5090911,"KANSAS/LOWER REPUBLICAN RIVER BASIN","SC602","","2007-10-24",1026,1.621,2007,10,24,39.27971,-95.10509,10270104,"TKN",10270104,102701,1027,10
"493012",5091014,"KANSAS/LOWER REPUBLICAN RIVER BASIN","SC602","","2007-12-26",1000,0.826,2007,12,26,39.27971,-95.10509,10270104,"TKN",10270104,102701,1027,10
"493013",5091114,"KANSAS/LOWER REPUBLICAN RIVER BASIN","SC602","","2011-03-15",846,0.36,2011,3,15,39.27971,-95.10509,10270104,"TKN",10270104,102701,1027,10
"493014",5091213,"KANSAS/LOWER REPUBLICAN RIVER BASIN","SC602","","2011-03-15",851,0.393,2011,3,15,39.27971,-95.10509,10270104,"TKN",10270104,102701,1027,10
"493015",5091312,"KANSAS/LOWER REPUBLICAN RIVER BASIN","SC602","","2011-06-13",823,0.766,2011,6,13,39.27971,-95.10509,10270104,"TKN",10270104,102701,1027,10
"493016",5091411,"KANSAS/LOWER REPUBLICAN RIVER BASIN","SC602","","2011-09-06",825,0.992,2011,9,6,39.27971,-95.10509,10270104,"TKN",10270104,102701,1027,10
"493017",5091511,"KANSAS/LOWER REPUBLICAN RIVER BASIN","SC602","","2011-12-19",916,0.942,2011,12,19,39.27971,-95.10509,10270104,"TKN",10270104,102701,1027,10
"493018",5091611,"KANSAS/LOWER REPUBLICAN RIVER BASIN","SC602","","2015-01-05",832,0.47,2015,1,5,39.27971,-95.10509,10270104,"TKN",10270104,102701,1027,10
"493019",5091710,"KANSAS/LOWER REPUBLICAN RIVER BASIN","SC602","","2015-04-20",830,3.9,2015,4,20,39.27971,-95.10509,10270104,"TKN",10270104,102701,1027,10
"493020",5091811,"KANSAS/LOWER REPUBLICAN RIVER BASIN","SC602","","2015-07-13",847,0.95,2015,7,13,39.27971,-95.10509,10270104,"TKN",10270104,102701,1027,10
"493021",5091910,"KANSAS/LOWER REPUBLICAN RIVER BASIN","SC602","","2015-10-12",912,0.28,2015,10,12,39.27971,-95.10509,10270104,"TKN",10270104,102701,1027,10
"493022",5092011,"KANSAS/LOWER REPUBLICAN RIVER BASIN","SC602","","2019-02-04",832,2.1,2019,2,4,39.27971,-95.10509,10270104,"TKN",10270104,102701,1027,10
"493023",5092114,"KANSAS/LOWER REPUBLICAN RIVER BASIN","SC602","","2019-05-13",820,0.47,2019,5,13,39.27971,-95.10509,10270104,"TKN",10270104,102701,1027,10
"493024",5092212,"KANSAS/LOWER REPUBLICAN RIVER BASIN","SC602","","2019-08-12",844,0.36,2019,8,12,39.27971,-95.10509,10270104,"TKN",10270104,102701,1027,10
"493025",5092310,"KANSAS/LOWER REPUBLICAN RIVER BASIN","SC602","","2019-11-12",827,0.36,2019,11,12,39.27971,-95.10509,10270104,"TKN",10270104,102701,1027,10
"493026",5092410,"KANSAS/LOWER REPUBLICAN RIVER BASIN","SC602","","2023-03-20",914,0.1,2023,3,20,39.27971,-95.10509,10270104,"TKN",10270104,102701,1027,10
"493027",509259,"KANSAS/LOWER REPUBLICAN RIVER BASIN","SC602","","2023-06-19",936,0.24,2023,6,19,39.27971,-95.10509,10270104,"TKN",10270104,102701,1027,10
"493028",5092610,"KANSAS/LOWER REPUBLICAN RIVER BASIN","SC602","","2023-09-05",925,0.31,2023,9,5,39.27971,-95.10509,10270104,"TKN",10270104,102701,1027,10
"493029",5092710,"KANSAS/LOWER REPUBLICAN RIVER BASIN","SC602","","2023-12-18",940,0.21,2023,12,18,39.27971,-95.10509,10270104,"TKN",10270104,102701,1027,10
"493030",5092810,"KANSAS/LOWER REPUBLICAN RIVER BASIN","SC602","","2023-12-18",945,0.23,2023,12,18,39.27971,-95.10509,10270104,"TKN",10270104,102701,1027,10
"493031",5102012,"KANSAS/LOWER REPUBLICAN RIVER BASIN","SC603","2 1/2 MI. N. & 1/4 MI. W. OF MUSCOTAH ON K-9","2000-01-26",1245,0.814,2000,1,26,39.587479,-95.530417,10270103,"TKN",10270103,102701,1027,10
"493032",5102114,"KANSAS/LOWER REPUBLICAN RIVER BASIN","SC603","2 1/2 MI. N. & 1/4 MI. W. OF MUSCOTAH ON K-9","2000-03-29",1205,1.09,2000,3,29,39.587479,-95.530417,10270103,"TKN",10270103,102701,1027,10
"493033",5102213,"KANSAS/LOWER REPUBLICAN RIVER BASIN","SC603","2 1/2 MI. N. & 1/4 MI. W. OF MUSCOTAH ON K-9","2000-05-24",1235,1.41,2000,5,24,39.587479,-95.530417,10270103,"TKN",10270103,102701,1027,10
"493034",5102311,"KANSAS/LOWER REPUBLICAN RIVER BASIN","SC603","2 1/2 MI. N. & 1/4 MI. W. OF MUSCOTAH ON K-9","2000-07-26",1340,0.91,2000,7,26,39.587479,-95.530417,10270103,"TKN",10270103,102701,1027,10
"493035",5102412,"KANSAS/LOWER REPUBLICAN RIVER BASIN","SC603","2 1/2 MI. N. & 1/4 MI. W. OF MUSCOTAH ON K-9","2000-09-27",1305,0.96,2000,9,27,39.587479,-95.530417,10270103,"TKN",10270103,102701,1027,10
"493036",5102511,"KANSAS/LOWER REPUBLICAN RIVER BASIN","SC603","2 1/2 MI. N. & 1/4 MI. W. OF MUSCOTAH ON K-9","2000-11-20",1220,1.378,2000,11,20,39.587479,-95.530417,10270103,"TKN",10270103,102701,1027,10
"493037",5102610,"KANSAS/LOWER REPUBLICAN RIVER BASIN","SC603","","2004-01-21",1325,1.919,2004,1,21,39.587479,-95.530417,10270103,"TKN",10270103,102701,1027,10
"493038",5102711,"KANSAS/LOWER REPUBLICAN RIVER BASIN","SC603","","2004-03-24",1254,2.021,2004,3,24,39.587479,-95.530417,10270103,"TKN",10270103,102701,1027,10
"493039",5102810,"KANSAS/LOWER REPUBLICAN RIVER BASIN","SC603","","2004-05-26",946,0.712,2004,5,26,39.587479,-95.530417,10270103,"TKN",10270103,102701,1027,10
"493040",5102911,"KANSAS/LOWER REPUBLICAN RIVER BASIN","SC603","","2004-07-28",1103,0.674,2004,7,28,39.587479,-95.530417,10270103,"TKN",10270103,102701,1027,10
"493041",5103010,"KANSAS/LOWER REPUBLICAN RIVER BASIN","SC603","","2004-09-29",1059,0.69,2004,9,29,39.587479,-95.530417,10270103,"TKN",10270103,102701,1027,10
"493042",5103114,"KANSAS/LOWER REPUBLICAN RIVER BASIN","SC603","","2004-11-22",1116,0.504,2004,11,22,39.587479,-95.530417,10270103,"TKN",10270103,102701,1027,10
"493043",5103212,"KANSAS/LOWER REPUBLICAN RIVER BASIN","SC603","","2008-01-23",956,0.901,2008,1,23,39.587479,-95.530417,10270103,"TKN",10270103,102701,1027,10
"493044",5103311,"KANSAS/LOWER REPUBLICAN RIVER BASIN","SC603","","2008-03-26",930,0.84,2008,3,26,39.587479,-95.530417,10270103,"TKN",10270103,102701,1027,10
"493045",5103411,"KANSAS/LOWER REPUBLICAN RIVER BASIN","SC603","","2008-03-26",935,0.857,2008,3,26,39.587479,-95.530417,10270103,"TKN",10270103,102701,1027,10
"493046",5103510,"KANSAS/LOWER REPUBLICAN RIVER BASIN","SC603","","2008-05-28",1024,1.27,2008,5,28,39.587479,-95.530417,10270103,"TKN",10270103,102701,1027,10
"493047",5103611,"KANSAS/LOWER REPUBLICAN RIVER BASIN","SC603","","2008-07-30",1014,1.444,2008,7,30,39.587479,-95.530417,10270103,"TKN",10270103,102701,1027,10
"493048",5103711,"KANSAS/LOWER REPUBLICAN RIVER BASIN","SC603","","2008-07-30",1019,1.248,2008,7,30,39.587479,-95.530417,10270103,"TKN",10270103,102701,1027,10
"493049",5103810,"KANSAS/LOWER REPUBLICAN RIVER BASIN","SC603","","2008-09-24",920,3.868,2008,9,24,39.587479,-95.530417,10270103,"TKN",10270103,102701,1027,10
"493050",5103911,"KANSAS/LOWER REPUBLICAN RIVER BASIN","SC603","","2008-11-24",922,0.504,2008,11,24,39.587479,-95.530417,10270103,"TKN",10270103,102701,1027,10
"493051",5104011,"KANSAS/LOWER REPUBLICAN RIVER BASIN","SC603","","2012-01-17",1021,0.505,2012,1,17,39.587479,-95.530417,10270103,"TKN",10270103,102701,1027,10
"493052",5104114,"KANSAS/LOWER REPUBLICAN RIVER BASIN","SC603","","2012-04-02",958,0.653,2012,4,2,39.587479,-95.530417,10270103,"TKN",10270103,102701,1027,10
"493053",5104212,"KANSAS/LOWER REPUBLICAN RIVER BASIN","SC603","","2012-07-16",1006,1.102,2012,7,16,39.587479,-95.530417,10270103,"TKN",10270103,102701,1027,10
"493054",5104311,"KANSAS/LOWER REPUBLICAN RIVER BASIN","SC603","","2012-10-01",1024,0.685,2012,10,1,39.587479,-95.530417,10270103,"TKN",10270103,102701,1027,10
"493055",5104411,"KANSAS/LOWER REPUBLICAN RIVER BASIN","SC603","","2016-02-08",1017,0.72,2016,2,8,39.587479,-95.530417,10270103,"TKN",10270103,102701,1027,10
"493056",5104511,"KANSAS/LOWER REPUBLICAN RIVER BASIN","SC603","","2016-05-09",1001,0.87,2016,5,9,39.587479,-95.530417,10270103,"TKN",10270103,102701,1027,10
"493057",5104611,"KANSAS/LOWER REPUBLICAN RIVER BASIN","SC603","","2016-05-09",1006,0.87,2016,5,9,39.587479,-95.530417,10270103,"TKN",10270103,102701,1027,10
"493058",5104710,"KANSAS/LOWER REPUBLICAN RIVER BASIN","SC603","","2016-08-08",1017,0.64,2016,8,8,39.587479,-95.530417,10270103,"TKN",10270103,102701,1027,10
"493059",5104811,"KANSAS/LOWER REPUBLICAN RIVER BASIN","SC603","","2016-11-01",945,0.5,2016,11,1,39.587479,-95.530417,10270103,"TKN",10270103,102701,1027,10
"493060",5104910,"KANSAS/LOWER REPUBLICAN RIVER BASIN","SC603","","2020-03-09",1003,0.38,2020,3,9,39.587479,-95.530417,10270103,"TKN",10270103,102701,1027,10
"493061",510509,"KANSAS/LOWER REPUBLICAN RIVER BASIN","SC603","","2020-09-08",1106,0.51,2020,9,8,39.587479,-95.530417,10270103,"TKN",10270103,102701,1027,10
"493062",5105114,"KANSAS/LOWER REPUBLICAN RIVER BASIN","SC603","","2020-12-01",753,0.91,2020,12,1,39.587479,-95.530417,10270103,"TKN",10270103,102701,1027,10
"493063",5105211,"KANSAS/LOWER REPUBLICAN RIVER BASIN","SC603","","2024-01-17",908,0.72,2024,1,17,39.587479,-95.530417,10270103,"TKN",10270103,102701,1027,10
"493064",510539,"KANSAS/LOWER REPUBLICAN RIVER BASIN","SC603","","2024-04-15",757,0.59,2024,4,15,39.587479,-95.530417,10270103,"TKN",10270103,102701,1027,10
"493065",5105410,"KANSAS/LOWER REPUBLICAN RIVER BASIN","SC603","","2024-07-15",848,0.45,2024,7,15,39.587479,-95.530417,10270103,"TKN",10270103,102701,1027,10
"493066",5105510,"KANSAS/LOWER REPUBLICAN RIVER BASIN","SC603","","2024-10-14",840,0.52,2024,10,14,39.587479,-95.530417,10270103,"TKN",10270103,102701,1027,10
"493067",5106911,"KANSAS/LOWER REPUBLICAN RIVER BASIN","SC604","3/4 MI. E. OF LARKINBURG ON K-116","2001-02-21",1635,1.707,2001,2,21,39.46301,-95.55653,10270103,"TKN",10270103,102701,1027,10
"493068",5107012,"KANSAS/LOWER REPUBLICAN RIVER BASIN","SC604","3/4 MI. E. OF LARKINBURG ON K-116","2001-04-25",1510,0.05,2001,4,25,39.46301,-95.55653,10270103,"TKN",10270103,102701,1027,10
"493069",5107114,"KANSAS/LOWER REPUBLICAN RIVER BASIN","SC604","3/4 MI. E. OF LARKINBURG ON K-116","2001-06-27",1635,0.55,2001,6,27,39.46301,-95.55653,10270103,"TKN",10270103,102701,1027,10
"493070",5107213,"KANSAS/LOWER REPUBLICAN RIVER BASIN","SC604","3/4 MI. E. OF LARKINBURG ON K-116","2001-08-29",1520,0.78,2001,8,29,39.46301,-95.55653,10270103,"TKN",10270103,102701,1027,10
"493071",5107311,"KANSAS/LOWER REPUBLICAN RIVER BASIN","SC604","3/4 MI. E. OF LARKINBURG ON K-116","2001-10-24",1445,0.48,2001,10,24,39.46301,-95.55653,10270103,"TKN",10270103,102701,1027,10
"493072",5107412,"KANSAS/LOWER REPUBLICAN RIVER BASIN","SC604","3/4 MI. E. OF LARKINBURG ON K-116","2001-12-26",1550,1.265,2001,12,26,39.46301,-95.55653,10270103,"TKN",10270103,102701,1027,10
"493073",5107512,"KANSAS/LOWER REPUBLICAN RIVER BASIN","SC604","3/4 MI. E. OF LARKINBURG ON K-116","2001-12-26",1555,1.305,2001,12,26,39.46301,-95.55653,10270103,"TKN",10270103,102701,1027,10
"493074",5107610,"KANSAS/LOWER REPUBLICAN RIVER BASIN","SC604","","2004-01-21",1413,4.763,2004,1,21,39.46301,-95.55653,10270103,"TKN",10270103,102701,1027,10
"493075",5107711,"KANSAS/LOWER REPUBLICAN RIVER BASIN","SC604","","2004-03-24",1354,0.789,2004,3,24,39.46301,-95.55653,10270103,"TKN",10270103,102701,1027,10
"493076",5107810,"KANSAS/LOWER REPUBLICAN RIVER BASIN","SC604","","2004-05-26",856,0.566,2004,5,26,39.46301,-95.55653,10270103,"TKN",10270103,102701,1027,10
"493077",5107911,"KANSAS/LOWER REPUBLICAN RIVER BASIN","SC604","","2004-07-28",1023,0.332,2004,7,28,39.46301,-95.55653,10270103,"TKN",10270103,102701,1027,10
"493078",5108011,"KANSAS/LOWER REPUBLICAN RIVER BASIN","SC604","","2004-07-28",1028,0.315,2004,7,28,39.46301,-95.55653,10270103,"TKN",10270103,102701,1027,10
"493079",5108113,"KANSAS/LOWER REPUBLICAN RIVER BASIN","SC604","","2004-09-29",1020,0.572,2004,9,29,39.46301,-95.55653,10270103,"TKN",10270103,102701,1027,10
"493080",5108212,"KANSAS/LOWER REPUBLICAN RIVER BASIN","SC604","","2004-11-22",953,0.388,2004,11,22,39.46301,-95.55653,10270103,"TKN",10270103,102701,1027,10
"493081",5108310,"KANSAS/LOWER REPUBLICAN RIVER BASIN","SC604","","2008-01-23",914,0.424,2008,1,23,39.46301,-95.55653,10270103,"TKN",10270103,102701,1027,10
"493082",5108411,"KANSAS/LOWER REPUBLICAN RIVER BASIN","SC604","","2008-03-26",838,0.474,2008,3,26,39.46301,-95.55653,10270103,"TKN",10270103,102701,1027,10
"493083",5108510,"KANSAS/LOWER REPUBLICAN RIVER BASIN","SC604","","2008-05-28",933,2.999,2008,5,28,39.46301,-95.55653,10270103,"TKN",10270103,102701,1027,10
"493084",5108611,"KANSAS/LOWER REPUBLICAN RIVER BASIN","SC604","","2008-07-30",904,1.194,2008,7,30,39.46301,-95.55653,10270103,"TKN",10270103,102701,1027,10
"493085",5108710,"KANSAS/LOWER REPUBLICAN RIVER BASIN","SC604","","2008-09-24",844,0.686,2008,9,24,39.46301,-95.55653,10270103,"TKN",10270103,102701,1027,10
"493086",5108811,"KANSAS/LOWER REPUBLICAN RIVER BASIN","SC604","","2008-11-24",834,0.297,2008,11,24,39.46301,-95.55653,10270103,"TKN",10270103,102701,1027,10
"493087",5108911,"KANSAS/LOWER REPUBLICAN RIVER BASIN","SC604","","2008-11-24",839,0.26,2008,11,24,39.46301,-95.55653,10270103,"TKN",10270103,102701,1027,10
"493088",5109011,"KANSAS/LOWER REPUBLICAN RIVER BASIN","SC604","","2012-01-17",839,0.429,2012,1,17,39.46301,-95.55653,10270103,"TKN",10270103,102701,1027,10
"493089",5109114,"KANSAS/LOWER REPUBLICAN RIVER BASIN","SC604","","2012-01-17",844,0.432,2012,1,17,39.46301,-95.55653,10270103,"TKN",10270103,102701,1027,10
"493090",5109212,"KANSAS/LOWER REPUBLICAN RIVER BASIN","SC604","","2012-04-02",849,0.408,2012,4,2,39.46301,-95.55653,10270103,"TKN",10270103,102701,1027,10
"493091",5109311,"KANSAS/LOWER REPUBLICAN RIVER BASIN","SC604","","2012-07-16",839,0.522,2012,7,16,39.46301,-95.55653,10270103,"TKN",10270103,102701,1027,10
"493092",5109411,"KANSAS/LOWER REPUBLICAN RIVER BASIN","SC604","","2012-10-01",924,0.452,2012,10,1,39.46301,-95.55653,10270103,"TKN",10270103,102701,1027,10
"493093",5109511,"KANSAS/LOWER REPUBLICAN RIVER BASIN","SC604","","2016-02-08",917,0.54,2016,2,8,39.46301,-95.55653,10270103,"TKN",10270103,102701,1027,10
"493094",5109611,"KANSAS/LOWER REPUBLICAN RIVER BASIN","SC604","","2016-05-09",915,0.58,2016,5,9,39.46301,-95.55653,10270103,"TKN",10270103,102701,1027,10
"493095",5109710,"KANSAS/LOWER REPUBLICAN RIVER BASIN","SC604","","2016-08-08",938,0.42,2016,8,8,39.46301,-95.55653,10270103,"TKN",10270103,102701,1027,10
"493096",5109811,"KANSAS/LOWER REPUBLICAN RIVER BASIN","SC604","","2016-11-01",903,0.26,2016,11,1,39.46301,-95.55653,10270103,"TKN",10270103,102701,1027,10
"493097",5109910,"KANSAS/LOWER REPUBLICAN RIVER BASIN","SC604","","2020-03-09",916,0.1,2020,3,9,39.46301,-95.55653,10270103,"TKN",10270103,102701,1027,10
"493098",511009,"KANSAS/LOWER REPUBLICAN RIVER BASIN","SC604","","2020-09-08",1012,0.38,2020,9,8,39.46301,-95.55653,10270103,"TKN",10270103,102701,1027,10
"493099",5110114,"KANSAS/LOWER REPUBLICAN RIVER BASIN","SC604","","2020-12-01",649,0.52,2020,12,1,39.46301,-95.55653,10270103,"TKN",10270103,102701,1027,10
"493100",5110211,"KANSAS/LOWER REPUBLICAN RIVER BASIN","SC604","","2024-04-15",718,0.46,2024,4,15,39.46301,-95.55653,10270103,"TKN",10270103,102701,1027,10
"493101",5110310,"KANSAS/LOWER REPUBLICAN RIVER BASIN","SC604","","2024-07-15",745,0.29,2024,7,15,39.46301,-95.55653,10270103,"TKN",10270103,102701,1027,10
"493102",5110410,"KANSAS/LOWER REPUBLICAN RIVER BASIN","SC604","","2024-07-15",750,0.1,2024,7,15,39.46301,-95.55653,10270103,"TKN",10270103,102701,1027,10
"493103",5110510,"KANSAS/LOWER REPUBLICAN RIVER BASIN","SC604","","2024-10-14",737,0.38,2024,10,14,39.46301,-95.55653,10270103,"TKN",10270103,102701,1027,10
"494167",5278512,"KANSAS/LOWER REPUBLICAN RIVER BASIN","SC638","","2003-02-06",1254,0.524,2003,2,6,38.94317,-95.06243,10270104,"TKN",10270104,102701,1027,10
"494168",5278611,"KANSAS/LOWER REPUBLICAN RIVER BASIN","SC638","","2003-04-03",1339,1.003,2003,4,3,38.94317,-95.06243,10270104,"TKN",10270104,102701,1027,10
"494169",5278712,"KANSAS/LOWER REPUBLICAN RIVER BASIN","SC638","","2003-06-05",1236,0.98,2003,6,5,38.94317,-95.06243,10270104,"TKN",10270104,102701,1027,10
"494170",5278812,"KANSAS/LOWER REPUBLICAN RIVER BASIN","SC638","","2003-06-05",1241,0.839,2003,6,5,38.94317,-95.06243,10270104,"TKN",10270104,102701,1027,10
"494171",5279012,"KANSAS/LOWER REPUBLICAN RIVER BASIN","SC638","","2003-10-09",1309,0.525,2003,10,9,38.94317,-95.06243,10270104,"TKN",10270104,102701,1027,10
"494172",5279115,"KANSAS/LOWER REPUBLICAN RIVER BASIN","SC638","","2003-12-30",1312,0.346,2003,12,30,38.94317,-95.06243,10270104,"TKN",10270104,102701,1027,10
"494173",5279310,"KANSAS/LOWER REPUBLICAN RIVER BASIN","SC638","","2007-04-05",1401,0.796,2007,4,5,38.94317,-95.06243,10270104,"TKN",10270104,102701,1027,10
"494174",5279411,"KANSAS/LOWER REPUBLICAN RIVER BASIN","SC638","","2007-06-07",1227,0.933,2007,6,7,38.94317,-95.06243,10270104,"TKN",10270104,102701,1027,10
"494175",5279510,"KANSAS/LOWER REPUBLICAN RIVER BASIN","SC638","","2007-08-09",1241,1.153,2007,8,9,38.94317,-95.06243,10270104,"TKN",10270104,102701,1027,10
"494176",5279611,"KANSAS/LOWER REPUBLICAN RIVER BASIN","SC638","","2007-10-04",1349,0.818,2007,10,4,38.94317,-95.06243,10270104,"TKN",10270104,102701,1027,10
"494177",5279710,"KANSAS/LOWER REPUBLICAN RIVER BASIN","SC638","","2007-12-18",1256,0.735,2007,12,18,38.94317,-95.06243,10270104,"TKN",10270104,102701,1027,10
"494178",5279811,"KANSAS/LOWER REPUBLICAN RIVER BASIN","SC638","","2011-02-28",1254,3.653,2011,2,28,38.94317,-95.06243,10270104,"TKN",10270104,102701,1027,10
"494179",5279911,"KANSAS/LOWER REPUBLICAN RIVER BASIN","SC638","","2011-05-24",1342,1.172,2011,5,24,38.94317,-95.06243,10270104,"TKN",10270104,102701,1027,10
"494180",5280116,"KANSAS/LOWER REPUBLICAN RIVER BASIN","SC638","","2011-11-29",1307,0.423,2011,11,29,38.94317,-95.06243,10270104,"TKN",10270104,102701,1027,10
"494181",5280213,"KANSAS/LOWER REPUBLICAN RIVER BASIN","SC638","","2015-03-02",1300,0.39,2015,3,2,38.94317,-95.06243,10270104,"TKN",10270104,102701,1027,10
"494182",5280311,"KANSAS/LOWER REPUBLICAN RIVER BASIN","SC638","","2015-06-01",1235,1.1,2015,6,1,38.94317,-95.06243,10270104,"TKN",10270104,102701,1027,10
"494183",5280411,"KANSAS/LOWER REPUBLICAN RIVER BASIN","SC638","","2015-09-01",1318,0.57,2015,9,1,38.94317,-95.06243,10270104,"TKN",10270104,102701,1027,10
"494184",5280511,"KANSAS/LOWER REPUBLICAN RIVER BASIN","SC638","","2015-12-01",1321,1.2,2015,12,1,38.94317,-95.06243,10270104,"TKN",10270104,102701,1027,10
"494185",5280611,"KANSAS/LOWER REPUBLICAN RIVER BASIN","SC638","","2019-01-28",1322,0.76,2019,1,28,38.94317,-95.06243,10270104,"TKN",10270104,102701,1027,10
"494186",5280710,"KANSAS/LOWER REPUBLICAN RIVER BASIN","SC638","","2019-04-01",1144,0.64,2019,4,1,38.94317,-95.06243,10270104,"TKN",10270104,102701,1027,10
"494187",5280811,"KANSAS/LOWER REPUBLICAN RIVER BASIN","SC638","","2019-07-08",1232,0.29,2019,7,8,38.94317,-95.06243,10270104,"TKN",10270104,102701,1027,10
"494188",5280911,"KANSAS/LOWER REPUBLICAN RIVER BASIN","SC638","","2019-10-21",1236,0.35,2019,10,21,38.94317,-95.06243,10270104,"TKN",10270104,102701,1027,10
"494189",5281013,"KANSAS/LOWER REPUBLICAN RIVER BASIN","SC638","","2023-02-07",1127,0.29,2023,2,7,38.94317,-95.06243,10270104,"TKN",10270104,102701,1027,10
"494190",5281114,"KANSAS/LOWER REPUBLICAN RIVER BASIN","SC638","","2023-05-02",935,0.53,2023,5,2,38.94317,-95.06243,10270104,"TKN",10270104,102701,1027,10
"494191",5281212,"KANSAS/LOWER REPUBLICAN RIVER BASIN","SC638","","2023-08-08",1045,0.57,2023,8,8,38.94317,-95.06243,10270104,"TKN",10270104,102701,1027,10
"494192",5281311,"KANSAS/LOWER REPUBLICAN RIVER BASIN","SC638","","2023-11-28",1135,0.27,2023,11,28,38.94317,-95.06243,10270104,"TKN",10270104,102701,1027,10
"494193",5282712,"KANSAS/LOWER REPUBLICAN RIVER BASIN","SC639","1/2 MI E OF GRANTVILLE ON CO RD BR","2000-01-05",930,0.05,2000,1,5,39.08085,-95.55516,10270102,"TKN",10270102,102701,1027,10
"494194",5282812,"KANSAS/LOWER REPUBLICAN RIVER BASIN","SC639","1/2 MI E OF GRANTVILLE ON CO RD BR","2000-01-05",935,0.25,2000,1,5,39.08085,-95.55516,10270102,"TKN",10270102,102701,1027,10
"494195",5282911,"KANSAS/LOWER REPUBLICAN RIVER BASIN","SC639","1/2 MI E OF GRANTVILLE ON CO RD BR","2000-03-08",900,0.521,2000,3,8,39.08085,-95.55516,10270102,"TKN",10270102,102701,1027,10
"494196",5283012,"KANSAS/LOWER REPUBLICAN RIVER BASIN","SC639","1/2 MI E OF GRANTVILLE ON CO RD BR","2000-05-03",845,0.421,2000,5,3,39.08085,-95.55516,10270102,"TKN",10270102,102701,1027,10
"494197",5283115,"KANSAS/LOWER REPUBLICAN RIVER BASIN","SC639","1/2 MI E OF GRANTVILLE ON CO RD BR","2000-07-05",835,2.41,2000,7,5,39.08085,-95.55516,10270102,"TKN",10270102,102701,1027,10
"494198",5283213,"KANSAS/LOWER REPUBLICAN RIVER BASIN","SC639","1/2 MI E OF GRANTVILLE ON CO RD BR","2000-09-06",855,0.105,2000,9,6,39.08085,-95.55516,10270102,"TKN",10270102,102701,1027,10
"494199",5283312,"KANSAS/LOWER REPUBLICAN RIVER BASIN","SC639","1/2 MI E OF GRANTVILLE ON CO RD BR","2000-11-01",905,1.09,2000,11,1,39.08085,-95.55516,10270102,"TKN",10270102,102701,1027,10
"494200",5283410,"KANSAS/LOWER REPUBLICAN RIVER BASIN","SC639","","2004-01-08",900,1.615,2004,1,8,39.08085,-95.55516,10270102,"TKN",10270102,102701,1027,10
"494201",5283511,"KANSAS/LOWER REPUBLICAN RIVER BASIN","SC639","","2004-03-02",800,1.028,2004,3,2,39.08085,-95.55516,10270102,"TKN",10270102,102701,1027,10
"494202",5283611,"KANSAS/LOWER REPUBLICAN RIVER BASIN","SC639","","2004-03-02",805,0.974,2004,3,2,39.08085,-95.55516,10270102,"TKN",10270102,102701,1027,10
"494203",5283710,"KANSAS/LOWER REPUBLICAN RIVER BASIN","SC639","","2004-05-06",751,0.599,2004,5,6,39.08085,-95.55516,10270102,"TKN",10270102,102701,1027,10
"494204",5283811,"KANSAS/LOWER REPUBLICAN RIVER BASIN","SC639","","2004-07-08",827,0.772,2004,7,8,39.08085,-95.55516,10270102,"TKN",10270102,102701,1027,10
"494205",5283910,"KANSAS/LOWER REPUBLICAN RIVER BASIN","SC639","","2004-09-09",858,0.529,2004,9,9,39.08085,-95.55516,10270102,"TKN",10270102,102701,1027,10
"494206",5284011,"KANSAS/LOWER REPUBLICAN RIVER BASIN","SC639","","2004-11-04",754,0.758,2004,11,4,39.08085,-95.55516,10270102,"TKN",10270102,102701,1027,10
"494207",5284116,"KANSAS/LOWER REPUBLICAN RIVER BASIN","SC639","","2008-01-09",816,1.079,2008,1,9,39.08085,-95.55516,10270102,"TKN",10270102,102701,1027,10
"494208",5284213,"KANSAS/LOWER REPUBLICAN RIVER BASIN","SC639","","2008-01-09",821,1.093,2008,1,9,39.08085,-95.55516,10270102,"TKN",10270102,102701,1027,10
"494209",5284311,"KANSAS/LOWER REPUBLICAN RIVER BASIN","SC639","","2008-03-05",747,0.758,2008,3,5,39.08085,-95.55516,10270102,"TKN",10270102,102701,1027,10
"494210",5284411,"KANSAS/LOWER REPUBLICAN RIVER BASIN","SC639","","2008-05-07",735,0.389,2008,5,7,39.08085,-95.55516,10270102,"TKN",10270102,102701,1027,10
"494211",5284510,"KANSAS/LOWER REPUBLICAN RIVER BASIN","SC639","","2008-07-09",835,1.671,2008,7,9,39.08085,-95.55516,10270102,"TKN",10270102,102701,1027,10
"494212",5284611,"KANSAS/LOWER REPUBLICAN RIVER BASIN","SC639","","2008-09-03",738,0.6,2008,9,3,39.08085,-95.55516,10270102,"TKN",10270102,102701,1027,10
"494213",5284710,"KANSAS/LOWER REPUBLICAN RIVER BASIN","SC639","","2008-11-13",752,0.359,2008,11,13,39.08085,-95.55516,10270102,"TKN",10270102,102701,1027,10
"494214",5284811,"KANSAS/LOWER REPUBLICAN RIVER BASIN","SC639","","2012-03-05",756,0.507,2012,3,5,39.08085,-95.55516,10270102,"TKN",10270102,102701,1027,10
"494215",5284911,"KANSAS/LOWER REPUBLICAN RIVER BASIN","SC639","","2012-06-18",824,0.784,2012,6,18,39.08085,-95.55516,10270102,"TKN",10270102,102701,1027,10
"494216",5285210,"KANSAS/LOWER REPUBLICAN RIVER BASIN","SC639","","2016-01-04",815,0.36,2016,1,4,39.08085,-95.55516,10270102,"TKN",10270102,102701,1027,10
"494217",5285311,"KANSAS/LOWER REPUBLICAN RIVER BASIN","SC639","","2016-04-04",812,1,2016,4,4,39.08085,-95.55516,10270102,"TKN",10270102,102701,1027,10
"494218",5285410,"KANSAS/LOWER REPUBLICAN RIVER BASIN","SC639","","2016-07-11",813,0.6,2016,7,11,39.08085,-95.55516,10270102,"TKN",10270102,102701,1027,10
"494219",5285511,"KANSAS/LOWER REPUBLICAN RIVER BASIN","SC639","","2016-10-03",804,0.4,2016,10,3,39.08085,-95.55516,10270102,"TKN",10270102,102701,1027,10
"494220",528569,"KANSAS/LOWER REPUBLICAN RIVER BASIN","SC639","","2020-02-03",751,0.3,2020,2,3,39.08085,-95.55516,10270102,"TKN",10270102,102701,1027,10
"494221",528579,"KANSAS/LOWER REPUBLICAN RIVER BASIN","SC639","","2020-08-03",740,1,2020,8,3,39.08085,-95.55516,10270102,"TKN",10270102,102701,1027,10
"494222",5285810,"KANSAS/LOWER REPUBLICAN RIVER BASIN","SC639","","2020-11-30",535,0.39,2020,11,30,39.08085,-95.55516,10270102,"TKN",10270102,102701,1027,10
"494223",5285910,"KANSAS/LOWER REPUBLICAN RIVER BASIN","SC639","","2024-03-05",526,0.3,2024,3,5,39.08085,-95.55516,10270102,"TKN",10270102,102701,1027,10
"494224",5286010,"KANSAS/LOWER REPUBLICAN RIVER BASIN","SC639","","2024-06-17",550,0.47,2024,6,17,39.08085,-95.55516,10270102,"TKN",10270102,102701,1027,10
"494225",5286115,"KANSAS/LOWER REPUBLICAN RIVER BASIN","SC639","","2024-12-03",604,0.45,2024,12,3,39.08085,-95.55516,10270102,"TKN",10270102,102701,1027,10
"494364",5310116,"KANSAS/LOWER REPUBLICAN RIVER BASIN","SC645","IN LOUISVILLE ON K-99 HW/BR","2000-01-18",855,0.325,2000,1,18,39.249068,-96.314652,10270102,"TKN",10270102,102701,1027,10
"494365",5310214,"KANSAS/LOWER REPUBLICAN RIVER BASIN","SC645","IN LOUISVILLE ON K-99 HW/BR","2000-01-18",900,0.325,2000,1,18,39.249068,-96.314652,10270102,"TKN",10270102,102701,1027,10
"494366",5310312,"KANSAS/LOWER REPUBLICAN RIVER BASIN","SC645","IN LOUISVILLE ON K-99 HW/BR","2000-03-20",915,0.252,2000,3,20,39.249068,-96.314652,10270102,"TKN",10270102,102701,1027,10
"494367",5310412,"KANSAS/LOWER REPUBLICAN RIVER BASIN","SC645","IN LOUISVILLE ON K-99 HW/BR","2000-05-15",950,0.494,2000,5,15,39.249068,-96.314652,10270102,"TKN",10270102,102701,1027,10
"494368",5310511,"KANSAS/LOWER REPUBLICAN RIVER BASIN","SC645","IN LOUISVILLE ON K-99 HW/BR","2000-07-17",910,0.924,2000,7,17,39.249068,-96.314652,10270102,"TKN",10270102,102701,1027,10
"494369",5310612,"KANSAS/LOWER REPUBLICAN RIVER BASIN","SC645","IN LOUISVILLE ON K-99 HW/BR","2000-09-18",920,0.64,2000,9,18,39.249068,-96.314652,10270102,"TKN",10270102,102701,1027,10
"494370",5310711,"KANSAS/LOWER REPUBLICAN RIVER BASIN","SC645","IN LOUISVILLE ON K-99 HW/BR","2000-11-13",1005,0.72,2000,11,13,39.249068,-96.314652,10270102,"TKN",10270102,102701,1027,10
"494371",5310810,"KANSAS/LOWER REPUBLICAN RIVER BASIN","SC645","","2004-01-07",1117,0.204,2004,1,7,39.249068,-96.314652,10270102,"TKN",10270102,102701,1027,10
"494372",5310911,"KANSAS/LOWER REPUBLICAN RIVER BASIN","SC645","","2004-03-02",1053,1.948,2004,3,2,39.249068,-96.314652,10270102,"TKN",10270102,102701,1027,10
"494373",5311011,"KANSAS/LOWER REPUBLICAN RIVER BASIN","SC645","","2004-05-05",1056,0.605,2004,5,5,39.249068,-96.314652,10270102,"TKN",10270102,102701,1027,10
"494374",5311116,"KANSAS/LOWER REPUBLICAN RIVER BASIN","SC645","","2004-07-07",1232,1.236,2004,7,7,39.249068,-96.314652,10270102,"TKN",10270102,102701,1027,10
"494375",5311213,"KANSAS/LOWER REPUBLICAN RIVER BASIN","SC645","","2004-07-07",1237,1.411,2004,7,7,39.249068,-96.314652,10270102,"TKN",10270102,102701,1027,10
"494376",5311311,"KANSAS/LOWER REPUBLICAN RIVER BASIN","SC645","","2004-09-08",1114,0.474,2004,9,8,39.249068,-96.314652,10270102,"TKN",10270102,102701,1027,10
"494377",5311411,"KANSAS/LOWER REPUBLICAN RIVER BASIN","SC645","","2004-11-03",1142,0.607,2004,11,3,39.249068,-96.314652,10270102,"TKN",10270102,102701,1027,10
"494378",5311510,"KANSAS/LOWER REPUBLICAN RIVER BASIN","SC645","","2007-02-07",1055,0.519,2007,2,7,39.249068,-96.314652,10270102,"TKN",10270102,102701,1027,10
"494379",5311611,"KANSAS/LOWER REPUBLICAN RIVER BASIN","SC645","","2007-04-04",1009,0.954,2007,4,4,39.249068,-96.314652,10270102,"TKN",10270102,102701,1027,10
"494380",5311711,"KANSAS/LOWER REPUBLICAN RIVER BASIN","SC645","","2007-04-04",1014,0.864,2007,4,4,39.249068,-96.314652,10270102,"TKN",10270102,102701,1027,10
"494381",5311810,"KANSAS/LOWER REPUBLICAN RIVER BASIN","SC645","","2007-06-06",1027,0.513,2007,6,6,39.249068,-96.314652,10270102,"TKN",10270102,102701,1027,10
"494382",5311911,"KANSAS/LOWER REPUBLICAN RIVER BASIN","SC645","","2007-08-08",1034,0.405,2007,8,8,39.249068,-96.314652,10270102,"TKN",10270102,102701,1027,10
"494383",5312010,"KANSAS/LOWER REPUBLICAN RIVER BASIN","SC645","","2007-10-03",1045,0.665,2007,10,3,39.249068,-96.314652,10270102,"TKN",10270102,102701,1027,10
"494384",5312115,"KANSAS/LOWER REPUBLICAN RIVER BASIN","SC645","","2007-12-17",1141,0.79,2007,12,17,39.249068,-96.314652,10270102,"TKN",10270102,102701,1027,10
"494385",5312213,"KANSAS/LOWER REPUBLICAN RIVER BASIN","SC645","","2008-01-08",1044,0.281,2008,1,8,39.249068,-96.314652,10270102,"TKN",10270102,102701,1027,10
"494386",5312311,"KANSAS/LOWER REPUBLICAN RIVER BASIN","SC645","","2008-03-04",1018,2.067,2008,3,4,39.249068,-96.314652,10270102,"TKN",10270102,102701,1027,10
"494387",5312411,"KANSAS/LOWER REPUBLICAN RIVER BASIN","SC645","","2008-05-06",1057,0.376,2008,5,6,39.249068,-96.314652,10270102,"TKN",10270102,102701,1027,10
"494388",5312510,"KANSAS/LOWER REPUBLICAN RIVER BASIN","SC645","","2008-07-08",1048,0.442,2008,7,8,39.249068,-96.314652,10270102,"TKN",10270102,102701,1027,10
"494389",5312611,"KANSAS/LOWER REPUBLICAN RIVER BASIN","SC645","","2008-09-02",1116,0.614,2008,9,2,39.249068,-96.314652,10270102,"TKN",10270102,102701,1027,10
"494390",5312710,"KANSAS/LOWER REPUBLICAN RIVER BASIN","SC645","","2008-11-12",1032,0.485,2008,11,12,39.249068,-96.314652,10270102,"TKN",10270102,102701,1027,10
"494391",5312811,"KANSAS/LOWER REPUBLICAN RIVER BASIN","SC645","","2012-03-06",1044,0.275,2012,3,6,39.249068,-96.314652,10270102,"TKN",10270102,102701,1027,10
"494392",5312911,"KANSAS/LOWER REPUBLICAN RIVER BASIN","SC645","","2012-06-19",1036,0.395,2012,6,19,39.249068,-96.314652,10270102,"TKN",10270102,102701,1027,10
"494393",5313011,"KANSAS/LOWER REPUBLICAN RIVER BASIN","SC645","","2012-09-25",1042,0.657,2012,9,25,39.249068,-96.314652,10270102,"TKN",10270102,102701,1027,10
"494394",5313116,"KANSAS/LOWER REPUBLICAN RIVER BASIN","SC645","","2012-12-18",1138,0.224,2012,12,18,39.249068,-96.314652,10270102,"TKN",10270102,102701,1027,10
"494395",5313212,"KANSAS/LOWER REPUBLICAN RIVER BASIN","SC645","","2013-01-29",1028,0.225,2013,1,29,39.249068,-96.314652,10270102,"TKN",10270102,102701,1027,10
"494396",5313311,"KANSAS/LOWER REPUBLICAN RIVER BASIN","SC645","","2013-04-30",1011,0.372,2013,4,30,39.249068,-96.314652,10270102,"TKN",10270102,102701,1027,10
"494397",5313411,"KANSAS/LOWER REPUBLICAN RIVER BASIN","SC645","","2013-07-09",1043,0.231,2013,7,9,39.249068,-96.314652,10270102,"TKN",10270102,102701,1027,10
"494398",5313511,"KANSAS/LOWER REPUBLICAN RIVER BASIN","SC645","","2013-10-23",1009,0.365,2013,10,23,39.249068,-96.314652,10270102,"TKN",10270102,102701,1027,10
"494399",5313611,"KANSAS/LOWER REPUBLICAN RIVER BASIN","SC645","","2014-02-24",1103,0.78,2014,2,24,39.249068,-96.314652,10270102,"TKN",10270102,102701,1027,10
"494400",5313710,"KANSAS/LOWER REPUBLICAN RIVER BASIN","SC645","","2014-05-06",1235,0.51,2014,5,6,39.249068,-96.314652,10270102,"TKN",10270102,102701,1027,10
"494401",5313811,"KANSAS/LOWER REPUBLICAN RIVER BASIN","SC645","","2014-08-05",1129,0.1,2014,8,5,39.249068,-96.314652,10270102,"TKN",10270102,102701,1027,10
"494402",5313910,"KANSAS/LOWER REPUBLICAN RIVER BASIN","SC645","","2014-11-24",1146,0.1,2014,11,24,39.249068,-96.314652,10270102,"TKN",10270102,102701,1027,10
"494403",5314011,"KANSAS/LOWER REPUBLICAN RIVER BASIN","SC645","","2018-03-06",1111,0.94,2018,3,6,39.249068,-96.314652,10270102,"TKN",10270102,102701,1027,10
"494404",5314115,"KANSAS/LOWER REPUBLICAN RIVER BASIN","SC645","","2018-06-19",1059,0.71,2018,6,19,39.249068,-96.314652,10270102,"TKN",10270102,102701,1027,10
"494405",5314212,"KANSAS/LOWER REPUBLICAN RIVER BASIN","SC645","","2018-09-25",1052,0.56,2018,9,25,39.249068,-96.314652,10270102,"TKN",10270102,102701,1027,10
"494406",5314311,"KANSAS/LOWER REPUBLICAN RIVER BASIN","SC645","","2018-12-11",1033,0.1,2018,12,11,39.249068,-96.314652,10270102,"TKN",10270102,102701,1027,10
"494407",5314410,"KANSAS/LOWER REPUBLICAN RIVER BASIN","SC645","","2019-01-29",1035,0.64,2019,1,29,39.249068,-96.314652,10270102,"TKN",10270102,102701,1027,10
"494408",5314511,"KANSAS/LOWER REPUBLICAN RIVER BASIN","SC645","","2019-04-02",916,0.3,2019,4,2,39.249068,-96.314652,10270102,"TKN",10270102,102701,1027,10
"494409",5314610,"KANSAS/LOWER REPUBLICAN RIVER BASIN","SC645","","2019-07-09",1110,0.72,2019,7,9,39.249068,-96.314652,10270102,"TKN",10270102,102701,1027,10
"494410",5314711,"KANSAS/LOWER REPUBLICAN RIVER BASIN","SC645","","2019-10-22",948,0.23,2019,10,22,39.249068,-96.314652,10270102,"TKN",10270102,102701,1027,10
"494411",531489,"KANSAS/LOWER REPUBLICAN RIVER BASIN","SC645","","2020-02-04",1013,0.29,2020,2,4,39.249068,-96.314652,10270102,"TKN",10270102,102701,1027,10
"494412",5314910,"KANSAS/LOWER REPUBLICAN RIVER BASIN","SC645","","2020-08-04",950,0.59,2020,8,4,39.249068,-96.314652,10270102,"TKN",10270102,102701,1027,10
"494413",5315011,"KANSAS/LOWER REPUBLICAN RIVER BASIN","SC645","","2020-11-23",633,0.29,2020,11,23,39.249068,-96.314652,10270102,"TKN",10270102,102701,1027,10
"494414",5315116,"KANSAS/LOWER REPUBLICAN RIVER BASIN","SC645","","2020-11-23",638,0.28,2020,11,23,39.249068,-96.314652,10270102,"TKN",10270102,102701,1027,10
"494415",5315212,"KANSAS/LOWER REPUBLICAN RIVER BASIN","SC645","","2022-01-31",901,0.3,2022,1,31,39.249068,-96.314652,10270102,"TKN",10270102,102701,1027,10
"494416",5315310,"KANSAS/LOWER REPUBLICAN RIVER BASIN","SC645","","2022-04-18",815,0.57,2022,4,18,39.249068,-96.314652,10270102,"TKN",10270102,102701,1027,10
"494417",5315410,"KANSAS/LOWER REPUBLICAN RIVER BASIN","SC645","","2022-07-25",1216,0.32,2022,7,25,39.249068,-96.314652,10270102,"TKN",10270102,102701,1027,10
"494418",5315510,"KANSAS/LOWER REPUBLICAN RIVER BASIN","SC645","","2022-10-24",927,0.28,2022,10,24,39.249068,-96.314652,10270102,"TKN",10270102,102701,1027,10
"494419",5316712,"KANSAS/LOWER REPUBLICAN RIVER BASIN","SC646","1/4 MI S & 3 MI E OF OGDEN ON CO RD BR","2000-01-20",1020,0.16,2000,1,20,39.11996,-96.61389,10270101,"TKN",10270101,102701,1027,10
"494420",5316811,"KANSAS/LOWER REPUBLICAN RIVER BASIN","SC646","1/4 MI S & 3 MI E OF OGDEN ON CO RD BR","2000-03-22",1030,0.76,2000,3,22,39.11996,-96.61389,10270101,"TKN",10270101,102701,1027,10
"494421",5316912,"KANSAS/LOWER REPUBLICAN RIVER BASIN","SC646","1/4 MI S & 3 MI E OF OGDEN ON CO RD BR","2000-05-17",1040,0.65,2000,5,17,39.11996,-96.61389,10270101,"TKN",10270101,102701,1027,10
"494422",5317012,"KANSAS/LOWER REPUBLICAN RIVER BASIN","SC646","1/4 MI S & 3 MI E OF OGDEN ON CO RD BR","2000-05-17",1045,0.71,2000,5,17,39.11996,-96.61389,10270101,"TKN",10270101,102701,1027,10
"494423",5317115,"KANSAS/LOWER REPUBLICAN RIVER BASIN","SC646","1/4 MI S & 3 MI E OF OGDEN ON CO RD BR","2000-07-19",1035,0.38,2000,7,19,39.11996,-96.61389,10270101,"TKN",10270101,102701,1027,10
"494424",5317213,"KANSAS/LOWER REPUBLICAN RIVER BASIN","SC646","1/4 MI S & 3 MI E OF OGDEN ON CO RD BR","2000-09-20",955,1.65,2000,9,20,39.11996,-96.61389,10270101,"TKN",10270101,102701,1027,10
"494425",5317312,"KANSAS/LOWER REPUBLICAN RIVER BASIN","SC646","1/4 MI S & 3 MI E OF OGDEN ON CO RD BR","2000-11-15",1045,1.1,2000,11,15,39.11996,-96.61389,10270101,"TKN",10270101,102701,1027,10
"494426",5317411,"KANSAS/LOWER REPUBLICAN RIVER BASIN","SC646","","2004-01-07",1333,0.181,2004,1,7,39.11996,-96.61389,10270101,"TKN",10270101,102701,1027,10
"494427",5317510,"KANSAS/LOWER REPUBLICAN RIVER BASIN","SC646","","2004-03-02",1243,0.47,2004,3,2,39.11996,-96.61389,10270101,"TKN",10270101,102701,1027,10
"494428",5317610,"KANSAS/LOWER REPUBLICAN RIVER BASIN","SC646","","2004-03-02",1248,0.499,2004,3,2,39.11996,-96.61389,10270101,"TKN",10270101,102701,1027,10
"494429",5317711,"KANSAS/LOWER REPUBLICAN RIVER BASIN","SC646","","2004-05-05",1312,0.468,2004,5,5,39.11996,-96.61389,10270101,"TKN",10270101,102701,1027,10
"494430",5317811,"KANSAS/LOWER REPUBLICAN RIVER BASIN","SC646","","2004-05-05",1317,0.361,2004,5,5,39.11996,-96.61389,10270101,"TKN",10270101,102701,1027,10
"494431",5317910,"KANSAS/LOWER REPUBLICAN RIVER BASIN","SC646","","2004-07-07",1428,0.139,2004,7,7,39.11996,-96.61389,10270101,"TKN",10270101,102701,1027,10
"494432",5318011,"KANSAS/LOWER REPUBLICAN RIVER BASIN","SC646","","2004-09-08",1408,0.254,2004,9,8,39.11996,-96.61389,10270101,"TKN",10270101,102701,1027,10
"494433",5318115,"KANSAS/LOWER REPUBLICAN RIVER BASIN","SC646","","2004-11-03",1332,0.439,2004,11,3,39.11996,-96.61389,10270101,"TKN",10270101,102701,1027,10
"494434",5318212,"KANSAS/LOWER REPUBLICAN RIVER BASIN","SC646","","2008-01-08",1243,0.173,2008,1,8,39.11996,-96.61389,10270101,"TKN",10270101,102701,1027,10
"494435",5318311,"KANSAS/LOWER REPUBLICAN RIVER BASIN","SC646","","2008-03-04",1210,1.265,2008,3,4,39.11996,-96.61389,10270101,"TKN",10270101,102701,1027,10
"494436",5318410,"KANSAS/LOWER REPUBLICAN RIVER BASIN","SC646","","2008-05-06",1254,0.547,2008,5,6,39.11996,-96.61389,10270101,"TKN",10270101,102701,1027,10
"494437",5318511,"KANSAS/LOWER REPUBLICAN RIVER BASIN","SC646","","2008-07-08",1230,0.298,2008,7,8,39.11996,-96.61389,10270101,"TKN",10270101,102701,1027,10
"494438",5318610,"KANSAS/LOWER REPUBLICAN RIVER BASIN","SC646","","2008-09-02",1312,0.28,2008,9,2,39.11996,-96.61389,10270101,"TKN",10270101,102701,1027,10
"494439",5318711,"KANSAS/LOWER REPUBLICAN RIVER BASIN","SC646","","2008-11-12",1237,0.245,2008,11,12,39.11996,-96.61389,10270101,"TKN",10270101,102701,1027,10
"494440",5318811,"KANSAS/LOWER REPUBLICAN RIVER BASIN","SC646","","2008-11-12",1242,0.213,2008,11,12,39.11996,-96.61389,10270101,"TKN",10270101,102701,1027,10
"494441",5318911,"KANSAS/LOWER REPUBLICAN RIVER BASIN","SC646","","2012-03-06",1245,0.264,2012,3,6,39.11996,-96.61389,10270101,"TKN",10270101,102701,1027,10
"494442",5319011,"KANSAS/LOWER REPUBLICAN RIVER BASIN","SC646","","2012-06-19",1142,0.384,2012,6,19,39.11996,-96.61389,10270101,"TKN",10270101,102701,1027,10
"494443",5319115,"KANSAS/LOWER REPUBLICAN RIVER BASIN","SC646","","2012-09-25",1151,0.36,2012,9,25,39.11996,-96.61389,10270101,"TKN",10270101,102701,1027,10
"494444",5319213,"KANSAS/LOWER REPUBLICAN RIVER BASIN","SC646","","2012-12-18",1335,0.1,2012,12,18,39.11996,-96.61389,10270101,"TKN",10270101,102701,1027,10
"494445",5319311,"KANSAS/LOWER REPUBLICAN RIVER BASIN","SC646","","2016-01-05",1156,0.2,2016,1,5,39.11996,-96.61389,10270101,"TKN",10270101,102701,1027,10
"494446",5319411,"KANSAS/LOWER REPUBLICAN RIVER BASIN","SC646","","2016-04-05",1258,0.24,2016,4,5,39.11996,-96.61389,10270101,"TKN",10270101,102701,1027,10
"494447",5319511,"KANSAS/LOWER REPUBLICAN RIVER BASIN","SC646","","2016-07-12",1153,0.36,2016,7,12,39.11996,-96.61389,10270101,"TKN",10270101,102701,1027,10
"494448",5319611,"KANSAS/LOWER REPUBLICAN RIVER BASIN","SC646","","2016-10-04",1224,0.23,2016,10,4,39.11996,-96.61389,10270101,"TKN",10270101,102701,1027,10
"494449",531979,"KANSAS/LOWER REPUBLICAN RIVER BASIN","SC646","","2020-02-04",1138,0.21,2020,2,4,39.11996,-96.61389,10270101,"TKN",10270101,102701,1027,10
"494450",5319810,"KANSAS/LOWER REPUBLICAN RIVER BASIN","SC646","","2020-08-04",1115,0.56,2020,8,4,39.11996,-96.61389,10270101,"TKN",10270101,102701,1027,10
"494451",5319910,"KANSAS/LOWER REPUBLICAN RIVER BASIN","SC646","","2020-11-23",754,0.36,2020,11,23,39.11996,-96.61389,10270101,"TKN",10270101,102701,1027,10
"494452",5320010,"KANSAS/LOWER REPUBLICAN RIVER BASIN","SC646","","2024-03-04",1004,0.1,2024,3,4,39.11996,-96.61389,10270101,"TKN",10270101,102701,1027,10
"494453",5320115,"KANSAS/LOWER REPUBLICAN RIVER BASIN","SC646","","2024-06-25",730,0.1,2024,6,25,39.11996,-96.61389,10270101,"TKN",10270101,102701,1027,10
"494454",5320212,"KANSAS/LOWER REPUBLICAN RIVER BASIN","SC646","","2024-09-09",1058,0.33,2024,9,9,39.11996,-96.61389,10270101,"TKN",10270101,102701,1027,10
"494455",5320310,"KANSAS/LOWER REPUBLICAN RIVER BASIN","SC646","","2024-12-02",1008,0.25,2024,12,2,39.11996,-96.61389,10270101,"TKN",10270101,102701,1027,10
"494456",5320410,"KANSAS/LOWER REPUBLICAN RIVER BASIN","SC646","","2024-12-02",1013,0.25,2024,12,2,39.11996,-96.61389,10270101,"TKN",10270101,102701,1027,10
"494457",5321712,"KANSAS/LOWER REPUBLICAN RIVER BASIN","SC647","8 MI E & 1/4 MI S OF MANHATTAN ON CO RD BR","2000-01-20",1055,0.14,2000,1,20,39.158891,-96.407406,10270102,"TKN",10270102,102701,1027,10
"494458",5321811,"KANSAS/LOWER REPUBLICAN RIVER BASIN","SC647","8 MI E & 1/4 MI S OF MANHATTAN ON CO RD BR","2000-03-22",1100,0.51,2000,3,22,39.158891,-96.407406,10270102,"TKN",10270102,102701,1027,10
"494459",5321912,"KANSAS/LOWER REPUBLICAN RIVER BASIN","SC647","8 MI E & 1/4 MI S OF MANHATTAN ON CO RD BR","2000-05-17",1125,0.35,2000,5,17,39.158891,-96.407406,10270102,"TKN",10270102,102701,1027,10
"494460",5322011,"KANSAS/LOWER REPUBLICAN RIVER BASIN","SC647","8 MI E & 1/4 MI S OF MANHATTAN ON CO RD BR","2000-07-19",1110,0.17,2000,7,19,39.158891,-96.407406,10270102,"TKN",10270102,102701,1027,10
"494461",5322116,"KANSAS/LOWER REPUBLICAN RIVER BASIN","SC647","8 MI E & 1/4 MI S OF MANHATTAN ON CO RD BR","2000-11-15",1110,1.03,2000,11,15,39.158891,-96.407406,10270102,"TKN",10270102,102701,1027,10
"494462",5322213,"KANSAS/LOWER REPUBLICAN RIVER BASIN","SC647","","2004-01-07",1226,0.05,2004,1,7,39.158891,-96.407406,10270102,"TKN",10270102,102701,1027,10
"494463",5322311,"KANSAS/LOWER REPUBLICAN RIVER BASIN","SC647","","2004-01-07",1231,0.544,2004,1,7,39.158891,-96.407406,10270102,"TKN",10270102,102701,1027,10
"494464",5322410,"KANSAS/LOWER REPUBLICAN RIVER BASIN","SC647","","2004-03-02",1208,1.145,2004,3,2,39.158891,-96.407406,10270102,"TKN",10270102,102701,1027,10
"494465",5322511,"KANSAS/LOWER REPUBLICAN RIVER BASIN","SC647","","2004-05-05",1228,0.246,2004,5,5,39.158891,-96.407406,10270102,"TKN",10270102,102701,1027,10
"494466",5322610,"KANSAS/LOWER REPUBLICAN RIVER BASIN","SC647","","2004-07-07",1354,0.3,2004,7,7,39.158891,-96.407406,10270102,"TKN",10270102,102701,1027,10
"494467",5322711,"KANSAS/LOWER REPUBLICAN RIVER BASIN","SC647","","2004-09-08",1226,0.29,2004,9,8,39.158891,-96.407406,10270102,"TKN",10270102,102701,1027,10
"494468",5322810,"KANSAS/LOWER REPUBLICAN RIVER BASIN","SC647","","2004-11-03",1301,0.394,2004,11,3,39.158891,-96.407406,10270102,"TKN",10270102,102701,1027,10
"494469",5322910,"KANSAS/LOWER REPUBLICAN RIVER BASIN","SC647","","2008-01-08",1138,0.182,2008,1,8,39.158891,-96.407406,10270102,"TKN",10270102,102701,1027,10
"494470",5323011,"KANSAS/LOWER REPUBLICAN RIVER BASIN","SC647","","2008-03-04",1056,0.705,2008,3,4,39.158891,-96.407406,10270102,"TKN",10270102,102701,1027,10
"494471",5323114,"KANSAS/LOWER REPUBLICAN RIVER BASIN","SC647","","2008-05-06",1146,0.483,2008,5,6,39.158891,-96.407406,10270102,"TKN",10270102,102701,1027,10
"494472",5323212,"KANSAS/LOWER REPUBLICAN RIVER BASIN","SC647","","2008-07-08",1409,0.288,2008,7,8,39.158891,-96.407406,10270102,"TKN",10270102,102701,1027,10
"494473",5323310,"KANSAS/LOWER REPUBLICAN RIVER BASIN","SC647","","2008-09-02",1242,0.304,2008,9,2,39.158891,-96.407406,10270102,"TKN",10270102,102701,1027,10
"494474",5323411,"KANSAS/LOWER REPUBLICAN RIVER BASIN","SC647","","2008-11-12",1126,0.243,2008,11,12,39.158891,-96.407406,10270102,"TKN",10270102,102701,1027,10
"494475",5323511,"KANSAS/LOWER REPUBLICAN RIVER BASIN","SC647","","2012-03-06",1133,0.229,2012,3,6,39.158891,-96.407406,10270102,"TKN",10270102,102701,1027,10
"494476",5323611,"KANSAS/LOWER REPUBLICAN RIVER BASIN","SC647","","2012-06-19",1115,0.484,2012,6,19,39.158891,-96.407406,10270102,"TKN",10270102,102701,1027,10
"494477",5323910,"KANSAS/LOWER REPUBLICAN RIVER BASIN","SC647","","2016-01-05",1122,0.25,2016,1,5,39.158891,-96.407406,10270102,"TKN",10270102,102701,1027,10
"494478",5324011,"KANSAS/LOWER REPUBLICAN RIVER BASIN","SC647","","2016-04-05",1229,0.1,2016,4,5,39.158891,-96.407406,10270102,"TKN",10270102,102701,1027,10
"494479",5324116,"KANSAS/LOWER REPUBLICAN RIVER BASIN","SC647","","2016-07-12",1123,0.38,2016,7,12,39.158891,-96.407406,10270102,"TKN",10270102,102701,1027,10
"494480",5324213,"KANSAS/LOWER REPUBLICAN RIVER BASIN","SC647","","2016-07-12",1128,0.31,2016,7,12,39.158891,-96.407406,10270102,"TKN",10270102,102701,1027,10
"494481",5324311,"KANSAS/LOWER REPUBLICAN RIVER BASIN","SC647","","2016-10-04",1158,0.1,2016,10,4,39.158891,-96.407406,10270102,"TKN",10270102,102701,1027,10
"494482",5324410,"KANSAS/LOWER REPUBLICAN RIVER BASIN","SC647","","2020-02-04",1115,0.1,2020,2,4,39.158891,-96.407406,10270102,"TKN",10270102,102701,1027,10
"494483",5324510,"KANSAS/LOWER REPUBLICAN RIVER BASIN","SC647","","2020-08-04",1043,0.45,2020,8,4,39.158891,-96.407406,10270102,"TKN",10270102,102701,1027,10
"494484",5324610,"KANSAS/LOWER REPUBLICAN RIVER BASIN","SC647","","2020-11-23",725,0.34,2020,11,23,39.158891,-96.407406,10270102,"TKN",10270102,102701,1027,10
"494485",5324710,"KANSAS/LOWER REPUBLICAN RIVER BASIN","SC647","","2024-03-04",933,0.1,2024,3,4,39.158891,-96.407406,10270102,"TKN",10270102,102701,1027,10
"494486",5324810,"KANSAS/LOWER REPUBLICAN RIVER BASIN","SC647","","2024-06-25",643,0.1,2024,6,25,39.158891,-96.407406,10270102,"TKN",10270102,102701,1027,10
"494487",5324910,"KANSAS/LOWER REPUBLICAN RIVER BASIN","SC647","","2024-09-09",1000,0.31,2024,9,9,39.158891,-96.407406,10270102,"TKN",10270102,102701,1027,10
"494488",532509,"KANSAS/LOWER REPUBLICAN RIVER BASIN","SC647","","2024-12-02",940,0.3,2024,12,2,39.158891,-96.407406,10270102,"TKN",10270102,102701,1027,10
"494489",5326312,"KANSAS/LOWER REPUBLICAN RIVER BASIN","SC648","1 MI S & 3/4 MI E OF VALENCIA ON I70 HW BR","2000-01-20",1205,0.24,2000,1,20,39.05782,-95.85747,10270102,"TKN",10270102,102701,1027,10
"494490",5326411,"KANSAS/LOWER REPUBLICAN RIVER BASIN","SC648","1 MI S & 3/4 MI E OF VALENCIA ON I70 HW BR","2000-03-22",1225,0.199,2000,3,22,39.05782,-95.85747,10270102,"TKN",10270102,102701,1027,10
"494491",5326512,"KANSAS/LOWER REPUBLICAN RIVER BASIN","SC648","1 MI S & 3/4 MI E OF VALENCIA ON I70 HW BR","2000-05-17",1240,0.41,2000,5,17,39.05782,-95.85747,10270102,"TKN",10270102,102701,1027,10
"494492",5326611,"KANSAS/LOWER REPUBLICAN RIVER BASIN","SC648","1 MI S & 3/4 MI E OF VALENCIA ON I70 HW BR","2000-07-19",1248,1.08,2000,7,19,39.05782,-95.85747,10270102,"TKN",10270102,102701,1027,10
"494493",5326711,"KANSAS/LOWER REPUBLICAN RIVER BASIN","SC648","1 MI S & 3/4 MI E OF VALENCIA ON I70 HW BR","2000-11-15",1345,1.58,2000,11,15,39.05782,-95.85747,10270102,"TKN",10270102,102701,1027,10
"494494",5326811,"KANSAS/LOWER REPUBLICAN RIVER BASIN","SC648","","2003-02-05",910,0.237,2003,2,5,39.05782,-95.85747,10270102,"TKN",10270102,102701,1027,10
"494495",5326912,"KANSAS/LOWER REPUBLICAN RIVER BASIN","SC648","","2003-04-02",927,0.47,2003,4,2,39.05782,-95.85747,10270102,"TKN",10270102,102701,1027,10
"494496",5327012,"KANSAS/LOWER REPUBLICAN RIVER BASIN","SC648","","2003-04-02",932,0.488,2003,4,2,39.05782,-95.85747,10270102,"TKN",10270102,102701,1027,10
"494497",5327115,"KANSAS/LOWER REPUBLICAN RIVER BASIN","SC648","","2003-06-04",818,0.685,2003,6,4,39.05782,-95.85747,10270102,"TKN",10270102,102701,1027,10
"494498",5327213,"KANSAS/LOWER REPUBLICAN RIVER BASIN","SC648","","2003-08-06",915,0.509,2003,8,6,39.05782,-95.85747,10270102,"TKN",10270102,102701,1027,10
"494499",5327311,"KANSAS/LOWER REPUBLICAN RIVER BASIN","SC648","","2003-10-08",936,0.388,2003,10,8,39.05782,-95.85747,10270102,"TKN",10270102,102701,1027,10
"494500",5327412,"KANSAS/LOWER REPUBLICAN RIVER BASIN","SC648","","2003-12-29",948,0.164,2003,12,29,39.05782,-95.85747,10270102,"TKN",10270102,102701,1027,10
"494501",5327511,"KANSAS/LOWER REPUBLICAN RIVER BASIN","SC648","","2007-02-07",855,0.404,2007,2,7,39.05782,-95.85747,10270102,"TKN",10270102,102701,1027,10
"494502",5327611,"KANSAS/LOWER REPUBLICAN RIVER BASIN","SC648","","2007-02-07",900,0.346,2007,2,7,39.05782,-95.85747,10270102,"TKN",10270102,102701,1027,10
"494503",5327710,"KANSAS/LOWER REPUBLICAN RIVER BASIN","SC648","","2007-04-04",825,0.524,2007,4,4,39.05782,-95.85747,10270102,"TKN",10270102,102701,1027,10
"494504",5327811,"KANSAS/LOWER REPUBLICAN RIVER BASIN","SC648","","2007-06-06",837,0.351,2007,6,6,39.05782,-95.85747,10270102,"TKN",10270102,102701,1027,10
"494505",5327910,"KANSAS/LOWER REPUBLICAN RIVER BASIN","SC648","","2007-08-08",856,1.1,2007,8,8,39.05782,-95.85747,10270102,"TKN",10270102,102701,1027,10
"494506",5328011,"KANSAS/LOWER REPUBLICAN RIVER BASIN","SC648","","2007-10-03",851,0.74,2007,10,3,39.05782,-95.85747,10270102,"TKN",10270102,102701,1027,10
"494507",5328114,"KANSAS/LOWER REPUBLICAN RIVER BASIN","SC648","","2007-12-17",1009,0.825,2007,12,17,39.05782,-95.85747,10270102,"TKN",10270102,102701,1027,10
"494508",5328212,"KANSAS/LOWER REPUBLICAN RIVER BASIN","SC648","","2012-03-06",903,0.903,2012,3,6,39.05782,-95.85747,10270102,"TKN",10270102,102701,1027,10
"494509",5328311,"KANSAS/LOWER REPUBLICAN RIVER BASIN","SC648","","2012-06-19",851,0.482,2012,6,19,39.05782,-95.85747,10270102,"TKN",10270102,102701,1027,10
"494510",5328411,"KANSAS/LOWER REPUBLICAN RIVER BASIN","SC648","","2012-09-25",853,0.724,2012,9,25,39.05782,-95.85747,10270102,"TKN",10270102,102701,1027,10
"494511",5328511,"KANSAS/LOWER REPUBLICAN RIVER BASIN","SC648","","2012-12-18",915,0.362,2012,12,18,39.05782,-95.85747,10270102,"TKN",10270102,102701,1027,10
"494512",5328610,"KANSAS/LOWER REPUBLICAN RIVER BASIN","SC648","","2016-01-05",834,0.28,2016,1,5,39.05782,-95.85747,10270102,"TKN",10270102,102701,1027,10
"494513",5328711,"KANSAS/LOWER REPUBLICAN RIVER BASIN","SC648","","2016-04-05",842,0.3,2016,4,5,39.05782,-95.85747,10270102,"TKN",10270102,102701,1027,10
"494514",5328810,"KANSAS/LOWER REPUBLICAN RIVER BASIN","SC648","","2016-07-12",831,0.55,2016,7,12,39.05782,-95.85747,10270102,"TKN",10270102,102701,1027,10
"494515",5328911,"KANSAS/LOWER REPUBLICAN RIVER BASIN","SC648","","2016-10-04",842,0.31,2016,10,4,39.05782,-95.85747,10270102,"TKN",10270102,102701,1027,10
"494516",532909,"KANSAS/LOWER REPUBLICAN RIVER BASIN","SC648","","2020-02-04",813,0.1,2020,2,4,39.05782,-95.85747,10270102,"TKN",10270102,102701,1027,10
"494517",5329114,"KANSAS/LOWER REPUBLICAN RIVER BASIN","SC648","","2020-08-04",830,0.5,2020,8,4,39.05782,-95.85747,10270102,"TKN",10270102,102701,1027,10
"494518",5329212,"KANSAS/LOWER REPUBLICAN RIVER BASIN","SC648","","2020-11-23",1137,0.47,2020,11,23,39.05782,-95.85747,10270102,"TKN",10270102,102701,1027,10
"494519",5329310,"KANSAS/LOWER REPUBLICAN RIVER BASIN","SC648","","2024-03-04",700,0.1,2024,3,4,39.05782,-95.85747,10270102,"TKN",10270102,102701,1027,10
"494520",5329410,"KANSAS/LOWER REPUBLICAN RIVER BASIN","SC648","","2024-06-24",828,0.1,2024,6,24,39.05782,-95.85747,10270102,"TKN",10270102,102701,1027,10
"494521",5329510,"KANSAS/LOWER REPUBLICAN RIVER BASIN","SC648","","2024-09-09",616,0.43,2024,9,9,39.05782,-95.85747,10270102,"TKN",10270102,102701,1027,10
"494522",532969,"KANSAS/LOWER REPUBLICAN RIVER BASIN","SC648","","2024-12-02",653,0.28,2024,12,2,39.05782,-95.85747,10270102,"TKN",10270102,102701,1027,10
"494523",5330912,"KANSAS/LOWER REPUBLICAN RIVER BASIN","SC649","1 MI E 3 MI SE & 1 1/2 MI E OF CLIFTON ON CO RD BR","2001-04-17",1150,0.621,2001,4,17,39.52424,-97.21047,10250017,"TKN",10250017,102500,1025,10
"494524",5331012,"KANSAS/LOWER REPUBLICAN RIVER BASIN","SC649","1 MI E 3 MI SE & 1 1/2 MI E OF CLIFTON ON CO RD BR","2001-06-19",1145,0.496,2001,6,19,39.52424,-97.21047,10250017,"TKN",10250017,102500,1025,10
"494525",5331115,"KANSAS/LOWER REPUBLICAN RIVER BASIN","SC649","1 MI E 3 MI SE & 1 1/2 MI E OF CLIFTON ON CO RD BR","2001-08-21",1135,0.914,2001,8,21,39.52424,-97.21047,10250017,"TKN",10250017,102500,1025,10
"494526",5331213,"KANSAS/LOWER REPUBLICAN RIVER BASIN","SC649","1 MI E 3 MI SE & 1 1/2 MI E OF CLIFTON ON CO RD BR","2001-10-16",1150,0.853,2001,10,16,39.52424,-97.21047,10250017,"TKN",10250017,102500,1025,10
"494527",5331312,"KANSAS/LOWER REPUBLICAN RIVER BASIN","SC649","1 MI E 3 MI SE & 1 1/2 MI E OF CLIFTON ON CO RD BR","2001-12-18",1105,0.717,2001,12,18,39.52424,-97.21047,10250017,"TKN",10250017,102500,1025,10
"494528",5331412,"KANSAS/LOWER REPUBLICAN RIVER BASIN","SC649","","2003-02-17",1634,0.599,2003,2,17,39.52424,-97.21047,10250017,"TKN",10250017,102500,1025,10
"494529",5331512,"KANSAS/LOWER REPUBLICAN RIVER BASIN","SC649","","2003-02-17",1639,0.05,2003,2,17,39.52424,-97.21047,10250017,"TKN",10250017,102500,1025,10
"494530",5331611,"KANSAS/LOWER REPUBLICAN RIVER BASIN","SC649","","2003-04-14",1526,1.209,2003,4,14,39.52424,-97.21047,10250017,"TKN",10250017,102500,1025,10
"494531",5331711,"KANSAS/LOWER REPUBLICAN RIVER BASIN","SC649","","2003-06-16",1444,0.844,2003,6,16,39.52424,-97.21047,10250017,"TKN",10250017,102500,1025,10
"494532",5331911,"KANSAS/LOWER REPUBLICAN RIVER BASIN","SC649","","2003-10-20",1528,0.324,2003,10,20,39.52424,-97.21047,10250017,"TKN",10250017,102500,1025,10
"494533",5332010,"KANSAS/LOWER REPUBLICAN RIVER BASIN","SC649","","2007-02-19",1558,4.544,2007,2,19,39.52424,-97.21047,10250017,"TKN",10250017,102500,1025,10
"494534",5332115,"KANSAS/LOWER REPUBLICAN RIVER BASIN","SC649","","2007-04-16",1511,1.303,2007,4,16,39.52424,-97.21047,10250017,"TKN",10250017,102500,1025,10
"494535",5332212,"KANSAS/LOWER REPUBLICAN RIVER BASIN","SC649","","2007-06-18",1429,0.827,2007,6,18,39.52424,-97.21047,10250017,"TKN",10250017,102500,1025,10
"494536",5332311,"KANSAS/LOWER REPUBLICAN RIVER BASIN","SC649","","2007-08-20",1554,0.587,2007,8,20,39.52424,-97.21047,10250017,"TKN",10250017,102500,1025,10
"494537",5332410,"KANSAS/LOWER REPUBLICAN RIVER BASIN","SC649","","2007-10-15",1435,3.549,2007,10,15,39.52424,-97.21047,10250017,"TKN",10250017,102500,1025,10
"494538",5332511,"KANSAS/LOWER REPUBLICAN RIVER BASIN","SC649","","2007-12-17",1517,1.628,2007,12,17,39.52424,-97.21047,10250017,"TKN",10250017,102500,1025,10
"494539",5332611,"KANSAS/LOWER REPUBLICAN RIVER BASIN","SC649","","2011-03-07",1551,1.135,2011,3,7,39.52424,-97.21047,10250017,"TKN",10250017,102500,1025,10
"494540",5332711,"KANSAS/LOWER REPUBLICAN RIVER BASIN","SC649","","2011-06-06",1639,0.787,2011,6,6,39.52424,-97.21047,10250017,"TKN",10250017,102500,1025,10
"494541",5332811,"KANSAS/LOWER REPUBLICAN RIVER BASIN","SC649","","2011-06-06",1644,0.863,2011,6,6,39.52424,-97.21047,10250017,"TKN",10250017,102500,1025,10
"494542",5332911,"KANSAS/LOWER REPUBLICAN RIVER BASIN","SC649","","2011-09-12",1805,0.537,2011,9,12,39.52424,-97.21047,10250017,"TKN",10250017,102500,1025,10
"494543",5333011,"KANSAS/LOWER REPUBLICAN RIVER BASIN","SC649","","2011-12-12",1424,0.72,2011,12,12,39.52424,-97.21047,10250017,"TKN",10250017,102500,1025,10
"494544",5333211,"KANSAS/LOWER REPUBLICAN RIVER BASIN","SC649","","2015-04-14",841,0.67,2015,4,14,39.52424,-97.21047,10250017,"TKN",10250017,102500,1025,10
"494545",5333310,"KANSAS/LOWER REPUBLICAN RIVER BASIN","SC649","","2015-07-20",1746,6.2,2015,7,20,39.52424,-97.21047,10250017,"TKN",10250017,102500,1025,10
"494546",5333411,"KANSAS/LOWER REPUBLICAN RIVER BASIN","SC649","","2015-10-19",1559,0.59,2015,10,19,39.52424,-97.21047,10250017,"TKN",10250017,102500,1025,10
"494547",5333511,"KANSAS/LOWER REPUBLICAN RIVER BASIN","SC649","","2019-02-11",1519,0.87,2019,2,11,39.52424,-97.21047,10250017,"TKN",10250017,102500,1025,10
"494548",5333611,"KANSAS/LOWER REPUBLICAN RIVER BASIN","SC649","","2019-05-20",1524,0.85,2019,5,20,39.52424,-97.21047,10250017,"TKN",10250017,102500,1025,10
"494549",5333710,"KANSAS/LOWER REPUBLICAN RIVER BASIN","SC649","","2019-08-19",1748,0.71,2019,8,19,39.52424,-97.21047,10250017,"TKN",10250017,102500,1025,10
"494550",5333811,"KANSAS/LOWER REPUBLICAN RIVER BASIN","SC649","","2019-11-05",1332,0.67,2019,11,5,39.52424,-97.21047,10250017,"TKN",10250017,102500,1025,10
"494551",5333910,"KANSAS/LOWER REPUBLICAN RIVER BASIN","SC649","","2023-03-06",1545,1.3,2023,3,6,39.52424,-97.21047,10250017,"TKN",10250017,102500,1025,10
"494552",5334010,"KANSAS/LOWER REPUBLICAN RIVER BASIN","SC649","","2023-06-05",1726,1.4,2023,6,5,39.52424,-97.21047,10250017,"TKN",10250017,102500,1025,10
"494553",5334114,"KANSAS/LOWER REPUBLICAN RIVER BASIN","SC649","","2023-09-19",522,0.35,2023,9,19,39.52424,-97.21047,10250017,"TKN",10250017,102500,1025,10
"494554",5334211,"KANSAS/LOWER REPUBLICAN RIVER BASIN","SC649","","2023-12-04",828,0.26,2023,12,4,39.52424,-97.21047,10250017,"TKN",10250017,102500,1025,10
"494555",5335511,"KANSAS/LOWER REPUBLICAN RIVER BASIN","SC650","1 1/2 MI S & 1 MI E OF HOLLIS ON CO RD BR","2001-02-13",1335,1.15,2001,2,13,39.609847,-97.538453,10250017,"TKN",10250017,102500,1025,10
"494556",5335612,"KANSAS/LOWER REPUBLICAN RIVER BASIN","SC650","1 1/2 MI S & 1 MI E OF HOLLIS ON CO RD BR","2001-04-17",1225,1.101,2001,4,17,39.609847,-97.538453,10250017,"TKN",10250017,102500,1025,10
"494557",5335711,"KANSAS/LOWER REPUBLICAN RIVER BASIN","SC650","1 1/2 MI S & 1 MI E OF HOLLIS ON CO RD BR","2001-06-19",1230,0.572,2001,6,19,39.609847,-97.538453,10250017,"TKN",10250017,102500,1025,10
"494558",5335812,"KANSAS/LOWER REPUBLICAN RIVER BASIN","SC650","1 1/2 MI S & 1 MI E OF HOLLIS ON CO RD BR","2001-08-21",1215,1.256,2001,8,21,39.609847,-97.538453,10250017,"TKN",10250017,102500,1025,10
"494559",5335912,"KANSAS/LOWER REPUBLICAN RIVER BASIN","SC650","1 1/2 MI S & 1 MI E OF HOLLIS ON CO RD BR","2001-08-21",1220,1.522,2001,8,21,39.609847,-97.538453,10250017,"TKN",10250017,102500,1025,10
"494560",5336011,"KANSAS/LOWER REPUBLICAN RIVER BASIN","SC650","1 1/2 MI S & 1 MI E OF HOLLIS ON CO RD BR","2001-10-16",1225,1.271,2001,10,16,39.609847,-97.538453,10250017,"TKN",10250017,102500,1025,10
"494561",5336116,"KANSAS/LOWER REPUBLICAN RIVER BASIN","SC650","1 1/2 MI S & 1 MI E OF HOLLIS ON CO RD BR","2001-12-18",1200,0.812,2001,12,18,39.609847,-97.538453,10250017,"TKN",10250017,102500,1025,10
"494562",5336212,"KANSAS/LOWER REPUBLICAN RIVER BASIN","SC650","","2005-02-15",1224,0.566,2005,2,15,39.609847,-97.538453,10250017,"TKN",10250017,102500,1025,10
"494563",5336311,"KANSAS/LOWER REPUBLICAN RIVER BASIN","SC650","","2005-04-19",1345,1.476,2005,4,19,39.609847,-97.538453,10250017,"TKN",10250017,102500,1025,10
"494564",5336410,"KANSAS/LOWER REPUBLICAN RIVER BASIN","SC650","","2005-06-14",1200,2,2005,6,14,39.609847,-97.538453,10250017,"TKN",10250017,102500,1025,10
"494565",5336511,"KANSAS/LOWER REPUBLICAN RIVER BASIN","SC650","","2005-08-16",1209,1.459,2005,8,16,39.609847,-97.538453,10250017,"TKN",10250017,102500,1025,10
"494566",5336610,"KANSAS/LOWER REPUBLICAN RIVER BASIN","SC650","","2005-10-18",1254,1.245,2005,10,18,39.609847,-97.538453,10250017,"TKN",10250017,102500,1025,10
"494567",5336711,"KANSAS/LOWER REPUBLICAN RIVER BASIN","SC650","","2005-12-20",1256,0.337,2005,12,20,39.609847,-97.538453,10250017,"TKN",10250017,102500,1025,10
"494568",5336811,"KANSAS/LOWER REPUBLICAN RIVER BASIN","SC650","","2009-02-17",1119,0.578,2009,2,17,39.609847,-97.538453,10250017,"TKN",10250017,102500,1025,10
"494569",5336910,"KANSAS/LOWER REPUBLICAN RIVER BASIN","SC650","","2009-04-21",1206,1.121,2009,4,21,39.609847,-97.538453,10250017,"TKN",10250017,102500,1025,10
"494570",5337011,"KANSAS/LOWER REPUBLICAN RIVER BASIN","SC650","","2009-06-09",1124,1.466,2009,6,9,39.609847,-97.538453,10250017,"TKN",10250017,102500,1025,10
"494571",5337211,"KANSAS/LOWER REPUBLICAN RIVER BASIN","SC650","","2009-10-13",817,0.807,2009,10,13,39.609847,-97.538453,10250017,"TKN",10250017,102500,1025,10
"494572",5337310,"KANSAS/LOWER REPUBLICAN RIVER BASIN","SC650","","2009-12-15",1325,0.599,2009,12,15,39.609847,-97.538453,10250017,"TKN",10250017,102500,1025,10
"494573",5337411,"KANSAS/LOWER REPUBLICAN RIVER BASIN","SC650","","2013-02-12",947,0.374,2013,2,12,39.609847,-97.538453,10250017,"TKN",10250017,102500,1025,10
"494574",5337511,"KANSAS/LOWER REPUBLICAN RIVER BASIN","SC650","","2013-05-14",812,1.232,2013,5,14,39.609847,-97.538453,10250017,"TKN",10250017,102500,1025,10
"494575",5337610,"KANSAS/LOWER REPUBLICAN RIVER BASIN","SC650","","2013-08-12",1830,3.438,2013,8,12,39.609847,-97.538453,10250017,"TKN",10250017,102500,1025,10
"494576",5337711,"KANSAS/LOWER REPUBLICAN RIVER BASIN","SC650","","2013-11-04",1646,0.886,2013,11,4,39.609847,-97.538453,10250017,"TKN",10250017,102500,1025,10
"494577",5337811,"KANSAS/LOWER REPUBLICAN RIVER BASIN","SC650","","2017-03-15",803,0.4,2017,3,15,39.609847,-97.538453,10250017,"TKN",10250017,102500,1025,10
"494578",5337911,"KANSAS/LOWER REPUBLICAN RIVER BASIN","SC650","","2017-06-13",1321,0.6,2017,6,13,39.609847,-97.538453,10250017,"TKN",10250017,102500,1025,10
"494579",5338010,"KANSAS/LOWER REPUBLICAN RIVER BASIN","SC650","","2017-09-12",1350,0.9,2017,9,12,39.609847,-97.538453,10250017,"TKN",10250017,102500,1025,10
"494580",5338115,"KANSAS/LOWER REPUBLICAN RIVER BASIN","SC650","","2017-12-05",1312,0.36,2017,12,5,39.609847,-97.538453,10250017,"TKN",10250017,102500,1025,10
"494581",5338211,"KANSAS/LOWER REPUBLICAN RIVER BASIN","SC650","","2021-01-05",619,0.5,2021,1,5,39.609847,-97.538453,10250017,"TKN",10250017,102500,1025,10
"494582",5338310,"KANSAS/LOWER REPUBLICAN RIVER BASIN","SC650","","2021-04-06",621,1.1,2021,4,6,39.609847,-97.538453,10250017,"TKN",10250017,102500,1025,10
"494583",5338410,"KANSAS/LOWER REPUBLICAN RIVER BASIN","SC650","","2021-07-13",741,1.4,2021,7,13,39.609847,-97.538453,10250017,"TKN",10250017,102500,1025,10
"494584",5338510,"KANSAS/LOWER REPUBLICAN RIVER BASIN","SC650","","2021-10-05",603,0.88,2021,10,5,39.609847,-97.538453,10250017,"TKN",10250017,102500,1025,10
"494618",5344312,"KANSAS/LOWER REPUBLICAN RIVER BASIN","SC652","1 MI W & 1/4 MI S OF K-177/K-18 ON CO RD BR","2001-04-18",1005,0.314,2001,4,18,39.17206,-96.57676,10270101,"TKN",10270101,102701,1027,10
"494619",5344412,"KANSAS/LOWER REPUBLICAN RIVER BASIN","SC652","1 MI W & 1/4 MI S OF K-177/K-18 ON CO RD BR","2001-06-20",1030,6.028,2001,6,20,39.17206,-96.57676,10270101,"TKN",10270101,102701,1027,10
"494620",5344511,"KANSAS/LOWER REPUBLICAN RIVER BASIN","SC652","1 MI W & 1/4 MI S OF K-177/K-18 ON CO RD BR","2001-08-22",1030,0.529,2001,8,22,39.17206,-96.57676,10270101,"TKN",10270101,102701,1027,10
"494621",5344612,"KANSAS/LOWER REPUBLICAN RIVER BASIN","SC652","1 MI W & 1/4 MI S OF K-177/K-18 ON CO RD BR","2001-10-17",1050,0.408,2001,10,17,39.17206,-96.57676,10270101,"TKN",10270101,102701,1027,10
"494622",5344712,"KANSAS/LOWER REPUBLICAN RIVER BASIN","SC652","1 MI W & 1/4 MI S OF K-177/K-18 ON CO RD BR","2001-10-17",1055,0.438,2001,10,17,39.17206,-96.57676,10270101,"TKN",10270101,102701,1027,10
"494623",5344811,"KANSAS/LOWER REPUBLICAN RIVER BASIN","SC652","1 MI W & 1/4 MI S OF K-177/K-18 ON CO RD BR","2001-12-19",930,0.68,2001,12,19,39.17206,-96.57676,10270101,"TKN",10270101,102701,1027,10
"494624",5344912,"KANSAS/LOWER REPUBLICAN RIVER BASIN","SC652","","2003-02-05",1228,0.157,2003,2,5,39.17206,-96.57676,10270101,"TKN",10270101,102701,1027,10
"494625",5345012,"KANSAS/LOWER REPUBLICAN RIVER BASIN","SC652","","2003-02-05",1233,0.292,2003,2,5,39.17206,-96.57676,10270101,"TKN",10270101,102701,1027,10
"494626",5345115,"KANSAS/LOWER REPUBLICAN RIVER BASIN","SC652","","2003-04-02",1239,0.488,2003,4,2,39.17206,-96.57676,10270101,"TKN",10270101,102701,1027,10
"494627",5345213,"KANSAS/LOWER REPUBLICAN RIVER BASIN","SC652","","2003-06-04",1024,0.792,2003,6,4,39.17206,-96.57676,10270101,"TKN",10270101,102701,1027,10
"494628",5345311,"KANSAS/LOWER REPUBLICAN RIVER BASIN","SC652","","2003-08-06",1336,0.685,2003,8,6,39.17206,-96.57676,10270101,"TKN",10270101,102701,1027,10
"494629",5345412,"KANSAS/LOWER REPUBLICAN RIVER BASIN","SC652","","2003-10-08",1315,0.268,2003,10,8,39.17206,-96.57676,10270101,"TKN",10270101,102701,1027,10
"494630",5345511,"KANSAS/LOWER REPUBLICAN RIVER BASIN","SC652","","2003-12-29",1300,0.05,2003,12,29,39.17206,-96.57676,10270101,"TKN",10270101,102701,1027,10
"494631",5345610,"KANSAS/LOWER REPUBLICAN RIVER BASIN","SC652","","2007-02-07",1203,0.176,2007,2,7,39.17206,-96.57676,10270101,"TKN",10270101,102701,1027,10
"494632",5345711,"KANSAS/LOWER REPUBLICAN RIVER BASIN","SC652","","2007-04-04",1118,0.783,2007,4,4,39.17206,-96.57676,10270101,"TKN",10270101,102701,1027,10
"494633",5345810,"KANSAS/LOWER REPUBLICAN RIVER BASIN","SC652","","2007-06-06",1155,0.293,2007,6,6,39.17206,-96.57676,10270101,"TKN",10270101,102701,1027,10
"494634",5345911,"KANSAS/LOWER REPUBLICAN RIVER BASIN","SC652","","2007-08-08",1132,0.385,2007,8,8,39.17206,-96.57676,10270101,"TKN",10270101,102701,1027,10
"494635",5346011,"KANSAS/LOWER REPUBLICAN RIVER BASIN","SC652","","2007-08-08",1137,0.434,2007,8,8,39.17206,-96.57676,10270101,"TKN",10270101,102701,1027,10
"494636",5346115,"KANSAS/LOWER REPUBLICAN RIVER BASIN","SC652","","2007-10-03",1325,0.585,2007,10,3,39.17206,-96.57676,10270101,"TKN",10270101,102701,1027,10
"494637",5346212,"KANSAS/LOWER REPUBLICAN RIVER BASIN","SC652","","2007-12-17",1357,0.901,2007,12,17,39.17206,-96.57676,10270101,"TKN",10270101,102701,1027,10
"494638",5346311,"KANSAS/LOWER REPUBLICAN RIVER BASIN","SC652","","2011-02-07",1320,0.352,2011,2,7,39.17206,-96.57676,10270101,"TKN",10270101,102701,1027,10
"494639",5346411,"KANSAS/LOWER REPUBLICAN RIVER BASIN","SC652","","2011-05-23",1400,0.506,2011,5,23,39.17206,-96.57676,10270101,"TKN",10270101,102701,1027,10
"494640",5346511,"KANSAS/LOWER REPUBLICAN RIVER BASIN","SC652","","2011-08-08",1501,0.422,2011,8,8,39.17206,-96.57676,10270101,"TKN",10270101,102701,1027,10
"494641",5346611,"KANSAS/LOWER REPUBLICAN RIVER BASIN","SC652","","2011-11-28",1250,0.543,2011,11,28,39.17206,-96.57676,10270101,"TKN",10270101,102701,1027,10
"494642",5346711,"KANSAS/LOWER REPUBLICAN RIVER BASIN","SC652","","2015-03-03",1245,0.25,2015,3,3,39.17206,-96.57676,10270101,"TKN",10270101,102701,1027,10
"494643",5346811,"KANSAS/LOWER REPUBLICAN RIVER BASIN","SC652","","2015-06-02",1158,0.73,2015,6,2,39.17206,-96.57676,10270101,"TKN",10270101,102701,1027,10
"494644",5346911,"KANSAS/LOWER REPUBLICAN RIVER BASIN","SC652","","2015-06-02",1203,0.74,2015,6,2,39.17206,-96.57676,10270101,"TKN",10270101,102701,1027,10
"494645",5347011,"KANSAS/LOWER REPUBLICAN RIVER BASIN","SC652","","2015-09-08",1145,0.43,2015,9,8,39.17206,-96.57676,10270101,"TKN",10270101,102701,1027,10
"494646",5347114,"KANSAS/LOWER REPUBLICAN RIVER BASIN","SC652","","2015-12-02",1202,0.36,2015,12,2,39.17206,-96.57676,10270101,"TKN",10270101,102701,1027,10
"494647",5347212,"KANSAS/LOWER REPUBLICAN RIVER BASIN","SC652","","2019-01-29",1138,0.1,2019,1,29,39.17206,-96.57676,10270101,"TKN",10270101,102701,1027,10
"494648",5347311,"KANSAS/LOWER REPUBLICAN RIVER BASIN","SC652","","2019-04-02",1049,0.28,2019,4,2,39.17206,-96.57676,10270101,"TKN",10270101,102701,1027,10
"494649",5347411,"KANSAS/LOWER REPUBLICAN RIVER BASIN","SC652","","2019-07-09",1234,0.26,2019,7,9,39.17206,-96.57676,10270101,"TKN",10270101,102701,1027,10
"494650",5347511,"KANSAS/LOWER REPUBLICAN RIVER BASIN","SC652","","2019-07-09",1239,0.26,2019,7,9,39.17206,-96.57676,10270101,"TKN",10270101,102701,1027,10
"494651",5347610,"KANSAS/LOWER REPUBLICAN RIVER BASIN","SC652","","2019-10-22",1043,0.27,2019,10,22,39.17206,-96.57676,10270101,"TKN",10270101,102701,1027,10
"494652",5347710,"KANSAS/LOWER REPUBLICAN RIVER BASIN","SC652","","2023-02-06",1258,0.1,2023,2,6,39.17206,-96.57676,10270101,"TKN",10270101,102701,1027,10
"494653",5347810,"KANSAS/LOWER REPUBLICAN RIVER BASIN","SC652","","2023-05-01",1146,0.1,2023,5,1,39.17206,-96.57676,10270101,"TKN",10270101,102701,1027,10
"494654",5347910,"KANSAS/LOWER REPUBLICAN RIVER BASIN","SC652","","2023-08-07",1025,0.1,2023,8,7,39.17206,-96.57676,10270101,"TKN",10270101,102701,1027,10
"494655",534809,"KANSAS/LOWER REPUBLICAN RIVER BASIN","SC652","","2023-11-27",1051,0.2,2023,11,27,39.17206,-96.57676,10270101,"TKN",10270101,102701,1027,10
"495383",5467312,"KANSAS/LOWER REPUBLICAN RIVER BASIN","SC677","ON CO RD BR 2 1/2 MI E OF THE JUNCTION US 24 & US 59 HWY","2002-01-09",925,0.344,2002,1,9,39.06586,-95.29012,10270104,"TKN",10270104,102701,1027,10
"495384",5467412,"KANSAS/LOWER REPUBLICAN RIVER BASIN","SC677","ON CO RD BR 2 1/2 MI E OF THE JUNCTION US 24 & US 59 HWY","2002-01-09",930,0.237,2002,1,9,39.06586,-95.29012,10270104,"TKN",10270104,102701,1027,10
"495385",5467511,"KANSAS/LOWER REPUBLICAN RIVER BASIN","SC677","ON CO RD BR 2 1/2 MI E OF THE JUNCTION US 24 & US 59 HWY","2002-03-06",1010,0.144,2002,3,6,39.06586,-95.29012,10270104,"TKN",10270104,102701,1027,10
"495386",5467612,"KANSAS/LOWER REPUBLICAN RIVER BASIN","SC677","ON CO RD BR 2 1/2 MI E OF THE JUNCTION US 24 & US 59 HWY","2002-05-08",1005,3.327,2002,5,8,39.06586,-95.29012,10270104,"TKN",10270104,102701,1027,10
"495387",5467711,"KANSAS/LOWER REPUBLICAN RIVER BASIN","SC677","","2002-07-10",933,0.547,2002,7,10,39.06586,-95.29012,10270104,"TKN",10270104,102701,1027,10
"495388",5467911,"KANSAS/LOWER REPUBLICAN RIVER BASIN","SC677","","2002-11-13",926,0.285,2002,11,13,39.06586,-95.29012,10270104,"TKN",10270104,102701,1027,10
"495389",5468011,"KANSAS/LOWER REPUBLICAN RIVER BASIN","SC677","","2006-01-05",828,0.05,2006,1,5,39.06586,-95.29012,10270104,"TKN",10270104,102701,1027,10
"495390",5468110,"KANSAS/LOWER REPUBLICAN RIVER BASIN","SC677","","2006-03-09",905,0.161,2006,3,9,39.06586,-95.29012,10270104,"TKN",10270104,102701,1027,10
"495391",5468211,"KANSAS/LOWER REPUBLICAN RIVER BASIN","SC677","","2006-05-04",836,0.857,2006,5,4,39.06586,-95.29012,10270104,"TKN",10270104,102701,1027,10
"495392",5468310,"KANSAS/LOWER REPUBLICAN RIVER BASIN","SC677","","2006-07-06",822,0.244,2006,7,6,39.06586,-95.29012,10270104,"TKN",10270104,102701,1027,10
"495393",5468411,"KANSAS/LOWER REPUBLICAN RIVER BASIN","SC677","","2006-09-07",808,0.484,2006,9,7,39.06586,-95.29012,10270104,"TKN",10270104,102701,1027,10
"495394",5468510,"KANSAS/LOWER REPUBLICAN RIVER BASIN","SC677","","2006-11-02",808,0.486,2006,11,2,39.06586,-95.29012,10270104,"TKN",10270104,102701,1027,10
"495395",5468611,"KANSAS/LOWER REPUBLICAN RIVER BASIN","SC677","","2010-01-13",847,0.28,2010,1,13,39.06586,-95.29012,10270104,"TKN",10270104,102701,1027,10
"495396",5468711,"KANSAS/LOWER REPUBLICAN RIVER BASIN","SC677","","2010-04-28",826,0.403,2010,4,28,39.06586,-95.29012,10270104,"TKN",10270104,102701,1027,10
"495397",5468811,"KANSAS/LOWER REPUBLICAN RIVER BASIN","SC677","","2010-07-26",829,0.412,2010,7,26,39.06586,-95.29012,10270104,"TKN",10270104,102701,1027,10
"495398",5468911,"KANSAS/LOWER REPUBLICAN RIVER BASIN","SC677","","2010-07-26",834,0.35,2010,7,26,39.06586,-95.29012,10270104,"TKN",10270104,102701,1027,10
"495399",5469011,"KANSAS/LOWER REPUBLICAN RIVER BASIN","SC677","","2010-10-12",832,0.304,2010,10,12,39.06586,-95.29012,10270104,"TKN",10270104,102701,1027,10
"495400",5469211,"KANSAS/LOWER REPUBLICAN RIVER BASIN","SC677","","2014-05-05",818,0.34,2014,5,5,39.06586,-95.29012,10270104,"TKN",10270104,102701,1027,10
"495401",5469311,"KANSAS/LOWER REPUBLICAN RIVER BASIN","SC677","","2014-08-04",832,0.95,2014,8,4,39.06586,-95.29012,10270104,"TKN",10270104,102701,1027,10
"495402",5469410,"KANSAS/LOWER REPUBLICAN RIVER BASIN","SC677","","2014-11-12",847,0.1,2014,11,12,39.06586,-95.29012,10270104,"TKN",10270104,102701,1027,10
"495403",5469510,"KANSAS/LOWER REPUBLICAN RIVER BASIN","SC677","","2018-03-05",839,0.1,2018,3,5,39.06586,-95.29012,10270104,"TKN",10270104,102701,1027,10
"495404",5469611,"KANSAS/LOWER REPUBLICAN RIVER BASIN","SC677","","2018-06-18",909,0.54,2018,6,18,39.06586,-95.29012,10270104,"TKN",10270104,102701,1027,10
"495405",5469710,"KANSAS/LOWER REPUBLICAN RIVER BASIN","SC677","","2018-12-10",902,0.43,2018,12,10,39.06586,-95.29012,10270104,"TKN",10270104,102701,1027,10
"495406",5469810,"KANSAS/LOWER REPUBLICAN RIVER BASIN","SC677","","2022-01-24",630,0.1,2022,1,24,39.06586,-95.29012,10270104,"TKN",10270104,102701,1027,10
"495407",5469910,"KANSAS/LOWER REPUBLICAN RIVER BASIN","SC677","","2022-01-24",635,0.1,2022,1,24,39.06586,-95.29012,10270104,"TKN",10270104,102701,1027,10
"495408",5470010,"KANSAS/LOWER REPUBLICAN RIVER BASIN","SC677","","2022-04-26",605,0.3,2022,4,26,39.06586,-95.29012,10270104,"TKN",10270104,102701,1027,10
"495409",547019,"KANSAS/LOWER REPUBLICAN RIVER BASIN","SC677","","2022-07-05",622,0.28,2022,7,5,39.06586,-95.29012,10270104,"TKN",10270104,102701,1027,10
"495410",5470210,"KANSAS/LOWER REPUBLICAN RIVER BASIN","SC677","","2022-10-18",601,0.2,2022,10,18,39.06586,-95.29012,10270104,"TKN",10270104,102701,1027,10
"495411",5471612,"KANSAS/LOWER REPUBLICAN RIVER BASIN","SC678","","2003-02-06",1412,0.557,2003,2,6,38.91351,-95.29366,10270104,"TKN",10270104,102701,1027,10
"495412",5471711,"KANSAS/LOWER REPUBLICAN RIVER BASIN","SC678","","2003-04-03",1450,0.639,2003,4,3,38.91351,-95.29366,10270104,"TKN",10270104,102701,1027,10
"495413",5471812,"KANSAS/LOWER REPUBLICAN RIVER BASIN","SC678","","2003-06-05",1403,1.368,2003,6,5,38.91351,-95.29366,10270104,"TKN",10270104,102701,1027,10
"495414",5472012,"KANSAS/LOWER REPUBLICAN RIVER BASIN","SC678","","2003-10-09",1422,0.889,2003,10,9,38.91351,-95.29366,10270104,"TKN",10270104,102701,1027,10
"495415",5472111,"KANSAS/LOWER REPUBLICAN RIVER BASIN","SC678","","2003-12-30",1412,0.882,2003,12,30,38.91351,-95.29366,10270104,"TKN",10270104,102701,1027,10
"495416",5472211,"KANSAS/LOWER REPUBLICAN RIVER BASIN","SC678","","2007-02-08",1437,0.806,2007,2,8,38.91351,-95.29366,10270104,"TKN",10270104,102701,1027,10
"495417",5472310,"KANSAS/LOWER REPUBLICAN RIVER BASIN","SC678","","2007-04-05",1519,0.451,2007,4,5,38.91351,-95.29366,10270104,"TKN",10270104,102701,1027,10
"495418",5472411,"KANSAS/LOWER REPUBLICAN RIVER BASIN","SC678","","2007-06-07",1337,0.801,2007,6,7,38.91351,-95.29366,10270104,"TKN",10270104,102701,1027,10
"495419",5472510,"KANSAS/LOWER REPUBLICAN RIVER BASIN","SC678","","2007-08-09",1348,0.426,2007,8,9,38.91351,-95.29366,10270104,"TKN",10270104,102701,1027,10
"495420",5472611,"KANSAS/LOWER REPUBLICAN RIVER BASIN","SC678","","2007-10-04",1534,0.558,2007,10,4,38.91351,-95.29366,10270104,"TKN",10270104,102701,1027,10
"495421",5472710,"KANSAS/LOWER REPUBLICAN RIVER BASIN","SC678","","2007-12-18",1407,0.507,2007,12,18,38.91351,-95.29366,10270104,"TKN",10270104,102701,1027,10
"495422",5472811,"KANSAS/LOWER REPUBLICAN RIVER BASIN","SC678","","2011-02-28",1433,1.932,2011,2,28,38.91351,-95.29366,10270104,"TKN",10270104,102701,1027,10
"495423",5472911,"KANSAS/LOWER REPUBLICAN RIVER BASIN","SC678","","2011-05-24",1505,0.519,2011,5,24,38.91351,-95.29366,10270104,"TKN",10270104,102701,1027,10
"495424",5473011,"KANSAS/LOWER REPUBLICAN RIVER BASIN","SC678","","2011-08-09",1501,0.442,2011,8,9,38.91351,-95.29366,10270104,"TKN",10270104,102701,1027,10
"495425",5473111,"KANSAS/LOWER REPUBLICAN RIVER BASIN","SC678","","2011-11-29",1457,0.451,2011,11,29,38.91351,-95.29366,10270104,"TKN",10270104,102701,1027,10
"495426",5473211,"KANSAS/LOWER REPUBLICAN RIVER BASIN","SC678","","2015-03-02",1438,0.37,2015,3,2,38.91351,-95.29366,10270104,"TKN",10270104,102701,1027,10
"495427",5473311,"KANSAS/LOWER REPUBLICAN RIVER BASIN","SC678","","2015-06-01",1445,0.76,2015,6,1,38.91351,-95.29366,10270104,"TKN",10270104,102701,1027,10
"495428",5473410,"KANSAS/LOWER REPUBLICAN RIVER BASIN","SC678","","2015-09-01",1513,0.43,2015,9,1,38.91351,-95.29366,10270104,"TKN",10270104,102701,1027,10
"495429",5473511,"KANSAS/LOWER REPUBLICAN RIVER BASIN","SC678","","2015-12-01",1510,0.88,2015,12,1,38.91351,-95.29366,10270104,"TKN",10270104,102701,1027,10
"495430",5473611,"KANSAS/LOWER REPUBLICAN RIVER BASIN","SC678","","2019-01-28",1442,0.72,2019,1,28,38.91351,-95.29366,10270104,"TKN",10270104,102701,1027,10
"495431",5473711,"KANSAS/LOWER REPUBLICAN RIVER BASIN","SC678","","2019-04-01",1317,0.31,2019,4,1,38.91351,-95.29366,10270104,"TKN",10270104,102701,1027,10
"495432",5473810,"KANSAS/LOWER REPUBLICAN RIVER BASIN","SC678","","2019-07-08",1340,0.29,2019,7,8,38.91351,-95.29366,10270104,"TKN",10270104,102701,1027,10
"495433",5473911,"KANSAS/LOWER REPUBLICAN RIVER BASIN","SC678","","2019-10-21",1421,0.3,2019,10,21,38.91351,-95.29366,10270104,"TKN",10270104,102701,1027,10
"495434",5474010,"KANSAS/LOWER REPUBLICAN RIVER BASIN","SC678","","2023-02-07",1226,0.1,2023,2,7,38.91351,-95.29366,10270104,"TKN",10270104,102701,1027,10
"495435",5474110,"KANSAS/LOWER REPUBLICAN RIVER BASIN","SC678","","2023-05-02",1147,0.28,2023,5,2,38.91351,-95.29366,10270104,"TKN",10270104,102701,1027,10
"495436",547429,"KANSAS/LOWER REPUBLICAN RIVER BASIN","SC678","","2023-08-08",1241,0.26,2023,8,8,38.91351,-95.29366,10270104,"TKN",10270104,102701,1027,10
"495437",5474310,"KANSAS/LOWER REPUBLICAN RIVER BASIN","SC678","","2023-11-28",1330,0.34,2023,11,28,38.91351,-95.29366,10270104,"TKN",10270104,102701,1027,10
"495438",5474912,"KANSAS/LOWER REPUBLICAN RIVER BASIN","SC679","ON CO RD BR 1/2 MI W 1 MI N & 1/2 MI E OF SIBLEYVILLE","2000-01-05",1050,0.344,2000,1,5,38.898999,-95.196399,10270104,"TKN",10270104,102701,1027,10
"495439",5475011,"KANSAS/LOWER REPUBLICAN RIVER BASIN","SC679","ON CO RD BR 1/2 MI W 1 MI N & 1/2 MI E OF SIBLEYVILLE","2000-03-08",1010,0.165,2000,3,8,38.898999,-95.196399,10270104,"TKN",10270104,102701,1027,10
"495440",5475112,"KANSAS/LOWER REPUBLICAN RIVER BASIN","SC679","ON CO RD BR 1/2 MI W 1 MI N & 1/2 MI E OF SIBLEYVILLE","2000-05-03",940,0.82,2000,5,3,38.898999,-95.196399,10270104,"TKN",10270104,102701,1027,10
"495441",5475212,"KANSAS/LOWER REPUBLICAN RIVER BASIN","SC679","ON CO RD BR 1/2 MI W 1 MI N & 1/2 MI E OF SIBLEYVILLE","2000-05-03",945,0.67,2000,5,3,38.898999,-95.196399,10270104,"TKN",10270104,102701,1027,10
"495442",5475311,"KANSAS/LOWER REPUBLICAN RIVER BASIN","SC679","ON CO RD BR 1/2 MI W 1 MI N & 1/2 MI E OF SIBLEYVILLE","2000-07-05",945,0.78,2000,7,5,38.898999,-95.196399,10270104,"TKN",10270104,102701,1027,10
"495443",5475411,"KANSAS/LOWER REPUBLICAN RIVER BASIN","SC679","ON CO RD BR 1/2 MI W 1 MI N & 1/2 MI E OF SIBLEYVILLE","2000-11-01",1015,3,2000,11,1,38.898999,-95.196399,10270104,"TKN",10270104,102701,1027,10
"495444",5475511,"KANSAS/LOWER REPUBLICAN RIVER BASIN","SC679","","2004-01-08",1456,0.891,2004,1,8,38.898999,-95.196399,10270104,"TKN",10270104,102701,1027,10
"495445",5475610,"KANSAS/LOWER REPUBLICAN RIVER BASIN","SC679","","2004-03-02",1449,1.177,2004,3,2,38.898999,-95.196399,10270104,"TKN",10270104,102701,1027,10
"495446",5475711,"KANSAS/LOWER REPUBLICAN RIVER BASIN","SC679","","2004-05-06",1338,0.652,2004,5,6,38.898999,-95.196399,10270104,"TKN",10270104,102701,1027,10
"495447",5475810,"KANSAS/LOWER REPUBLICAN RIVER BASIN","SC679","","2004-07-08",1428,1.139,2004,7,8,38.898999,-95.196399,10270104,"TKN",10270104,102701,1027,10
"495448",5475911,"KANSAS/LOWER REPUBLICAN RIVER BASIN","SC679","","2004-09-09",1458,0.448,2004,9,9,38.898999,-95.196399,10270104,"TKN",10270104,102701,1027,10
"495449",5476010,"KANSAS/LOWER REPUBLICAN RIVER BASIN","SC679","","2004-11-04",1327,1.719,2004,11,4,38.898999,-95.196399,10270104,"TKN",10270104,102701,1027,10
"495450",5476110,"KANSAS/LOWER REPUBLICAN RIVER BASIN","SC679","","2008-01-09",1418,1.012,2008,1,9,38.898999,-95.196399,10270104,"TKN",10270104,102701,1027,10
"495451",5476211,"KANSAS/LOWER REPUBLICAN RIVER BASIN","SC679","","2008-03-05",1359,1.055,2008,3,5,38.898999,-95.196399,10270104,"TKN",10270104,102701,1027,10
"495452",5476310,"KANSAS/LOWER REPUBLICAN RIVER BASIN","SC679","","2008-05-07",1442,0.467,2008,5,7,38.898999,-95.196399,10270104,"TKN",10270104,102701,1027,10
"495453",5476411,"KANSAS/LOWER REPUBLICAN RIVER BASIN","SC679","","2008-07-09",1440,0.453,2008,7,9,38.898999,-95.196399,10270104,"TKN",10270104,102701,1027,10
"495454",5476510,"KANSAS/LOWER REPUBLICAN RIVER BASIN","SC679","","2008-09-03",1426,0.707,2008,9,3,38.898999,-95.196399,10270104,"TKN",10270104,102701,1027,10
"495455",5476611,"KANSAS/LOWER REPUBLICAN RIVER BASIN","SC679","","2008-11-13",1414,0.633,2008,11,13,38.898999,-95.196399,10270104,"TKN",10270104,102701,1027,10
"495456",5476711,"KANSAS/LOWER REPUBLICAN RIVER BASIN","SC679","","2012-03-05",1529,0.752,2012,3,5,38.898999,-95.196399,10270104,"TKN",10270104,102701,1027,10
"495457",5477110,"KANSAS/LOWER REPUBLICAN RIVER BASIN","SC679","","2016-01-04",1513,0.54,2016,1,4,38.898999,-95.196399,10270104,"TKN",10270104,102701,1027,10
"495458",5477210,"KANSAS/LOWER REPUBLICAN RIVER BASIN","SC679","","2016-01-04",1518,0.53,2016,1,4,38.898999,-95.196399,10270104,"TKN",10270104,102701,1027,10
"495459",5477311,"KANSAS/LOWER REPUBLICAN RIVER BASIN","SC679","","2016-04-04",1623,0.43,2016,4,4,38.898999,-95.196399,10270104,"TKN",10270104,102701,1027,10
"495460",5477411,"KANSAS/LOWER REPUBLICAN RIVER BASIN","SC679","","2016-07-11",1418,0.79,2016,7,11,38.898999,-95.196399,10270104,"TKN",10270104,102701,1027,10
"495461",5477510,"KANSAS/LOWER REPUBLICAN RIVER BASIN","SC679","","2016-10-03",1442,0.44,2016,10,3,38.898999,-95.196399,10270104,"TKN",10270104,102701,1027,10
"495462",547769,"KANSAS/LOWER REPUBLICAN RIVER BASIN","SC679","","2020-02-03",1344,0.23,2020,2,3,38.898999,-95.196399,10270104,"TKN",10270104,102701,1027,10
"495463",5477710,"KANSAS/LOWER REPUBLICAN RIVER BASIN","SC679","","2020-08-03",918,0.56,2020,8,3,38.898999,-95.196399,10270104,"TKN",10270104,102701,1027,10
"495464",547789,"KANSAS/LOWER REPUBLICAN RIVER BASIN","SC679","","2020-11-30",751,0.4,2020,11,30,38.898999,-95.196399,10270104,"TKN",10270104,102701,1027,10
"495465",5477910,"KANSAS/LOWER REPUBLICAN RIVER BASIN","SC679","","2024-03-05",1149,0.26,2024,3,5,38.898999,-95.196399,10270104,"TKN",10270104,102701,1027,10
"495466",5478010,"KANSAS/LOWER REPUBLICAN RIVER BASIN","SC679","","2024-06-17",1332,0.26,2024,6,17,38.898999,-95.196399,10270104,"TKN",10270104,102701,1027,10
"495467",547819,"KANSAS/LOWER REPUBLICAN RIVER BASIN","SC679","","2024-12-03",1244,0.5,2024,12,3,38.898999,-95.196399,10270104,"TKN",10270104,102701,1027,10
"495468",5478811,"KANSAS/LOWER REPUBLICAN RIVER BASIN","SC680","ON CO RD BR. 3/4 M W OF THE W EDGE OF LINWOOD & 2/4 M N OF LINWOO","2001-01-31",1020,0.77,2001,1,31,39.0104,-95.05629,10270104,"TKN",10270104,102701,1027,10
"495469",5478912,"KANSAS/LOWER REPUBLICAN RIVER BASIN","SC680","ON CO RD BR. 3/4 M W OF THE W EDGE OF LINWOOD & 2/4 M N OF LINWOO","2001-04-04",1020,1.593,2001,4,4,39.0104,-95.05629,10270104,"TKN",10270104,102701,1027,10
"495470",5479012,"KANSAS/LOWER REPUBLICAN RIVER BASIN","SC680","ON CO RD BR. 3/4 M W OF THE W EDGE OF LINWOOD & 2/4 M N OF LINWOO","2001-04-04",1025,2.055,2001,4,4,39.0104,-95.05629,10270104,"TKN",10270104,102701,1027,10
"495471",5479111,"KANSAS/LOWER REPUBLICAN RIVER BASIN","SC680","ON CO RD BR. 3/4 M W OF THE W EDGE OF LINWOOD & 2/4 M N OF LINWOO","2001-06-06",1015,2.177,2001,6,6,39.0104,-95.05629,10270104,"TKN",10270104,102701,1027,10
"495472",5479212,"KANSAS/LOWER REPUBLICAN RIVER BASIN","SC680","ON CO RD BR. 3/4 M W OF THE W EDGE OF LINWOOD & 2/4 M N OF LINWOO","2001-08-08",940,0.407,2001,8,8,39.0104,-95.05629,10270104,"TKN",10270104,102701,1027,10
"495473",5479311,"KANSAS/LOWER REPUBLICAN RIVER BASIN","SC680","ON CO RD BR. 3/4 M W OF THE W EDGE OF LINWOOD & 2/4 M N OF LINWOO","2001-10-03",1050,0.844,2001,10,3,39.0104,-95.05629,10270104,"TKN",10270104,102701,1027,10
"495474",5479412,"KANSAS/LOWER REPUBLICAN RIVER BASIN","SC680","ON CO RD BR. 3/4 M W OF THE W EDGE OF LINWOOD & 2/4 M N OF LINWOO","2001-12-05",940,0.776,2001,12,5,39.0104,-95.05629,10270104,"TKN",10270104,102701,1027,10
"495475",5479510,"KANSAS/LOWER REPUBLICAN RIVER BASIN","SC680","","2005-02-03",921,0.05,2005,2,3,39.0104,-95.05629,10270104,"TKN",10270104,102701,1027,10
"495476",5479611,"KANSAS/LOWER REPUBLICAN RIVER BASIN","SC680","","2005-04-07",812,0.05,2005,4,7,39.0104,-95.05629,10270104,"TKN",10270104,102701,1027,10
"495477",5479710,"KANSAS/LOWER REPUBLICAN RIVER BASIN","SC680","","2005-06-02",910,1.388,2005,6,2,39.0104,-95.05629,10270104,"TKN",10270104,102701,1027,10
"495478",5479811,"KANSAS/LOWER REPUBLICAN RIVER BASIN","SC680","","2005-08-04",859,0.37,2005,8,4,39.0104,-95.05629,10270104,"TKN",10270104,102701,1027,10
"495479",5479910,"KANSAS/LOWER REPUBLICAN RIVER BASIN","SC680","","2005-10-06",847,1.123,2005,10,6,39.0104,-95.05629,10270104,"TKN",10270104,102701,1027,10
"495480",5480011,"KANSAS/LOWER REPUBLICAN RIVER BASIN","SC680","","2005-12-08",1015,0.05,2005,12,8,39.0104,-95.05629,10270104,"TKN",10270104,102701,1027,10
"495481",5480111,"KANSAS/LOWER REPUBLICAN RIVER BASIN","SC680","","2005-12-08",1020,0.331,2005,12,8,39.0104,-95.05629,10270104,"TKN",10270104,102701,1027,10
"495482",5480211,"KANSAS/LOWER REPUBLICAN RIVER BASIN","SC680","","2009-02-04",852,0.416,2009,2,4,39.0104,-95.05629,10270104,"TKN",10270104,102701,1027,10
"495483",5480310,"KANSAS/LOWER REPUBLICAN RIVER BASIN","SC680","","2009-04-06",916,0.343,2009,4,6,39.0104,-95.05629,10270104,"TKN",10270104,102701,1027,10
"495484",5480411,"KANSAS/LOWER REPUBLICAN RIVER BASIN","SC680","","2009-06-03",838,0.342,2009,6,3,39.0104,-95.05629,10270104,"TKN",10270104,102701,1027,10
"495485",5480511,"KANSAS/LOWER REPUBLICAN RIVER BASIN","SC680","","2009-06-03",843,0.384,2009,6,3,39.0104,-95.05629,10270104,"TKN",10270104,102701,1027,10
"495486",5480711,"KANSAS/LOWER REPUBLICAN RIVER BASIN","SC680","","2009-10-07",952,0.279,2009,10,7,39.0104,-95.05629,10270104,"TKN",10270104,102701,1027,10
"495487",5480810,"KANSAS/LOWER REPUBLICAN RIVER BASIN","SC680","","2009-12-29",915,0.384,2009,12,29,39.0104,-95.05629,10270104,"TKN",10270104,102701,1027,10
"495488",5480911,"KANSAS/LOWER REPUBLICAN RIVER BASIN","SC680","","2013-01-28",902,0.639,2013,1,28,39.0104,-95.05629,10270104,"TKN",10270104,102701,1027,10
"495489",5481011,"KANSAS/LOWER REPUBLICAN RIVER BASIN","SC680","","2013-04-29",954,0.552,2013,4,29,39.0104,-95.05629,10270104,"TKN",10270104,102701,1027,10
"495490",5481111,"KANSAS/LOWER REPUBLICAN RIVER BASIN","SC680","","2013-07-08",927,0.577,2013,7,8,39.0104,-95.05629,10270104,"TKN",10270104,102701,1027,10
"495491",5481210,"KANSAS/LOWER REPUBLICAN RIVER BASIN","SC680","","2013-10-22",1004,0.513,2013,10,22,39.0104,-95.05629,10270104,"TKN",10270104,102701,1027,10
"495492",5481311,"KANSAS/LOWER REPUBLICAN RIVER BASIN","SC680","","2017-02-06",940,0.28,2017,2,6,39.0104,-95.05629,10270104,"TKN",10270104,102701,1027,10
"495493",5481411,"KANSAS/LOWER REPUBLICAN RIVER BASIN","SC680","","2017-05-01",910,1.5,2017,5,1,39.0104,-95.05629,10270104,"TKN",10270104,102701,1027,10
"495494",5481511,"KANSAS/LOWER REPUBLICAN RIVER BASIN","SC680","","2017-08-07",947,0.89,2017,8,7,39.0104,-95.05629,10270104,"TKN",10270104,102701,1027,10
"495495",5481610,"KANSAS/LOWER REPUBLICAN RIVER BASIN","SC680","","2017-11-06",936,0.31,2017,11,6,39.0104,-95.05629,10270104,"TKN",10270104,102701,1027,10
"495496",5481710,"KANSAS/LOWER REPUBLICAN RIVER BASIN","SC680","","2021-03-01",718,0.48,2021,3,1,39.0104,-95.05629,10270104,"TKN",10270104,102701,1027,10
"495497",5481810,"KANSAS/LOWER REPUBLICAN RIVER BASIN","SC680","","2021-03-01",723,0.3,2021,3,1,39.0104,-95.05629,10270104,"TKN",10270104,102701,1027,10
"495498",548199,"KANSAS/LOWER REPUBLICAN RIVER BASIN","SC680","","2021-12-06",723,0.21,2021,12,6,39.0104,-95.05629,10270104,"TKN",10270104,102701,1027,10
"495499",5483312,"KANSAS/LOWER REPUBLICAN RIVER BASIN","SC681","ON K-16 HW BR, 1/4 MILE S. & 1/2 MILE E OF THE SOUTHEDGE OF ONAGA","2002-03-27",940,0.36,2002,3,27,39.479048,-96.157054,10270102,"TKN",10270102,102701,1027,10
"495500",5483412,"KANSAS/LOWER REPUBLICAN RIVER BASIN","SC681","ON K-16 HW BR, 1/4 MILE S. & 1/2 MILE E OF THE SOUTHEDGE OF ONAGA","2002-03-27",945,0.403,2002,3,27,39.479048,-96.157054,10270102,"TKN",10270102,102701,1027,10
"495501",5483511,"KANSAS/LOWER REPUBLICAN RIVER BASIN","SC681","ON K-16 HW BR, 1/4 MILE S. & 1/2 MILE E OF THE SOUTHEDGE OF ONAGA","2002-05-29",950,0.759,2002,5,29,39.479048,-96.157054,10270102,"TKN",10270102,102701,1027,10
"495502",5483612,"KANSAS/LOWER REPUBLICAN RIVER BASIN","SC681","","2002-07-30",1103,0.74,2002,7,30,39.479048,-96.157054,10270102,"TKN",10270102,102701,1027,10
"495503",5483711,"KANSAS/LOWER REPUBLICAN RIVER BASIN","SC681","","2002-09-25",1033,1.073,2002,9,25,39.479048,-96.157054,10270102,"TKN",10270102,102701,1027,10
"495504",5483812,"KANSAS/LOWER REPUBLICAN RIVER BASIN","SC681","","2002-11-25",1001,0.298,2002,11,25,39.479048,-96.157054,10270102,"TKN",10270102,102701,1027,10
"495505",5483910,"KANSAS/LOWER REPUBLICAN RIVER BASIN","SC681","","2006-01-04",1039,0.05,2006,1,4,39.479048,-96.157054,10270102,"TKN",10270102,102701,1027,10
"495506",5484011,"KANSAS/LOWER REPUBLICAN RIVER BASIN","SC681","","2006-03-08",1112,0.267,2006,3,8,39.479048,-96.157054,10270102,"TKN",10270102,102701,1027,10
"495507",5484111,"KANSAS/LOWER REPUBLICAN RIVER BASIN","SC681","","2006-03-08",1117,0.383,2006,3,8,39.479048,-96.157054,10270102,"TKN",10270102,102701,1027,10
"495508",5484210,"KANSAS/LOWER REPUBLICAN RIVER BASIN","SC681","","2006-05-03",1038,0.8,2006,5,3,39.479048,-96.157054,10270102,"TKN",10270102,102701,1027,10
"495509",5484311,"KANSAS/LOWER REPUBLICAN RIVER BASIN","SC681","","2006-07-05",959,0.817,2006,7,5,39.479048,-96.157054,10270102,"TKN",10270102,102701,1027,10
"495510",5484410,"KANSAS/LOWER REPUBLICAN RIVER BASIN","SC681","","2006-09-06",1027,2.57,2006,9,6,39.479048,-96.157054,10270102,"TKN",10270102,102701,1027,10
"495511",5484511,"KANSAS/LOWER REPUBLICAN RIVER BASIN","SC681","","2006-11-01",1043,2.486,2006,11,1,39.479048,-96.157054,10270102,"TKN",10270102,102701,1027,10
"495512",5484711,"KANSAS/LOWER REPUBLICAN RIVER BASIN","SC681","","2010-04-27",1035,0.548,2010,4,27,39.479048,-96.157054,10270102,"TKN",10270102,102701,1027,10
"495513",5484811,"KANSAS/LOWER REPUBLICAN RIVER BASIN","SC681","","2010-07-27",1037,0.338,2010,7,27,39.479048,-96.157054,10270102,"TKN",10270102,102701,1027,10
"495514",5484911,"KANSAS/LOWER REPUBLICAN RIVER BASIN","SC681","","2010-10-13",1128,0.578,2010,10,13,39.479048,-96.157054,10270102,"TKN",10270102,102701,1027,10
"495515",5485011,"KANSAS/LOWER REPUBLICAN RIVER BASIN","SC681","","2014-02-24",921,1.2,2014,2,24,39.479048,-96.157054,10270102,"TKN",10270102,102701,1027,10
"495516",5485110,"KANSAS/LOWER REPUBLICAN RIVER BASIN","SC681","","2014-05-06",957,0.35,2014,5,6,39.479048,-96.157054,10270102,"TKN",10270102,102701,1027,10
"495517",5485211,"KANSAS/LOWER REPUBLICAN RIVER BASIN","SC681","","2014-08-05",955,0.77,2014,8,5,39.479048,-96.157054,10270102,"TKN",10270102,102701,1027,10
"495518",5485310,"KANSAS/LOWER REPUBLICAN RIVER BASIN","SC681","","2014-11-24",1002,0.29,2014,11,24,39.479048,-96.157054,10270102,"TKN",10270102,102701,1027,10
"495519",5485411,"KANSAS/LOWER REPUBLICAN RIVER BASIN","SC681","","2018-03-06",1015,0.69,2018,3,6,39.479048,-96.157054,10270102,"TKN",10270102,102701,1027,10
"495520",5485510,"KANSAS/LOWER REPUBLICAN RIVER BASIN","SC681","","2018-06-19",951,1.1,2018,6,19,39.479048,-96.157054,10270102,"TKN",10270102,102701,1027,10
"495521",5485611,"KANSAS/LOWER REPUBLICAN RIVER BASIN","SC681","","2018-09-25",1003,0.96,2018,9,25,39.479048,-96.157054,10270102,"TKN",10270102,102701,1027,10
"495522",5485710,"KANSAS/LOWER REPUBLICAN RIVER BASIN","SC681","","2018-12-11",934,0.31,2018,12,11,39.479048,-96.157054,10270102,"TKN",10270102,102701,1027,10
"495523",548589,"KANSAS/LOWER REPUBLICAN RIVER BASIN","SC681","","2022-04-18",727,0.36,2022,4,18,39.479048,-96.157054,10270102,"TKN",10270102,102701,1027,10
"495524",5485910,"KANSAS/LOWER REPUBLICAN RIVER BASIN","SC681","","2022-07-25",938,0.4,2022,7,25,39.479048,-96.157054,10270102,"TKN",10270102,102701,1027,10
"495525",5486010,"KANSAS/LOWER REPUBLICAN RIVER BASIN","SC681","","2022-10-24",824,0.79,2022,10,24,39.479048,-96.157054,10270102,"TKN",10270102,102701,1027,10
"495572",5494511,"KANSAS/LOWER REPUBLICAN RIVER BASIN","SC683","","2003-02-26",1558,0.46,2003,2,26,39.36338,-95.28536,10270104,"TKN",10270104,102701,1027,10
"495573",5494612,"KANSAS/LOWER REPUBLICAN RIVER BASIN","SC683","","2003-04-23",1030,2.366,2003,4,23,39.36338,-95.28536,10270104,"TKN",10270104,102701,1027,10
"495574",5494712,"KANSAS/LOWER REPUBLICAN RIVER BASIN","SC683","","2003-04-23",1035,2.467,2003,4,23,39.36338,-95.28536,10270104,"TKN",10270104,102701,1027,10
"495575",5494811,"KANSAS/LOWER REPUBLICAN RIVER BASIN","SC683","","2003-06-25",924,1.439,2003,6,25,39.36338,-95.28536,10270104,"TKN",10270104,102701,1027,10
"495576",5495011,"KANSAS/LOWER REPUBLICAN RIVER BASIN","SC683","","2003-10-29",1011,0.851,2003,10,29,39.36338,-95.28536,10270104,"TKN",10270104,102701,1027,10
"495577",5495112,"KANSAS/LOWER REPUBLICAN RIVER BASIN","SC683","","2003-12-22",1040,0.665,2003,12,22,39.36338,-95.28536,10270104,"TKN",10270104,102701,1027,10
"495578",5495211,"KANSAS/LOWER REPUBLICAN RIVER BASIN","SC683","","2007-02-27",923,1.288,2007,2,27,39.36338,-95.28536,10270104,"TKN",10270104,102701,1027,10
"495579",5495310,"KANSAS/LOWER REPUBLICAN RIVER BASIN","SC683","","2007-04-25",855,1.863,2007,4,25,39.36338,-95.28536,10270104,"TKN",10270104,102701,1027,10
"495580",5495411,"KANSAS/LOWER REPUBLICAN RIVER BASIN","SC683","","2007-06-27",916,1.568,2007,6,27,39.36338,-95.28536,10270104,"TKN",10270104,102701,1027,10
"495581",5495510,"KANSAS/LOWER REPUBLICAN RIVER BASIN","SC683","","2007-08-29",933,0.75,2007,8,29,39.36338,-95.28536,10270104,"TKN",10270104,102701,1027,10
"495582",5495611,"KANSAS/LOWER REPUBLICAN RIVER BASIN","SC683","","2007-10-24",944,1.401,2007,10,24,39.36338,-95.28536,10270104,"TKN",10270104,102701,1027,10
"495583",5495710,"KANSAS/LOWER REPUBLICAN RIVER BASIN","SC683","","2007-12-26",915,1.03,2007,12,26,39.36338,-95.28536,10270104,"TKN",10270104,102701,1027,10
"495584",5495811,"KANSAS/LOWER REPUBLICAN RIVER BASIN","SC683","","2011-03-15",1007,0.596,2011,3,15,39.36338,-95.28536,10270104,"TKN",10270104,102701,1027,10
"495585",5495911,"KANSAS/LOWER REPUBLICAN RIVER BASIN","SC683","","2011-06-13",914,0.788,2011,6,13,39.36338,-95.28536,10270104,"TKN",10270104,102701,1027,10
"495586",5496011,"KANSAS/LOWER REPUBLICAN RIVER BASIN","SC683","","2011-09-06",929,0.87,2011,9,6,39.36338,-95.28536,10270104,"TKN",10270104,102701,1027,10
"495587",5496111,"KANSAS/LOWER REPUBLICAN RIVER BASIN","SC683","","2011-12-19",1009,1.148,2011,12,19,39.36338,-95.28536,10270104,"TKN",10270104,102701,1027,10
"495588",5496211,"KANSAS/LOWER REPUBLICAN RIVER BASIN","SC683","","2015-01-05",913,0.65,2015,1,5,39.36338,-95.28536,10270104,"TKN",10270104,102701,1027,10
"495589",5496310,"KANSAS/LOWER REPUBLICAN RIVER BASIN","SC683","","2015-04-20",908,1,2015,4,20,39.36338,-95.28536,10270104,"TKN",10270104,102701,1027,10
"495590",5496411,"KANSAS/LOWER REPUBLICAN RIVER BASIN","SC683","","2015-07-13",936,1.2,2015,7,13,39.36338,-95.28536,10270104,"TKN",10270104,102701,1027,10
"495591",5496511,"KANSAS/LOWER REPUBLICAN RIVER BASIN","SC683","","2015-07-13",941,1.2,2015,7,13,39.36338,-95.28536,10270104,"TKN",10270104,102701,1027,10
"495592",5496610,"KANSAS/LOWER REPUBLICAN RIVER BASIN","SC683","","2015-10-12",950,0.76,2015,10,12,39.36338,-95.28536,10270104,"TKN",10270104,102701,1027,10
"495593",5496711,"KANSAS/LOWER REPUBLICAN RIVER BASIN","SC683","","2019-02-04",914,1.4,2019,2,4,39.36338,-95.28536,10270104,"TKN",10270104,102701,1027,10
"495594",5496811,"KANSAS/LOWER REPUBLICAN RIVER BASIN","SC683","","2019-02-04",919,1.6,2019,2,4,39.36338,-95.28536,10270104,"TKN",10270104,102701,1027,10
"495595",5496910,"KANSAS/LOWER REPUBLICAN RIVER BASIN","SC683","","2019-05-13",900,1.2,2019,5,13,39.36338,-95.28536,10270104,"TKN",10270104,102701,1027,10
"495596",5497011,"KANSAS/LOWER REPUBLICAN RIVER BASIN","SC683","","2019-08-12",934,0.57,2019,8,12,39.36338,-95.28536,10270104,"TKN",10270104,102701,1027,10
"495597",5497110,"KANSAS/LOWER REPUBLICAN RIVER BASIN","SC683","","2019-11-12",903,0.62,2019,11,12,39.36338,-95.28536,10270104,"TKN",10270104,102701,1027,10
"495598",5497210,"KANSAS/LOWER REPUBLICAN RIVER BASIN","SC683","","2023-03-20",820,0.29,2023,3,20,39.36338,-95.28536,10270104,"TKN",10270104,102701,1027,10
"495599",549739,"KANSAS/LOWER REPUBLICAN RIVER BASIN","SC683","","2023-06-19",849,0.84,2023,6,19,39.36338,-95.28536,10270104,"TKN",10270104,102701,1027,10
"495600",5497410,"KANSAS/LOWER REPUBLICAN RIVER BASIN","SC683","","2023-09-05",820,0.39,2023,9,5,39.36338,-95.28536,10270104,"TKN",10270104,102701,1027,10
"495601",5497510,"KANSAS/LOWER REPUBLICAN RIVER BASIN","SC683","","2023-09-05",825,0.5,2023,9,5,39.36338,-95.28536,10270104,"TKN",10270104,102701,1027,10
"495602",5497610,"KANSAS/LOWER REPUBLICAN RIVER BASIN","SC683","","2023-12-18",851,0.28,2023,12,18,39.36338,-95.28536,10270104,"TKN",10270104,102701,1027,10
"495603",5498211,"KANSAS/LOWER REPUBLICAN RIVER BASIN","SC684","ON COUNTY RD BK 2 3/4 MILES W OF ROCK CREEK","2000-01-27",1330,0.57,2000,1,27,39.24527,-95.58252,10270103,"TKN",10270103,102701,1027,10
"495604",5498312,"KANSAS/LOWER REPUBLICAN RIVER BASIN","SC684","ON COUNTY RD BK 2 3/4 MILES W OF ROCK CREEK","2000-03-30",1305,0.11,2000,3,30,39.24527,-95.58252,10270103,"TKN",10270103,102701,1027,10
"495605",549849,"KANSAS/LOWER REPUBLICAN RIVER BASIN","SC684","ON COUNTY RD BK 2 3/4 MILES W OF ROCK CREEK","2000-05-25",1235,0.2,2000,5,25,39.24527,-95.58252,10270103,"TKN",10270103,102701,1027,10
"495606",5498512,"KANSAS/LOWER REPUBLICAN RIVER BASIN","SC684","ON COUNTY RD BK 2 3/4 MILES W OF ROCK CREEK","2000-07-27",1320,0.92,2000,7,27,39.24527,-95.58252,10270103,"TKN",10270103,102701,1027,10
"495607",5498712,"KANSAS/LOWER REPUBLICAN RIVER BASIN","SC684","","2003-04-23",842,0.709,2003,4,23,39.24527,-95.58252,10270103,"TKN",10270103,102701,1027,10
"495608",5498811,"KANSAS/LOWER REPUBLICAN RIVER BASIN","SC684","","2003-06-25",817,0.484,2003,6,25,39.24527,-95.58252,10270103,"TKN",10270103,102701,1027,10
"495609",5499211,"KANSAS/LOWER REPUBLICAN RIVER BASIN","SC684","","2007-02-27",811,0.525,2007,2,27,39.24527,-95.58252,10270103,"TKN",10270103,102701,1027,10
"495610",5499310,"KANSAS/LOWER REPUBLICAN RIVER BASIN","SC684","","2007-04-25",747,0.286,2007,4,25,39.24527,-95.58252,10270103,"TKN",10270103,102701,1027,10
"495611",5499411,"KANSAS/LOWER REPUBLICAN RIVER BASIN","SC684","","2007-06-27",747,0.411,2007,6,27,39.24527,-95.58252,10270103,"TKN",10270103,102701,1027,10
"495612",5499511,"KANSAS/LOWER REPUBLICAN RIVER BASIN","SC684","","2007-10-24",800,0.533,2007,10,24,39.24527,-95.58252,10270103,"TKN",10270103,102701,1027,10
"495613",5499610,"KANSAS/LOWER REPUBLICAN RIVER BASIN","SC684","","2007-12-26",801,0.389,2007,12,26,39.24527,-95.58252,10270103,"TKN",10270103,102701,1027,10
"495614",5499711,"KANSAS/LOWER REPUBLICAN RIVER BASIN","SC684","","2011-03-15",1746,0.626,2011,3,15,39.24527,-95.58252,10270103,"TKN",10270103,102701,1027,10
"495615",5499811,"KANSAS/LOWER REPUBLICAN RIVER BASIN","SC684","","2011-06-13",1609,0.317,2011,6,13,39.24527,-95.58252,10270103,"TKN",10270103,102701,1027,10
"495616",5500011,"KANSAS/LOWER REPUBLICAN RIVER BASIN","SC684","","2011-12-19",1616,0.421,2011,12,19,39.24527,-95.58252,10270103,"TKN",10270103,102701,1027,10
"495617",5500210,"KANSAS/LOWER REPUBLICAN RIVER BASIN","SC684","","2015-04-20",1755,0.58,2015,4,20,39.24527,-95.58252,10270103,"TKN",10270103,102701,1027,10
"495618",5500311,"KANSAS/LOWER REPUBLICAN RIVER BASIN","SC684","","2015-07-13",1740,0.58,2015,7,13,39.24527,-95.58252,10270103,"TKN",10270103,102701,1027,10
"495619",5500511,"KANSAS/LOWER REPUBLICAN RIVER BASIN","SC684","","2019-02-04",1525,0.79,2019,2,4,39.24527,-95.58252,10270103,"TKN",10270103,102701,1027,10
"495620",5500610,"KANSAS/LOWER REPUBLICAN RIVER BASIN","SC684","","2019-05-13",1503,0.32,2019,5,13,39.24527,-95.58252,10270103,"TKN",10270103,102701,1027,10
"495621",5500711,"KANSAS/LOWER REPUBLICAN RIVER BASIN","SC684","","2019-08-12",1605,0.27,2019,8,12,39.24527,-95.58252,10270103,"TKN",10270103,102701,1027,10
"495622",5500810,"KANSAS/LOWER REPUBLICAN RIVER BASIN","SC684","","2019-11-12",1428,0.33,2019,11,12,39.24527,-95.58252,10270103,"TKN",10270103,102701,1027,10
"495623",5500910,"KANSAS/LOWER REPUBLICAN RIVER BASIN","SC684","","2023-03-20",637,0.1,2023,3,20,39.24527,-95.58252,10270103,"TKN",10270103,102701,1027,10
"495624",550109,"KANSAS/LOWER REPUBLICAN RIVER BASIN","SC684","","2023-06-19",626,0.4,2023,6,19,39.24527,-95.58252,10270103,"TKN",10270103,102701,1027,10
"495625",5501812,"KANSAS/LOWER REPUBLICAN RIVER BASIN","SC685","ON COUNTY RD BR 3 M W & 2 M N OF THE JNC OF US75 HW & ELMONT RD","2001-02-21",945,1.057,2001,2,21,39.18726,-95.77549,10270102,"TKN",10270102,102701,1027,10
"495626",5501911,"KANSAS/LOWER REPUBLICAN RIVER BASIN","SC685","ON COUNTY RD BR 3 M W & 2 M N OF THE JNC OF US75 HW & ELMONT RD","2001-04-25",915,0.05,2001,4,25,39.18726,-95.77549,10270102,"TKN",10270102,102701,1027,10
"495627",5502012,"KANSAS/LOWER REPUBLICAN RIVER BASIN","SC685","ON COUNTY RD BR 3 M W & 2 M N OF THE JNC OF US75 HW & ELMONT RD","2001-06-27",900,0.293,2001,6,27,39.18726,-95.77549,10270102,"TKN",10270102,102701,1027,10
"495628",5502112,"KANSAS/LOWER REPUBLICAN RIVER BASIN","SC685","ON COUNTY RD BR 3 M W & 2 M N OF THE JNC OF US75 HW & ELMONT RD","2001-06-27",905,0.17,2001,6,27,39.18726,-95.77549,10270102,"TKN",10270102,102701,1027,10
"495629",5502211,"KANSAS/LOWER REPUBLICAN RIVER BASIN","SC685","ON COUNTY RD BR 3 M W & 2 M N OF THE JNC OF US75 HW & ELMONT RD","2001-08-29",900,0.929,2001,8,29,39.18726,-95.77549,10270102,"TKN",10270102,102701,1027,10
"495630",5502312,"KANSAS/LOWER REPUBLICAN RIVER BASIN","SC685","ON COUNTY RD BR 3 M W & 2 M N OF THE JNC OF US75 HW & ELMONT RD","2001-10-24",835,0.481,2001,10,24,39.18726,-95.77549,10270102,"TKN",10270102,102701,1027,10
"495631",5502411,"KANSAS/LOWER REPUBLICAN RIVER BASIN","SC685","ON COUNTY RD BR 3 M W & 2 M N OF THE JNC OF US75 HW & ELMONT RD","2001-12-26",910,0.885,2001,12,26,39.18726,-95.77549,10270102,"TKN",10270102,102701,1027,10
"495632",5502510,"KANSAS/LOWER REPUBLICAN RIVER BASIN","SC685","","2005-02-02",902,0.657,2005,2,2,39.18726,-95.77549,10270102,"TKN",10270102,102701,1027,10
"495633",5502611,"KANSAS/LOWER REPUBLICAN RIVER BASIN","SC685","","2005-04-06",856,0.163,2005,4,6,39.18726,-95.77549,10270102,"TKN",10270102,102701,1027,10
"495634",5502710,"KANSAS/LOWER REPUBLICAN RIVER BASIN","SC685","","2005-06-01",903,0.05,2005,6,1,39.18726,-95.77549,10270102,"TKN",10270102,102701,1027,10
"495635",5502811,"KANSAS/LOWER REPUBLICAN RIVER BASIN","SC685","","2005-08-03",859,0.2,2005,8,3,39.18726,-95.77549,10270102,"TKN",10270102,102701,1027,10
"495636",5502911,"KANSAS/LOWER REPUBLICAN RIVER BASIN","SC685","","2005-08-03",904,0.294,2005,8,3,39.18726,-95.77549,10270102,"TKN",10270102,102701,1027,10
"495637",5503010,"KANSAS/LOWER REPUBLICAN RIVER BASIN","SC685","","2005-10-05",902,0.463,2005,10,5,39.18726,-95.77549,10270102,"TKN",10270102,102701,1027,10
"495638",5503111,"KANSAS/LOWER REPUBLICAN RIVER BASIN","SC685","","2005-12-07",943,0.137,2005,12,7,39.18726,-95.77549,10270102,"TKN",10270102,102701,1027,10
"495639",5503211,"KANSAS/LOWER REPUBLICAN RIVER BASIN","SC685","","2009-02-03",838,0.24,2009,2,3,39.18726,-95.77549,10270102,"TKN",10270102,102701,1027,10
"495640",5503311,"KANSAS/LOWER REPUBLICAN RIVER BASIN","SC685","","2009-02-03",843,0.433,2009,2,3,39.18726,-95.77549,10270102,"TKN",10270102,102701,1027,10
"495641",5503410,"KANSAS/LOWER REPUBLICAN RIVER BASIN","SC685","","2009-04-07",849,0.278,2009,4,7,39.18726,-95.77549,10270102,"TKN",10270102,102701,1027,10
"495642",5503511,"KANSAS/LOWER REPUBLICAN RIVER BASIN","SC685","","2009-06-02",823,0.524,2009,6,2,39.18726,-95.77549,10270102,"TKN",10270102,102701,1027,10
"495643",5503711,"KANSAS/LOWER REPUBLICAN RIVER BASIN","SC685","","2009-10-05",1003,0.289,2009,10,5,39.18726,-95.77549,10270102,"TKN",10270102,102701,1027,10
"495644",5503811,"KANSAS/LOWER REPUBLICAN RIVER BASIN","SC685","","2009-10-05",1008,0.307,2009,10,5,39.18726,-95.77549,10270102,"TKN",10270102,102701,1027,10
"495645",5503910,"KANSAS/LOWER REPUBLICAN RIVER BASIN","SC685","","2009-12-21",941,0.292,2009,12,21,39.18726,-95.77549,10270102,"TKN",10270102,102701,1027,10
"495646",5504011,"KANSAS/LOWER REPUBLICAN RIVER BASIN","SC685","","2013-01-29",830,0.333,2013,1,29,39.18726,-95.77549,10270102,"TKN",10270102,102701,1027,10
"495647",5504111,"KANSAS/LOWER REPUBLICAN RIVER BASIN","SC685","","2013-04-30",753,0.297,2013,4,30,39.18726,-95.77549,10270102,"TKN",10270102,102701,1027,10
"495648",5504411,"KANSAS/LOWER REPUBLICAN RIVER BASIN","SC685","","2017-02-07",813,0.34,2017,2,7,39.18726,-95.77549,10270102,"TKN",10270102,102701,1027,10
"495649",5504511,"KANSAS/LOWER REPUBLICAN RIVER BASIN","SC685","","2017-05-02",824,0.98,2017,5,2,39.18726,-95.77549,10270102,"TKN",10270102,102701,1027,10
"495650",5504611,"KANSAS/LOWER REPUBLICAN RIVER BASIN","SC685","","2017-08-08",906,0.53,2017,8,8,39.18726,-95.77549,10270102,"TKN",10270102,102701,1027,10
"495651",5504710,"KANSAS/LOWER REPUBLICAN RIVER BASIN","SC685","","2017-11-07",853,0.26,2017,11,7,39.18726,-95.77549,10270102,"TKN",10270102,102701,1027,10
"495652",5504810,"KANSAS/LOWER REPUBLICAN RIVER BASIN","SC685","","2021-03-02",614,0.54,2021,3,2,39.18726,-95.77549,10270102,"TKN",10270102,102701,1027,10
"495653",5504910,"KANSAS/LOWER REPUBLICAN RIVER BASIN","SC685","","2021-06-21",802,0.57,2021,6,21,39.18726,-95.77549,10270102,"TKN",10270102,102701,1027,10
"495654",550509,"KANSAS/LOWER REPUBLICAN RIVER BASIN","SC685","","2021-09-08",615,0.37,2021,9,8,39.18726,-95.77549,10270102,"TKN",10270102,102701,1027,10
"495655",5505912,"KANSAS/LOWER REPUBLICAN RIVER BASIN","SC686","ON COUNTY RD BK 3 MILES NORTH OF LARKINBURG","2001-02-21",1650,1.53,2001,2,21,39.50537,-95.57014,10270103,"TKN",10270103,102701,1027,10
"495656",5506012,"KANSAS/LOWER REPUBLICAN RIVER BASIN","SC686","ON COUNTY RD BK 3 MILES NORTH OF LARKINBURG","2001-02-21",1655,1.601,2001,2,21,39.50537,-95.57014,10270103,"TKN",10270103,102701,1027,10
"495657",5506111,"KANSAS/LOWER REPUBLICAN RIVER BASIN","SC686","ON COUNTY RD BK 3 MILES NORTH OF LARKINBURG","2001-04-25",1520,0.05,2001,4,25,39.50537,-95.57014,10270103,"TKN",10270103,102701,1027,10
"495658",5506212,"KANSAS/LOWER REPUBLICAN RIVER BASIN","SC686","ON COUNTY RD BK 3 MILES NORTH OF LARKINBURG","2001-06-27",1605,0.18,2001,6,27,39.50537,-95.57014,10270103,"TKN",10270103,102701,1027,10
"495659",5506311,"KANSAS/LOWER REPUBLICAN RIVER BASIN","SC686","ON COUNTY RD BK 3 MILES NORTH OF LARKINBURG","2001-08-29",1505,0.692,2001,8,29,39.50537,-95.57014,10270103,"TKN",10270103,102701,1027,10
"495660",5506412,"KANSAS/LOWER REPUBLICAN RIVER BASIN","SC686","ON COUNTY RD BK 3 MILES NORTH OF LARKINBURG","2001-10-24",1425,0.549,2001,10,24,39.50537,-95.57014,10270103,"TKN",10270103,102701,1027,10
"495661",5506512,"KANSAS/LOWER REPUBLICAN RIVER BASIN","SC686","ON COUNTY RD BK 3 MILES NORTH OF LARKINBURG","2001-10-24",1430,0.544,2001,10,24,39.50537,-95.57014,10270103,"TKN",10270103,102701,1027,10
"495662",5506611,"KANSAS/LOWER REPUBLICAN RIVER BASIN","SC686","ON COUNTY RD BK 3 MILES NORTH OF LARKINBURG","2001-12-26",1530,0.655,2001,12,26,39.50537,-95.57014,10270103,"TKN",10270103,102701,1027,10
"495663",5506710,"KANSAS/LOWER REPUBLICAN RIVER BASIN","SC686","","2004-01-21",1354,0.05,2004,1,21,39.50537,-95.57014,10270103,"TKN",10270103,102701,1027,10
"495664",5506811,"KANSAS/LOWER REPUBLICAN RIVER BASIN","SC686","","2004-03-24",1341,0.159,2004,3,24,39.50537,-95.57014,10270103,"TKN",10270103,102701,1027,10
"495665",5506911,"KANSAS/LOWER REPUBLICAN RIVER BASIN","SC686","","2004-03-24",1346,0.159,2004,3,24,39.50537,-95.57014,10270103,"TKN",10270103,102701,1027,10
"495666",5507010,"KANSAS/LOWER REPUBLICAN RIVER BASIN","SC686","","2004-05-26",916,0.225,2004,5,26,39.50537,-95.57014,10270103,"TKN",10270103,102701,1027,10
"495667",5507111,"KANSAS/LOWER REPUBLICAN RIVER BASIN","SC686","","2004-07-28",931,0.281,2004,7,28,39.50537,-95.57014,10270103,"TKN",10270103,102701,1027,10
"495668",5507210,"KANSAS/LOWER REPUBLICAN RIVER BASIN","SC686","","2004-09-29",1033,0.186,2004,9,29,39.50537,-95.57014,10270103,"TKN",10270103,102701,1027,10
"495669",5507311,"KANSAS/LOWER REPUBLICAN RIVER BASIN","SC686","","2004-11-22",1012,0.05,2004,11,22,39.50537,-95.57014,10270103,"TKN",10270103,102701,1027,10
"495670",5507410,"KANSAS/LOWER REPUBLICAN RIVER BASIN","SC686","","2008-01-23",930,0.308,2008,1,23,39.50537,-95.57014,10270103,"TKN",10270103,102701,1027,10
"495671",5507511,"KANSAS/LOWER REPUBLICAN RIVER BASIN","SC686","","2008-03-26",858,0.402,2008,3,26,39.50537,-95.57014,10270103,"TKN",10270103,102701,1027,10
"495672",5507610,"KANSAS/LOWER REPUBLICAN RIVER BASIN","SC686","","2008-05-28",1003,1.898,2008,5,28,39.50537,-95.57014,10270103,"TKN",10270103,102701,1027,10
"495673",5507711,"KANSAS/LOWER REPUBLICAN RIVER BASIN","SC686","","2008-07-30",920,0.853,2008,7,30,39.50537,-95.57014,10270103,"TKN",10270103,102701,1027,10
"495674",5507810,"KANSAS/LOWER REPUBLICAN RIVER BASIN","SC686","","2008-09-24",857,3.153,2008,9,24,39.50537,-95.57014,10270103,"TKN",10270103,102701,1027,10
"495675",5507911,"KANSAS/LOWER REPUBLICAN RIVER BASIN","SC686","","2008-11-24",857,0.184,2008,11,24,39.50537,-95.57014,10270103,"TKN",10270103,102701,1027,10
"495676",5508011,"KANSAS/LOWER REPUBLICAN RIVER BASIN","SC686","","2012-01-17",943,0.33,2012,1,17,39.50537,-95.57014,10270103,"TKN",10270103,102701,1027,10
"495677",5508111,"KANSAS/LOWER REPUBLICAN RIVER BASIN","SC686","","2012-04-02",930,0.388,2012,4,2,39.50537,-95.57014,10270103,"TKN",10270103,102701,1027,10
"495678",5508211,"KANSAS/LOWER REPUBLICAN RIVER BASIN","SC686","","2012-07-16",927,0.366,2012,7,16,39.50537,-95.57014,10270103,"TKN",10270103,102701,1027,10
"495679",5508311,"KANSAS/LOWER REPUBLICAN RIVER BASIN","SC686","","2012-10-01",958,0.208,2012,10,1,39.50537,-95.57014,10270103,"TKN",10270103,102701,1027,10
"495680",5508411,"KANSAS/LOWER REPUBLICAN RIVER BASIN","SC686","","2016-02-08",939,0.45,2016,2,8,39.50537,-95.57014,10270103,"TKN",10270103,102701,1027,10
"495681",5508511,"KANSAS/LOWER REPUBLICAN RIVER BASIN","SC686","","2016-05-09",933,0.58,2016,5,9,39.50537,-95.57014,10270103,"TKN",10270103,102701,1027,10
"495682",5508610,"KANSAS/LOWER REPUBLICAN RIVER BASIN","SC686","","2016-08-08",954,0.52,2016,8,8,39.50537,-95.57014,10270103,"TKN",10270103,102701,1027,10
"495683",5508711,"KANSAS/LOWER REPUBLICAN RIVER BASIN","SC686","","2016-11-01",917,0.21,2016,11,1,39.50537,-95.57014,10270103,"TKN",10270103,102701,1027,10
"495684",5508811,"KANSAS/LOWER REPUBLICAN RIVER BASIN","SC686","","2016-11-01",922,0.24,2016,11,1,39.50537,-95.57014,10270103,"TKN",10270103,102701,1027,10
"495685",5508910,"KANSAS/LOWER REPUBLICAN RIVER BASIN","SC686","","2020-03-09",835,0.29,2020,3,9,39.50537,-95.57014,10270103,"TKN",10270103,102701,1027,10
"495686",550909,"KANSAS/LOWER REPUBLICAN RIVER BASIN","SC686","","2020-09-08",958,0.3,2020,9,8,39.50537,-95.57014,10270103,"TKN",10270103,102701,1027,10
"495687",5509110,"KANSAS/LOWER REPUBLICAN RIVER BASIN","SC686","","2020-12-01",723,0.41,2020,12,1,39.50537,-95.57014,10270103,"TKN",10270103,102701,1027,10
"495688",5509210,"KANSAS/LOWER REPUBLICAN RIVER BASIN","SC686","","2024-01-17",828,0.23,2024,1,17,39.50537,-95.57014,10270103,"TKN",10270103,102701,1027,10
"495689",550939,"KANSAS/LOWER REPUBLICAN RIVER BASIN","SC686","","2024-04-15",735,0.33,2024,4,15,39.50537,-95.57014,10270103,"TKN",10270103,102701,1027,10
"495690",5509410,"KANSAS/LOWER REPUBLICAN RIVER BASIN","SC686","","2024-07-15",810,0.34,2024,7,15,39.50537,-95.57014,10270103,"TKN",10270103,102701,1027,10
"495691",5509510,"KANSAS/LOWER REPUBLICAN RIVER BASIN","SC686","","2024-10-14",810,0.1,2024,10,14,39.50537,-95.57014,10270103,"TKN",10270103,102701,1027,10
"496213",5594312,"KANSAS/LOWER REPUBLICAN RIVER BASIN","SC707","ON K-28 HWY BR 1/8 MILE NW OF THE JUNCTION OF K-28 AND K-9 HWY","2002-01-23",1205,0.696,2002,1,23,39.57596,-97.706201,10250017,"TKN",10250017,102500,1025,10
"496214",5594412,"KANSAS/LOWER REPUBLICAN RIVER BASIN","SC707","ON K-28 HWY BR 1/8 MILE NW OF THE JUNCTION OF K-28 AND K-9 HWY","2002-01-23",1210,0.391,2002,1,23,39.57596,-97.706201,10250017,"TKN",10250017,102500,1025,10
"496215",5594511,"KANSAS/LOWER REPUBLICAN RIVER BASIN","SC707","ON K-28 HWY BR 1/8 MILE NW OF THE JUNCTION OF K-28 AND K-9 HWY","2002-03-19",1245,0.537,2002,3,19,39.57596,-97.706201,10250017,"TKN",10250017,102500,1025,10
"496216",5594612,"KANSAS/LOWER REPUBLICAN RIVER BASIN","SC707","ON K-28 HWY BR 1/8 MILE NW OF THE JUNCTION OF K-28 AND K-9 HWY","2002-05-21",1315,0.685,2002,5,21,39.57596,-97.706201,10250017,"TKN",10250017,102500,1025,10
"496217",5594711,"KANSAS/LOWER REPUBLICAN RIVER BASIN","SC707","","2002-07-23",1250,1.393,2002,7,23,39.57596,-97.706201,10250017,"TKN",10250017,102500,1025,10
"496218",5594812,"KANSAS/LOWER REPUBLICAN RIVER BASIN","SC707","","2002-09-17",1347,3.224,2002,9,17,39.57596,-97.706201,10250017,"TKN",10250017,102500,1025,10
"496219",5594911,"KANSAS/LOWER REPUBLICAN RIVER BASIN","SC707","","2002-11-19",1251,1.759,2002,11,19,39.57596,-97.706201,10250017,"TKN",10250017,102500,1025,10
"496220",5595011,"KANSAS/LOWER REPUBLICAN RIVER BASIN","SC707","","2006-01-24",1245,2.069,2006,1,24,39.57596,-97.706201,10250017,"TKN",10250017,102500,1025,10
"496221",5595113,"KANSAS/LOWER REPUBLICAN RIVER BASIN","SC707","","2006-05-16",1348,1.36,2006,5,16,39.57596,-97.706201,10250017,"TKN",10250017,102500,1025,10
"496222",5595311,"KANSAS/LOWER REPUBLICAN RIVER BASIN","SC707","","2006-09-19",1507,3.039,2006,9,19,39.57596,-97.706201,10250017,"TKN",10250017,102500,1025,10
"496223",5595511,"KANSAS/LOWER REPUBLICAN RIVER BASIN","SC707","","2010-02-02",803,0.548,2010,2,2,39.57596,-97.706201,10250017,"TKN",10250017,102500,1025,10
"496224",5595611,"KANSAS/LOWER REPUBLICAN RIVER BASIN","SC707","","2010-05-04",805,1.16,2010,5,4,39.57596,-97.706201,10250017,"TKN",10250017,102500,1025,10
"496225",5595711,"KANSAS/LOWER REPUBLICAN RIVER BASIN","SC707","","2010-08-03",802,0.827,2010,8,3,39.57596,-97.706201,10250017,"TKN",10250017,102500,1025,10
"496226",5595811,"KANSAS/LOWER REPUBLICAN RIVER BASIN","SC707","","2010-11-02",809,0.787,2010,11,2,39.57596,-97.706201,10250017,"TKN",10250017,102500,1025,10
"496227",5595911,"KANSAS/LOWER REPUBLICAN RIVER BASIN","SC707","","2014-03-11",1042,0.5,2014,3,11,39.57596,-97.706201,10250017,"TKN",10250017,102500,1025,10
"496228",5596010,"KANSAS/LOWER REPUBLICAN RIVER BASIN","SC707","","2014-06-09",1754,1.7,2014,6,9,39.57596,-97.706201,10250017,"TKN",10250017,102500,1025,10
"496229",5596114,"KANSAS/LOWER REPUBLICAN RIVER BASIN","SC707","","2014-09-16",744,1.6,2014,9,16,39.57596,-97.706201,10250017,"TKN",10250017,102500,1025,10
"496230",5596211,"KANSAS/LOWER REPUBLICAN RIVER BASIN","SC707","","2014-12-09",1106,0.76,2014,12,9,39.57596,-97.706201,10250017,"TKN",10250017,102500,1025,10
"496231",5596310,"KANSAS/LOWER REPUBLICAN RIVER BASIN","SC707","","2014-12-09",1111,0.61,2014,12,9,39.57596,-97.706201,10250017,"TKN",10250017,102500,1025,10
"496232",5596410,"KANSAS/LOWER REPUBLICAN RIVER BASIN","SC707","","2017-03-14",1052,0.53,2017,3,14,39.57596,-97.706201,10250017,"TKN",10250017,102500,1025,10
"496233",5596511,"KANSAS/LOWER REPUBLICAN RIVER BASIN","SC707","","2017-06-13",1007,0.49,2017,6,13,39.57596,-97.706201,10250017,"TKN",10250017,102500,1025,10
"496234",5596610,"KANSAS/LOWER REPUBLICAN RIVER BASIN","SC707","","2017-09-12",1025,0.39,2017,9,12,39.57596,-97.706201,10250017,"TKN",10250017,102500,1025,10
"496235",5596711,"KANSAS/LOWER REPUBLICAN RIVER BASIN","SC707","","2017-12-05",948,1.1,2017,12,5,39.57596,-97.706201,10250017,"TKN",10250017,102500,1025,10
"496236",5596811,"KANSAS/LOWER REPUBLICAN RIVER BASIN","SC707","","2018-01-09",1253,0.1,2018,1,9,39.57596,-97.706201,10250017,"TKN",10250017,102500,1025,10
"496237",5596910,"KANSAS/LOWER REPUBLICAN RIVER BASIN","SC707","","2018-04-10",1211,0.55,2018,4,10,39.57596,-97.706201,10250017,"TKN",10250017,102500,1025,10
"496238",5597011,"KANSAS/LOWER REPUBLICAN RIVER BASIN","SC707","","2018-07-24",1230,0.82,2018,7,24,39.57596,-97.706201,10250017,"TKN",10250017,102500,1025,10
"496239",5597114,"KANSAS/LOWER REPUBLICAN RIVER BASIN","SC707","","2018-10-16",1230,0.71,2018,10,16,39.57596,-97.706201,10250017,"TKN",10250017,102500,1025,10
"496240",5597211,"KANSAS/LOWER REPUBLICAN RIVER BASIN","SC707","","2022-02-08",741,0.39,2022,2,8,39.57596,-97.706201,10250017,"TKN",10250017,102500,1025,10
"496241",5597310,"KANSAS/LOWER REPUBLICAN RIVER BASIN","SC707","","2022-05-03",550,0.74,2022,5,3,39.57596,-97.706201,10250017,"TKN",10250017,102500,1025,10
"496242",5597410,"KANSAS/LOWER REPUBLICAN RIVER BASIN","SC707","","2022-08-02",557,0.28,2022,8,2,39.57596,-97.706201,10250017,"TKN",10250017,102500,1025,10
"496243",5597510,"KANSAS/LOWER REPUBLICAN RIVER BASIN","SC707","","2022-11-08",809,2.1,2022,11,8,39.57596,-97.706201,10250017,"TKN",10250017,102500,1025,10
"496270",5603011,"KANSAS/LOWER REPUBLICAN RIVER BASIN","SC709","","2007-02-20",1442,4.015,2007,2,20,39.57194,-97.46929,10250017,"TKN",10250017,102500,1025,10
"496271",5603114,"KANSAS/LOWER REPUBLICAN RIVER BASIN","SC709","","2007-04-17",1238,1.661,2007,4,17,39.57194,-97.46929,10250017,"TKN",10250017,102500,1025,10
"496272",5603212,"KANSAS/LOWER REPUBLICAN RIVER BASIN","SC709","","2007-06-19",1030,0.237,2007,6,19,39.57194,-97.46929,10250017,"TKN",10250017,102500,1025,10
"496273",5603311,"KANSAS/LOWER REPUBLICAN RIVER BASIN","SC709","","2007-08-21",1216,1.319,2007,8,21,39.57194,-97.46929,10250017,"TKN",10250017,102500,1025,10
"496274",5603411,"KANSAS/LOWER REPUBLICAN RIVER BASIN","SC709","","2007-10-16",1311,1.851,2007,10,16,39.57194,-97.46929,10250017,"TKN",10250017,102500,1025,10
"496275",5603510,"KANSAS/LOWER REPUBLICAN RIVER BASIN","SC709","","2007-12-18",1259,1.521,2007,12,18,39.57194,-97.46929,10250017,"TKN",10250017,102500,1025,10
"496276",5603611,"KANSAS/LOWER REPUBLICAN RIVER BASIN","SC709","","2011-03-07",1641,0.556,2011,3,7,39.57194,-97.46929,10250017,"TKN",10250017,102500,1025,10
"496277",5603711,"KANSAS/LOWER REPUBLICAN RIVER BASIN","SC709","","2011-06-06",1734,0.645,2011,6,6,39.57194,-97.46929,10250017,"TKN",10250017,102500,1025,10
"496278",5603811,"KANSAS/LOWER REPUBLICAN RIVER BASIN","SC709","","2011-09-12",1852,0.691,2011,9,12,39.57194,-97.46929,10250017,"TKN",10250017,102500,1025,10
"496279",5603911,"KANSAS/LOWER REPUBLICAN RIVER BASIN","SC709","","2011-12-12",1518,0.785,2011,12,12,39.57194,-97.46929,10250017,"TKN",10250017,102500,1025,10
"496280",5604210,"KANSAS/LOWER REPUBLICAN RIVER BASIN","SC709","","2015-07-20",1839,5.3,2015,7,20,39.57194,-97.46929,10250017,"TKN",10250017,102500,1025,10
"496281",5604411,"KANSAS/LOWER REPUBLICAN RIVER BASIN","SC709","","2019-02-12",1344,0.55,2019,2,12,39.57194,-97.46929,10250017,"TKN",10250017,102500,1025,10
"496282",5604511,"KANSAS/LOWER REPUBLICAN RIVER BASIN","SC709","","2019-05-21",1454,0.74,2019,5,21,39.57194,-97.46929,10250017,"TKN",10250017,102500,1025,10
"496283",5604610,"KANSAS/LOWER REPUBLICAN RIVER BASIN","SC709","","2019-08-19",1858,0.86,2019,8,19,39.57194,-97.46929,10250017,"TKN",10250017,102500,1025,10
"496284",5604711,"KANSAS/LOWER REPUBLICAN RIVER BASIN","SC709","","2019-11-05",1439,0.64,2019,11,5,39.57194,-97.46929,10250017,"TKN",10250017,102500,1025,10
"496285",5605911,"KANSAS/LOWER REPUBLICAN RIVER BASIN","SC710","","2003-02-17",1707,0.461,2003,2,17,39.49184,-97.27524,10250017,"TKN",10250017,102500,1025,10
"496286",5606012,"KANSAS/LOWER REPUBLICAN RIVER BASIN","SC710","","2003-04-14",1602,0.847,2003,4,14,39.49184,-97.27524,10250017,"TKN",10250017,102500,1025,10
"496287",5606113,"KANSAS/LOWER REPUBLICAN RIVER BASIN","SC710","","2003-04-14",1607,0.817,2003,4,14,39.49184,-97.27524,10250017,"TKN",10250017,102500,1025,10
"496288",5606212,"KANSAS/LOWER REPUBLICAN RIVER BASIN","SC710","","2003-06-16",1513,1.425,2003,6,16,39.49184,-97.27524,10250017,"TKN",10250017,102500,1025,10
"496289",5606510,"KANSAS/LOWER REPUBLICAN RIVER BASIN","SC710","","2007-02-19",1622,5.315,2007,2,19,39.49184,-97.27524,10250017,"TKN",10250017,102500,1025,10
"496290",5606611,"KANSAS/LOWER REPUBLICAN RIVER BASIN","SC710","","2007-04-16",1533,0.941,2007,4,16,39.49184,-97.27524,10250017,"TKN",10250017,102500,1025,10
"496291",5606710,"KANSAS/LOWER REPUBLICAN RIVER BASIN","SC710","","2007-06-18",1510,1.208,2007,6,18,39.49184,-97.27524,10250017,"TKN",10250017,102500,1025,10
"496292",5606811,"KANSAS/LOWER REPUBLICAN RIVER BASIN","SC710","","2007-08-20",1614,0.905,2007,8,20,39.49184,-97.27524,10250017,"TKN",10250017,102500,1025,10
"496293",5606910,"KANSAS/LOWER REPUBLICAN RIVER BASIN","SC710","","2007-10-15",1459,3.347,2007,10,15,39.49184,-97.27524,10250017,"TKN",10250017,102500,1025,10
"496294",5607011,"KANSAS/LOWER REPUBLICAN RIVER BASIN","SC710","","2007-12-17",1548,1.106,2007,12,17,39.49184,-97.27524,10250017,"TKN",10250017,102500,1025,10
"496295",5607113,"KANSAS/LOWER REPUBLICAN RIVER BASIN","SC710","","2011-03-07",1612,0.606,2011,3,7,39.49184,-97.27524,10250017,"TKN",10250017,102500,1025,10
"496296",5607212,"KANSAS/LOWER REPUBLICAN RIVER BASIN","SC710","","2011-06-06",1704,1.06,2011,6,6,39.49184,-97.27524,10250017,"TKN",10250017,102500,1025,10
"496297",5607311,"KANSAS/LOWER REPUBLICAN RIVER BASIN","SC710","","2011-09-12",1823,0.426,2011,9,12,39.49184,-97.27524,10250017,"TKN",10250017,102500,1025,10
"496298",5607411,"KANSAS/LOWER REPUBLICAN RIVER BASIN","SC710","","2011-12-12",1446,0.486,2011,12,12,39.49184,-97.27524,10250017,"TKN",10250017,102500,1025,10
"496299",5607611,"KANSAS/LOWER REPUBLICAN RIVER BASIN","SC710","","2015-04-14",911,0.84,2015,4,14,39.49184,-97.27524,10250017,"TKN",10250017,102500,1025,10
"496300",5607710,"KANSAS/LOWER REPUBLICAN RIVER BASIN","SC710","","2015-07-20",1808,3.6,2015,7,20,39.49184,-97.27524,10250017,"TKN",10250017,102500,1025,10
"496301",5607811,"KANSAS/LOWER REPUBLICAN RIVER BASIN","SC710","","2015-10-19",1626,0.61,2015,10,19,39.49184,-97.27524,10250017,"TKN",10250017,102500,1025,10
"496302",5607911,"KANSAS/LOWER REPUBLICAN RIVER BASIN","SC710","","2019-02-12",1431,0.55,2019,2,12,39.49184,-97.27524,10250017,"TKN",10250017,102500,1025,10
"496303",5608011,"KANSAS/LOWER REPUBLICAN RIVER BASIN","SC710","","2019-05-21",1524,0.76,2019,5,21,39.49184,-97.27524,10250017,"TKN",10250017,102500,1025,10
"496304",5608113,"KANSAS/LOWER REPUBLICAN RIVER BASIN","SC710","","2019-08-19",1827,0.61,2019,8,19,39.49184,-97.27524,10250017,"TKN",10250017,102500,1025,10
"496305",5608212,"KANSAS/LOWER REPUBLICAN RIVER BASIN","SC710","","2019-11-05",1354,0.49,2019,11,5,39.49184,-97.27524,10250017,"TKN",10250017,102500,1025,10
"496306",5608310,"KANSAS/LOWER REPUBLICAN RIVER BASIN","SC710","","2023-03-06",1625,0.38,2023,3,6,39.49184,-97.27524,10250017,"TKN",10250017,102500,1025,10
"496307",5608410,"KANSAS/LOWER REPUBLICAN RIVER BASIN","SC710","","2023-06-05",1755,2.3,2023,6,5,39.49184,-97.27524,10250017,"TKN",10250017,102500,1025,10
"496308",5608510,"KANSAS/LOWER REPUBLICAN RIVER BASIN","SC710","","2023-12-04",802,0.32,2023,12,4,39.49184,-97.27524,10250017,"TKN",10250017,102500,1025,10
"496309",5609114,"KANSAS/LOWER REPUBLICAN RIVER BASIN","SC711","CTY RD BR 2 M S & 4 M W OF THE JCTN OF HWYS 24 & K15 IN CLAY CNTR","2000-01-19",1155,0.37,2000,1,19,39.35062,-97.20126,10250017,"TKN",10250017,102500,1025,10
"496310",5609213,"KANSAS/LOWER REPUBLICAN RIVER BASIN","SC711","CTY RD BR 2 M S & 4 M W OF THE JCTN OF HWYS 24 & K15 IN CLAY CNTR","2000-03-21",1115,0.56,2000,3,21,39.35062,-97.20126,10250017,"TKN",10250017,102500,1025,10
"496311",5609312,"KANSAS/LOWER REPUBLICAN RIVER BASIN","SC711","CTY RD BR 2 M S & 4 M W OF THE JCTN OF HWYS 24 & K15 IN CLAY CNTR","2000-03-21",1120,0.55,2000,3,21,39.35062,-97.20126,10250017,"TKN",10250017,102500,1025,10
"496312",5609411,"KANSAS/LOWER REPUBLICAN RIVER BASIN","SC711","CTY RD BR 2 M S & 4 M W OF THE JCTN OF HWYS 24 & K15 IN CLAY CNTR","2000-05-16",1055,0.383,2000,5,16,39.35062,-97.20126,10250017,"TKN",10250017,102500,1025,10
"496313",5609512,"KANSAS/LOWER REPUBLICAN RIVER BASIN","SC711","CTY RD BR 2 M S & 4 M W OF THE JCTN OF HWYS 24 & K15 IN CLAY CNTR","2000-07-18",1200,0.36,2000,7,18,39.35062,-97.20126,10250017,"TKN",10250017,102500,1025,10
"496314",5609611,"KANSAS/LOWER REPUBLICAN RIVER BASIN","SC711","CTY RD BR 2 M S & 4 M W OF THE JCTN OF HWYS 24 & K15 IN CLAY CNTR","2000-09-19",1125,0.5,2000,9,19,39.35062,-97.20126,10250017,"TKN",10250017,102500,1025,10
"496315",5609711,"KANSAS/LOWER REPUBLICAN RIVER BASIN","SC711","CTY RD BR 2 M S & 4 M W OF THE JCTN OF HWYS 24 & K15 IN CLAY CNTR","2000-11-14",1155,1.33,2000,11,14,39.35062,-97.20126,10250017,"TKN",10250017,102500,1025,10
"496316",5609811,"KANSAS/LOWER REPUBLICAN RIVER BASIN","SC711","","2004-03-15",1550,0.994,2004,3,15,39.35062,-97.20126,10250017,"TKN",10250017,102500,1025,10
"496317",5609910,"KANSAS/LOWER REPUBLICAN RIVER BASIN","SC711","","2004-05-17",1701,1.395,2004,5,17,39.35062,-97.20126,10250017,"TKN",10250017,102500,1025,10
"496318",5610011,"KANSAS/LOWER REPUBLICAN RIVER BASIN","SC711","","2004-07-19",1508,0.46,2004,7,19,39.35062,-97.20126,10250017,"TKN",10250017,102500,1025,10
"496319",5610113,"KANSAS/LOWER REPUBLICAN RIVER BASIN","SC711","","2004-07-19",1513,0.499,2004,7,19,39.35062,-97.20126,10250017,"TKN",10250017,102500,1025,10
"496320",5610311,"KANSAS/LOWER REPUBLICAN RIVER BASIN","SC711","","2004-11-15",1510,0.05,2004,11,15,39.35062,-97.20126,10250017,"TKN",10250017,102500,1025,10
"496321",5610411,"KANSAS/LOWER REPUBLICAN RIVER BASIN","SC711","","2008-01-28",1516,0.402,2008,1,28,39.35062,-97.20126,10250017,"TKN",10250017,102500,1025,10
"496322",5610510,"KANSAS/LOWER REPUBLICAN RIVER BASIN","SC711","","2008-03-17",1416,0.508,2008,3,17,39.35062,-97.20126,10250017,"TKN",10250017,102500,1025,10
"496323",5610611,"KANSAS/LOWER REPUBLICAN RIVER BASIN","SC711","","2008-05-19",1329,0.699,2008,5,19,39.35062,-97.20126,10250017,"TKN",10250017,102500,1025,10
"496324",5610710,"KANSAS/LOWER REPUBLICAN RIVER BASIN","SC711","","2008-07-21",1409,0.483,2008,7,21,39.35062,-97.20126,10250017,"TKN",10250017,102500,1025,10
"496325",5610811,"KANSAS/LOWER REPUBLICAN RIVER BASIN","SC711","","2008-09-15",1520,1.375,2008,9,15,39.35062,-97.20126,10250017,"TKN",10250017,102500,1025,10
"496326",5610910,"KANSAS/LOWER REPUBLICAN RIVER BASIN","SC711","","2008-11-17",1405,0.596,2008,11,17,39.35062,-97.20126,10250017,"TKN",10250017,102500,1025,10
"496327",5611011,"KANSAS/LOWER REPUBLICAN RIVER BASIN","SC711","","2012-01-09",1042,0.328,2012,1,9,39.35062,-97.20126,10250017,"TKN",10250017,102500,1025,10
"496328",5611114,"KANSAS/LOWER REPUBLICAN RIVER BASIN","SC711","","2012-04-23",1056,0.496,2012,4,23,39.35062,-97.20126,10250017,"TKN",10250017,102500,1025,10
"496329",5611212,"KANSAS/LOWER REPUBLICAN RIVER BASIN","SC711","","2012-07-09",1057,0.409,2012,7,9,39.35062,-97.20126,10250017,"TKN",10250017,102500,1025,10
"496330",5611311,"KANSAS/LOWER REPUBLICAN RIVER BASIN","SC711","","2012-10-08",1125,0.241,2012,10,8,39.35062,-97.20126,10250017,"TKN",10250017,102500,1025,10
"496331",5611410,"KANSAS/LOWER REPUBLICAN RIVER BASIN","SC711","","2016-02-22",1052,0.42,2016,2,22,39.35062,-97.20126,10250017,"TKN",10250017,102500,1025,10
"496332",5611511,"KANSAS/LOWER REPUBLICAN RIVER BASIN","SC711","","2016-05-18",855,1.8,2016,5,18,39.35062,-97.20126,10250017,"TKN",10250017,102500,1025,10
"496333",5611611,"KANSAS/LOWER REPUBLICAN RIVER BASIN","SC711","","2016-08-17",917,0.43,2016,8,17,39.35062,-97.20126,10250017,"TKN",10250017,102500,1025,10
"496334",5611710,"KANSAS/LOWER REPUBLICAN RIVER BASIN","SC711","","2016-11-16",828,0.45,2016,11,16,39.35062,-97.20126,10250017,"TKN",10250017,102500,1025,10
"496335",561189,"KANSAS/LOWER REPUBLICAN RIVER BASIN","SC711","","2020-03-02",1506,0.46,2020,3,2,39.35062,-97.20126,10250017,"TKN",10250017,102500,1025,10
"496336",5611910,"KANSAS/LOWER REPUBLICAN RIVER BASIN","SC711","","2020-09-14",1132,0.78,2020,9,14,39.35062,-97.20126,10250017,"TKN",10250017,102500,1025,10
"496337",561209,"KANSAS/LOWER REPUBLICAN RIVER BASIN","SC711","","2020-12-07",1253,0.5,2020,12,7,39.35062,-97.20126,10250017,"TKN",10250017,102500,1025,10
"496338",5612114,"KANSAS/LOWER REPUBLICAN RIVER BASIN","SC711","","2024-01-22",843,0.1,2024,1,22,39.35062,-97.20126,10250017,"TKN",10250017,102500,1025,10
"496339",5612211,"KANSAS/LOWER REPUBLICAN RIVER BASIN","SC711","","2024-04-08",806,0.23,2024,4,8,39.35062,-97.20126,10250017,"TKN",10250017,102500,1025,10
"496340",5612310,"KANSAS/LOWER REPUBLICAN RIVER BASIN","SC711","","2024-07-08",735,0.1,2024,7,8,39.35062,-97.20126,10250017,"TKN",10250017,102500,1025,10
"496341",5612410,"KANSAS/LOWER REPUBLICAN RIVER BASIN","SC711","","2024-10-07",901,0.2,2024,10,7,39.35062,-97.20126,10250017,"TKN",10250017,102500,1025,10
"496342",5612510,"KANSAS/LOWER REPUBLICAN RIVER BASIN","SC711","","2024-10-07",906,0.25,2024,10,7,39.35062,-97.20126,10250017,"TKN",10250017,102500,1025,10
"496343",5613212,"KANSAS/LOWER REPUBLICAN RIVER BASIN","SC712","ON CO ROAD BR 60MOLES WEST AND 1 MILE NORTH OF NARKA","2001-02-12",1615,0.652,2001,2,12,39.9718,-97.53965,10270207,"TKN",10270207,102702,1027,10
"496344",5613311,"KANSAS/LOWER REPUBLICAN RIVER BASIN","SC712","ON CO ROAD BR 60MOLES WEST AND 1 MILE NORTH OF NARKA","2001-04-16",1510,0.783,2001,4,16,39.9718,-97.53965,10270207,"TKN",10270207,102702,1027,10
"496345",5613412,"KANSAS/LOWER REPUBLICAN RIVER BASIN","SC712","ON CO ROAD BR 60MOLES WEST AND 1 MILE NORTH OF NARKA","2001-06-18",1535,1.348,2001,6,18,39.9718,-97.53965,10270207,"TKN",10270207,102702,1027,10
"496346",5613511,"KANSAS/LOWER REPUBLICAN RIVER BASIN","SC712","ON CO ROAD BR 60MOLES WEST AND 1 MILE NORTH OF NARKA","2001-08-20",1410,1.075,2001,8,20,39.9718,-97.53965,10270207,"TKN",10270207,102702,1027,10
"496347",5613612,"KANSAS/LOWER REPUBLICAN RIVER BASIN","SC712","ON CO ROAD BR 60MOLES WEST AND 1 MILE NORTH OF NARKA","2001-10-15",1430,3.23,2001,10,15,39.9718,-97.53965,10270207,"TKN",10270207,102702,1027,10
"496348",5613711,"KANSAS/LOWER REPUBLICAN RIVER BASIN","SC712","ON CO ROAD BR 60MOLES WEST AND 1 MILE NORTH OF NARKA","2001-12-17",1355,1.007,2001,12,17,39.9718,-97.53965,10270207,"TKN",10270207,102702,1027,10
"496349",5613810,"KANSAS/LOWER REPUBLICAN RIVER BASIN","SC712","","2005-02-15",1314,0.967,2005,2,15,39.9718,-97.53965,10270207,"TKN",10270207,102702,1027,10
"496350",5613911,"KANSAS/LOWER REPUBLICAN RIVER BASIN","SC712","","2005-04-19",1436,12.336,2005,4,19,39.9718,-97.53965,10270207,"TKN",10270207,102702,1027,10
"496351",5614011,"KANSAS/LOWER REPUBLICAN RIVER BASIN","SC712","","2005-04-19",1441,13.118,2005,4,19,39.9718,-97.53965,10270207,"TKN",10270207,102702,1027,10
"496352",5614113,"KANSAS/LOWER REPUBLICAN RIVER BASIN","SC712","","2005-06-14",1244,2.563,2005,6,14,39.9718,-97.53965,10270207,"TKN",10270207,102702,1027,10
"496353",5614212,"KANSAS/LOWER REPUBLICAN RIVER BASIN","SC712","","2005-08-16",1253,1.304,2005,8,16,39.9718,-97.53965,10270207,"TKN",10270207,102702,1027,10
"496354",5614310,"KANSAS/LOWER REPUBLICAN RIVER BASIN","SC712","","2005-10-18",1341,0.489,2005,10,18,39.9718,-97.53965,10270207,"TKN",10270207,102702,1027,10
"496355",5614411,"KANSAS/LOWER REPUBLICAN RIVER BASIN","SC712","","2005-12-20",1358,0.676,2005,12,20,39.9718,-97.53965,10270207,"TKN",10270207,102702,1027,10
"496356",5614511,"KANSAS/LOWER REPUBLICAN RIVER BASIN","SC712","","2009-02-17",1238,0.42,2009,2,17,39.9718,-97.53965,10270207,"TKN",10270207,102702,1027,10
"496357",5614610,"KANSAS/LOWER REPUBLICAN RIVER BASIN","SC712","","2009-04-21",1256,0.947,2009,4,21,39.9718,-97.53965,10270207,"TKN",10270207,102702,1027,10
"496358",5614711,"KANSAS/LOWER REPUBLICAN RIVER BASIN","SC712","","2009-06-09",1229,6.032,2009,6,9,39.9718,-97.53965,10270207,"TKN",10270207,102702,1027,10
"496359",5614911,"KANSAS/LOWER REPUBLICAN RIVER BASIN","SC712","","2009-10-12",1504,0.703,2009,10,12,39.9718,-97.53965,10270207,"TKN",10270207,102702,1027,10
"496360",5615010,"KANSAS/LOWER REPUBLICAN RIVER BASIN","SC712","","2009-12-15",1414,1.447,2009,12,15,39.9718,-97.53965,10270207,"TKN",10270207,102702,1027,10
"496361",5615114,"KANSAS/LOWER REPUBLICAN RIVER BASIN","SC712","","2013-02-12",1157,0.415,2013,2,12,39.9718,-97.53965,10270207,"TKN",10270207,102702,1027,10
"496362",5615212,"KANSAS/LOWER REPUBLICAN RIVER BASIN","SC712","","2013-05-13",1604,0.583,2013,5,13,39.9718,-97.53965,10270207,"TKN",10270207,102702,1027,10
"496363",5615311,"KANSAS/LOWER REPUBLICAN RIVER BASIN","SC712","","2013-08-13",946,1.907,2013,8,13,39.9718,-97.53965,10270207,"TKN",10270207,102702,1027,10
"496364",5615411,"KANSAS/LOWER REPUBLICAN RIVER BASIN","SC712","","2013-11-05",1013,1.249,2013,11,5,39.9718,-97.53965,10270207,"TKN",10270207,102702,1027,10
"496365",5615511,"KANSAS/LOWER REPUBLICAN RIVER BASIN","SC712","","2017-03-14",1300,0.56,2017,3,14,39.9718,-97.53965,10270207,"TKN",10270207,102702,1027,10
"496366",5615610,"KANSAS/LOWER REPUBLICAN RIVER BASIN","SC712","","2017-06-13",1208,0.84,2017,6,13,39.9718,-97.53965,10270207,"TKN",10270207,102702,1027,10
"496367",5615711,"KANSAS/LOWER REPUBLICAN RIVER BASIN","SC712","","2017-09-12",1222,0.47,2017,9,12,39.9718,-97.53965,10270207,"TKN",10270207,102702,1027,10
"496368",5615811,"KANSAS/LOWER REPUBLICAN RIVER BASIN","SC712","","2017-12-05",1156,0.24,2017,12,5,39.9718,-97.53965,10270207,"TKN",10270207,102702,1027,10
"496369",561599,"KANSAS/LOWER REPUBLICAN RIVER BASIN","SC712","","2021-01-04",945,0.41,2021,1,4,39.9718,-97.53965,10270207,"TKN",10270207,102702,1027,10
"496370",5616010,"KANSAS/LOWER REPUBLICAN RIVER BASIN","SC712","","2021-04-05",904,1.2,2021,4,5,39.9718,-97.53965,10270207,"TKN",10270207,102702,1027,10
"496371",5616114,"KANSAS/LOWER REPUBLICAN RIVER BASIN","SC712","","2021-07-13",933,0.68,2021,7,13,39.9718,-97.53965,10270207,"TKN",10270207,102702,1027,10
"496372",5616211,"KANSAS/LOWER REPUBLICAN RIVER BASIN","SC712","","2021-10-04",1355,0.53,2021,10,4,39.9718,-97.53965,10270207,"TKN",10270207,102702,1027,10
"496451",5631211,"KANSAS/LOWER REPUBLICAN RIVER BASIN","SC717","","2005-02-14",1133,4.969,2005,2,14,39.897544,-96.667003,10270205,"TKN",10270205,102702,1027,10
"496452",5631310,"KANSAS/LOWER REPUBLICAN RIVER BASIN","SC717","","2005-04-18",1218,1.756,2005,4,18,39.897544,-96.667003,10270205,"TKN",10270205,102702,1027,10
"496453",5631411,"KANSAS/LOWER REPUBLICAN RIVER BASIN","SC717","","2005-06-13",1058,2.11,2005,6,13,39.897544,-96.667003,10270205,"TKN",10270205,102702,1027,10
"496454",5631511,"KANSAS/LOWER REPUBLICAN RIVER BASIN","SC717","","2005-06-13",1103,2.532,2005,6,13,39.897544,-96.667003,10270205,"TKN",10270205,102702,1027,10
"496455",5631610,"KANSAS/LOWER REPUBLICAN RIVER BASIN","SC717","","2005-08-15",1140,3.17,2005,8,15,39.897544,-96.667003,10270205,"TKN",10270205,102702,1027,10
"496456",5631711,"KANSAS/LOWER REPUBLICAN RIVER BASIN","SC717","","2005-10-17",1332,0.2,2005,10,17,39.897544,-96.667003,10270205,"TKN",10270205,102702,1027,10
"496457",5631810,"KANSAS/LOWER REPUBLICAN RIVER BASIN","SC717","","2005-12-19",1056,0.301,2005,12,19,39.897544,-96.667003,10270205,"TKN",10270205,102702,1027,10
"496458",5631911,"KANSAS/LOWER REPUBLICAN RIVER BASIN","SC717","","2009-02-16",1040,0.501,2009,2,16,39.897544,-96.667003,10270205,"TKN",10270205,102702,1027,10
"496459",5632011,"KANSAS/LOWER REPUBLICAN RIVER BASIN","SC717","","2009-02-16",1045,0.359,2009,2,16,39.897544,-96.667003,10270205,"TKN",10270205,102702,1027,10
"496460",5632110,"KANSAS/LOWER REPUBLICAN RIVER BASIN","SC717","","2009-04-20",1312,0.935,2009,4,20,39.897544,-96.667003,10270205,"TKN",10270205,102702,1027,10
"496461",5632211,"KANSAS/LOWER REPUBLICAN RIVER BASIN","SC717","","2009-06-08",1150,1.929,2009,6,8,39.897544,-96.667003,10270205,"TKN",10270205,102702,1027,10
"496462",5632411,"KANSAS/LOWER REPUBLICAN RIVER BASIN","SC717","","2009-10-12",1144,0.582,2009,10,12,39.897544,-96.667003,10270205,"TKN",10270205,102702,1027,10
"496463",5632510,"KANSAS/LOWER REPUBLICAN RIVER BASIN","SC717","","2009-12-14",1124,0.568,2009,12,14,39.897544,-96.667003,10270205,"TKN",10270205,102702,1027,10
"496464",5632610,"KANSAS/LOWER REPUBLICAN RIVER BASIN","SC717","","2013-02-12",1520,0.508,2013,2,12,39.897544,-96.667003,10270205,"TKN",10270205,102702,1027,10
"496465",5632711,"KANSAS/LOWER REPUBLICAN RIVER BASIN","SC717","","2013-05-14",1130,0.988,2013,5,14,39.897544,-96.667003,10270205,"TKN",10270205,102702,1027,10
"496466",5632811,"KANSAS/LOWER REPUBLICAN RIVER BASIN","SC717","","2013-08-13",1310,1.086,2013,8,13,39.897544,-96.667003,10270205,"TKN",10270205,102702,1027,10
"496467",5632911,"KANSAS/LOWER REPUBLICAN RIVER BASIN","SC717","","2013-11-05",1239,1.741,2013,11,5,39.897544,-96.667003,10270205,"TKN",10270205,102702,1027,10
"496468",5633010,"KANSAS/LOWER REPUBLICAN RIVER BASIN","SC717","","2017-03-13",1215,0.53,2017,3,13,39.897544,-96.667003,10270205,"TKN",10270205,102702,1027,10
"496469",5633111,"KANSAS/LOWER REPUBLICAN RIVER BASIN","SC717","","2017-06-12",1135,0.74,2017,6,12,39.897544,-96.667003,10270205,"TKN",10270205,102702,1027,10
"496470",5633211,"KANSAS/LOWER REPUBLICAN RIVER BASIN","SC717","","2017-09-11",1129,0.59,2017,9,11,39.897544,-96.667003,10270205,"TKN",10270205,102702,1027,10
"496471",5633311,"KANSAS/LOWER REPUBLICAN RIVER BASIN","SC717","","2017-12-04",1104,0.44,2017,12,4,39.897544,-96.667003,10270205,"TKN",10270205,102702,1027,10
"496472",5633410,"KANSAS/LOWER REPUBLICAN RIVER BASIN","SC717","","2021-01-04",1306,0.34,2021,1,4,39.897544,-96.667003,10270205,"TKN",10270205,102702,1027,10
"496473",5633510,"KANSAS/LOWER REPUBLICAN RIVER BASIN","SC717","","2021-04-05",1425,0.78,2021,4,5,39.897544,-96.667003,10270205,"TKN",10270205,102702,1027,10
"496474",5633610,"KANSAS/LOWER REPUBLICAN RIVER BASIN","SC717","","2021-10-04",1057,0.71,2021,10,4,39.897544,-96.667003,10270205,"TKN",10270205,102702,1027,10
"497300",5740811,"KANSAS/LOWER REPUBLICAN RIVER BASIN","SC731","","2001-04-16",1225,0.5,2001,4,16,39.985536,-96.59185,10270205,"TKN",10270205,102702,1027,10
"497301",5740912,"KANSAS/LOWER REPUBLICAN RIVER BASIN","SC731","","2001-06-18",1250,0.464,2001,6,18,39.985536,-96.59185,10270205,"TKN",10270205,102702,1027,10
"497302",5741011,"KANSAS/LOWER REPUBLICAN RIVER BASIN","SC731","","2001-08-20",1125,0.516,2001,8,20,39.985536,-96.59185,10270205,"TKN",10270205,102702,1027,10
"497303",5741114,"KANSAS/LOWER REPUBLICAN RIVER BASIN","SC731","","2001-10-15",1140,0.609,2001,10,15,39.985536,-96.59185,10270205,"TKN",10270205,102702,1027,10
"497304",5741213,"KANSAS/LOWER REPUBLICAN RIVER BASIN","SC731","","2001-12-17",1150,0.542,2001,12,17,39.985536,-96.59185,10270205,"TKN",10270205,102702,1027,10
"497305",5741311,"KANSAS/LOWER REPUBLICAN RIVER BASIN","SC731","2.5 MILES NORTH OF OKETO ON COUNTY RD BRIDGE","2002-01-22",1200,0.274,2002,1,22,39.985536,-96.59185,10270205,"TKN",10270205,102702,1027,10
"497306",5741412,"KANSAS/LOWER REPUBLICAN RIVER BASIN","SC731","2.5 MILES NORTH OF OKETO ON COUNTY RD BRIDGE","2002-03-18",1155,0.337,2002,3,18,39.985536,-96.59185,10270205,"TKN",10270205,102702,1027,10
"497307",5741511,"KANSAS/LOWER REPUBLICAN RIVER BASIN","SC731","2.5 MILES NORTH OF OKETO ON COUNTY RD BRIDGE","2002-05-20",1200,1.06,2002,5,20,39.985536,-96.59185,10270205,"TKN",10270205,102702,1027,10
"497308",5741612,"KANSAS/LOWER REPUBLICAN RIVER BASIN","SC731","","2002-07-22",1305,0.645,2002,7,22,39.985536,-96.59185,10270205,"TKN",10270205,102702,1027,10
"497309",5741711,"KANSAS/LOWER REPUBLICAN RIVER BASIN","SC731","","2002-09-16",1230,0.528,2002,9,16,39.985536,-96.59185,10270205,"TKN",10270205,102702,1027,10
"497310",5741812,"KANSAS/LOWER REPUBLICAN RIVER BASIN","SC731","","2002-11-18",1304,0.374,2002,11,18,39.985536,-96.59185,10270205,"TKN",10270205,102702,1027,10
"497311",5741912,"KANSAS/LOWER REPUBLICAN RIVER BASIN","SC731","","2003-02-17",1240,0.609,2003,2,17,39.985536,-96.59185,10270205,"TKN",10270205,102702,1027,10
"497312",5742011,"KANSAS/LOWER REPUBLICAN RIVER BASIN","SC731","","2003-04-14",1236,1.385,2003,4,14,39.985536,-96.59185,10270205,"TKN",10270205,102702,1027,10
"497313",5742114,"KANSAS/LOWER REPUBLICAN RIVER BASIN","SC731","","2003-06-16",1147,2.087,2003,6,16,39.985536,-96.59185,10270205,"TKN",10270205,102702,1027,10
"497314",5742311,"KANSAS/LOWER REPUBLICAN RIVER BASIN","SC731","","2003-10-20",1224,0.47,2003,10,20,39.985536,-96.59185,10270205,"TKN",10270205,102702,1027,10
"497315",5742410,"KANSAS/LOWER REPUBLICAN RIVER BASIN","SC731","","2004-03-15",1239,0.879,2004,3,15,39.985536,-96.59185,10270205,"TKN",10270205,102702,1027,10
"497316",5742511,"KANSAS/LOWER REPUBLICAN RIVER BASIN","SC731","","2004-05-17",1350,0.585,2004,5,17,39.985536,-96.59185,10270205,"TKN",10270205,102702,1027,10
"497317",5742610,"KANSAS/LOWER REPUBLICAN RIVER BASIN","SC731","","2004-07-19",1158,0.695,2004,7,19,39.985536,-96.59185,10270205,"TKN",10270205,102702,1027,10
"497318",5742810,"KANSAS/LOWER REPUBLICAN RIVER BASIN","SC731","","2004-11-15",1202,0.387,2004,11,15,39.985536,-96.59185,10270205,"TKN",10270205,102702,1027,10
"497319",5742911,"KANSAS/LOWER REPUBLICAN RIVER BASIN","SC731","","2005-02-14",1154,0.552,2005,2,14,39.985536,-96.59185,10270205,"TKN",10270205,102702,1027,10
"497320",5743010,"KANSAS/LOWER REPUBLICAN RIVER BASIN","SC731","","2005-04-18",1230,1.111,2005,4,18,39.985536,-96.59185,10270205,"TKN",10270205,102702,1027,10
"497321",5743114,"KANSAS/LOWER REPUBLICAN RIVER BASIN","SC731","","2005-06-13",1131,3.308,2005,6,13,39.985536,-96.59185,10270205,"TKN",10270205,102702,1027,10
"497322",5743212,"KANSAS/LOWER REPUBLICAN RIVER BASIN","SC731","","2005-08-15",1154,0.901,2005,8,15,39.985536,-96.59185,10270205,"TKN",10270205,102702,1027,10
"497323",5743311,"KANSAS/LOWER REPUBLICAN RIVER BASIN","SC731","","2005-10-17",1357,0.596,2005,10,17,39.985536,-96.59185,10270205,"TKN",10270205,102702,1027,10
"497324",5743410,"KANSAS/LOWER REPUBLICAN RIVER BASIN","SC731","","2005-12-19",1122,0.442,2005,12,19,39.985536,-96.59185,10270205,"TKN",10270205,102702,1027,10
"497325",5743510,"KANSAS/LOWER REPUBLICAN RIVER BASIN","SC731","","2006-01-23",1057,0.287,2006,1,23,39.985536,-96.59185,10270205,"TKN",10270205,102702,1027,10
"497326",5743610,"KANSAS/LOWER REPUBLICAN RIVER BASIN","SC731","","2006-05-15",1212,0.816,2006,5,15,39.985536,-96.59185,10270205,"TKN",10270205,102702,1027,10
"497327",5743711,"KANSAS/LOWER REPUBLICAN RIVER BASIN","SC731","","2006-07-17",1223,1.449,2006,7,17,39.985536,-96.59185,10270205,"TKN",10270205,102702,1027,10
"497328",5743810,"KANSAS/LOWER REPUBLICAN RIVER BASIN","SC731","","2006-09-18",1037,1.438,2006,9,18,39.985536,-96.59185,10270205,"TKN",10270205,102702,1027,10
"497329",5743911,"KANSAS/LOWER REPUBLICAN RIVER BASIN","SC731","","2006-11-13",1120,0.669,2006,11,13,39.985536,-96.59185,10270205,"TKN",10270205,102702,1027,10
"497330",5744010,"KANSAS/LOWER REPUBLICAN RIVER BASIN","SC731","","2007-02-19",1219,0.316,2007,2,19,39.985536,-96.59185,10270205,"TKN",10270205,102702,1027,10
"497331",5744114,"KANSAS/LOWER REPUBLICAN RIVER BASIN","SC731","","2007-04-16",1123,2.394,2007,4,16,39.985536,-96.59185,10270205,"TKN",10270205,102702,1027,10
"497332",5744212,"KANSAS/LOWER REPUBLICAN RIVER BASIN","SC731","","2007-04-16",1128,2.091,2007,4,16,39.985536,-96.59185,10270205,"TKN",10270205,102702,1027,10
"497333",5744311,"KANSAS/LOWER REPUBLICAN RIVER BASIN","SC731","","2007-06-18",1045,0.681,2007,6,18,39.985536,-96.59185,10270205,"TKN",10270205,102702,1027,10
"497334",5744411,"KANSAS/LOWER REPUBLICAN RIVER BASIN","SC731","","2007-08-20",1258,0.704,2007,8,20,39.985536,-96.59185,10270205,"TKN",10270205,102702,1027,10
"497335",5744510,"KANSAS/LOWER REPUBLICAN RIVER BASIN","SC731","","2007-10-15",1115,2.003,2007,10,15,39.985536,-96.59185,10270205,"TKN",10270205,102702,1027,10
"497336",5744611,"KANSAS/LOWER REPUBLICAN RIVER BASIN","SC731","","2007-12-17",1134,1.299,2007,12,17,39.985536,-96.59185,10270205,"TKN",10270205,102702,1027,10
"497337",5744711,"KANSAS/LOWER REPUBLICAN RIVER BASIN","SC731","","2008-01-28",1103,2.854,2008,1,28,39.985536,-96.59185,10270205,"TKN",10270205,102702,1027,10
"497338",5744810,"KANSAS/LOWER REPUBLICAN RIVER BASIN","SC731","","2008-03-17",1046,0.662,2008,3,17,39.985536,-96.59185,10270205,"TKN",10270205,102702,1027,10
"497339",5744911,"KANSAS/LOWER REPUBLICAN RIVER BASIN","SC731","","2008-05-19",1038,0.876,2008,5,19,39.985536,-96.59185,10270205,"TKN",10270205,102702,1027,10
"497340",5745010,"KANSAS/LOWER REPUBLICAN RIVER BASIN","SC731","","2008-07-21",1050,1.237,2008,7,21,39.985536,-96.59185,10270205,"TKN",10270205,102702,1027,10
"497341",5745114,"KANSAS/LOWER REPUBLICAN RIVER BASIN","SC731","","2008-09-15",1144,1.835,2008,9,15,39.985536,-96.59185,10270205,"TKN",10270205,102702,1027,10
"497342",5745211,"KANSAS/LOWER REPUBLICAN RIVER BASIN","SC731","","2008-11-17",1047,1.178,2008,11,17,39.985536,-96.59185,10270205,"TKN",10270205,102702,1027,10
"497343",5745311,"KANSAS/LOWER REPUBLICAN RIVER BASIN","SC731","","2009-02-16",1106,0.244,2009,2,16,39.985536,-96.59185,10270205,"TKN",10270205,102702,1027,10
"497344",5745410,"KANSAS/LOWER REPUBLICAN RIVER BASIN","SC731","","2009-04-20",1233,0.684,2009,4,20,39.985536,-96.59185,10270205,"TKN",10270205,102702,1027,10
"497345",5745511,"KANSAS/LOWER REPUBLICAN RIVER BASIN","SC731","","2009-06-08",1211,1.346,2009,6,8,39.985536,-96.59185,10270205,"TKN",10270205,102702,1027,10
"497346",5745711,"KANSAS/LOWER REPUBLICAN RIVER BASIN","SC731","","2009-10-12",1257,0.341,2009,10,12,39.985536,-96.59185,10270205,"TKN",10270205,102702,1027,10
"497347",5745810,"KANSAS/LOWER REPUBLICAN RIVER BASIN","SC731","","2009-12-14",1155,0.391,2009,12,14,39.985536,-96.59185,10270205,"TKN",10270205,102702,1027,10
"497348",5745911,"KANSAS/LOWER REPUBLICAN RIVER BASIN","SC731","","2011-03-07",1259,0.34,2011,3,7,39.985536,-96.59185,10270205,"TKN",10270205,102702,1027,10
"497349",5746011,"KANSAS/LOWER REPUBLICAN RIVER BASIN","SC731","","2011-06-06",1310,1.695,2011,6,6,39.985536,-96.59185,10270205,"TKN",10270205,102702,1027,10
"497350",5746114,"KANSAS/LOWER REPUBLICAN RIVER BASIN","SC731","","2011-09-12",1338,0.63,2011,9,12,39.985536,-96.59185,10270205,"TKN",10270205,102702,1027,10
"497351",5746212,"KANSAS/LOWER REPUBLICAN RIVER BASIN","SC731","","2011-12-12",1123,1.256,2011,12,12,39.985536,-96.59185,10270205,"TKN",10270205,102702,1027,10
"497352",5746311,"KANSAS/LOWER REPUBLICAN RIVER BASIN","SC731","","2013-02-12",1501,0.277,2013,2,12,39.985536,-96.59185,10270205,"TKN",10270205,102702,1027,10
"497353",5746411,"KANSAS/LOWER REPUBLICAN RIVER BASIN","SC731","","2013-05-14",1100,0.727,2013,5,14,39.985536,-96.59185,10270205,"TKN",10270205,102702,1027,10
"497354",5746511,"KANSAS/LOWER REPUBLICAN RIVER BASIN","SC731","","2013-08-13",1247,0.892,2013,8,13,39.985536,-96.59185,10270205,"TKN",10270205,102702,1027,10
"497355",5746611,"KANSAS/LOWER REPUBLICAN RIVER BASIN","SC731","","2013-11-05",1326,0.379,2013,11,5,39.985536,-96.59185,10270205,"TKN",10270205,102702,1027,10
"497356",5746710,"KANSAS/LOWER REPUBLICAN RIVER BASIN","SC731","","2017-03-13",1245,0.45,2017,3,13,39.985536,-96.59185,10270205,"TKN",10270205,102702,1027,10
"497357",5746811,"KANSAS/LOWER REPUBLICAN RIVER BASIN","SC731","","2017-06-12",1204,0.63,2017,6,12,39.985536,-96.59185,10270205,"TKN",10270205,102702,1027,10
"497358",5746911,"KANSAS/LOWER REPUBLICAN RIVER BASIN","SC731","","2017-09-11",1201,0.5,2017,9,11,39.985536,-96.59185,10270205,"TKN",10270205,102702,1027,10
"497359",5747011,"KANSAS/LOWER REPUBLICAN RIVER BASIN","SC731","","2017-09-11",1206,0.53,2017,9,11,39.985536,-96.59185,10270205,"TKN",10270205,102702,1027,10
"497360",5747114,"KANSAS/LOWER REPUBLICAN RIVER BASIN","SC731","","2017-12-04",1136,0.28,2017,12,4,39.985536,-96.59185,10270205,"TKN",10270205,102702,1027,10
"497361",5747212,"KANSAS/LOWER REPUBLICAN RIVER BASIN","SC731","","2019-02-11",1207,0.84,2019,2,11,39.985536,-96.59185,10270205,"TKN",10270205,102702,1027,10
"497362",5747311,"KANSAS/LOWER REPUBLICAN RIVER BASIN","SC731","","2019-05-20",1225,1.3,2019,5,20,39.985536,-96.59185,10270205,"TKN",10270205,102702,1027,10
"497363",5747410,"KANSAS/LOWER REPUBLICAN RIVER BASIN","SC731","","2019-08-19",1222,0.66,2019,8,19,39.985536,-96.59185,10270205,"TKN",10270205,102702,1027,10
"497364",5747511,"KANSAS/LOWER REPUBLICAN RIVER BASIN","SC731","","2019-11-05",1040,0.48,2019,11,5,39.985536,-96.59185,10270205,"TKN",10270205,102702,1027,10
"497365",5747610,"KANSAS/LOWER REPUBLICAN RIVER BASIN","SC731","","2021-01-04",1240,0.32,2021,1,4,39.985536,-96.59185,10270205,"TKN",10270205,102702,1027,10
"497366",5747710,"KANSAS/LOWER REPUBLICAN RIVER BASIN","SC731","","2021-04-05",1341,1.1,2021,4,5,39.985536,-96.59185,10270205,"TKN",10270205,102702,1027,10
"497367",574789,"KANSAS/LOWER REPUBLICAN RIVER BASIN","SC731","","2021-07-13",1246,0.47,2021,7,13,39.985536,-96.59185,10270205,"TKN",10270205,102702,1027,10
"497368",5747910,"KANSAS/LOWER REPUBLICAN RIVER BASIN","SC731","","2021-10-04",1137,0.38,2021,10,4,39.985536,-96.59185,10270205,"TKN",10270205,102702,1027,10
"497773",5791412,"KANSAS/LOWER REPUBLICAN RIVER BASIN","SC741","","2002-07-22",1045,0.981,2002,7,22,39.700794,-96.754517,10270207,"TKN",10270207,102702,1027,10
"497774",5791511,"KANSAS/LOWER REPUBLICAN RIVER BASIN","SC741","","2002-09-16",1143,1.79,2002,9,16,39.700794,-96.754517,10270207,"TKN",10270207,102702,1027,10
"497775",5791612,"KANSAS/LOWER REPUBLICAN RIVER BASIN","SC741","","2002-11-18",1156,0.221,2002,11,18,39.700794,-96.754517,10270207,"TKN",10270207,102702,1027,10
"497776",5791712,"KANSAS/LOWER REPUBLICAN RIVER BASIN","SC741","","2003-02-17",1142,0.964,2003,2,17,39.700794,-96.754517,10270207,"TKN",10270207,102702,1027,10
"497777",5791811,"KANSAS/LOWER REPUBLICAN RIVER BASIN","SC741","","2003-04-14",1123,0.635,2003,4,14,39.700794,-96.754517,10270207,"TKN",10270207,102702,1027,10
"497778",5791912,"KANSAS/LOWER REPUBLICAN RIVER BASIN","SC741","","2003-06-16",1050,2.4,2003,6,16,39.700794,-96.754517,10270207,"TKN",10270207,102702,1027,10
"497779",5792010,"KANSAS/LOWER REPUBLICAN RIVER BASIN","SC741","","2003-08-18",1140,1.079,2003,8,18,39.700794,-96.754517,10270207,"TKN",10270207,102702,1027,10
"497780",5792114,"KANSAS/LOWER REPUBLICAN RIVER BASIN","SC741","","2003-10-20",1128,0.05,2003,10,20,39.700794,-96.754517,10270207,"TKN",10270207,102702,1027,10
"497781",5792212,"KANSAS/LOWER REPUBLICAN RIVER BASIN","SC741","","2004-03-15",1116,1.207,2004,3,15,39.700794,-96.754517,10270207,"TKN",10270207,102702,1027,10
"497782",5792311,"KANSAS/LOWER REPUBLICAN RIVER BASIN","SC741","","2004-05-17",1220,1.203,2004,5,17,39.700794,-96.754517,10270207,"TKN",10270207,102702,1027,10
"497783",5792411,"KANSAS/LOWER REPUBLICAN RIVER BASIN","SC741","","2004-05-17",1225,1.324,2004,5,17,39.700794,-96.754517,10270207,"TKN",10270207,102702,1027,10
"497784",5792510,"KANSAS/LOWER REPUBLICAN RIVER BASIN","SC741","","2004-07-19",1100,1.316,2004,7,19,39.700794,-96.754517,10270207,"TKN",10270207,102702,1027,10
"497785",5792611,"KANSAS/LOWER REPUBLICAN RIVER BASIN","SC741","","2004-09-20",1128,0.509,2004,9,20,39.700794,-96.754517,10270207,"TKN",10270207,102702,1027,10
"497786",5792710,"KANSAS/LOWER REPUBLICAN RIVER BASIN","SC741","","2004-11-15",1100,0.442,2004,11,15,39.700794,-96.754517,10270207,"TKN",10270207,102702,1027,10
"497787",5792811,"KANSAS/LOWER REPUBLICAN RIVER BASIN","SC741","","2005-02-14",1057,4.286,2005,2,14,39.700794,-96.754517,10270207,"TKN",10270207,102702,1027,10
"497788",5792910,"KANSAS/LOWER REPUBLICAN RIVER BASIN","SC741","","2005-04-18",1137,1.323,2005,4,18,39.700794,-96.754517,10270207,"TKN",10270207,102702,1027,10
"497789",5793011,"KANSAS/LOWER REPUBLICAN RIVER BASIN","SC741","","2005-06-13",1022,4.15,2005,6,13,39.700794,-96.754517,10270207,"TKN",10270207,102702,1027,10
"497790",5793113,"KANSAS/LOWER REPUBLICAN RIVER BASIN","SC741","","2005-08-15",943,3.05,2005,8,15,39.700794,-96.754517,10270207,"TKN",10270207,102702,1027,10
"497791",5793211,"KANSAS/LOWER REPUBLICAN RIVER BASIN","SC741","","2005-10-17",1129,0.228,2005,10,17,39.700794,-96.754517,10270207,"TKN",10270207,102702,1027,10
"497792",5793310,"KANSAS/LOWER REPUBLICAN RIVER BASIN","SC741","","2005-12-19",1018,0.186,2005,12,19,39.700794,-96.754517,10270207,"TKN",10270207,102702,1027,10
"497793",5793410,"KANSAS/LOWER REPUBLICAN RIVER BASIN","SC741","","2006-01-23",1001,0.443,2006,1,23,39.700794,-96.754517,10270207,"TKN",10270207,102702,1027,10
"497794",5793510,"KANSAS/LOWER REPUBLICAN RIVER BASIN","SC741","","2006-05-15",1107,0.992,2006,5,15,39.700794,-96.754517,10270207,"TKN",10270207,102702,1027,10
"497795",5793611,"KANSAS/LOWER REPUBLICAN RIVER BASIN","SC741","","2006-07-17",1111,3.326,2006,7,17,39.700794,-96.754517,10270207,"TKN",10270207,102702,1027,10
"497796",5793710,"KANSAS/LOWER REPUBLICAN RIVER BASIN","SC741","","2006-09-18",942,2.27,2006,9,18,39.700794,-96.754517,10270207,"TKN",10270207,102702,1027,10
"497797",5793811,"KANSAS/LOWER REPUBLICAN RIVER BASIN","SC741","","2006-11-13",1026,0.151,2006,11,13,39.700794,-96.754517,10270207,"TKN",10270207,102702,1027,10
"497798",5793910,"KANSAS/LOWER REPUBLICAN RIVER BASIN","SC741","","2007-02-19",1112,0.666,2007,2,19,39.700794,-96.754517,10270207,"TKN",10270207,102702,1027,10
"497799",5794011,"KANSAS/LOWER REPUBLICAN RIVER BASIN","SC741","","2007-04-16",1024,1.097,2007,4,16,39.700794,-96.754517,10270207,"TKN",10270207,102702,1027,10
"497800",5794114,"KANSAS/LOWER REPUBLICAN RIVER BASIN","SC741","","2007-06-18",1330,2.251,2007,6,18,39.700794,-96.754517,10270207,"TKN",10270207,102702,1027,10
"497801",5794212,"KANSAS/LOWER REPUBLICAN RIVER BASIN","SC741","","2007-08-20",1120,0.906,2007,8,20,39.700794,-96.754517,10270207,"TKN",10270207,102702,1027,10
"497802",5794311,"KANSAS/LOWER REPUBLICAN RIVER BASIN","SC741","","2007-08-20",1125,0.774,2007,8,20,39.700794,-96.754517,10270207,"TKN",10270207,102702,1027,10
"497803",5794410,"KANSAS/LOWER REPUBLICAN RIVER BASIN","SC741","","2007-10-15",1022,6.511,2007,10,15,39.700794,-96.754517,10270207,"TKN",10270207,102702,1027,10
"497804",5794511,"KANSAS/LOWER REPUBLICAN RIVER BASIN","SC741","","2007-12-17",1032,0.794,2007,12,17,39.700794,-96.754517,10270207,"TKN",10270207,102702,1027,10
"497805",5794611,"KANSAS/LOWER REPUBLICAN RIVER BASIN","SC741","","2008-01-28",1014,0.977,2008,1,28,39.700794,-96.754517,10270207,"TKN",10270207,102702,1027,10
"497806",5794710,"KANSAS/LOWER REPUBLICAN RIVER BASIN","SC741","","2008-03-17",957,0.543,2008,3,17,39.700794,-96.754517,10270207,"TKN",10270207,102702,1027,10
"497807",5794811,"KANSAS/LOWER REPUBLICAN RIVER BASIN","SC741","","2008-05-19",945,1.18,2008,5,19,39.700794,-96.754517,10270207,"TKN",10270207,102702,1027,10
"497808",5794910,"KANSAS/LOWER REPUBLICAN RIVER BASIN","SC741","","2008-07-21",1006,3.746,2008,7,21,39.700794,-96.754517,10270207,"TKN",10270207,102702,1027,10
"497809",5795011,"KANSAS/LOWER REPUBLICAN RIVER BASIN","SC741","","2008-09-15",1010,2.398,2008,9,15,39.700794,-96.754517,10270207,"TKN",10270207,102702,1027,10
"497810",5795114,"KANSAS/LOWER REPUBLICAN RIVER BASIN","SC741","","2008-11-17",959,0.924,2008,11,17,39.700794,-96.754517,10270207,"TKN",10270207,102702,1027,10
"497811",5795212,"KANSAS/LOWER REPUBLICAN RIVER BASIN","SC741","","2009-02-16",1007,0.257,2009,2,16,39.700794,-96.754517,10270207,"TKN",10270207,102702,1027,10
"497812",5795310,"KANSAS/LOWER REPUBLICAN RIVER BASIN","SC741","","2009-04-20",1045,0.933,2009,4,20,39.700794,-96.754517,10270207,"TKN",10270207,102702,1027,10
"497813",5795411,"KANSAS/LOWER REPUBLICAN RIVER BASIN","SC741","","2009-06-08",1114,1.707,2009,6,8,39.700794,-96.754517,10270207,"TKN",10270207,102702,1027,10
"497814",5795611,"KANSAS/LOWER REPUBLICAN RIVER BASIN","SC741","","2009-10-12",1111,0.536,2009,10,12,39.700794,-96.754517,10270207,"TKN",10270207,102702,1027,10
"497815",5795710,"KANSAS/LOWER REPUBLICAN RIVER BASIN","SC741","","2009-12-14",1041,0.515,2009,12,14,39.700794,-96.754517,10270207,"TKN",10270207,102702,1027,10
"497816",5795811,"KANSAS/LOWER REPUBLICAN RIVER BASIN","SC741","","2010-02-01",1206,0.971,2010,2,1,39.700794,-96.754517,10270207,"TKN",10270207,102702,1027,10
"497817",5795910,"KANSAS/LOWER REPUBLICAN RIVER BASIN","SC741","","2010-05-03",1146,5.022,2010,5,3,39.700794,-96.754517,10270207,"TKN",10270207,102702,1027,10
"497818",5796011,"KANSAS/LOWER REPUBLICAN RIVER BASIN","SC741","","2010-08-02",1133,1.617,2010,8,2,39.700794,-96.754517,10270207,"TKN",10270207,102702,1027,10
"497819",5796114,"KANSAS/LOWER REPUBLICAN RIVER BASIN","SC741","","2010-11-01",1126,0.409,2010,11,1,39.700794,-96.754517,10270207,"TKN",10270207,102702,1027,10
"497820",5796212,"KANSAS/LOWER REPUBLICAN RIVER BASIN","SC741","","2011-03-07",1114,0.582,2011,3,7,39.700794,-96.754517,10270207,"TKN",10270207,102702,1027,10
"497821",5796311,"KANSAS/LOWER REPUBLICAN RIVER BASIN","SC741","","2011-06-06",1124,1.545,2011,6,6,39.700794,-96.754517,10270207,"TKN",10270207,102702,1027,10
"497822",5796411,"KANSAS/LOWER REPUBLICAN RIVER BASIN","SC741","","2011-09-12",1647,1.447,2011,9,12,39.700794,-96.754517,10270207,"TKN",10270207,102702,1027,10
"497823",5796511,"KANSAS/LOWER REPUBLICAN RIVER BASIN","SC741","","2011-09-12",1652,1.325,2011,9,12,39.700794,-96.754517,10270207,"TKN",10270207,102702,1027,10
"497824",5796610,"KANSAS/LOWER REPUBLICAN RIVER BASIN","SC741","","2011-12-12",1030,0.705,2011,12,12,39.700794,-96.754517,10270207,"TKN",10270207,102702,1027,10
"497825",5796710,"KANSAS/LOWER REPUBLICAN RIVER BASIN","SC741","","2012-01-10",1432,0.398,2012,1,10,39.700794,-96.754517,10270207,"TKN",10270207,102702,1027,10
"497826",5796811,"KANSAS/LOWER REPUBLICAN RIVER BASIN","SC741","","2012-04-25",935,0.876,2012,4,25,39.700794,-96.754517,10270207,"TKN",10270207,102702,1027,10
"497827",5796910,"KANSAS/LOWER REPUBLICAN RIVER BASIN","SC741","","2012-07-11",1011,0.369,2012,7,11,39.700794,-96.754517,10270207,"TKN",10270207,102702,1027,10
"497828",5797011,"KANSAS/LOWER REPUBLICAN RIVER BASIN","SC741","","2012-10-10",909,0.341,2012,10,10,39.700794,-96.754517,10270207,"TKN",10270207,102702,1027,10
"497829",5797113,"KANSAS/LOWER REPUBLICAN RIVER BASIN","SC741","","2013-02-13",836,0.496,2013,2,13,39.700794,-96.754517,10270207,"TKN",10270207,102702,1027,10
"497830",5797212,"KANSAS/LOWER REPUBLICAN RIVER BASIN","SC741","","2013-02-13",841,0.503,2013,2,13,39.700794,-96.754517,10270207,"TKN",10270207,102702,1027,10
"497831",5797311,"KANSAS/LOWER REPUBLICAN RIVER BASIN","SC741","","2013-05-14",1357,1.407,2013,5,14,39.700794,-96.754517,10270207,"TKN",10270207,102702,1027,10
"497832",5797410,"KANSAS/LOWER REPUBLICAN RIVER BASIN","SC741","","2013-08-13",1429,2.453,2013,8,13,39.700794,-96.754517,10270207,"TKN",10270207,102702,1027,10
"497833",5797511,"KANSAS/LOWER REPUBLICAN RIVER BASIN","SC741","","2013-11-05",1424,0.53,2013,11,5,39.700794,-96.754517,10270207,"TKN",10270207,102702,1027,10
"497834",5797611,"KANSAS/LOWER REPUBLICAN RIVER BASIN","SC741","","2014-03-12",930,0.53,2014,3,12,39.700794,-96.754517,10270207,"TKN",10270207,102702,1027,10
"497835",5797711,"KANSAS/LOWER REPUBLICAN RIVER BASIN","SC741","","2014-06-10",1426,4.4,2014,6,10,39.700794,-96.754517,10270207,"TKN",10270207,102702,1027,10
"497836",5797811,"KANSAS/LOWER REPUBLICAN RIVER BASIN","SC741","","2014-06-10",1431,4.9,2014,6,10,39.700794,-96.754517,10270207,"TKN",10270207,102702,1027,10
"497837",5797911,"KANSAS/LOWER REPUBLICAN RIVER BASIN","SC741","","2014-09-16",1432,1.1,2014,9,16,39.700794,-96.754517,10270207,"TKN",10270207,102702,1027,10
"497838",5798010,"KANSAS/LOWER REPUBLICAN RIVER BASIN","SC741","","2014-12-10",927,0.2,2014,12,10,39.700794,-96.754517,10270207,"TKN",10270207,102702,1027,10
"497839",5798211,"KANSAS/LOWER REPUBLICAN RIVER BASIN","SC741","","2015-04-13",1020,0.59,2015,4,13,39.700794,-96.754517,10270207,"TKN",10270207,102702,1027,10
"497840",5798311,"KANSAS/LOWER REPUBLICAN RIVER BASIN","SC741","","2015-07-20",1258,4.2,2015,7,20,39.700794,-96.754517,10270207,"TKN",10270207,102702,1027,10
"497841",5798411,"KANSAS/LOWER REPUBLICAN RIVER BASIN","SC741","","2015-10-19",1025,0.53,2015,10,19,39.700794,-96.754517,10270207,"TKN",10270207,102702,1027,10
"497842",5798510,"KANSAS/LOWER REPUBLICAN RIVER BASIN","SC741","","2016-02-24",856,0.79,2016,2,24,39.700794,-96.754517,10270207,"TKN",10270207,102702,1027,10
"497843",5798610,"KANSAS/LOWER REPUBLICAN RIVER BASIN","SC741","","2016-02-24",901,0.82,2016,2,24,39.700794,-96.754517,10270207,"TKN",10270207,102702,1027,10
"497844",5798710,"KANSAS/LOWER REPUBLICAN RIVER BASIN","SC741","","2016-05-16",1239,1.8,2016,5,16,39.700794,-96.754517,10270207,"TKN",10270207,102702,1027,10
"497845",5798811,"KANSAS/LOWER REPUBLICAN RIVER BASIN","SC741","","2016-08-15",1141,1.3,2016,8,15,39.700794,-96.754517,10270207,"TKN",10270207,102702,1027,10
"497846",5798911,"KANSAS/LOWER REPUBLICAN RIVER BASIN","SC741","","2016-08-15",1146,1.3,2016,8,15,39.700794,-96.754517,10270207,"TKN",10270207,102702,1027,10
"497847",5799011,"KANSAS/LOWER REPUBLICAN RIVER BASIN","SC741","","2016-11-14",1007,0.35,2016,11,14,39.700794,-96.754517,10270207,"TKN",10270207,102702,1027,10
"497848",5799114,"KANSAS/LOWER REPUBLICAN RIVER BASIN","SC741","","2017-03-13",1110,0.49,2017,3,13,39.700794,-96.754517,10270207,"TKN",10270207,102702,1027,10
"497849",5799212,"KANSAS/LOWER REPUBLICAN RIVER BASIN","SC741","","2017-06-12",1055,1.1,2017,6,12,39.700794,-96.754517,10270207,"TKN",10270207,102702,1027,10
"497850",5799311,"KANSAS/LOWER REPUBLICAN RIVER BASIN","SC741","","2017-09-11",1053,0.81,2017,9,11,39.700794,-96.754517,10270207,"TKN",10270207,102702,1027,10
"497851",5799411,"KANSAS/LOWER REPUBLICAN RIVER BASIN","SC741","","2017-12-04",1022,0.33,2017,12,4,39.700794,-96.754517,10270207,"TKN",10270207,102702,1027,10
"497852",5799511,"KANSAS/LOWER REPUBLICAN RIVER BASIN","SC741","","2018-01-08",1048,0.29,2018,1,8,39.700794,-96.754517,10270207,"TKN",10270207,102702,1027,10
"497853",5799611,"KANSAS/LOWER REPUBLICAN RIVER BASIN","SC741","","2018-04-09",1023,0.22,2018,4,9,39.700794,-96.754517,10270207,"TKN",10270207,102702,1027,10
"497854",5799711,"KANSAS/LOWER REPUBLICAN RIVER BASIN","SC741","","2018-07-23",1049,1.6,2018,7,23,39.700794,-96.754517,10270207,"TKN",10270207,102702,1027,10
"497855",5799810,"KANSAS/LOWER REPUBLICAN RIVER BASIN","SC741","","2018-10-15",1005,1.8,2018,10,15,39.700794,-96.754517,10270207,"TKN",10270207,102702,1027,10
"497856",5799910,"KANSAS/LOWER REPUBLICAN RIVER BASIN","SC741","","2019-02-11",1055,0.83,2019,2,11,39.700794,-96.754517,10270207,"TKN",10270207,102702,1027,10
"497857",5800011,"KANSAS/LOWER REPUBLICAN RIVER BASIN","SC741","","2019-05-20",1128,0.71,2019,5,20,39.700794,-96.754517,10270207,"TKN",10270207,102702,1027,10
"497858",5800114,"KANSAS/LOWER REPUBLICAN RIVER BASIN","SC741","","2019-08-19",1523,0.62,2019,8,19,39.700794,-96.754517,10270207,"TKN",10270207,102702,1027,10
"497859",5800212,"KANSAS/LOWER REPUBLICAN RIVER BASIN","SC741","","2019-11-05",932,0.48,2019,11,5,39.700794,-96.754517,10270207,"TKN",10270207,102702,1027,10
"497860",5800310,"KANSAS/LOWER REPUBLICAN RIVER BASIN","SC741","","2020-03-02",1120,0.35,2020,3,2,39.700794,-96.754517,10270207,"TKN",10270207,102702,1027,10
"497861",5800410,"KANSAS/LOWER REPUBLICAN RIVER BASIN","SC741","","2020-09-14",943,0.85,2020,9,14,39.700794,-96.754517,10270207,"TKN",10270207,102702,1027,10
"497862",5800511,"KANSAS/LOWER REPUBLICAN RIVER BASIN","SC741","","2020-12-07",842,0.43,2020,12,7,39.700794,-96.754517,10270207,"TKN",10270207,102702,1027,10
"497863",5800611,"KANSAS/LOWER REPUBLICAN RIVER BASIN","SC741","","2020-12-07",847,0.43,2020,12,7,39.700794,-96.754517,10270207,"TKN",10270207,102702,1027,10
"497864",580079,"KANSAS/LOWER REPUBLICAN RIVER BASIN","SC741","","2021-01-04",1347,0.38,2021,1,4,39.700794,-96.754517,10270207,"TKN",10270207,102702,1027,10
"497865",5800810,"KANSAS/LOWER REPUBLICAN RIVER BASIN","SC741","","2021-04-05",1518,1.1,2021,4,5,39.700794,-96.754517,10270207,"TKN",10270207,102702,1027,10
"497866",5800910,"KANSAS/LOWER REPUBLICAN RIVER BASIN","SC741","","2021-07-14",649,1.1,2021,7,14,39.700794,-96.754517,10270207,"TKN",10270207,102702,1027,10
"497867",5801010,"KANSAS/LOWER REPUBLICAN RIVER BASIN","SC741","","2021-10-04",806,0.62,2021,10,4,39.700794,-96.754517,10270207,"TKN",10270207,102702,1027,10
"497868",5801114,"KANSAS/LOWER REPUBLICAN RIVER BASIN","SC741","","2022-02-09",550,0.32,2022,2,9,39.700794,-96.754517,10270207,"TKN",10270207,102702,1027,10
"497869",5801211,"KANSAS/LOWER REPUBLICAN RIVER BASIN","SC741","","2022-05-03",1235,2.6,2022,5,3,39.700794,-96.754517,10270207,"TKN",10270207,102702,1027,10
"497870",5801310,"KANSAS/LOWER REPUBLICAN RIVER BASIN","SC741","","2022-08-02",1217,0.1,2022,8,2,39.700794,-96.754517,10270207,"TKN",10270207,102702,1027,10
"497871",580149,"KANSAS/LOWER REPUBLICAN RIVER BASIN","SC741","","2022-11-08",1436,0.32,2022,11,8,39.700794,-96.754517,10270207,"TKN",10270207,102702,1027,10
"497872",580159,"KANSAS/LOWER REPUBLICAN RIVER BASIN","SC741","","2023-03-06",1006,0.52,2023,3,6,39.700794,-96.754517,10270207,"TKN",10270207,102702,1027,10
"497873",5801610,"KANSAS/LOWER REPUBLICAN RIVER BASIN","SC741","","2023-06-05",1107,0.36,2023,6,5,39.700794,-96.754517,10270207,"TKN",10270207,102702,1027,10
"497874",5801710,"KANSAS/LOWER REPUBLICAN RIVER BASIN","SC741","","2023-09-18",1035,0.24,2023,9,18,39.700794,-96.754517,10270207,"TKN",10270207,102702,1027,10
"497875",5801810,"KANSAS/LOWER REPUBLICAN RIVER BASIN","SC741","","2023-12-04",1031,0.1,2023,12,4,39.700794,-96.754517,10270207,"TKN",10270207,102702,1027,10
"497876",580199,"KANSAS/LOWER REPUBLICAN RIVER BASIN","SC741","","2024-01-22",1106,0.51,2024,1,22,39.700794,-96.754517,10270207,"TKN",10270207,102702,1027,10
"497877",5802010,"KANSAS/LOWER REPUBLICAN RIVER BASIN","SC741","","2024-04-08",932,0.3,2024,4,8,39.700794,-96.754517,10270207,"TKN",10270207,102702,1027,10
"497878",5802113,"KANSAS/LOWER REPUBLICAN RIVER BASIN","SC741","","2024-07-08",853,0.36,2024,7,8,39.700794,-96.754517,10270207,"TKN",10270207,102702,1027,10
"497879",5802211,"KANSAS/LOWER REPUBLICAN RIVER BASIN","SC741","","2024-10-07",1051,0.41,2024,10,7,39.700794,-96.754517,10270207,"TKN",10270207,102702,1027,10
"498214",5837810,"KANSAS/LOWER REPUBLICAN RIVER BASIN","SC750","","2008-01-08",1305,0.163,2008,1,8,39.115226,-96.610608,10270101,"TKN",10270101,102701,1027,10
"498215",5837911,"KANSAS/LOWER REPUBLICAN RIVER BASIN","SC750","","2008-03-04",1221,0.159,2008,3,4,39.115226,-96.610608,10270101,"TKN",10270101,102701,1027,10
"498216",5838011,"KANSAS/LOWER REPUBLICAN RIVER BASIN","SC750","","2008-03-04",1226,0.215,2008,3,4,39.115226,-96.610608,10270101,"TKN",10270101,102701,1027,10
"498217",5838114,"KANSAS/LOWER REPUBLICAN RIVER BASIN","SC750","","2008-05-06",1306,0.132,2008,5,6,39.115226,-96.610608,10270101,"TKN",10270101,102701,1027,10
"498218",5838212,"KANSAS/LOWER REPUBLICAN RIVER BASIN","SC750","","2008-07-08",1239,0.186,2008,7,8,39.115226,-96.610608,10270101,"TKN",10270101,102701,1027,10
"498219",5838311,"KANSAS/LOWER REPUBLICAN RIVER BASIN","SC750","","2008-09-02",1324,0.202,2008,9,2,39.115226,-96.610608,10270101,"TKN",10270101,102701,1027,10
"498220",5838411,"KANSAS/LOWER REPUBLICAN RIVER BASIN","SC750","","2008-11-12",1254,0.05,2008,11,12,39.115226,-96.610608,10270101,"TKN",10270101,102701,1027,10
"498221",5838611,"KANSAS/LOWER REPUBLICAN RIVER BASIN","SC750","","2011-05-23",1230,0.152,2011,5,23,39.115226,-96.610608,10270101,"TKN",10270101,102701,1027,10
"498222",5838711,"KANSAS/LOWER REPUBLICAN RIVER BASIN","SC750","","2011-08-08",1433,0.174,2011,8,8,39.115226,-96.610608,10270101,"TKN",10270101,102701,1027,10
"498223",5838811,"KANSAS/LOWER REPUBLICAN RIVER BASIN","SC750","","2011-11-28",1337,0.133,2011,11,28,39.115226,-96.610608,10270101,"TKN",10270101,102701,1027,10
"498224",5838911,"KANSAS/LOWER REPUBLICAN RIVER BASIN","SC750","","2012-03-06",1257,0.232,2012,3,6,39.115226,-96.610608,10270101,"TKN",10270101,102701,1027,10
"498225",5839011,"KANSAS/LOWER REPUBLICAN RIVER BASIN","SC750","","2012-06-19",1154,0.242,2012,6,19,39.115226,-96.610608,10270101,"TKN",10270101,102701,1027,10
"498226",5839211,"KANSAS/LOWER REPUBLICAN RIVER BASIN","SC750","","2012-12-18",1346,0.1,2012,12,18,39.115226,-96.610608,10270101,"TKN",10270101,102701,1027,10
"498227",5839310,"KANSAS/LOWER REPUBLICAN RIVER BASIN","SC750","","2016-01-05",1205,0.1,2016,1,5,39.115226,-96.610608,10270101,"TKN",10270101,102701,1027,10
"498228",5839411,"KANSAS/LOWER REPUBLICAN RIVER BASIN","SC750","","2016-04-05",1311,0.1,2016,4,5,39.115226,-96.610608,10270101,"TKN",10270101,102701,1027,10
"498229",5839511,"KANSAS/LOWER REPUBLICAN RIVER BASIN","SC750","","2016-07-12",1201,0.24,2016,7,12,39.115226,-96.610608,10270101,"TKN",10270101,102701,1027,10
"498230",5839611,"KANSAS/LOWER REPUBLICAN RIVER BASIN","SC750","","2016-10-04",1235,0.1,2016,10,4,39.115226,-96.610608,10270101,"TKN",10270101,102701,1027,10
"498231",583979,"KANSAS/LOWER REPUBLICAN RIVER BASIN","SC750","","2020-02-04",1150,0.1,2020,2,4,39.115226,-96.610608,10270101,"TKN",10270101,102701,1027,10
"498232",5839810,"KANSAS/LOWER REPUBLICAN RIVER BASIN","SC750","","2020-08-04",1134,0.28,2020,8,4,39.115226,-96.610608,10270101,"TKN",10270101,102701,1027,10
"498233",5839910,"KANSAS/LOWER REPUBLICAN RIVER BASIN","SC750","","2024-03-04",1018,0.1,2024,3,4,39.115226,-96.610608,10270101,"TKN",10270101,102701,1027,10
"498234",584009,"KANSAS/LOWER REPUBLICAN RIVER BASIN","SC750","","2024-06-25",754,0.1,2024,6,25,39.115226,-96.610608,10270101,"TKN",10270101,102701,1027,10
"498235",5840115,"KANSAS/LOWER REPUBLICAN RIVER BASIN","SC750","","2024-09-09",1044,0.22,2024,9,9,39.115226,-96.610608,10270101,"TKN",10270101,102701,1027,10
"498236",5840212,"KANSAS/LOWER REPUBLICAN RIVER BASIN","SC750","","2024-12-02",1034,0.1,2024,12,2,39.115226,-96.610608,10270101,"TKN",10270101,102701,1027,10
"498305",5847115,"KANSAS/LOWER REPUBLICAN RIVER BASIN","SC754","","2009-02-16",841,0.306,2009,2,16,39.702944,-96.440194,10270205,"TKN",10270205,102702,1027,10
"498306",5847212,"KANSAS/LOWER REPUBLICAN RIVER BASIN","SC754","","2009-04-20",930,0.949,2009,4,20,39.702944,-96.440194,10270205,"TKN",10270205,102702,1027,10
"498307",5847311,"KANSAS/LOWER REPUBLICAN RIVER BASIN","SC754","","2009-06-08",946,1.369,2009,6,8,39.702944,-96.440194,10270205,"TKN",10270205,102702,1027,10
"498308",5847511,"KANSAS/LOWER REPUBLICAN RIVER BASIN","SC754","","2009-10-12",925,0.64,2009,10,12,39.702944,-96.440194,10270205,"TKN",10270205,102702,1027,10
"498309",5847611,"KANSAS/LOWER REPUBLICAN RIVER BASIN","SC754","","2009-10-12",930,0.591,2009,10,12,39.702944,-96.440194,10270205,"TKN",10270205,102702,1027,10
"498310",5847710,"KANSAS/LOWER REPUBLICAN RIVER BASIN","SC754","","2009-12-14",920,0.6,2009,12,14,39.702944,-96.440194,10270205,"TKN",10270205,102702,1027,10
"498311",5847810,"KANSAS/LOWER REPUBLICAN RIVER BASIN","SC754","","2013-02-13",917,0.367,2013,2,13,39.702944,-96.440194,10270205,"TKN",10270205,102702,1027,10
"498312",5847911,"KANSAS/LOWER REPUBLICAN RIVER BASIN","SC754","","2013-05-14",1256,0.894,2013,5,14,39.702944,-96.440194,10270205,"TKN",10270205,102702,1027,10
"498313",5848011,"KANSAS/LOWER REPUBLICAN RIVER BASIN","SC754","","2013-08-13",1533,0.946,2013,8,13,39.702944,-96.440194,10270205,"TKN",10270205,102702,1027,10
"498314",5848115,"KANSAS/LOWER REPUBLICAN RIVER BASIN","SC754","","2013-11-05",1529,0.849,2013,11,5,39.702944,-96.440194,10270205,"TKN",10270205,102702,1027,10
"498315",5848212,"KANSAS/LOWER REPUBLICAN RIVER BASIN","SC754","","2017-03-13",1003,0.35,2017,3,13,39.702944,-96.440194,10270205,"TKN",10270205,102702,1027,10
"498316",5848311,"KANSAS/LOWER REPUBLICAN RIVER BASIN","SC754","","2017-06-12",946,1.1,2017,6,12,39.702944,-96.440194,10270205,"TKN",10270205,102702,1027,10
"498317",5848411,"KANSAS/LOWER REPUBLICAN RIVER BASIN","SC754","","2017-09-11",935,0.35,2017,9,11,39.702944,-96.440194,10270205,"TKN",10270205,102702,1027,10
"498318",5848511,"KANSAS/LOWER REPUBLICAN RIVER BASIN","SC754","","2017-12-04",908,1.2,2017,12,4,39.702944,-96.440194,10270205,"TKN",10270205,102702,1027,10
"498319",5848610,"KANSAS/LOWER REPUBLICAN RIVER BASIN","SC754","","2021-01-04",1436,0.32,2021,1,4,39.702944,-96.440194,10270205,"TKN",10270205,102702,1027,10
"498320",5848710,"KANSAS/LOWER REPUBLICAN RIVER BASIN","SC754","","2021-04-05",1610,1.4,2021,4,5,39.702944,-96.440194,10270205,"TKN",10270205,102702,1027,10
"498321",584889,"KANSAS/LOWER REPUBLICAN RIVER BASIN","SC754","","2021-07-14",550,0.69,2021,7,14,39.702944,-96.440194,10270205,"TKN",10270205,102702,1027,10
"498322",5848910,"KANSAS/LOWER REPUBLICAN RIVER BASIN","SC754","","2021-10-04",924,0.61,2021,10,4,39.702944,-96.440194,10270205,"TKN",10270205,102702,1027,10
"498323",5849115,"KANSAS/LOWER REPUBLICAN RIVER BASIN","SC755","","2009-02-03",1025,1.488,2009,2,3,39.216389,-96.166056,10270102,"TKN",10270102,102701,1027,10
"498324",5849212,"KANSAS/LOWER REPUBLICAN RIVER BASIN","SC755","","2009-04-07",1040,0.775,2009,4,7,39.216389,-96.166056,10270102,"TKN",10270102,102701,1027,10
"498325",5849311,"KANSAS/LOWER REPUBLICAN RIVER BASIN","SC755","","2009-06-02",1052,1.19,2009,6,2,39.216389,-96.166056,10270102,"TKN",10270102,102701,1027,10
"498326",5849411,"KANSAS/LOWER REPUBLICAN RIVER BASIN","SC755","","2009-08-24",832,1.058,2009,8,24,39.216389,-96.166056,10270102,"TKN",10270102,102701,1027,10
"498327",5849510,"KANSAS/LOWER REPUBLICAN RIVER BASIN","SC755","","2009-10-05",1212,0.918,2009,10,5,39.216389,-96.166056,10270102,"TKN",10270102,102701,1027,10
"498328",5849611,"KANSAS/LOWER REPUBLICAN RIVER BASIN","SC755","","2009-12-21",1128,0.987,2009,12,21,39.216389,-96.166056,10270102,"TKN",10270102,102701,1027,10
"498329",5849710,"KANSAS/LOWER REPUBLICAN RIVER BASIN","SC755","","2010-01-12",958,1.376,2010,1,12,39.216389,-96.166056,10270102,"TKN",10270102,102701,1027,10
"498330",5849811,"KANSAS/LOWER REPUBLICAN RIVER BASIN","SC755","","2010-04-27",923,0.753,2010,4,27,39.216389,-96.166056,10270102,"TKN",10270102,102701,1027,10
"498331",5849910,"KANSAS/LOWER REPUBLICAN RIVER BASIN","SC755","","2010-07-27",945,0.723,2010,7,27,39.216389,-96.166056,10270102,"TKN",10270102,102701,1027,10
"498332",5850011,"KANSAS/LOWER REPUBLICAN RIVER BASIN","SC755","","2010-10-13",1014,2.191,2010,10,13,39.216389,-96.166056,10270102,"TKN",10270102,102701,1027,10
"498333",5850115,"KANSAS/LOWER REPUBLICAN RIVER BASIN","SC755","","2010-10-13",1019,2.202,2010,10,13,39.216389,-96.166056,10270102,"TKN",10270102,102701,1027,10
"498334",5850212,"KANSAS/LOWER REPUBLICAN RIVER BASIN","SC755","","2011-02-07",947,1.58,2011,2,7,39.216389,-96.166056,10270102,"TKN",10270102,102701,1027,10
"498335",5850311,"KANSAS/LOWER REPUBLICAN RIVER BASIN","SC755","","2011-05-23",1253,1.236,2011,5,23,39.216389,-96.166056,10270102,"TKN",10270102,102701,1027,10
"498336",5850410,"KANSAS/LOWER REPUBLICAN RIVER BASIN","SC755","","2011-08-08",1052,2.139,2011,8,8,39.216389,-96.166056,10270102,"TKN",10270102,102701,1027,10
"498337",5850511,"KANSAS/LOWER REPUBLICAN RIVER BASIN","SC755","","2011-11-28",939,0.791,2011,11,28,39.216389,-96.166056,10270102,"TKN",10270102,102701,1027,10
"498338",5850611,"KANSAS/LOWER REPUBLICAN RIVER BASIN","SC755","","2015-03-03",1023,0.24,2015,3,3,39.216389,-96.166056,10270102,"TKN",10270102,102701,1027,10
"498339",5850711,"KANSAS/LOWER REPUBLICAN RIVER BASIN","SC755","","2015-06-02",941,0.29,2015,6,2,39.216389,-96.166056,10270102,"TKN",10270102,102701,1027,10
"498340",5850810,"KANSAS/LOWER REPUBLICAN RIVER BASIN","SC755","","2015-09-08",1000,0.53,2015,9,8,39.216389,-96.166056,10270102,"TKN",10270102,102701,1027,10
"498341",5850911,"KANSAS/LOWER REPUBLICAN RIVER BASIN","SC755","","2015-12-02",1043,0.44,2015,12,2,39.216389,-96.166056,10270102,"TKN",10270102,102701,1027,10
"498342",5851011,"KANSAS/LOWER REPUBLICAN RIVER BASIN","SC755","","2015-12-02",1048,0.41,2015,12,2,39.216389,-96.166056,10270102,"TKN",10270102,102701,1027,10
"498343",5851115,"KANSAS/LOWER REPUBLICAN RIVER BASIN","SC755","","2019-01-29",939,0.44,2019,1,29,39.216389,-96.166056,10270102,"TKN",10270102,102701,1027,10
"498344",5851212,"KANSAS/LOWER REPUBLICAN RIVER BASIN","SC755","","2019-04-02",827,0.1,2019,4,2,39.216389,-96.166056,10270102,"TKN",10270102,102701,1027,10
"498345",5851311,"KANSAS/LOWER REPUBLICAN RIVER BASIN","SC755","","2019-07-09",1022,0.31,2019,7,9,39.216389,-96.166056,10270102,"TKN",10270102,102701,1027,10
"498346",5851411,"KANSAS/LOWER REPUBLICAN RIVER BASIN","SC755","","2019-10-22",915,0.35,2019,10,22,39.216389,-96.166056,10270102,"TKN",10270102,102701,1027,10
"498347",5851510,"KANSAS/LOWER REPUBLICAN RIVER BASIN","SC755","","2023-02-06",947,0.1,2023,2,6,39.216389,-96.166056,10270102,"TKN",10270102,102701,1027,10
"498348",5851610,"KANSAS/LOWER REPUBLICAN RIVER BASIN","SC755","","2023-05-01",802,0.1,2023,5,1,39.216389,-96.166056,10270102,"TKN",10270102,102701,1027,10
"498349",585179,"KANSAS/LOWER REPUBLICAN RIVER BASIN","SC755","","2023-08-07",904,0.39,2023,8,7,39.216389,-96.166056,10270102,"TKN",10270102,102701,1027,10
"498350",5851810,"KANSAS/LOWER REPUBLICAN RIVER BASIN","SC755","","2023-11-27",904,0.69,2023,11,27,39.216389,-96.166056,10270102,"TKN",10270102,102701,1027,10
"498438",5861411,"KANSAS/LOWER REPUBLICAN RIVER BASIN","SC759","","2011-02-07",1427,0.155,2011,2,7,39.131418,-96.707962,10270101,"TKN",10270101,102701,1027,10
"498439",5861511,"KANSAS/LOWER REPUBLICAN RIVER BASIN","SC759","","2011-05-23",1147,0.321,2011,5,23,39.131418,-96.707962,10270101,"TKN",10270101,102701,1027,10
"498440",5861611,"KANSAS/LOWER REPUBLICAN RIVER BASIN","SC759","","2011-08-08",1552,0.622,2011,8,8,39.131418,-96.707962,10270101,"TKN",10270101,102701,1027,10
"498441",5861711,"KANSAS/LOWER REPUBLICAN RIVER BASIN","SC759","","2011-11-28",1420,0.22,2011,11,28,39.131418,-96.707962,10270101,"TKN",10270101,102701,1027,10
"498442",5861811,"KANSAS/LOWER REPUBLICAN RIVER BASIN","SC759","","2012-03-06",1341,0.239,2012,3,6,39.131418,-96.707962,10270101,"TKN",10270101,102701,1027,10
"498443",5861910,"KANSAS/LOWER REPUBLICAN RIVER BASIN","SC759","","2012-06-19",1314,0.551,2012,6,19,39.131418,-96.707962,10270101,"TKN",10270101,102701,1027,10
"498444",5862115,"KANSAS/LOWER REPUBLICAN RIVER BASIN","SC759","","2012-12-18",1440,0.1,2012,12,18,39.131418,-96.707962,10270101,"TKN",10270101,102701,1027,10
"498445",5862212,"KANSAS/LOWER REPUBLICAN RIVER BASIN","SC759","","2013-01-29",1244,0.1,2013,1,29,39.131418,-96.707962,10270101,"TKN",10270101,102701,1027,10
"498446",5862311,"KANSAS/LOWER REPUBLICAN RIVER BASIN","SC759","","2013-04-30",1227,0.371,2013,4,30,39.131418,-96.707962,10270101,"TKN",10270101,102701,1027,10
"498447",5862411,"KANSAS/LOWER REPUBLICAN RIVER BASIN","SC759","","2013-07-09",1339,0.82,2013,7,9,39.131418,-96.707962,10270101,"TKN",10270101,102701,1027,10
"498448",5862511,"KANSAS/LOWER REPUBLICAN RIVER BASIN","SC759","","2013-10-23",1156,0.528,2013,10,23,39.131418,-96.707962,10270101,"TKN",10270101,102701,1027,10
"498449",5862611,"KANSAS/LOWER REPUBLICAN RIVER BASIN","SC759","","2014-02-24",1209,0.53,2014,2,24,39.131418,-96.707962,10270101,"TKN",10270101,102701,1027,10
"498450",5862711,"KANSAS/LOWER REPUBLICAN RIVER BASIN","SC759","","2014-02-24",1214,0.5,2014,2,24,39.131418,-96.707962,10270101,"TKN",10270101,102701,1027,10
"498451",5862810,"KANSAS/LOWER REPUBLICAN RIVER BASIN","SC759","","2014-05-06",1418,0.32,2014,5,6,39.131418,-96.707962,10270101,"TKN",10270101,102701,1027,10
"498452",5862911,"KANSAS/LOWER REPUBLICAN RIVER BASIN","SC759","","2014-08-05",1337,0.75,2014,8,5,39.131418,-96.707962,10270101,"TKN",10270101,102701,1027,10
"498453",5863011,"KANSAS/LOWER REPUBLICAN RIVER BASIN","SC759","","2014-08-05",1342,0.72,2014,8,5,39.131418,-96.707962,10270101,"TKN",10270101,102701,1027,10
"498454",5863115,"KANSAS/LOWER REPUBLICAN RIVER BASIN","SC759","","2014-11-24",1318,0.57,2014,11,24,39.131418,-96.707962,10270101,"TKN",10270101,102701,1027,10
"498455",5863212,"KANSAS/LOWER REPUBLICAN RIVER BASIN","SC759","","2015-03-03",1310,0.26,2015,3,3,39.131418,-96.707962,10270101,"TKN",10270101,102701,1027,10
"498456",5863311,"KANSAS/LOWER REPUBLICAN RIVER BASIN","SC759","","2015-06-02",1229,0.25,2015,6,2,39.131418,-96.707962,10270101,"TKN",10270101,102701,1027,10
"498457",5863410,"KANSAS/LOWER REPUBLICAN RIVER BASIN","SC759","","2015-09-08",1210,0.92,2015,9,8,39.131418,-96.707962,10270101,"TKN",10270101,102701,1027,10
"498458",5863511,"KANSAS/LOWER REPUBLICAN RIVER BASIN","SC759","","2015-12-02",1224,0.3,2015,12,2,39.131418,-96.707962,10270101,"TKN",10270101,102701,1027,10
"498459",5863610,"KANSAS/LOWER REPUBLICAN RIVER BASIN","SC759","","2016-01-05",1249,0.1,2016,1,5,39.131418,-96.707962,10270101,"TKN",10270101,102701,1027,10
"498460",5863711,"KANSAS/LOWER REPUBLICAN RIVER BASIN","SC759","","2016-04-05",1401,0.1,2016,4,5,39.131418,-96.707962,10270101,"TKN",10270101,102701,1027,10
"498461",5863811,"KANSAS/LOWER REPUBLICAN RIVER BASIN","SC759","","2016-07-12",1254,0.5,2016,7,12,39.131418,-96.707962,10270101,"TKN",10270101,102701,1027,10
"498462",5863910,"KANSAS/LOWER REPUBLICAN RIVER BASIN","SC759","","2016-10-04",1328,0.1,2016,10,4,39.131418,-96.707962,10270101,"TKN",10270101,102701,1027,10
"498463",5864010,"KANSAS/LOWER REPUBLICAN RIVER BASIN","SC759","","2017-02-07",1111,0.2,2017,2,7,39.131418,-96.707962,10270101,"TKN",10270101,102701,1027,10
"498464",5864115,"KANSAS/LOWER REPUBLICAN RIVER BASIN","SC759","","2017-05-02",1106,0.55,2017,5,2,39.131418,-96.707962,10270101,"TKN",10270101,102701,1027,10
"498465",5864213,"KANSAS/LOWER REPUBLICAN RIVER BASIN","SC759","","2017-08-08",1243,0.58,2017,8,8,39.131418,-96.707962,10270101,"TKN",10270101,102701,1027,10
"498466",5864311,"KANSAS/LOWER REPUBLICAN RIVER BASIN","SC759","","2017-08-08",1248,0.54,2017,8,8,39.131418,-96.707962,10270101,"TKN",10270101,102701,1027,10
"498467",5864411,"KANSAS/LOWER REPUBLICAN RIVER BASIN","SC759","","2017-11-07",1323,0.23,2017,11,7,39.131418,-96.707962,10270101,"TKN",10270101,102701,1027,10
"498468",5864511,"KANSAS/LOWER REPUBLICAN RIVER BASIN","SC759","","2018-03-06",1231,0.41,2018,3,6,39.131418,-96.707962,10270101,"TKN",10270101,102701,1027,10
"498469",5864611,"KANSAS/LOWER REPUBLICAN RIVER BASIN","SC759","","2018-03-06",1236,0.51,2018,3,6,39.131418,-96.707962,10270101,"TKN",10270101,102701,1027,10
"498470",5864710,"KANSAS/LOWER REPUBLICAN RIVER BASIN","SC759","","2018-06-19",1202,2,2018,6,19,39.131418,-96.707962,10270101,"TKN",10270101,102701,1027,10
"498471",5864811,"KANSAS/LOWER REPUBLICAN RIVER BASIN","SC759","","2018-09-25",1210,0.31,2018,9,25,39.131418,-96.707962,10270101,"TKN",10270101,102701,1027,10
"498472",5864910,"KANSAS/LOWER REPUBLICAN RIVER BASIN","SC759","","2018-12-11",1153,0.1,2018,12,11,39.131418,-96.707962,10270101,"TKN",10270101,102701,1027,10
"498473",5865010,"KANSAS/LOWER REPUBLICAN RIVER BASIN","SC759","","2018-12-11",1158,0.1,2018,12,11,39.131418,-96.707962,10270101,"TKN",10270101,102701,1027,10
"498474",5865115,"KANSAS/LOWER REPUBLICAN RIVER BASIN","SC759","","2019-01-29",1204,0.1,2019,1,29,39.131418,-96.707962,10270101,"TKN",10270101,102701,1027,10
"498475",5865212,"KANSAS/LOWER REPUBLICAN RIVER BASIN","SC759","","2019-01-29",1209,0.1,2019,1,29,39.131418,-96.707962,10270101,"TKN",10270101,102701,1027,10
"498476",5865311,"KANSAS/LOWER REPUBLICAN RIVER BASIN","SC759","","2019-04-02",1117,0.1,2019,4,2,39.131418,-96.707962,10270101,"TKN",10270101,102701,1027,10
"498477",5865410,"KANSAS/LOWER REPUBLICAN RIVER BASIN","SC759","","2019-07-09",1317,0.1,2019,7,9,39.131418,-96.707962,10270101,"TKN",10270101,102701,1027,10
"498478",5865511,"KANSAS/LOWER REPUBLICAN RIVER BASIN","SC759","","2019-10-22",1105,0.2,2019,10,22,39.131418,-96.707962,10270101,"TKN",10270101,102701,1027,10
"498479",586569,"KANSAS/LOWER REPUBLICAN RIVER BASIN","SC759","","2020-02-04",1225,0.1,2020,2,4,39.131418,-96.707962,10270101,"TKN",10270101,102701,1027,10
"498480",5865710,"KANSAS/LOWER REPUBLICAN RIVER BASIN","SC759","","2020-08-04",1225,0.39,2020,8,4,39.131418,-96.707962,10270101,"TKN",10270101,102701,1027,10
"498481",586589,"KANSAS/LOWER REPUBLICAN RIVER BASIN","SC759","","2020-11-23",832,0.1,2020,11,23,39.131418,-96.707962,10270101,"TKN",10270101,102701,1027,10
"498482",586599,"KANSAS/LOWER REPUBLICAN RIVER BASIN","SC759","","2021-03-02",1004,0.5,2021,3,2,39.131418,-96.707962,10270101,"TKN",10270101,102701,1027,10
"498483",5866010,"KANSAS/LOWER REPUBLICAN RIVER BASIN","SC759","","2021-06-21",1133,0.73,2021,6,21,39.131418,-96.707962,10270101,"TKN",10270101,102701,1027,10
"498484",5866115,"KANSAS/LOWER REPUBLICAN RIVER BASIN","SC759","","2021-09-08",956,0.54,2021,9,8,39.131418,-96.707962,10270101,"TKN",10270101,102701,1027,10
"498485",5866213,"KANSAS/LOWER REPUBLICAN RIVER BASIN","SC759","","2021-09-08",1001,0.55,2021,9,8,39.131418,-96.707962,10270101,"TKN",10270101,102701,1027,10
"498486",5866311,"KANSAS/LOWER REPUBLICAN RIVER BASIN","SC759","","2021-12-07",959,0.1,2021,12,7,39.131418,-96.707962,10270101,"TKN",10270101,102701,1027,10
"498487",5866410,"KANSAS/LOWER REPUBLICAN RIVER BASIN","SC759","","2022-04-18",905,0.35,2022,4,18,39.131418,-96.707962,10270101,"TKN",10270101,102701,1027,10
"498488",5866510,"KANSAS/LOWER REPUBLICAN RIVER BASIN","SC759","","2022-04-18",910,0.46,2022,4,18,39.131418,-96.707962,10270101,"TKN",10270101,102701,1027,10
"498489",5866610,"KANSAS/LOWER REPUBLICAN RIVER BASIN","SC759","","2022-07-25",1406,0.1,2022,7,25,39.131418,-96.707962,10270101,"TKN",10270101,102701,1027,10
"498490",5866710,"KANSAS/LOWER REPUBLICAN RIVER BASIN","SC759","","2022-10-24",1106,0.82,2022,10,24,39.131418,-96.707962,10270101,"TKN",10270101,102701,1027,10
"498491",5866810,"KANSAS/LOWER REPUBLICAN RIVER BASIN","SC759","","2023-02-06",1221,0.1,2023,2,6,39.131418,-96.707962,10270101,"TKN",10270101,102701,1027,10
"498492",5866910,"KANSAS/LOWER REPUBLICAN RIVER BASIN","SC759","","2023-05-01",1017,0.1,2023,5,1,39.131418,-96.707962,10270101,"TKN",10270101,102701,1027,10
"498493",586709,"KANSAS/LOWER REPUBLICAN RIVER BASIN","SC759","","2023-08-07",1103,0.62,2023,8,7,39.131418,-96.707962,10270101,"TKN",10270101,102701,1027,10
"498494",5867115,"KANSAS/LOWER REPUBLICAN RIVER BASIN","SC759","","2023-11-27",1120,0.62,2023,11,27,39.131418,-96.707962,10270101,"TKN",10270101,102701,1027,10
"498495",5867212,"KANSAS/LOWER REPUBLICAN RIVER BASIN","SC759","","2023-11-27",1125,0.59,2023,11,27,39.131418,-96.707962,10270101,"TKN",10270101,102701,1027,10
"498496",5867310,"KANSAS/LOWER REPUBLICAN RIVER BASIN","SC759","","2024-03-04",1102,0.1,2024,3,4,39.131418,-96.707962,10270101,"TKN",10270101,102701,1027,10
"498497",586749,"KANSAS/LOWER REPUBLICAN RIVER BASIN","SC759","","2024-06-25",856,0.1,2024,6,25,39.131418,-96.707962,10270101,"TKN",10270101,102701,1027,10
"498498",5867510,"KANSAS/LOWER REPUBLICAN RIVER BASIN","SC759","","2024-09-09",1135,0.66,2024,9,9,39.131418,-96.707962,10270101,"TKN",10270101,102701,1027,10
"498499",5867610,"KANSAS/LOWER REPUBLICAN RIVER BASIN","SC759","","2024-12-02",1156,0.46,2024,12,2,39.131418,-96.707962,10270101,"TKN",10270101,102701,1027,10
"498521",5870711,"KANSAS/LOWER REPUBLICAN RIVER BASIN","SC762","","2017-06-13",1111,1.4,2017,6,13,39.955947,-97.988733,10250016,"TKN",10250016,102500,1025,10
"498522",5870811,"KANSAS/LOWER REPUBLICAN RIVER BASIN","SC762","","2017-09-12",1130,0.78,2017,9,12,39.955947,-97.988733,10250016,"TKN",10250016,102500,1025,10
"498523",5870911,"KANSAS/LOWER REPUBLICAN RIVER BASIN","SC762","","2018-07-24",1041,1,2018,7,24,39.955947,-97.988733,10250016,"TKN",10250016,102500,1025,10
"498524",5871011,"KANSAS/LOWER REPUBLICAN RIVER BASIN","SC762","","2019-02-12",1123,0.7,2019,2,12,39.955947,-97.988733,10250016,"TKN",10250016,102500,1025,10
"498525",5871114,"KANSAS/LOWER REPUBLICAN RIVER BASIN","SC762","","2019-08-20",923,0.54,2019,8,20,39.955947,-97.988733,10250016,"TKN",10250016,102500,1025,10
"498526",5871212,"KANSAS/LOWER REPUBLICAN RIVER BASIN","SC762","","2019-11-06",830,0.53,2019,11,6,39.955947,-97.988733,10250016,"TKN",10250016,102500,1025,10
"498527",5871311,"KANSAS/LOWER REPUBLICAN RIVER BASIN","SC762","","2020-09-14",1539,0.59,2020,9,14,39.955947,-97.988733,10250016,"TKN",10250016,102500,1025,10
"498528",5871410,"KANSAS/LOWER REPUBLICAN RIVER BASIN","SC762","","2021-07-13",841,0.85,2021,7,13,39.955947,-97.988733,10250016,"TKN",10250016,102500,1025,10
"498529",587159,"KANSAS/LOWER REPUBLICAN RIVER BASIN","SC762","","2021-10-05",706,0.68,2021,10,5,39.955947,-97.988733,10250016,"TKN",10250016,102500,1025,10
"498530",5871610,"KANSAS/LOWER REPUBLICAN RIVER BASIN","SC762","","2022-05-03",709,0.8,2022,5,3,39.955947,-97.988733,10250016,"TKN",10250016,102500,1025,10
"498531",5871710,"KANSAS/LOWER REPUBLICAN RIVER BASIN","SC762","","2022-08-02",821,0.24,2022,8,2,39.955947,-97.988733,10250016,"TKN",10250016,102500,1025,10
"498532",587189,"KANSAS/LOWER REPUBLICAN RIVER BASIN","SC762","","2022-11-08",1042,0.27,2022,11,8,39.955947,-97.988733,10250016,"TKN",10250016,102500,1025,10
"498533",5871910,"KANSAS/LOWER REPUBLICAN RIVER BASIN","SC762","","2023-06-05",1522,0.39,2023,6,5,39.955947,-97.988733,10250016,"TKN",10250016,102500,1025,10
"498534",5872010,"KANSAS/LOWER REPUBLICAN RIVER BASIN","SC762","","2023-09-18",1506,0.29,2023,9,18,39.955947,-97.988733,10250016,"TKN",10250016,102500,1025,10
"498535",5872113,"KANSAS/LOWER REPUBLICAN RIVER BASIN","SC762","","2023-12-04",1458,0.1,2023,12,4,39.955947,-97.988733,10250016,"TKN",10250016,102500,1025,10
"498536",5872211,"KANSAS/LOWER REPUBLICAN RIVER BASIN","SC762","","2024-07-08",1523,0.24,2024,7,8,39.955947,-97.988733,10250016,"TKN",10250016,102500,1025,10
"498537",5872310,"KANSAS/LOWER REPUBLICAN RIVER BASIN","SC762","","2024-10-07",1632,0.57,2024,10,7,39.955947,-97.988733,10250016,"TKN",10250016,102500,1025,10
"498538",5872511,"KANSAS/LOWER REPUBLICAN RIVER BASIN","SC763","","2019-02-12",1414,0.8,2019,2,12,39.566686,-97.26195,10250017,"TKN",10250017,102500,1025,10
"498539",5872611,"KANSAS/LOWER REPUBLICAN RIVER BASIN","SC763","","2019-05-20",1545,1.4,2019,5,20,39.566686,-97.26195,10250017,"TKN",10250017,102500,1025,10
"498540",5872710,"KANSAS/LOWER REPUBLICAN RIVER BASIN","SC763","","2019-08-19",1808,0.62,2019,8,19,39.566686,-97.26195,10250017,"TKN",10250017,102500,1025,10
"498541",5872811,"KANSAS/LOWER REPUBLICAN RIVER BASIN","SC763","","2019-11-05",1410,0.51,2019,11,5,39.566686,-97.26195,10250017,"TKN",10250017,102500,1025,10
"498542",587299,"KANSAS/LOWER REPUBLICAN RIVER BASIN","SC763","","2020-03-02",1607,0.5,2020,3,2,39.566686,-97.26195,10250017,"TKN",10250017,102500,1025,10
"498543",5873011,"KANSAS/LOWER REPUBLICAN RIVER BASIN","SC763","","2020-09-14",1256,0.67,2020,9,14,39.566686,-97.26195,10250017,"TKN",10250017,102500,1025,10
"498544",5873112,"KANSAS/LOWER REPUBLICAN RIVER BASIN","SC763","","2020-09-14",1301,0.67,2020,9,14,39.566686,-97.26195,10250017,"TKN",10250017,102500,1025,10
"498545",5873210,"KANSAS/LOWER REPUBLICAN RIVER BASIN","SC763","","2020-12-07",1348,0.64,2020,12,7,39.566686,-97.26195,10250017,"TKN",10250017,102500,1025,10
