site,year,month,day,fin,blue,ship,wind
N,2009,1,13,84.17,72.55,72.41,54.82
N,2009,1,14,82.04,76.48,76.10,53.35
N,2009,1,15,81.87,79.13,76.77,51.67
N,2009,1,16,81.29,75.85,75.70,52.70
N,2009,1,17,79.76,75.23,73.87,52.49
N,2009,1,18,81.19,76.96,74.13,54.34
N,2009,1,19,81.00,73.81,72.52,50.90
N,2009,1,20,80.97,77.22,75.72,51.97
N,2009,1,21,81.10,77.45,76.38,53.30
N,2009,1,22,83.44,79.65,80.47,55.63
N,2009,1,23,79.33,75.95,74.54,55.28
N,2009,1,24,82.11,80.86,78.36,51.02
N,2009,1,25,83.43,80.75,78.10,62.27
N,2009,1,26,82.25,78.63,76.53,65.22
N,2009,1,27,80.60,73.43,71.00,59.80
N,2009,1,28,80.08,75.72,73.93,59.47
N,2009,1,29,82.01,77.20,75.56,52.77
N,2009,1,30,81.84,78.09,75.63,56.66
N,2009,1,31,80.49,76.45,73.89,55.36
N,2009,2,1,79.82,75.41,73.10,57.70
N,2009,2,2,80.38,74.98,74.85,52.41
N,2009,2,3,81.55,74.05,71.92,52.18
N,2009,2,4,84.91,78.80,76.38,55.02
N,2009,2,5,83.78,78.18,76.92,57.98
N,2009,2,6,82.01,75.39,74.42,60.70
N,2009,2,7,83.61,75.87,75.55,59.14
N,2009,2,8,83.33,73.90,71.24,53.17
N,2009,2,9,80.83,72.72,70.92,62.99
N,2009,2,10,83.54,77.96,76.58,66.47
N,2009,2,11,84.01,80.28,77.85,59.99
N,2009,2,12,84.82,76.42,74.66,63.70
N,2009,2,13,85.07,76.62,76.89,61.62
N,2009,2,14,85.46,80.05,76.71,61.14
N,2009,2,15,NaN,NaN,NaN,NaN
N,2009,2,17,81.96,78.68,76.00,58.08
N,2009,2,18,79.87,78.22,75.56,51.74
N,2009,2,19,82.52,76.45,74.49,55.65
N,2009,2,20,83.29,77.27,75.43,54.52
N,2009,2,21,81.77,77.64,75.95,53.04
N,2009,2,22,84.89,76.71,73.56,49.76
N,2009,2,23,81.38,74.10,73.80,52.16
N,2009,2,24,79.37,78.75,76.35,58.30
N,2009,2,25,80.60,75.11,73.07,58.77
N,2009,2,26,79.89,72.61,71.81,60.18
N,2009,2,27,84.27,80.73,75.99,60.66
N,2009,2,28,82.63,77.46,76.51,53.13
N,2009,3,1,82.92,77.46,75.69,52.45
N,2009,3,2,83.31,74.91,75.52,55.15
N,2009,3,3,80.89,75.05,72.60,55.61
N,2009,3,4,79.36,74.82,75.97,51.77
N,2009,3,5,80.40,77.13,74.82,57.99
N,2009,3,6,81.74,78.43,77.31,61.22
N,2009,3,7,81.88,75.72,73.48,62.20
N,2009,3,8,83.73,78.11,75.53,55.91
N,2009,3,9,86.09,81.88,80.10,53.29
N,2009,3,10,NaN,NaN,NaN,NaN
N,2009,3,11,NaN,NaN,NaN,NaN
N,2009,3,12,NaN,NaN,NaN,NaN
N,2009,3,13,81.53,74.22,72.60,60.56
N,2009,3,14,82.11,76.00,74.84,60.83
N,2009,3,15,81.87,76.20,73.40,60.52
N,2009,3,16,79.82,77.09,77.63,55.92
N,2009,3,17,79.18,77.45,75.41,56.05
N,2009,3,18,81.22,79.08,76.91,52.44
N,2009,3,19,76.88,72.86,70.62,49.48
N,2009,3,20,81.15,81.20,80.95,51.95
N,2009,3,21,78.41,75.48,74.61,53.83
N,2009,3,22,80.31,75.29,74.01,60.16
N,2009,3,23,80.47,75.11,73.15,65.50
N,2009,3,24,79.83,77.08,72.09,59.12
N,2009,3,25,81.88,75.84,73.58,56.58
N,2009,3,26,81.11,76.85,74.95,61.03
N,2009,3,27,82.70,76.01,74.37,54.23
N,2009,3,28,83.65,75.42,74.83,53.50
N,2009,3,29,83.99,79.63,75.96,58.96
N,2009,3,30,86.49,78.33,78.75,55.63
N,2009,3,31,82.02,73.66,72.18,47.68
N,2009,4,1,82.41,78.45,75.36,58.76
N,2009,4,2,78.92,74.91,73.44,54.36
N,2009,4,3,80.70,76.78,76.56,63.53
N,2009,4,4,81.65,81.63,79.01,60.64
N,2009,4,5,79.25,77.39,74.09,47.51
N,2009,4,6,79.38,73.30,72.01,51.20
N,2009,4,7,78.44,77.00,75.36,54.68
N,2009,4,8,78.19,75.71,74.19,52.79
N,2009,4,9,81.04,81.07,79.41,59.94
N,2009,4,10,80.56,74.29,74.38,47.29
N,2009,4,11,78.46,73.77,72.84,64.36
N,2009,4,12,77.36,70.49,70.71,53.62
N,2009,4,13,80.43,77.67,79.06,51.99
N,2009,4,14,79.50,80.88,77.07,62.45
N,2009,4,15,80.67,80.84,76.64,68.33
N,2009,4,16,77.21,78.54,76.55,65.87
N,2009,4,17,75.13,73.51,72.88,56.32
N,2009,4,18,76.26,75.92,73.43,50.94
N,2009,4,19,75.84,74.54,74.06,56.94
N,2009,4,20,77.30,75.21,74.36,51.12
N,2009,4,21,74.46,71.90,68.83,52.43
N,2009,4,22,79.41,79.63,76.70,58.28
N,2009,4,23,76.76,74.22,72.99,54.81
N,2009,4,24,75.04,66.12,66.08,50.62
N,2009,4,25,79.46,76.03,74.27,62.57
N,2009,4,26,74.48,75.16,74.07,63.56
N,2009,4,27,75.30,76.27,76.50,61.14
N,2009,4,28,76.44,73.37,70.84,63.30
N,2009,4,29,76.90,73.02,72.53,63.74
N,2009,4,30,75.74,76.78,74.75,61.71
N,2009,5,1,77.00,77.17,74.87,60.40
N,2009,5,2,72.76,73.93,73.74,59.20
N,2009,5,3,74.76,74.16,73.12,61.30
N,2009,5,4,76.38,73.86,73.97,61.77
N,2009,5,5,75.47,75.64,73.76,62.40
N,2009,5,6,75.31,76.20,73.61,62.37
N,2009,5,7,79.45,75.42,75.20,62.62
N,2009,5,8,NaN,NaN,NaN,NaN
N,2009,5,9,NaN,NaN,NaN,NaN
N,2009,5,10,NaN,NaN,NaN,NaN
N,2009,5,11,NaN,NaN,NaN,NaN
N,2009,5,12,NaN,NaN,NaN,NaN
N,2009,5,13,NaN,NaN,NaN,NaN
N,2009,5,14,NaN,NaN,NaN,NaN
N,2009,5,15,NaN,NaN,NaN,NaN
N,2009,5,16,NaN,NaN,NaN,NaN
N,2009,5,17,NaN,NaN,NaN,NaN
N,2009,5,18,NaN,NaN,NaN,NaN
N,2009,5,19,NaN,NaN,NaN,NaN
N,2009,5,20,NaN,NaN,NaN,NaN
N,2009,5,21,NaN,NaN,NaN,NaN
N,2009,5,22,NaN,NaN,NaN,NaN
N,2009,5,23,NaN,NaN,NaN,NaN
N,2009,5,24,NaN,NaN,NaN,NaN
N,2009,5,25,NaN,NaN,NaN,NaN
N,2009,5,26,NaN,NaN,NaN,NaN
N,2009,5,27,NaN,NaN,NaN,NaN
N,2009,5,28,NaN,NaN,NaN,NaN
N,2009,5,29,NaN,NaN,NaN,NaN
N,2009,5,30,NaN,NaN,NaN,NaN
N,2009,5,31,NaN,NaN,NaN,NaN
N,2009,6,1,NaN,NaN,NaN,NaN
N,2009,6,2,NaN,NaN,NaN,NaN
N,2009,6,3,NaN,NaN,NaN,NaN
N,2009,6,4,NaN,NaN,NaN,NaN
N,2009,6,5,NaN,NaN,NaN,NaN
N,2009,6,6,NaN,NaN,NaN,NaN
N,2009,6,7,NaN,NaN,NaN,NaN
N,2009,6,8,NaN,NaN,NaN,NaN
N,2009,6,9,NaN,NaN,NaN,NaN
N,2009,6,10,NaN,NaN,NaN,NaN
N,2009,6,11,NaN,NaN,NaN,NaN
N,2009,6,12,NaN,NaN,NaN,NaN
N,2009,6,13,NaN,NaN,NaN,NaN
N,2009,6,14,NaN,NaN,NaN,NaN
N,2009,6,15,NaN,NaN,NaN,NaN
N,2009,6,16,NaN,NaN,NaN,NaN
N,2009,6,17,NaN,NaN,NaN,NaN
N,2009,6,18,NaN,NaN,NaN,NaN
N,2009,6,19,NaN,NaN,NaN,NaN
N,2009,6,20,NaN,NaN,NaN,NaN
N,2009,6,21,NaN,NaN,NaN,NaN
N,2009,6,22,NaN,NaN,NaN,NaN
N,2009,6,23,NaN,NaN,NaN,NaN
N,2009,6,24,NaN,NaN,NaN,NaN
N,2009,6,25,NaN,NaN,NaN,NaN
N,2009,6,26,NaN,NaN,NaN,NaN
N,2009,6,27,NaN,NaN,NaN,NaN
N,2009,6,28,NaN,NaN,NaN,NaN
N,2009,6,29,NaN,NaN,NaN,NaN
N,2009,6,30,NaN,NaN,NaN,NaN
N,2009,7,1,NaN,NaN,NaN,NaN
N,2009,7,2,NaN,NaN,NaN,NaN
N,2009,7,3,NaN,NaN,NaN,NaN
N,2009,7,4,NaN,NaN,NaN,NaN
N,2009,7,5,NaN,NaN,NaN,NaN
N,2009,7,6,NaN,NaN,NaN,NaN
N,2009,7,7,NaN,NaN,NaN,NaN
N,2009,7,8,NaN,NaN,NaN,NaN
N,2009,7,9,NaN,NaN,NaN,NaN
N,2009,7,10,NaN,NaN,NaN,NaN
N,2009,7,11,NaN,NaN,NaN,NaN
N,2009,7,12,NaN,NaN,NaN,NaN
N,2009,7,13,NaN,NaN,NaN,NaN
N,2009,7,14,NaN,NaN,NaN,NaN
N,2009,7,15,NaN,NaN,NaN,NaN
N,2009,7,16,NaN,NaN,NaN,NaN
N,2009,7,17,NaN,NaN,NaN,NaN
N,2009,7,18,NaN,NaN,NaN,NaN
N,2009,7,19,NaN,NaN,NaN,NaN
N,2009,7,20,NaN,NaN,NaN,NaN
N,2009,7,21,NaN,NaN,NaN,NaN
N,2009,7,22,74.50,75.10,72.66,49.90
N,2009,7,23,72.38,74.36,70.94,53.97
N,2009,7,24,73.40,76.33,73.00,52.53
N,2009,7,25,73.05,74.14,70.96,53.49
N,2009,7,26,71.93,73.86,71.16,51.99
N,2009,7,27,69.79,73.76,70.67,52.79
N,2009,7,28,72.62,78.32,74.39,58.36
N,2009,7,29,70.10,75.55,70.12,58.69
N,2009,7,30,71.04,75.08,69.29,58.55
N,2009,7,31,77.62,79.14,73.61,54.48
N,2009,8,1,70.48,74.78,69.46,58.48
N,2009,8,2,68.99,75.63,68.85,57.69
N,2009,8,3,70.04,74.48,68.23,61.28
N,2009,8,4,77.93,79.26,73.31,61.04
N,2009,8,5,72.38,76.76,70.47,61.21
N,2009,8,6,74.74,78.58,73.98,61.68
N,2009,8,7,74.82,79.86,71.79,61.69
N,2009,8,8,74.44,77.90,69.57,60.95
N,2009,8,9,72.96,77.65,72.78,54.96
N,2009,8,10,70.60,76.18,70.39,50.49
N,2009,8,11,75.30,76.68,70.80,52.74
N,2009,8,12,71.33,75.91,70.22,56.48
N,2009,8,13,75.50,77.01,71.71,51.11
N,2009,8,14,73.17,75.26,70.30,51.02
N,2009,8,15,67.97,73.40,65.47,57.52
N,2009,8,16,72.46,75.93,72.87,55.84
N,2009,8,17,71.90,76.16,70.68,54.39
N,2009,8,18,69.88,73.83,67.32,50.05
N,2009,8,19,71.09,76.30,71.04,50.46
N,2009,8,20,72.76,77.13,73.38,55.03
N,2009,8,21,72.37,78.62,72.22,58.71
N,2009,8,22,70.43,77.93,71.56,54.54
N,2009,8,23,70.56,79.34,73.58,50.53
N,2009,8,24,71.42,78.37,72.19,51.24
N,2009,8,25,73.04,79.05,70.51,56.65
N,2009,8,26,71.27,77.98,71.97,56.85
N,2009,8,27,71.56,77.99,70.38,55.73
N,2009,8,28,73.31,79.53,71.47,52.21
N,2009,8,29,70.51,78.93,69.64,53.10
N,2009,8,30,70.73,77.80,69.89,52.26
N,2009,8,31,69.11,76.40,68.06,54.20
N,2009,9,1,76.79,80.30,72.11,51.41
N,2009,9,2,71.75,80.63,72.51,50.29
N,2009,9,3,73.45,80.13,71.78,51.16
N,2009,9,4,72.35,79.88,70.52,53.02
N,2009,9,5,71.62,79.79,68.63,60.35
N,2009,9,6,74.54,78.69,70.96,60.47
N,2009,9,7,73.20,77.02,68.92,58.04
N,2009,9,8,73.18,76.72,68.80,52.76
N,2009,9,9,75.98,81.50,74.60,52.31
N,2009,9,10,72.66,77.32,69.98,58.14
N,2009,9,11,74.24,77.37,70.32,58.60
N,2009,9,12,72.83,74.38,68.36,58.57
N,2009,9,13,73.02,77.22,72.76,54.65
N,2009,9,14,73.50,74.77,70.48,55.88
N,2009,9,15,71.77,75.52,71.03,59.99
N,2009,9,16,NaN,NaN,NaN,NaN
N,2009,9,17,NaN,NaN,NaN,NaN
N,2009,9,18,NaN,NaN,NaN,NaN
N,2009,9,19,NaN,NaN,NaN,NaN
N,2009,9,20,NaN,NaN,NaN,NaN
N,2009,9,21,NaN,NaN,NaN,NaN
N,2009,9,22,NaN,NaN,NaN,NaN
N,2009,9,23,NaN,NaN,NaN,NaN
N,2009,9,24,NaN,NaN,NaN,NaN
N,2009,9,25,NaN,NaN,NaN,NaN
N,2009,9,26,NaN,NaN,NaN,NaN
N,2009,9,27,NaN,NaN,NaN,NaN
N,2009,9,28,NaN,NaN,NaN,NaN
N,2009,9,29,NaN,NaN,NaN,NaN
N,2009,9,30,NaN,NaN,NaN,NaN
N,2009,10,1,NaN,NaN,NaN,NaN
N,2009,10,2,NaN,NaN,NaN,NaN
N,2009,10,3,NaN,NaN,NaN,NaN
N,2009,10,4,NaN,NaN,NaN,NaN
N,2009,10,5,NaN,NaN,NaN,NaN
N,2009,10,6,NaN,NaN,NaN,NaN
N,2009,10,7,NaN,NaN,NaN,NaN
N,2009,10,8,NaN,NaN,NaN,NaN
N,2009,10,9,NaN,NaN,NaN,NaN
N,2009,10,10,NaN,NaN,NaN,NaN
N,2009,10,11,NaN,NaN,NaN,NaN
N,2009,10,12,NaN,NaN,NaN,NaN
N,2009,10,13,NaN,NaN,NaN,NaN
N,2009,10,14,NaN,NaN,NaN,NaN
N,2009,10,15,NaN,NaN,NaN,NaN
N,2009,10,16,NaN,NaN,NaN,NaN
N,2009,10,17,NaN,NaN,NaN,NaN
N,2009,10,18,NaN,NaN,NaN,NaN
N,2009,10,19,NaN,NaN,NaN,NaN
N,2009,10,20,NaN,NaN,NaN,NaN
N,2009,10,21,NaN,NaN,NaN,NaN
N,2009,10,22,NaN,NaN,NaN,NaN
N,2009,10,23,NaN,NaN,NaN,NaN
N,2009,10,24,NaN,NaN,NaN,NaN
N,2009,10,25,NaN,NaN,NaN,NaN
N,2009,10,26,NaN,NaN,NaN,NaN
N,2009,10,27,NaN,NaN,NaN,NaN
N,2009,10,28,NaN,NaN,NaN,NaN
N,2009,10,29,NaN,NaN,NaN,NaN
N,2009,10,30,NaN,NaN,NaN,NaN
N,2009,10,31,NaN,NaN,NaN,NaN
N,2009,11,1,NaN,NaN,NaN,NaN
N,2009,11,2,NaN,NaN,NaN,NaN
N,2009,11,3,NaN,NaN,NaN,NaN
N,2009,11,4,NaN,NaN,NaN,NaN
N,2009,11,5,NaN,NaN,NaN,NaN
N,2009,11,6,NaN,NaN,NaN,NaN
N,2009,11,7,NaN,NaN,NaN,NaN
N,2009,11,8,NaN,NaN,NaN,NaN
N,2009,11,9,NaN,NaN,NaN,NaN
N,2009,11,10,NaN,NaN,NaN,NaN
N,2009,11,11,NaN,NaN,NaN,NaN
N,2009,11,12,NaN,NaN,NaN,NaN
N,2009,11,13,NaN,NaN,NaN,NaN
N,2009,11,14,NaN,NaN,NaN,NaN
N,2009,11,15,NaN,NaN,NaN,NaN
N,2009,11,16,NaN,NaN,NaN,NaN
N,2009,11,17,NaN,NaN,NaN,NaN
N,2009,11,18,NaN,NaN,NaN,NaN
N,2009,11,19,NaN,NaN,NaN,NaN
N,2009,11,20,NaN,NaN,NaN,NaN
N,2009,11,21,NaN,NaN,NaN,NaN
N,2009,11,22,NaN,NaN,NaN,NaN
N,2009,11,23,NaN,NaN,NaN,NaN
N,2009,11,24,NaN,NaN,NaN,NaN
N,2009,11,25,NaN,NaN,NaN,NaN
N,2009,11,26,NaN,NaN,NaN,NaN
N,2009,11,27,NaN,NaN,NaN,NaN
N,2009,11,28,NaN,NaN,NaN,NaN
N,2009,11,29,NaN,NaN,NaN,NaN
N,2009,11,30,NaN,NaN,NaN,NaN
N,2009,12,1,NaN,NaN,NaN,NaN
N,2009,12,2,NaN,NaN,NaN,NaN
N,2009,12,3,NaN,NaN,NaN,NaN
N,2009,12,4,NaN,NaN,NaN,NaN
N,2009,12,5,NaN,NaN,NaN,NaN
N,2009,12,6,81.32,75.82,71.09,57.14
N,2009,12,7,79.40,72.10,69.98,60.01
N,2009,12,8,79.25,74.97,73.46,64.01
N,2009,12,9,78.82,75.45,72.65,57.29
N,2009,12,10,79.49,77.72,73.84,51.33
N,2009,12,11,78.14,73.82,72.52,50.65
N,2009,12,12,76.17,71.09,69.35,51.57
N,2009,12,13,81.00,73.57,73.16,59.61
N,2009,12,14,79.56,73.99,72.14,58.01
N,2009,12,15,85.57,81.79,78.11,56.03
N,2009,12,16,85.12,82.31,77.16,59.09
N,2009,12,17,80.24,74.68,71.63,56.39
N,2009,12,18,81.38,77.38,71.72,52.72
N,2009,12,19,80.66,77.29,72.96,46.19
N,2009,12,20,81.74,79.89,77.43,45.77
N,2009,12,21,82.00,73.42,70.87,46.29
N,2009,12,22,81.70,76.56,75.77,65.67
N,2009,12,23,80.93,79.42,77.97,64.82
N,2009,12,24,79.53,74.23,69.81,50.90
N,2009,12,25,79.24,77.32,74.09,49.63
N,2009,12,26,81.98,72.45,69.46,49.46
N,2009,12,27,81.54,76.63,74.31,47.19
N,2009,12,28,82.45,72.65,70.46,48.93
N,2009,12,29,81.38,70.89,67.56,50.83
N,2009,12,30,81.91,77.42,73.08,57.37
N,2009,12,31,80.74,74.60,73.87,58.74
N,2010,1,1,85.28,79.73,74.60,55.87
N,2010,1,2,83.37,70.03,69.71,57.74
N,2010,1,3,84.57,76.50,71.46,47.57
N,2010,1,4,82.38,77.79,74.54,47.13
N,2010,1,5,84.88,81.60,76.37,50.16
N,2010,1,6,84.80,73.86,70.06,49.37
N,2010,1,7,84.22,75.24,71.06,48.55
N,2010,1,8,83.63,73.11,71.05,47.16
N,2010,1,9,80.00,74.88,71.03,49.08
N,2010,1,10,80.50,79.94,78.81,51.96
N,2010,1,11,77.59,70.56,66.11,45.24
N,2010,1,12,81.18,72.83,70.45,48.09
N,2010,1,13,81.48,74.92,72.07,56.26
N,2010,1,14,84.13,78.78,74.93,62.06
N,2010,1,15,80.34,76.58,73.45,48.41
N,2010,1,16,83.57,78.29,73.23,46.31
N,2010,1,17,83.80,80.55,77.62,52.88
N,2010,1,18,80.64,79.85,76.00,60.57
N,2010,1,19,82.62,79.33,74.16,59.42
N,2010,1,20,77.09,72.98,72.72,63.37
N,2010,1,21,80.59,79.15,76.38,62.53
N,2010,1,22,80.52,77.20,74.85,65.84
N,2010,1,23,83.80,79.09,74.21,62.59
N,2010,1,24,84.87,77.27,74.83,57.22
N,2010,1,25,85.75,78.50,74.82,56.02
N,2010,1,26,83.01,76.86,73.67,59.12
N,2010,1,27,NaN,NaN,NaN,NaN
N,2010,1,28,NaN,NaN,NaN,NaN
N,2010,1,29,NaN,NaN,NaN,NaN
N,2010,1,30,79.90,87.99,90.58,57.02
N,2010,1,31,77.45,74.12,71.99,52.23
N,2010,2,1,77.93,79.32,76.18,53.46
N,2010,2,2,75.81,70.11,67.03,50.62
N,2010,2,3,77.10,71.98,69.49,57.22
N,2010,2,4,77.74,74.77,71.21,55.64
N,2010,2,5,79.32,73.76,72.21,60.65
N,2010,2,6,77.01,73.75,72.35,61.98
N,2010,2,7,76.96,72.38,72.24,64.20
N,2010,2,8,75.42,71.73,71.76,62.03
N,2010,2,9,77.02,73.22,72.06,58.62
N,2010,2,10,78.93,78.83,76.94,59.66
N,2010,2,11,78.46,74.46,70.31,58.52
N,2010,2,12,76.29,75.63,71.64,58.63
N,2010,2,13,74.60,71.86,69.39,53.38
N,2010,2,14,75.87,69.21,67.99,53.34
N,2010,2,15,79.27,77.87,74.26,53.20
N,2010,2,16,73.98,71.21,69.47,50.74
N,2010,2,17,77.34,79.03,76.08,48.60
N,2010,2,18,76.68,75.70,73.90,49.92
N,2010,2,19,75.71,71.87,69.90,52.57
N,2010,2,20,73.40,71.93,68.09,60.01
N,2010,2,21,78.75,78.02,76.18,60.17
N,2010,2,22,76.47,72.51,71.52,63.89
N,2010,2,23,76.27,75.73,73.62,55.68
N,2010,2,24,77.23,75.50,73.65,53.13
N,2010,2,25,77.27,76.48,74.19,59.13
N,2010,2,26,76.66,76.09,74.80,51.75
N,2010,2,27,77.72,73.16,71.75,61.71
N,2010,2,28,79.85,74.76,74.01,62.37
N,2010,3,1,81.21,76.01,75.08,52.63
N,2010,3,2,79.17,75.50,72.91,49.28
N,2010,3,3,77.47,77.81,73.37,58.55
N,2010,3,4,77.80,75.76,72.52,61.07
N,2010,3,5,81.12,78.42,75.88,56.43
N,2010,3,6,76.70,72.27,69.46,54.32
N,2010,3,7,76.43,72.06,69.09,58.04
N,2010,3,8,77.37,71.32,69.95,63.69
N,2010,3,9,79.34,81.96,78.80,66.85
N,2010,3,10,77.70,75.63,74.95,67.74
N,2010,3,11,77.75,76.05,70.20,59.35
N,2010,3,12,79.96,72.59,70.26,50.99
N,2010,3,13,78.67,74.41,72.72,61.78
N,2010,3,14,78.90,76.20,73.68,58.70
N,2010,3,15,79.04,71.76,69.12,54.15
N,2010,3,16,82.99,74.89,71.32,50.88
N,2010,3,17,80.90,73.81,70.02,51.03
N,2010,3,18,77.86,76.09,73.57,56.68
N,2010,3,19,78.25,76.57,73.36,56.99
N,2010,3,20,79.44,74.06,72.53,53.00
N,2010,3,21,76.63,73.99,72.50,55.07
N,2010,3,22,76.75,74.51,73.74,57.34
N,2010,3,23,77.98,79.32,76.54,57.70
N,2010,3,24,77.68,76.28,74.02,54.96
N,2010,3,25,76.04,74.16,72.82,60.22
N,2010,3,26,75.46,74.29,76.06,64.57
N,2010,3,27,NaN,NaN,NaN,NaN
N,2010,3,28,NaN,NaN,NaN,NaN
N,2010,3,29,NaN,NaN,NaN,NaN
N,2010,3,30,NaN,NaN,NaN,NaN
N,2010,3,31,NaN,NaN,NaN,NaN
N,2010,4,1,NaN,NaN,NaN,NaN
N,2010,4,2,NaN,NaN,NaN,NaN
N,2010,4,3,NaN,NaN,NaN,NaN
N,2010,4,4,NaN,NaN,NaN,NaN
N,2010,4,5,NaN,NaN,NaN,NaN
N,2010,4,6,NaN,NaN,NaN,NaN
N,2010,4,7,NaN,NaN,NaN,NaN
N,2010,4,8,NaN,NaN,NaN,NaN
N,2010,4,9,NaN,NaN,NaN,NaN
N,2010,4,10,71.10,70.38,69.12,45.02
N,2010,4,11,76.08,75.17,73.94,51.32
N,2010,4,12,73.96,74.79,71.56,58.90
N,2010,4,13,75.76,75.86,72.71,58.04
N,2010,4,14,76.13,76.10,74.55,59.45
N,2010,4,15,73.19,73.31,71.21,58.10
N,2010,4,16,77.61,79.51,76.29,59.92
N,2010,4,17,74.53,73.37,74.08,61.59
N,2010,4,18,77.31,78.48,76.58,58.00
N,2010,4,19,72.98,73.02,72.24,53.30
N,2010,4,20,77.59,78.25,76.06,53.98
N,2010,4,21,77.74,78.93,75.91,64.45
N,2010,4,22,76.34,77.18,74.00,63.60
N,2010,4,23,73.10,70.53,66.84,52.90
N,2010,4,24,74.91,77.10,73.97,49.86
N,2010,4,25,79.57,81.75,78.92,46.33
N,2010,4,26,75.66,78.42,74.95,46.27
N,2010,4,27,75.76,74.72,72.53,52.33
N,2010,4,28,75.05,74.07,71.93,58.64
N,2010,4,29,77.55,81.56,78.09,67.09
N,2010,4,30,77.29,76.00,75.11,65.42
N,2010,5,1,75.94,76.62,74.27,61.64
N,2010,5,2,83.27,83.77,80.09,58.79
N,2010,5,3,76.01,77.86,76.56,44.51
N,2010,5,4,74.25,76.93,75.67,58.39
N,2010,5,5,71.93,72.55,71.66,60.44
N,2010,5,6,73.86,73.66,71.00,62.14
N,2010,5,7,73.32,74.20,72.43,58.76
N,2010,5,8,76.26,77.55,76.46,61.02
N,2010,5,9,74.76,76.14,74.28,64.53
N,2010,5,10,75.74,74.82,75.79,63.48
N,2010,5,11,74.65,75.84,75.12,65.67
N,2010,5,12,73.90,76.90,77.02,58.69
N,2010,5,13,75.84,77.97,76.16,59.50
N,2010,5,14,73.06,74.89,73.85,52.84
N,2010,5,15,73.63,75.75,74.35,54.23
N,2010,5,16,73.10,74.01,72.74,55.02
N,2010,5,17,NaN,NaN,NaN,NaN
N,2010,5,18,NaN,NaN,NaN,NaN
N,2010,5,19,NaN,NaN,NaN,NaN
N,2010,5,20,NaN,NaN,NaN,NaN
N,2010,5,21,NaN,NaN,NaN,NaN
N,2010,5,22,NaN,NaN,NaN,NaN
N,2010,5,23,NaN,NaN,NaN,NaN
N,2010,5,24,NaN,NaN,NaN,NaN
N,2010,5,25,NaN,NaN,NaN,NaN
N,2010,5,26,NaN,NaN,NaN,NaN
N,2010,5,27,NaN,NaN,NaN,NaN
N,2010,5,28,NaN,NaN,NaN,NaN
N,2010,5,29,NaN,NaN,NaN,NaN
N,2010,5,30,75.73,76.17,73.71,46.18
N,2010,5,31,71.52,72.46,70.43,45.52
N,2010,6,1,70.87,72.34,70.18,47.95
N,2010,6,2,72.55,75.30,74.04,54.85
N,2010,6,3,74.66,76.73,74.08,49.86
N,2010,6,4,73.69,75.86,74.16,51.17
N,2010,6,5,71.31,74.83,73.77,46.39
N,2010,6,6,76.14,85.92,85.28,58.55
N,2010,6,7,73.65,79.22,78.09,47.42
N,2010,6,8,72.17,73.17,72.68,57.74
N,2010,6,9,74.60,75.15,71.94,59.26
N,2010,6,10,74.17,75.82,72.66,63.68
N,2010,6,11,76.05,77.43,75.22,62.77
N,2010,6,12,74.29,76.57,73.36,53.85
N,2010,6,13,71.47,71.91,72.68,42.78
N,2010,6,14,73.66,74.53,72.51,55.38
N,2010,6,15,71.92,73.64,73.19,59.50
N,2010,6,16,72.18,75.06,74.41,60.84
N,2010,6,17,73.00,74.03,73.66,57.14
N,2010,6,18,73.48,75.23,74.42,60.01
N,2010,6,19,73.57,73.82,72.58,63.13
N,2010,6,20,75.08,76.18,75.39,62.34
N,2010,6,21,70.40,73.24,71.77,60.12
N,2010,6,22,72.09,74.42,73.12,56.43
N,2010,6,23,72.96,77.71,75.30,56.90
N,2010,6,24,74.00,74.17,71.78,56.49
N,2010,6,25,74.71,75.64,73.05,58.46
N,2010,6,26,77.60,81.83,80.22,62.46
N,2010,6,27,75.13,78.09,75.85,57.05
N,2010,6,28,74.75,79.44,77.75,52.04
N,2010,6,29,71.36,71.89,71.10,43.66
N,2010,6,30,73.63,77.95,77.05,51.79
N,2010,7,1,71.40,74.63,73.28,60.98
N,2010,7,2,69.70,73.14,71.72,61.34
N,2010,7,3,72.47,78.51,76.63,62.01
N,2010,7,4,76.14,80.97,77.66,56.12
N,2010,7,5,70.32,76.19,72.40,48.56
N,2010,7,6,69.67,73.74,72.53,48.20
N,2010,7,7,67.83,69.24,67.43,43.92
N,2010,7,8,75.18,78.37,75.24,51.39
N,2010,7,9,74.56,73.17,71.73,55.84
N,2010,7,10,73.95,76.30,75.86,57.31
N,2010,7,11,73.74,73.42,71.77,55.75
N,2010,7,12,77.35,80.36,78.26,56.75
N,2010,7,13,72.76,76.18,72.87,58.38
N,2010,7,14,78.44,81.62,76.60,60.74
N,2010,7,15,77.94,78.17,73.82,61.55
N,2010,7,16,75.26,75.78,73.50,60.23
N,2010,7,17,74.85,75.61,74.02,61.28
N,2010,7,18,74.74,75.96,74.32,59.01
N,2010,7,19,NaN,NaN,NaN,NaN
N,2010,7,20,NaN,NaN,NaN,NaN
N,2010,7,21,NaN,NaN,NaN,NaN
N,2010,7,22,NaN,NaN,NaN,NaN
N,2010,7,23,77.56,80.57,77.23,49.14
N,2010,7,24,73.70,78.25,74.40,58.38
N,2010,7,25,71.04,75.08,73.02,59.45
N,2010,7,26,70.35,73.55,70.71,58.17
N,2010,7,27,72.55,73.34,70.87,56.65
N,2010,7,28,77.10,77.75,75.49,57.84
N,2010,7,29,75.74,76.42,73.12,58.96
N,2010,7,30,74.88,72.67,69.02,54.84
N,2010,7,31,74.69,75.16,74.59,52.91
N,2010,8,1,72.47,72.89,71.69,49.42
N,2010,8,2,73.16,75.15,71.34,51.42
N,2010,8,3,72.96,73.81,70.25,58.80
N,2010,8,4,77.15,78.57,74.52,59.13
N,2010,8,5,78.07,77.77,74.65,59.46
N,2010,8,6,76.29,78.58,77.13,59.15
N,2010,8,7,76.32,77.33,73.59,53.33
N,2010,8,8,76.82,75.01,72.26,49.16
N,2010,8,9,76.88,77.85,77.12,48.68
N,2010,8,10,75.54,79.17,74.86,52.82
N,2010,8,11,77.74,78.02,73.98,57.17
N,2010,8,12,76.51,78.02,75.38,60.52
N,2010,8,13,77.45,78.77,74.77,61.50
N,2010,8,14,74.78,76.55,73.62,61.31
N,2010,8,15,77.95,81.05,77.53,62.20
N,2010,8,16,75.33,74.70,73.80,60.28
N,2010,8,17,76.38,76.71,72.30,47.40
N,2010,8,18,78.54,76.77,71.55,51.70
N,2010,8,19,77.75,77.89,73.52,59.57
N,2010,8,20,80.53,80.69,75.40,60.74
N,2010,8,21,76.69,75.62,70.77,60.82
N,2010,8,22,76.48,76.51,72.30,61.22
N,2010,8,23,75.47,74.19,70.84,57.54
N,2010,8,24,73.77,71.21,66.62,56.89
N,2010,8,25,78.32,75.27,71.62,59.26
N,2010,8,26,76.71,78.61,76.96,61.09
N,2010,8,27,74.37,74.92,70.59,59.43
N,2010,8,28,78.57,74.53,72.72,60.18
N,2010,8,29,80.72,78.12,76.54,62.42
N,2010,8,30,NaN,NaN,NaN,NaN
N,2010,8,31,NaN,NaN,NaN,NaN
N,2010,9,1,NaN,NaN,NaN,NaN
N,2010,9,2,79.49,78.16,75.73,54.73
N,2010,9,3,79.91,77.89,74.59,59.01
N,2010,9,4,76.97,77.13,73.53,60.49
N,2010,9,5,78.92,76.82,75.50,59.54
N,2010,9,6,80.25,76.13,72.27,52.74
N,2010,9,7,77.01,74.53,71.20,47.62
N,2010,9,8,79.20,75.75,72.95,46.62
N,2010,9,9,78.92,77.51,73.08,59.05
N,2010,9,10,77.91,76.82,71.52,54.78
N,2010,9,11,76.99,74.85,71.93,48.20
N,2010,9,12,78.61,80.35,78.46,56.96
N,2010,9,13,78.71,78.60,71.57,60.72
N,2010,9,14,79.51,77.82,73.23,60.79
N,2010,9,15,79.92,78.24,74.84,57.79
N,2010,9,16,78.96,75.60,71.40,56.67
N,2010,9,17,80.93,77.00,73.87,54.07
N,2010,9,18,80.05,75.92,69.56,61.23
N,2010,9,19,75.63,74.45,69.83,62.56
N,2010,9,20,79.72,75.80,72.20,63.17
N,2010,9,21,78.81,77.67,71.62,60.31
N,2010,9,22,81.42,79.01,74.26,62.84
N,2010,9,23,83.10,81.69,76.15,60.00
N,2010,9,24,82.67,80.64,77.50,54.22
N,2010,9,25,77.91,75.71,69.53,52.15
N,2010,9,26,83.55,78.17,73.16,55.04
N,2010,9,27,81.39,77.87,72.68,52.98
N,2010,9,28,82.32,79.88,71.77,49.88
N,2010,9,29,85.04,78.93,73.79,50.75
N,2010,9,30,81.82,77.68,72.73,52.08
N,2010,10,1,82.81,76.20,72.12,52.31
N,2010,10,2,82.75,76.73,70.25,51.40
N,2010,10,3,83.63,78.27,72.96,50.65
N,2010,10,4,82.04,80.30,76.95,58.32
N,2010,10,5,83.85,82.27,77.00,61.33
N,2010,10,6,80.64,76.61,72.30,52.97
N,2010,10,7,80.07,78.67,73.89,50.63
N,2010,10,8,80.59,77.83,70.72,58.29
N,2010,10,9,81.27,79.08,73.75,54.10
N,2010,10,10,80.18,76.33,74.31,50.34
N,2010,10,11,78.48,75.16,72.79,51.01
N,2010,10,12,80.09,78.63,74.86,48.64
N,2010,10,13,80.05,78.26,71.07,49.55
N,2010,10,14,77.66,80.24,75.35,49.62
N,2010,10,15,78.79,80.52,76.20,48.98
N,2010,10,16,80.45,77.91,73.66,45.69
N,2010,10,17,81.49,78.72,73.82,48.47
N,2010,10,18,81.94,78.47,72.84,50.42
N,2010,10,19,80.79,78.15,74.16,56.88
N,2010,10,20,80.33,76.76,73.80,51.18
N,2010,10,21,80.55,75.30,70.05,52.61
N,2010,10,22,79.28,75.00,71.92,56.63
N,2010,10,23,81.91,78.72,74.08,58.18
N,2010,10,24,81.20,79.02,74.24,58.30
N,2010,10,25,81.03,75.44,72.88,59.96
N,2010,10,26,79.52,73.78,72.31,63.29
N,2010,10,27,80.03,77.57,73.85,53.99
N,2010,10,28,80.85,76.51,70.85,49.80
N,2010,10,29,80.04,76.06,70.70,50.17
N,2010,10,30,79.63,79.96,74.04,54.43
N,2010,10,31,82.66,78.93,76.47,57.82
N,2010,11,1,79.75,74.80,71.18,57.01
N,2010,11,2,81.79,77.66,73.46,52.75
N,2010,11,3,83.20,77.60,73.93,50.89
N,2010,11,4,81.97,77.75,75.19,53.53
N,2010,11,5,80.14,77.75,73.13,48.93
N,2010,11,6,81.50,74.49,70.62,53.92
N,2010,11,7,80.51,77.82,75.61,54.30
N,2010,11,8,80.55,77.17,73.05,62.40
N,2010,11,9,NaN,NaN,NaN,NaN
N,2010,11,10,NaN,NaN,NaN,NaN
N,2010,11,11,NaN,NaN,NaN,NaN
N,2010,11,12,NaN,NaN,NaN,NaN
N,2010,11,13,NaN,NaN,NaN,NaN
N,2010,11,14,NaN,NaN,NaN,NaN
N,2010,11,15,NaN,NaN,NaN,NaN
N,2010,11,16,NaN,NaN,NaN,NaN
N,2010,11,17,NaN,NaN,NaN,NaN
N,2010,11,18,NaN,NaN,NaN,NaN
N,2010,11,19,NaN,NaN,NaN,NaN
N,2010,11,20,NaN,NaN,NaN,NaN
N,2010,11,21,NaN,NaN,NaN,NaN
N,2010,11,22,NaN,NaN,NaN,NaN
N,2010,11,23,NaN,NaN,NaN,NaN
N,2010,11,24,NaN,NaN,NaN,NaN
N,2010,11,25,NaN,NaN,NaN,NaN
N,2010,11,26,NaN,NaN,NaN,NaN
N,2010,11,27,NaN,NaN,NaN,NaN
N,2010,11,28,NaN,NaN,NaN,NaN
N,2010,11,29,NaN,NaN,NaN,NaN
N,2010,11,30,NaN,NaN,NaN,NaN
N,2010,12,1,NaN,NaN,NaN,NaN
N,2010,12,2,NaN,NaN,NaN,NaN
N,2010,12,3,NaN,NaN,NaN,NaN
N,2010,12,4,NaN,NaN,NaN,NaN
N,2010,12,5,NaN,NaN,NaN,NaN
N,2010,12,6,NaN,NaN,NaN,NaN
N,2010,12,7,80.66,79.00,78.07,65.22
N,2010,12,8,81.52,78.60,77.52,59.49
N,2010,12,9,81.82,77.30,74.68,60.51
N,2010,12,10,82.41,75.20,72.11,62.47
N,2010,12,11,80.01,77.69,74.04,58.17
N,2010,12,12,80.37,79.03,77.15,54.09
N,2010,12,13,77.80,74.24,73.73,55.65
N,2010,12,14,77.34,74.56,70.83,59.15
N,2010,12,15,78.17,77.63,72.79,56.52
N,2010,12,16,78.74,78.16,74.55,55.52
N,2010,12,17,79.00,75.02,72.60,57.59
N,2010,12,18,79.85,77.22,74.39,51.14
N,2010,12,19,76.92,73.89,71.16,57.81
N,2010,12,20,80.68,79.62,75.14,60.28
N,2010,12,21,81.66,73.58,70.81,54.30
N,2010,12,22,82.92,79.92,75.39,60.54
N,2010,12,23,78.92,74.02,72.42,56.07
N,2010,12,24,82.74,75.27,71.99,50.61
N,2010,12,25,77.90,71.03,68.43,50.89
N,2010,12,26,76.33,71.75,67.96,62.36
N,2010,12,27,81.84,76.73,74.19,59.55
N,2010,12,28,77.09,74.94,73.29,50.99
N,2010,12,29,76.91,74.42,71.05,58.76
N,2010,12,30,80.18,79.40,76.22,67.72
N,2010,12,31,77.49,75.10,72.45,63.59
N,2011,1,1,81.29,75.88,73.85,48.69
N,2011,1,2,75.16,75.46,72.44,51.99
N,2011,1,3,76.16,71.48,68.29,52.52
N,2011,1,4,78.30,76.15,72.85,50.74
N,2011,1,5,74.66,73.79,72.64,52.26
N,2011,1,6,79.27,75.11,74.94,51.98
N,2011,1,7,78.76,75.95,71.27,50.38
N,2011,1,8,78.35,78.34,75.32,61.17
N,2011,1,9,75.04,74.06,71.65,58.82
N,2011,1,10,76.14,71.29,68.68,55.56
N,2011,1,11,77.22,75.59,73.12,49.64
N,2011,1,12,78.70,79.10,74.84,55.59
N,2011,1,13,76.76,76.57,73.16,57.05
N,2011,1,14,76.46,77.15,73.69,56.15
N,2011,1,15,76.93,75.43,71.07,48.97
N,2011,1,16,76.24,73.17,71.59,48.20
N,2011,1,17,78.42,73.56,71.46,48.96
N,2011,1,18,78.33,75.87,72.93,47.84
N,2011,1,19,80.62,74.94,72.97,50.74
N,2011,1,20,79.43,77.71,74.16,54.27
N,2011,1,21,77.43,73.89,70.99,48.49
N,2011,1,22,75.71,74.98,72.94,50.42
N,2011,1,23,76.25,73.39,70.37,48.69
N,2011,1,24,78.79,78.13,74.88,52.10
N,2011,1,25,82.85,76.83,74.34,46.82
N,2011,1,26,81.46,76.85,73.70,46.62
N,2011,1,27,78.22,75.96,72.37,52.14
N,2011,1,28,75.73,69.37,67.68,48.14
N,2011,1,29,76.46,74.83,71.71,56.99
N,2011,1,30,75.54,72.46,71.28,60.24
N,2011,1,31,77.80,75.37,72.63,61.62
N,2011,2,1,78.14,73.47,70.88,57.95
N,2011,2,2,76.99,75.41,71.68,57.72
N,2011,2,3,81.98,80.13,75.77,52.98
N,2011,2,4,80.17,78.74,74.81,57.62
N,2011,2,5,75.81,74.52,70.46,54.00
N,2011,2,6,77.65,77.57,74.05,50.60
N,2011,2,7,78.47,77.09,73.24,47.35
N,2011,2,8,79.64,74.48,72.48,59.73
N,2011,2,9,76.60,75.25,74.04,55.99
N,2011,2,10,76.65,77.68,74.71,53.01
N,2011,2,11,76.12,77.05,74.41,52.25
N,2011,2,12,75.77,74.72,72.40,49.02
N,2011,2,13,77.10,77.44,77.24,53.42
N,2011,2,14,74.79,71.28,68.13,50.42
N,2011,2,15,74.38,69.60,68.44,49.95
N,2011,2,16,73.29,74.11,73.06,56.32
N,2011,2,17,74.02,74.25,72.54,54.27
N,2011,2,18,79.90,80.12,75.47,60.39
N,2011,2,19,80.22,74.17,71.92,60.09
N,2011,2,20,81.25,76.77,75.53,63.31
N,2011,2,21,82.60,78.86,74.37,57.65
N,2011,2,22,79.27,73.40,71.36,48.94
N,2011,2,23,80.09,76.40,73.93,54.64
N,2011,2,24,80.19,78.27,75.85,62.08
N,2011,2,25,76.60,77.11,75.50,59.05
N,2011,2,26,75.05,75.10,72.44,62.31
N,2011,2,27,74.38,75.71,74.28,63.49
N,2011,2,28,73.91,74.78,72.12,51.37
N,2011,3,1,74.26,74.78,73.77,57.69
N,2011,3,2,76.15,75.10,72.76,52.93
N,2011,3,3,75.02,73.87,72.79,49.84
N,2011,3,4,78.59,77.85,74.54,56.79
N,2011,3,5,78.28,76.73,74.86,53.43
N,2011,3,6,78.14,74.71,70.69,60.80
N,2011,3,7,79.35,74.22,71.76,64.97
N,2011,3,8,78.94,74.96,74.35,64.74
N,2011,3,9,78.23,73.34,70.25,54.70
N,2011,3,10,80.16,72.56,72.38,57.16
N,2011,3,11,79.60,75.97,74.00,62.55
N,2011,3,12,79.79,72.92,70.14,63.38
N,2011,3,13,80.33,77.21,76.30,61.86
N,2011,3,14,82.54,73.22,71.24,60.14
N,2011,3,15,80.14,76.83,73.91,61.80
N,2011,3,16,78.42,75.18,73.00,63.64
N,2011,3,17,78.79,76.05,73.54,60.30
N,2011,3,18,79.32,75.51,73.23,61.79
N,2011,3,19,79.47,77.27,73.70,57.82
N,2011,3,20,81.28,78.46,74.65,62.50
N,2011,3,21,80.17,79.21,76.13,61.49
N,2011,3,22,82.66,77.59,75.88,57.78
N,2011,3,23,82.18,73.10,71.35,49.18
N,2011,3,24,83.80,77.53,75.57,53.37
N,2011,3,25,83.06,72.05,70.28,58.45
N,2011,3,26,81.53,76.59,75.16,54.18
N,2011,3,27,81.43,72.85,71.38,55.46
N,2011,3,28,82.12,75.80,73.76,62.66
N,2011,3,29,83.03,77.98,75.87,54.78
N,2011,3,30,83.51,80.66,77.87,51.70
N,2011,3,31,82.71,74.84,73.99,49.44
N,2011,4,1,82.60,72.56,70.13,49.29
N,2011,4,2,82.76,73.95,71.36,52.22
N,2011,4,3,81.67,76.69,73.25,53.09
N,2011,4,4,81.35,78.51,75.12,54.72
N,2011,4,5,79.83,77.59,76.65,52.51
N,2011,4,6,79.42,74.69,72.76,59.78
N,2011,4,7,78.65,72.86,71.30,61.62
N,2011,4,8,78.19,76.10,71.99,61.22
N,2011,4,9,76.94,71.60,69.93,57.16
N,2011,4,10,NaN,NaN,NaN,NaN
N,2011,4,11,NaN,NaN,NaN,NaN
N,2011,4,12,NaN,NaN,NaN,NaN
N,2011,4,13,NaN,NaN,NaN,NaN
N,2011,4,14,NaN,NaN,NaN,NaN
N,2011,4,15,NaN,NaN,NaN,NaN
N,2011,4,16,NaN,NaN,NaN,NaN
N,2011,4,17,NaN,NaN,NaN,NaN
N,2011,4,18,NaN,NaN,NaN,NaN
N,2011,4,19,NaN,NaN,NaN,NaN
N,2011,4,20,NaN,NaN,NaN,NaN
N,2011,4,21,NaN,NaN,NaN,NaN
N,2011,4,22,NaN,NaN,NaN,NaN
N,2011,4,23,NaN,NaN,NaN,NaN
N,2011,4,24,NaN,NaN,NaN,NaN
N,2011,4,25,NaN,NaN,NaN,NaN
N,2011,4,26,NaN,NaN,NaN,NaN
N,2011,4,27,NaN,NaN,NaN,NaN
N,2011,4,28,NaN,NaN,NaN,NaN
N,2011,4,29,NaN,NaN,NaN,NaN
N,2011,4,30,NaN,NaN,NaN,NaN
N,2011,5,1,NaN,NaN,NaN,NaN
N,2011,5,2,NaN,NaN,NaN,NaN
N,2011,5,3,NaN,NaN,NaN,NaN
N,2011,5,4,NaN,NaN,NaN,NaN
N,2011,5,5,NaN,NaN,NaN,NaN
N,2011,5,6,NaN,NaN,NaN,NaN
N,2011,5,7,NaN,NaN,NaN,NaN
N,2011,5,8,NaN,NaN,NaN,NaN
N,2011,5,9,NaN,NaN,NaN,NaN
N,2011,5,10,NaN,NaN,NaN,NaN
N,2011,5,11,73.47,67.21,67.11,60.33
N,2011,5,12,73.96,74.80,70.69,60.28
N,2011,5,13,75.13,76.63,72.33,56.68
N,2011,5,14,73.03,73.92,71.50,60.72
N,2011,5,15,75.86,74.30,72.89,58.42
N,2011,5,16,75.10,75.49,72.67,58.67
N,2011,5,17,73.99,75.99,74.27,57.72
N,2011,5,18,77.97,78.17,74.97,62.25
N,2011,5,19,79.67,79.28,76.88,61.90
N,2011,5,20,76.04,72.34,71.12,59.66
N,2011,5,21,76.09,79.00,76.09,57.20
N,2011,5,22,76.88,78.23,75.74,61.60
N,2011,5,23,76.56,76.12,73.09,64.42
N,2011,5,24,76.47,76.42,74.93,64.14
N,2011,5,25,74.88,74.90,74.67,62.30
N,2011,5,26,77.04,80.18,76.42,64.03
N,2011,5,27,74.62,74.94,74.60,63.89
N,2011,5,28,74.28,75.30,73.69,64.88
N,2011,5,29,74.97,76.69,75.41,65.50
N,2011,5,30,73.64,75.42,74.89,63.17
N,2011,5,31,74.67,72.56,70.56,61.99
N,2011,6,1,74.58,73.13,70.31,62.22
N,2011,6,2,77.57,79.52,75.57,64.74
N,2011,6,3,75.00,73.99,72.08,63.39
N,2011,6,4,72.03,68.70,67.67,48.71
N,2011,6,5,73.56,75.21,73.89,48.63
N,2011,6,6,74.58,75.10,72.96,45.54
N,2011,6,7,76.89,77.89,74.34,60.66
N,2011,6,8,75.03,75.76,74.75,61.16
N,2011,6,9,72.98,71.96,69.26,60.73
N,2011,6,10,76.49,75.30,73.14,60.12
N,2011,6,11,74.83,72.12,70.43,61.56
N,2011,6,12,74.19,72.88,71.95,62.07
N,2011,6,13,74.79,74.04,70.56,55.18
N,2011,6,14,74.72,75.41,71.82,52.09
N,2011,6,15,75.53,76.88,73.00,53.18
N,2011,6,16,71.21,70.98,68.63,53.08
N,2011,6,17,73.66,74.55,73.00,54.75
N,2011,6,18,75.84,74.34,71.38,54.77
N,2011,6,19,76.93,78.48,76.08,58.15
N,2011,6,20,73.20,70.70,68.69,49.12
N,2011,6,21,77.08,74.82,72.82,43.15
N,2011,6,22,77.83,79.43,76.20,51.40
N,2011,6,23,78.77,81.46,76.84,53.38
N,2011,6,24,82.66,81.41,76.48,52.61
N,2011,6,25,77.20,77.20,72.11,57.57
N,2011,6,26,74.18,78.14,74.53,60.81
N,2011,6,27,73.98,77.59,75.55,59.25
N,2011,6,28,74.17,73.34,70.56,57.93
N,2011,6,29,77.57,76.35,74.35,58.10
N,2011,6,30,76.30,77.23,73.11,59.73
N,2011,7,1,75.37,77.11,73.12,56.14
N,2011,7,2,76.76,75.68,72.23,56.55
N,2011,7,3,76.63,76.78,74.88,56.04
N,2011,7,4,71.75,73.58,71.52,44.69
N,2011,7,5,72.61,72.92,69.52,43.14
N,2011,7,6,73.55,77.26,73.04,50.66
N,2011,7,7,73.92,75.41,70.66,57.19
N,2011,7,8,76.91,78.44,74.79,58.96
N,2011,7,9,77.46,77.09,73.54,57.91
N,2011,7,10,76.97,78.85,77.16,59.00
N,2011,7,11,75.91,76.92,72.96,55.60
N,2011,7,12,74.78,76.87,73.19,59.32
N,2011,7,13,77.74,80.76,74.25,58.61
N,2011,7,14,84.91,80.20,75.45,59.47
N,2011,7,15,79.20,79.61,76.11,60.27
N,2011,7,16,75.25,75.08,70.42,57.52
N,2011,7,17,78.60,77.67,73.32,59.63
N,2011,7,18,77.21,77.42,73.40,60.07
N,2011,7,19,78.28,80.12,78.11,60.64
N,2011,7,20,79.73,79.53,75.36,59.35
N,2011,7,21,78.85,78.32,74.25,57.39
N,2011,7,22,76.32,77.15,73.37,55.38
N,2011,7,23,76.70,76.68,74.28,48.50
N,2011,7,24,74.36,77.74,73.50,51.48
N,2011,7,25,71.71,75.06,70.74,58.79
N,2011,7,26,70.77,73.63,69.36,56.95
N,2011,7,27,72.13,75.49,71.20,48.14
N,2011,7,28,71.48,75.64,70.68,52.09
N,2011,7,29,72.14,76.26,73.76,52.05
N,2011,7,30,71.54,76.46,71.00,58.77
N,2011,7,31,72.29,76.95,72.67,61.28
N,2011,8,1,74.54,79.21,78.00,60.83
N,2011,8,2,70.49,75.26,70.59,59.92
N,2011,8,3,71.33,74.15,69.67,60.71
N,2011,8,4,72.29,76.58,74.48,61.79
N,2011,8,5,75.79,80.17,75.02,60.58
N,2011,8,6,74.90,77.85,73.57,59.19
N,2011,8,7,72.39,74.61,72.32,58.66
N,2011,8,8,71.83,76.46,73.78,54.23
N,2011,8,9,74.54,79.23,75.38,54.58
N,2011,8,10,74.67,81.36,79.36,53.49
N,2011,8,11,79.38,82.62,79.33,54.53
N,2011,8,12,77.47,83.09,78.61,53.90
N,2011,8,13,77.56,77.18,70.95,45.40
N,2011,8,14,78.59,79.88,73.23,45.17
N,2011,8,15,78.77,79.25,72.20,50.57
N,2011,8,16,80.87,80.38,75.62,49.72
N,2011,8,17,81.28,82.17,76.14,56.76
N,2011,8,18,81.60,81.18,73.36,57.68
N,2011,8,19,79.00,78.92,71.44,57.67
N,2011,8,20,80.89,78.80,72.27,56.84
N,2011,8,21,83.87,80.88,74.71,56.32
N,2011,8,22,83.70,79.68,73.82,58.99
N,2011,8,23,83.36,82.30,76.50,60.65
N,2011,8,24,75.35,79.66,73.77,59.53
N,2011,8,25,79.01,80.46,72.82,60.85
N,2011,8,26,80.66,80.60,74.47,61.45
N,2011,8,27,80.23,78.04,71.45,59.18
N,2011,8,28,80.57,82.92,76.86,58.31
N,2011,8,29,80.10,79.06,71.38,58.68
N,2011,8,30,79.65,78.66,72.03,58.69
N,2011,8,31,79.34,78.76,71.81,59.84
N,2011,9,1,80.07,77.50,70.17,56.90
N,2011,9,2,79.90,78.94,74.67,57.79
N,2011,9,3,80.59,76.31,70.34,59.32
N,2011,9,4,80.38,76.69,72.79,61.30
N,2011,9,5,81.75,78.67,75.66,61.68
N,2011,9,6,79.17,76.40,69.98,59.34
N,2011,9,7,82.99,81.78,76.63,55.82
N,2011,9,8,80.19,79.60,75.55,56.07
N,2011,9,9,77.68,78.16,76.15,60.73
N,2011,9,10,76.64,74.44,68.47,45.07
N,2011,9,11,79.79,77.68,71.60,47.82
N,2011,9,12,72.84,73.89,71.16,47.40
N,2011,9,13,73.22,74.24,70.36,53.03
N,2011,9,14,81.11,79.23,75.86,52.88
N,2011,9,15,78.97,80.87,76.17,58.77
N,2011,9,16,76.18,78.66,73.99,56.97
N,2011,9,17,74.13,73.12,67.99,52.74
N,2011,9,18,75.55,78.27,75.32,51.16
N,2011,9,19,75.85,79.17,75.88,51.96
N,2011,9,20,77.60,78.01,74.18,55.43
N,2011,9,21,75.74,74.44,71.86,55.43
N,2011,9,22,78.69,77.62,73.67,49.99
N,2011,9,23,75.06,77.24,73.92,52.60
N,2011,9,24,NaN,NaN,NaN,NaN
N,2011,9,25,NaN,NaN,NaN,NaN
N,2011,9,26,NaN,NaN,NaN,NaN
N,2011,9,27,NaN,NaN,NaN,NaN
N,2011,9,28,NaN,NaN,NaN,NaN
N,2011,9,29,NaN,NaN,NaN,NaN
N,2011,9,30,NaN,NaN,NaN,NaN
N,2011,10,1,NaN,NaN,NaN,NaN
N,2011,10,2,NaN,NaN,NaN,NaN
N,2011,10,3,NaN,NaN,NaN,NaN
N,2011,10,4,NaN,NaN,NaN,NaN
N,2011,10,5,NaN,NaN,NaN,NaN
N,2011,10,6,82.97,82.57,79.09,55.63
N,2011,10,7,NaN,NaN,NaN,NaN
N,2011,10,8,NaN,NaN,NaN,NaN
N,2011,10,9,NaN,NaN,NaN,NaN
N,2011,10,10,NaN,NaN,NaN,NaN
N,2011,10,11,NaN,NaN,NaN,NaN
N,2011,10,12,NaN,NaN,NaN,NaN
N,2011,10,13,NaN,NaN,NaN,NaN
N,2011,10,14,NaN,NaN,NaN,NaN
N,2011,10,15,NaN,NaN,NaN,NaN
N,2011,10,16,76.97,76.57,72.78,55.93
N,2011,10,17,78.02,75.35,72.33,59.80
N,2011,10,18,78.79,76.66,73.78,59.89
N,2011,10,19,80.16,74.55,73.27,62.10
N,2011,10,20,80.05,76.42,73.35,58.87
N,2011,10,21,77.44,75.64,71.35,50.06
N,2011,10,22,78.09,73.22,66.50,49.78
N,2011,10,23,76.83,78.48,73.58,50.25
N,2011,10,24,75.41,75.26,71.05,51.32
N,2011,10,25,78.71,77.39,73.40,51.32
N,2011,10,26,77.30,72.71,69.25,54.76
N,2011,10,27,78.02,77.00,73.74,52.11
N,2011,10,28,77.47,74.20,69.20,51.18
N,2011,10,29,77.68,75.76,70.32,55.12
N,2011,10,30,79.12,77.79,73.54,51.34
N,2011,10,31,79.33,76.47,71.35,52.48
N,2011,11,1,79.84,75.95,70.43,56.50
N,2011,11,2,81.08,77.70,72.60,53.33
N,2011,11,3,77.90,75.08,70.52,52.63
N,2011,11,4,77.62,76.46,71.11,58.10
N,2011,11,5,76.25,75.94,72.37,65.51
N,2011,11,6,77.76,75.53,71.81,60.04
N,2011,11,7,77.05,76.15,71.99,62.64
N,2011,11,8,78.41,74.78,72.49,50.48
N,2011,11,9,78.51,70.64,67.64,54.84
N,2011,11,10,77.18,70.50,68.05,51.45
N,2011,11,11,75.98,73.48,68.28,49.01
N,2011,11,12,76.91,72.31,68.41,57.74
N,2011,11,13,78.67,75.30,71.70,56.78
N,2011,11,14,79.09,73.62,69.80,55.51
N,2011,11,15,80.03,76.37,73.15,49.32
N,2011,11,16,80.04,77.89,73.24,50.95
N,2011,11,17,78.86,76.27,72.95,51.74
N,2011,11,18,78.98,75.36,73.88,60.50
N,2011,11,19,76.53,76.37,73.49,62.71
N,2011,11,20,76.59,73.43,68.92,54.90
N,2011,11,21,75.73,73.17,70.67,54.98
N,2011,11,22,74.83,71.97,68.91,54.43
N,2011,11,23,78.03,76.52,73.09,55.48
N,2011,11,24,77.95,75.13,71.56,51.50
N,2011,11,25,77.04,73.97,69.92,56.57
N,2011,11,26,78.99,72.00,66.90,50.03
N,2011,11,27,79.37,74.07,69.81,52.62
N,2011,11,28,76.82,70.36,67.35,50.40
N,2011,11,29,78.02,75.20,70.89,53.85
N,2011,11,30,76.37,72.91,68.77,56.86
N,2011,12,1,79.67,75.67,73.00,65.52
N,2011,12,2,80.05,77.26,72.26,53.18
N,2011,12,3,77.47,72.55,68.53,54.20
N,2011,12,4,78.32,73.62,69.24,54.13
N,2011,12,5,79.77,75.58,75.52,54.41
N,2011,12,6,81.53,75.58,72.80,51.37
N,2011,12,7,80.63,74.37,71.47,56.00
N,2011,12,8,79.77,72.11,70.06,56.08
N,2011,12,9,81.01,75.98,72.26,54.71
N,2011,12,10,80.27,75.52,73.97,56.52
N,2011,12,11,79.98,78.42,75.95,58.21
N,2011,12,12,78.15,73.64,69.11,54.81
N,2011,12,13,76.66,75.34,71.73,55.69
N,2011,12,14,78.57,75.72,72.66,54.87
N,2011,12,15,79.37,76.82,74.24,57.68
N,2011,12,16,79.53,78.81,75.25,59.52
N,2011,12,17,79.31,74.07,70.86,56.19
N,2011,12,18,80.00,75.94,72.82,54.07
N,2011,12,19,79.47,76.01,73.55,60.07
N,2011,12,20,79.50,74.53,71.33,53.50
N,2011,12,21,78.42,75.77,73.60,59.55
N,2011,12,22,78.12,78.98,75.93,56.83
N,2011,12,23,80.49,73.57,71.63,54.75
N,2011,12,24,79.96,75.74,71.52,51.73
N,2011,12,25,78.17,70.68,69.59,52.14
N,2011,12,26,81.59,73.96,71.01,52.25
N,2011,12,27,82.96,77.26,73.63,57.59
N,2011,12,28,80.22,72.18,69.04,52.71
N,2011,12,29,74.63,72.50,69.26,51.33
N,2011,12,30,75.72,73.72,69.55,52.78
N,2011,12,31,74.07,72.15,68.97,52.37
N,2012,1,1,73.22,72.18,69.08,50.10
N,2012,1,2,75.12,72.08,69.40,53.77
N,2012,1,3,76.48,74.66,71.33,54.34
N,2012,1,4,76.18,72.19,70.17,49.77
N,2012,1,5,75.60,72.99,70.95,52.35
N,2012,1,6,77.85,73.68,72.43,57.92
N,2012,1,7,77.35,75.53,71.09,57.01
N,2012,1,8,74.30,70.68,68.60,50.94
N,2012,1,9,76.28,73.73,70.13,49.02
N,2012,1,10,76.56,74.39,72.65,49.76
N,2012,1,11,76.30,74.21,69.50,51.30
N,2012,1,12,77.38,79.17,75.48,54.02
N,2012,1,13,76.25,70.60,69.07,50.92
N,2012,1,14,76.86,71.86,70.34,51.68
N,2012,1,15,77.15,70.25,70.05,47.63
N,2012,1,16,78.40,74.06,69.41,61.06
N,2012,1,17,76.43,71.67,69.50,56.67
N,2012,1,18,79.41,73.79,70.64,54.65
N,2012,1,19,81.81,79.63,76.67,61.02
N,2012,1,20,81.72,75.78,72.43,61.51
N,2012,1,21,81.02,74.16,71.40,59.30
N,2012,1,22,83.12,74.24,71.01,60.61
N,2012,1,23,81.32,74.86,72.14,57.51
N,2012,1,24,80.87,72.74,71.39,62.27
N,2012,1,25,82.79,73.84,71.92,55.05
N,2012,1,26,82.23,76.30,73.25,52.04
N,2012,1,27,80.14,73.28,71.49,58.18
N,2012,1,28,81.11,77.62,74.40,54.36
N,2012,1,29,81.65,77.02,74.31,54.05
N,2012,1,30,81.84,74.73,71.41,55.09
N,2012,1,31,81.69,74.96,73.31,54.50
N,2012,2,1,82.64,74.15,71.84,57.22
N,2012,2,2,80.34,76.94,74.23,57.45
N,2012,2,3,79.65,72.67,69.63,52.10
N,2012,2,4,77.73,69.61,66.55,50.22
N,2012,2,5,76.11,75.20,70.37,49.63
N,2012,2,6,76.07,73.23,70.35,50.56
N,2012,2,7,80.88,76.46,73.20,56.58
N,2012,2,8,77.81,69.59,66.60,55.08
N,2012,2,9,80.95,79.31,75.94,54.08
N,2012,2,10,79.15,73.28,69.49,58.37
N,2012,2,11,77.65,74.71,71.15,62.79
N,2012,2,12,78.79,76.05,73.84,63.47
N,2012,2,13,77.21,78.03,78.26,60.82
N,2012,2,14,NaN,NaN,NaN,NaN
N,2012,2,15,NaN,NaN,NaN,NaN
N,2012,2,16,NaN,NaN,NaN,NaN
N,2012,2,17,NaN,NaN,NaN,NaN
N,2012,2,18,NaN,NaN,NaN,NaN
N,2012,2,19,NaN,NaN,NaN,NaN
N,2012,2,20,NaN,NaN,NaN,NaN
N,2012,2,21,NaN,NaN,NaN,NaN
N,2012,2,22,NaN,NaN,NaN,NaN
N,2012,2,23,NaN,NaN,NaN,NaN
N,2012,2,24,NaN,NaN,NaN,NaN
N,2012,2,25,NaN,NaN,NaN,NaN
N,2012,2,26,NaN,NaN,NaN,NaN
N,2012,2,27,NaN,NaN,NaN,NaN
N,2012,2,28,NaN,NaN,NaN,NaN
N,2012,2,29,NaN,NaN,NaN,NaN
N,2012,3,1,NaN,NaN,NaN,NaN
N,2012,3,2,NaN,NaN,NaN,NaN
N,2012,3,3,NaN,NaN,NaN,NaN
N,2012,3,4,NaN,NaN,NaN,NaN
N,2012,3,5,NaN,NaN,NaN,NaN
N,2012,3,6,NaN,NaN,NaN,NaN
N,2012,3,7,NaN,NaN,NaN,NaN
N,2012,3,8,NaN,NaN,NaN,NaN
N,2012,3,9,NaN,NaN,NaN,NaN
N,2012,3,10,NaN,NaN,NaN,NaN
N,2012,3,11,NaN,NaN,NaN,NaN
N,2012,3,12,NaN,NaN,NaN,NaN
N,2012,3,13,NaN,NaN,NaN,NaN
N,2012,3,14,NaN,NaN,NaN,NaN
N,2012,3,15,NaN,NaN,NaN,NaN
N,2012,3,16,NaN,NaN,NaN,NaN
N,2012,3,17,NaN,NaN,NaN,NaN
N,2012,3,18,NaN,NaN,NaN,NaN
N,2012,3,19,NaN,NaN,NaN,NaN
N,2012,3,20,NaN,NaN,NaN,NaN
N,2012,3,21,NaN,NaN,NaN,NaN
N,2012,3,22,NaN,NaN,NaN,NaN
N,2012,3,23,NaN,NaN,NaN,NaN
N,2012,3,24,80.86,81.99,83.71,51.09
N,2012,3,25,77.51,73.22,70.17,58.07
N,2012,3,26,76.61,77.60,73.24,57.61
N,2012,3,27,75.77,70.90,69.09,57.69
N,2012,3,28,75.41,69.52,67.73,57.11
N,2012,3,29,77.42,75.43,71.91,60.91
N,2012,3,30,77.39,76.86,73.41,61.25
N,2012,3,31,74.67,74.05,72.67,58.90
N,2012,4,1,77.25,75.76,73.45,66.17
N,2012,4,2,77.07,73.59,71.96,61.39
N,2012,4,3,77.63,79.73,75.83,56.22
N,2012,4,4,79.66,77.76,74.82,62.91
N,2012,4,5,78.59,77.61,74.47,65.29
N,2012,4,6,77.27,74.13,72.55,64.23
N,2012,4,7,77.59,75.47,72.74,57.61
N,2012,4,8,75.65,72.49,71.23,53.36
N,2012,4,9,77.00,75.22,72.42,53.23
N,2012,4,10,77.41,73.73,71.96,51.89
N,2012,4,11,76.07,76.73,74.22,58.30
N,2012,4,12,74.94,72.75,71.50,51.42
N,2012,4,13,74.52,72.44,71.09,52.43
N,2012,4,14,76.73,78.24,76.60,67.04
N,2012,4,15,76.94,73.62,72.49,56.83
N,2012,4,16,76.81,77.27,76.37,56.49
N,2012,4,17,75.78,72.05,69.74,55.78
N,2012,4,18,76.19,75.32,72.32,62.41
N,2012,4,19,76.90,79.01,76.78,55.99
N,2012,4,20,75.76,73.96,71.03,48.86
N,2012,4,21,74.23,69.91,67.20,47.78
N,2012,4,22,74.66,72.51,70.31,46.97
N,2012,4,23,73.39,68.30,66.76,47.25
N,2012,4,24,77.18,76.34,74.85,50.07
N,2012,4,25,75.31,71.22,69.22,50.57
N,2012,4,26,75.67,77.69,76.58,59.76
N,2012,4,27,74.95,71.27,70.70,62.04
N,2012,4,28,79.97,74.34,72.26,57.81
N,2012,4,29,75.30,71.38,69.12,55.24
N,2012,4,30,75.23,72.63,71.39,48.73
N,2012,5,1,73.90,73.49,71.37,49.84
N,2012,5,2,74.73,72.71,71.95,58.86
N,2012,5,3,75.70,76.29,73.80,58.05
N,2012,5,4,72.77,73.51,72.15,61.44
N,2012,5,5,73.95,74.55,71.37,60.38
N,2012,5,6,72.45,73.47,72.18,52.63
N,2012,5,7,70.75,70.41,67.58,48.15
N,2012,5,8,73.82,74.28,72.10,56.77
N,2012,5,9,73.45,72.98,73.51,60.42
N,2012,5,10,73.55,74.90,75.37,60.96
N,2012,5,11,73.06,73.17,72.12,56.67
N,2012,5,12,74.55,75.16,72.09,56.34
N,2012,5,13,71.92,72.05,70.91,60.47
N,2012,5,14,73.32,74.47,73.95,63.34
N,2012,5,15,73.97,72.69,72.22,63.95
N,2012,5,16,78.16,73.95,71.53,62.71
N,2012,5,17,71.34,73.45,69.75,61.49
N,2012,5,18,73.38,71.24,69.44,64.15
N,2012,5,19,72.88,73.89,74.30,59.56
N,2012,5,20,70.84,72.66,72.86,53.07
N,2012,5,21,70.52,71.44,69.95,59.10
N,2012,5,22,73.03,76.19,72.70,60.66
N,2012,5,23,73.44,75.73,74.00,60.21
N,2012,5,24,74.15,77.02,74.38,62.80
N,2012,5,25,73.35,73.51,72.35,62.43
N,2012,5,26,73.32,74.92,73.27,65.43
N,2012,5,27,73.93,72.46,72.22,62.21
N,2012,5,28,71.87,73.66,71.53,60.42
N,2012,5,29,73.40,74.40,72.39,61.15
N,2012,5,30,73.58,74.27,73.60,62.76
N,2012,5,31,70.88,73.07,71.76,61.00
N,2012,6,1,70.56,70.69,67.47,59.21
N,2012,6,2,71.37,72.60,70.89,55.81
N,2012,6,3,74.71,76.45,72.93,50.40
N,2012,6,4,73.77,74.40,73.00,56.13
N,2012,6,5,75.29,77.13,73.65,65.20
N,2012,6,6,77.22,77.19,74.37,64.52
N,2012,6,7,76.16,77.11,74.88,61.41
N,2012,6,8,72.39,72.41,70.45,54.11
N,2012,6,9,72.47,73.67,71.91,52.93
N,2012,6,10,69.19,68.92,67.64,49.28
N,2012,6,11,74.05,77.11,74.84,48.28
N,2012,6,12,73.66,77.53,74.76,51.73
N,2012,6,13,69.54,71.99,71.56,56.37
N,2012,6,14,70.77,74.72,74.34,59.24
N,2012,6,15,70.34,72.98,70.64,54.72
N,2012,6,16,69.64,71.45,70.22,51.28
N,2012,6,17,69.39,72.13,68.20,50.89
N,2012,6,18,68.60,73.29,70.14,57.04
N,2012,6,19,71.59,75.48,73.37,60.74
N,2012,6,20,69.83,73.05,70.82,60.03
N,2012,6,21,74.42,76.04,73.42,59.79
N,2012,6,22,70.40,73.06,70.07,61.75
N,2012,6,23,72.86,74.98,71.16,62.42
N,2012,6,24,68.95,75.78,73.03,62.11
N,2012,6,25,70.91,76.04,73.25,63.13
N,2012,6,26,72.26,74.81,73.15,63.87
N,2012,6,27,71.15,74.40,70.45,61.08
N,2012,6,28,70.36,77.57,76.60,58.52
N,2012,6,29,70.26,75.05,72.55,59.14
N,2012,6,30,72.09,73.47,71.70,63.02
N,2012,7,1,72.97,79.10,76.04,63.06
N,2012,7,2,69.71,75.26,72.78,62.77
N,2012,7,3,70.80,74.41,69.68,58.77
N,2012,7,4,67.92,72.34,69.95,51.23
N,2012,7,5,70.32,74.35,71.09,48.88
N,2012,7,6,70.38,74.06,70.20,51.17
N,2012,7,7,69.95,75.20,70.56,54.32
N,2012,7,8,70.62,74.41,71.59,59.75
N,2012,7,9,73.58,79.37,76.21,62.84
N,2012,7,10,70.01,76.14,73.71,60.86
N,2012,7,11,70.26,74.98,72.59,58.31
N,2012,7,12,70.57,74.01,70.85,56.67
N,2012,7,13,72.56,76.94,74.28,56.28
N,2012,7,14,70.13,75.32,70.96,57.93
N,2012,7,15,70.99,75.13,71.95,56.90
N,2012,7,16,72.66,77.43,76.03,52.96
N,2012,7,17,71.78,75.55,70.97,49.64
N,2012,7,18,73.18,76.15,73.68,53.46
N,2012,7,19,70.28,75.74,71.25,57.73
N,2012,7,20,73.39,76.25,74.68,59.20
N,2012,7,21,69.48,72.55,68.53,61.84
N,2012,7,22,73.35,77.82,74.43,59.21
N,2012,7,23,70.28,73.79,68.65,57.84
N,2012,7,24,69.63,75.04,70.25,57.07
N,2012,7,25,70.83,74.91,68.63,56.80
N,2012,7,26,71.03,74.06,70.72,56.35
N,2012,7,27,73.53,76.59,71.74,59.17
N,2012,7,28,72.53,74.16,69.39,60.90
N,2012,7,29,72.61,77.07,70.45,59.48
N,2012,7,30,74.75,77.15,72.39,56.08
N,2012,7,31,74.70,77.44,71.26,51.15
N,2012,8,1,74.66,74.99,67.03,50.03
N,2012,8,2,74.66,77.56,70.78,55.96
N,2012,8,3,73.80,75.18,69.52,56.72
N,2012,8,4,77.22,78.69,71.25,54.73
N,2012,8,5,73.81,76.87,70.07,56.67
N,2012,8,6,NaN,NaN,NaN,NaN
N,2012,8,7,NaN,NaN,NaN,NaN
N,2012,8,8,NaN,NaN,NaN,NaN
N,2012,8,9,NaN,NaN,NaN,NaN
N,2012,8,10,81.56,80.89,75.27,58.19
N,2012,8,11,72.69,77.67,70.85,53.19
N,2012,8,12,74.27,79.98,73.90,56.38
N,2012,8,13,73.17,79.12,72.47,59.22
N,2012,8,14,76.42,80.62,74.57,59.62
N,2012,8,15,73.84,76.59,69.05,58.47
N,2012,8,16,75.59,78.95,73.56,60.44
N,2012,8,17,74.92,77.44,70.58,57.64
N,2012,8,18,75.61,78.54,71.82,51.78
N,2012,8,19,74.04,75.67,67.55,51.19
N,2012,8,20,77.09,78.93,70.86,52.16
N,2012,8,21,78.62,78.07,71.35,51.60
N,2012,8,22,79.47,80.50,71.86,51.57
N,2012,8,23,77.77,78.83,71.85,54.00
N,2012,8,24,76.10,78.84,72.17,56.28
N,2012,8,25,75.74,80.31,71.31,57.06
N,2012,8,26,74.36,80.41,72.28,57.52
N,2012,8,27,74.77,81.89,70.51,58.74
N,2012,8,28,78.49,82.86,76.06,61.04
N,2012,8,29,77.57,82.14,74.90,55.64
N,2012,8,30,78.20,81.07,73.44,53.56
N,2012,8,31,77.32,78.24,72.09,58.22
N,2012,9,1,79.35,78.46,69.69,62.14
N,2012,9,2,76.79,81.04,71.28,62.09
N,2012,9,3,80.77,81.11,71.08,60.31
N,2012,9,4,77.97,80.69,70.45,53.55
N,2012,9,5,77.14,81.79,72.42,50.55
N,2012,9,6,78.82,81.12,70.33,49.96
N,2012,9,7,79.78,81.51,69.23,54.17
N,2012,9,8,81.66,81.49,70.63,62.34
N,2012,9,9,84.30,82.00,71.97,62.64
N,2012,9,10,80.83,80.71,71.16,50.28
N,2012,9,11,84.25,82.97,75.75,49.58
N,2012,9,12,84.43,83.28,76.25,51.30
N,2012,9,13,86.20,82.19,72.01,56.23
N,2012,9,14,86.70,83.93,73.90,60.64
N,2012,9,15,82.98,83.41,72.81,55.26
N,2012,9,16,80.90,81.68,69.80,49.11
N,2012,9,17,81.39,82.78,75.48,53.73
N,2012,9,18,82.52,84.17,77.67,60.93
N,2012,9,19,81.42,82.81,73.69,61.40
N,2012,9,20,81.03,82.79,73.32,61.50
N,2012,9,21,79.60,80.43,69.57,57.21
N,2012,9,22,78.53,80.24,69.65,50.98
N,2012,9,23,76.54,81.61,74.59,55.85
N,2012,9,24,73.91,78.22,69.48,57.44
N,2012,9,25,74.94,75.77,66.71,56.41
N,2012,9,26,74.90,78.39,70.34,55.17
N,2012,9,27,76.72,77.58,71.11,48.48
N,2012,9,28,73.26,75.63,71.05,48.98
N,2012,9,29,72.78,74.93,68.18,59.80
N,2012,9,30,75.37,77.20,72.38,59.85
N,2012,10,1,74.59,77.24,70.39,57.21
N,2012,10,2,75.36,76.47,70.88,55.88
N,2012,10,3,74.79,76.40,72.52,55.31
N,2012,10,4,73.22,74.73,67.03,56.87
N,2012,10,5,75.60,77.51,70.35,59.76
N,2012,10,6,78.17,76.74,69.40,59.64
N,2012,10,7,76.45,75.72,68.81,61.90
N,2012,10,8,75.36,74.15,67.64,62.89
N,2012,10,9,75.27,75.99,69.25,63.11
N,2012,10,10,79.08,77.57,73.22,55.90
N,2012,10,11,76.38,77.36,70.35,51.44
N,2012,10,12,77.27,79.19,72.49,57.33
N,2012,10,13,76.40,77.61,72.77,57.99
N,2012,10,14,78.63,74.23,67.17,56.58
N,2012,10,15,78.23,77.72,72.68,57.24
N,2012,10,16,77.40,79.13,66.89,58.15
N,2012,10,17,80.65,78.72,69.72,49.37
N,2012,10,18,81.42,78.10,71.48,56.46
N,2012,10,19,81.78,75.66,69.20,46.57
N,2012,10,20,79.95,76.59,70.74,56.61
N,2012,10,21,80.46,76.90,68.46,59.47
N,2012,10,22,82.22,78.91,70.77,54.62
N,2012,10,23,82.18,80.53,73.14,60.14
N,2012,10,24,83.19,82.36,74.08,64.82
N,2012,10,25,83.73,79.43,73.81,65.92
N,2012,10,26,83.90,75.25,71.49,54.84
N,2012,10,27,81.41,78.51,71.71,50.68
N,2012,10,28,82.17,81.13,75.30,51.57
N,2012,10,29,82.26,77.66,72.51,49.54
N,2012,10,30,79.49,77.77,72.03,53.73
N,2012,10,31,80.93,73.61,69.59,46.85
N,2012,11,1,84.83,80.52,75.43,54.86
N,2012,11,2,80.51,74.10,68.93,58.50
N,2012,11,3,81.93,75.81,72.28,51.77
N,2012,11,4,79.70,74.11,70.20,49.30
N,2012,11,5,77.09,74.79,70.75,52.60
N,2012,11,6,77.49,77.55,69.83,47.21
N,2012,11,7,78.70,75.15,70.66,56.76
N,2012,11,8,78.22,73.28,71.88,57.33
N,2012,11,9,79.27,72.85,68.86,61.12
N,2012,11,10,81.40,72.73,68.92,64.29
N,2012,11,11,81.34,73.04,68.79,59.57
N,2012,11,12,79.86,75.83,71.22,55.37
N,2012,11,13,80.10,72.16,67.96,50.89
N,2012,11,14,79.71,73.21,69.82,46.98
N,2012,11,15,78.84,72.51,69.38,48.43
N,2012,11,16,77.17,76.88,74.62,50.09
N,2012,11,17,79.82,73.15,69.19,51.28
N,2012,11,18,78.30,74.17,70.64,58.00
N,2012,11,19,76.50,76.39,72.85,56.41
N,2012,11,20,79.45,74.04,70.61,61.40
N,2012,11,21,79.04,74.33,71.15,63.58
N,2012,11,22,75.79,73.93,71.95,61.17
N,2012,11,23,79.40,73.58,70.83,47.81
N,2012,11,24,77.63,69.69,66.77,49.39
N,2012,11,25,79.46,72.24,68.90,51.92
N,2012,11,26,77.78,75.23,72.76,52.25
N,2012,11,27,79.22,71.20,69.26,51.13
N,2012,11,28,76.65,75.75,70.48,50.00
N,2012,11,29,76.71,75.65,71.45,54.66
N,2012,11,30,80.30,79.19,74.86,51.23
N,2012,12,1,76.33,70.31,67.46,48.73
N,2012,12,2,76.90,76.83,73.84,51.32
N,2012,12,3,77.55,72.04,66.92,50.99
N,2012,12,4,76.95,74.22,71.36,51.16
N,2012,12,5,78.35,74.01,69.35,59.62
N,2012,12,6,79.90,73.75,73.01,62.72
N,2012,12,7,NaN,NaN,NaN,NaN
N,2012,12,8,NaN,NaN,NaN,NaN
N,2012,12,9,NaN,NaN,NaN,NaN
N,2012,12,10,NaN,NaN,NaN,NaN
N,2012,12,11,NaN,NaN,NaN,NaN
N,2012,12,12,NaN,NaN,NaN,NaN
N,2012,12,13,NaN,NaN,NaN,NaN
N,2012,12,14,NaN,NaN,NaN,NaN
N,2012,12,15,NaN,NaN,NaN,NaN
N,2012,12,16,NaN,NaN,NaN,NaN
N,2012,12,17,NaN,NaN,NaN,NaN
N,2012,12,18,NaN,NaN,NaN,NaN
N,2012,12,19,NaN,NaN,NaN,NaN
N,2012,12,20,81.09,70.61,67.19,53.68
N,2012,12,21,81.28,73.24,71.77,55.71
N,2012,12,22,80.06,76.24,75.44,52.36
N,2012,12,23,81.70,71.58,68.67,47.47
N,2012,12,24,80.06,74.91,73.41,53.91
N,2012,12,25,77.20,72.04,72.17,54.87
N,2012,12,26,76.83,71.38,68.74,58.96
N,2012,12,27,79.10,77.33,74.54,67.05
N,2012,12,28,77.59,73.04,70.44,54.53
N,2012,12,29,78.73,67.84,63.71,52.32
N,2012,12,30,78.32,71.81,68.34,58.48
N,2012,12,31,76.75,70.40,66.50,58.57
N,2013,1,1,78.12,69.25,65.12,50.65
N,2013,1,2,78.06,68.19,63.95,55.42
N,2013,1,3,76.49,69.88,65.98,54.92
N,2013,1,4,76.34,74.69,70.84,51.35
N,2013,1,5,76.71,69.62,67.28,49.81
N,2013,1,6,76.07,71.02,69.32,62.86
N,2013,1,7,78.23,74.75,74.87,65.39
N,2013,1,8,77.92,73.57,72.36,60.94
N,2013,1,9,76.65,75.11,70.72,52.61
N,2013,1,10,78.51,75.98,74.36,64.30
N,2013,1,11,79.12,76.03,74.43,66.96
N,2013,1,12,79.62,73.66,72.73,63.20
N,2013,1,13,78.74,74.16,73.94,53.47
N,2013,1,14,81.01,79.70,75.15,56.06
N,2013,1,15,79.61,72.30,71.10,54.77
N,2013,1,16,78.25,73.74,72.73,55.08
N,2013,1,17,80.36,79.55,76.03,58.93
N,2013,1,18,79.01,75.10,73.00,54.15
N,2013,1,19,78.80,70.20,68.03,53.96
N,2013,1,20,79.67,72.01,67.61,52.12
N,2013,1,21,80.60,73.29,70.83,53.86
N,2013,1,22,81.36,71.45,69.39,52.14
N,2013,1,23,83.00,75.67,73.44,52.37
N,2013,1,24,83.09,72.86,68.91,58.84
N,2013,1,25,83.26,70.74,68.65,56.18
N,2013,1,26,83.98,73.87,71.15,55.46
N,2013,1,27,85.01,70.67,69.84,64.11
N,2013,1,28,83.29,76.97,76.38,67.33
N,2013,1,29,83.25,71.88,69.15,62.76
N,2013,1,30,85.85,73.77,70.65,54.77
N,2013,1,31,84.25,75.52,73.00,55.50
N,2013,2,1,83.94,74.64,71.90,57.28
N,2013,2,2,82.89,70.36,69.53,55.10
N,2013,2,3,84.44,70.24,68.89,56.36
N,2013,2,4,86.35,74.21,72.68,62.59
N,2013,2,5,84.60,72.39,69.80,56.47
N,2013,2,6,85.71,75.67,74.16,60.08
N,2013,2,7,85.56,74.25,71.77,60.08
N,2013,2,8,85.59,75.99,72.69,64.62
N,2013,2,9,85.47,73.83,72.54,65.57
N,2013,2,10,85.76,70.80,68.86,58.88
N,2013,2,11,83.18,74.67,71.52,54.98
N,2013,2,12,82.36,72.29,70.55,56.12
N,2013,2,13,80.75,72.18,70.95,60.94
N,2013,2,14,80.96,76.01,75.15,59.50
N,2013,2,15,80.49,73.10,72.10,54.67
N,2013,2,16,80.42,71.21,67.67,50.31
N,2013,2,17,79.38,70.59,68.81,61.09
N,2013,2,18,80.22,71.36,70.05,59.74
N,2013,2,19,80.38,71.59,69.37,61.93
N,2013,2,20,83.49,76.49,75.16,67.99
N,2013,2,21,82.11,76.79,73.85,64.07
N,2013,2,22,81.39,72.51,71.59,54.78
N,2013,2,23,84.04,73.19,71.62,57.16
N,2013,2,24,81.67,72.57,69.51,57.33
N,2013,2,25,84.12,75.37,72.34,55.17
N,2013,2,26,87.25,73.65,72.18,58.76
N,2013,2,27,86.14,76.22,74.43,55.32
N,2013,2,28,85.67,77.24,74.34,58.53
N,2013,3,1,85.38,75.94,73.84,52.23
N,2013,3,2,84.55,74.26,70.69,50.86
N,2013,3,3,85.12,73.59,70.01,58.05
N,2013,3,4,84.97,78.38,75.96,61.79
N,2013,3,5,85.13,72.02,69.23,56.49
N,2013,3,6,84.71,75.22,70.98,51.26
N,2013,3,7,84.05,72.93,69.21,51.87
N,2013,3,8,83.42,71.96,70.75,62.42
N,2013,3,9,82.83,74.11,72.93,66.82
N,2013,3,10,83.94,74.26,71.51,56.55
N,2013,3,11,81.84,71.89,68.08,58.41
N,2013,3,12,81.95,69.01,65.39,56.13
N,2013,3,13,81.09,71.19,70.84,57.09
N,2013,3,14,81.27,74.24,71.17,56.64
N,2013,3,15,83.38,74.80,72.97,56.55
N,2013,3,16,80.06,70.00,67.26,55.59
N,2013,3,17,79.85,73.87,71.77,55.96
N,2013,3,18,80.84,72.41,69.34,56.21
N,2013,3,19,81.31,73.21,71.27,53.21
N,2013,3,20,80.42,71.52,69.05,55.64
N,2013,3,21,82.70,75.18,71.47,64.59
N,2013,3,22,81.10,74.53,73.45,61.76
N,2013,3,23,81.52,73.97,70.91,56.97
N,2013,3,24,84.38,68.85,66.76,50.24
N,2013,3,25,84.61,75.21,71.56,55.70
N,2013,3,26,84.97,75.71,72.21,58.97
N,2013,3,27,83.74,76.15,73.89,59.26
N,2013,3,28,80.96,72.02,70.11,56.98
N,2013,3,29,81.06,76.23,72.69,51.77
N,2013,3,30,79.63,75.00,71.74,51.42
N,2013,3,31,78.77,66.78,64.06,52.15
N,2013,4,1,79.66,76.58,72.95,54.52
N,2013,4,2,77.37,72.08,70.59,60.86
N,2013,4,3,77.88,74.74,72.84,59.67
N,2013,4,4,78.94,73.03,72.42,58.85
N,2013,4,5,78.77,71.86,69.76,62.47
N,2013,4,6,79.34,75.71,73.57,63.85
N,2013,4,7,78.38,71.97,70.42,63.31
N,2013,4,8,81.24,77.87,76.37,68.16
N,2013,4,9,82.35,77.38,73.68,65.61
N,2013,4,10,79.29,73.07,71.63,55.34
N,2013,4,11,80.69,75.46,72.98,59.78
N,2013,4,12,79.79,77.16,73.21,57.88
N,2013,4,13,79.66,73.65,71.69,53.21
N,2013,4,14,79.68,73.59,73.69,58.04
N,2013,4,15,80.21,74.35,71.71,59.62
N,2013,4,16,82.55,77.65,74.54,65.82
N,2013,4,17,80.45,72.71,71.37,63.80
N,2013,4,18,80.54,75.14,73.14,53.71
N,2013,4,19,79.70,72.75,72.63,56.37
N,2013,4,20,79.02,74.51,71.53,56.62
N,2013,4,21,78.33,70.71,69.45,50.76
N,2013,4,22,76.31,70.77,70.45,48.70
N,2013,4,23,77.45,72.94,70.79,50.16
N,2013,4,24,77.29,72.88,71.20,49.08
N,2013,4,25,76.82,74.08,72.97,50.86
N,2013,4,26,76.90,73.41,73.58,54.18
N,2013,4,27,77.70,74.66,72.39,60.19
N,2013,4,28,80.08,69.26,65.96,60.75
N,2013,4,29,80.44,71.52,67.97,58.39
N,2013,4,30,79.89,74.26,73.15,53.30
N,2013,5,1,77.00,76.81,73.25,52.34
N,2013,5,2,77.61,67.50,65.24,46.93
N,2013,5,3,78.68,74.10,70.92,48.71
N,2013,5,4,78.10,69.13,67.92,58.02
N,2013,5,5,76.19,71.77,70.73,55.55
N,2013,5,6,76.71,74.67,71.73,55.72
N,2013,5,7,75.86,73.27,69.95,56.30
N,2013,5,8,75.80,75.21,71.38,50.66
N,2013,5,9,75.92,70.58,70.01,50.31
N,2013,5,10,74.96,70.64,70.55,60.14
N,2013,5,11,75.60,69.68,67.66,59.33
N,2013,5,12,74.44,71.15,68.85,54.47
N,2013,5,13,75.49,72.45,71.19,53.96
N,2013,5,14,77.37,74.55,73.67,58.63
N,2013,5,15,76.63,76.04,74.05,63.29
N,2013,5,16,76.42,75.34,73.48,60.78
N,2013,5,17,75.08,73.17,70.28,61.63
N,2013,5,18,75.77,71.54,70.07,61.84
N,2013,5,19,76.87,75.50,72.66,62.97
N,2013,5,20,72.78,71.92,69.39,59.10
N,2013,5,21,72.55,71.36,69.59,54.69
N,2013,5,22,76.22,74.73,71.62,51.65
N,2013,5,23,76.91,76.79,75.34,62.17
N,2013,5,24,78.53,77.73,73.78,64.38
N,2013,5,25,76.10,72.01,69.81,60.81
N,2013,5,26,74.48,68.22,67.36,58.73
N,2013,5,27,78.01,76.15,72.46,60.60
N,2013,5,28,76.44,72.55,70.88,62.24
N,2013,5,29,78.79,77.29,75.25,65.49
N,2013,5,30,75.98,73.53,71.94,62.66
N,2013,5,31,76.38,72.38,70.86,62.96
N,2013,6,1,77.84,75.21,71.90,51.84
N,2013,6,2,74.09,76.45,73.53,50.07
N,2013,6,3,71.49,72.97,70.09,51.90
N,2013,6,4,73.99,73.43,70.94,50.68
N,2013,6,5,72.19,71.10,67.83,53.81
N,2013,6,6,73.86,73.39,70.83,54.78
N,2013,6,7,71.04,71.10,71.59,58.80
N,2013,6,8,70.92,71.87,71.12,57.28
N,2013,6,9,71.54,71.73,72.60,51.52
N,2013,6,10,70.69,69.60,68.25,50.48
N,2013,6,11,70.99,71.72,69.19,50.08
N,2013,6,12,70.22,69.19,67.33,50.67
N,2013,6,13,73.16,74.36,71.88,54.57
N,2013,6,14,74.24,74.54,71.32,52.94
N,2013,6,15,72.55,73.97,69.65,53.34
N,2013,6,16,74.15,73.90,71.04,52.21
N,2013,6,17,73.13,72.33,70.00,54.73
N,2013,6,18,71.28,73.34,70.92,52.06
N,2013,6,19,75.98,75.28,73.30,62.97
N,2013,6,20,73.90,74.99,72.85,63.92
N,2013,6,21,74.07,71.92,70.98,60.40
N,2013,6,22,75.28,74.25,71.44,60.08
N,2013,6,23,73.38,73.58,71.89,56.60
N,2013,6,24,73.95,73.57,72.67,57.04
N,2013,6,25,75.33,73.84,70.33,60.78
N,2013,6,26,74.64,73.62,71.53,55.77
N,2013,6,27,72.39,73.73,73.07,57.78
N,2013,6,28,71.44,74.18,73.14,54.22
N,2013,6,29,69.55,69.16,67.79,53.17
N,2013,6,30,75.17,74.21,71.28,57.49
N,2013,7,1,68.68,70.74,68.62,50.87
N,2013,7,2,70.60,73.23,71.27,53.30
N,2013,7,3,69.39,70.58,68.53,48.77
N,2013,7,4,72.05,74.38,71.38,51.41
N,2013,7,5,69.94,70.88,67.66,51.33
N,2013,7,6,70.18,74.17,70.74,49.24
N,2013,7,7,67.76,70.25,68.62,49.25
N,2013,7,8,66.68,66.36,66.34,54.53
N,2013,7,9,74.11,74.71,72.19,59.21
N,2013,7,10,74.11,74.06,72.34,59.80
N,2013,7,11,73.94,74.79,72.51,55.95
N,2013,7,12,72.51,73.58,72.00,49.29
N,2013,7,13,70.23,70.56,67.98,51.92
N,2013,7,14,68.99,68.92,65.84,52.42
N,2013,7,15,68.03,70.93,68.62,55.15
N,2013,7,16,70.75,70.97,69.89,59.98
N,2013,7,17,75.45,78.65,73.66,62.70
N,2013,7,18,74.71,74.39,72.49,61.50
N,2013,7,19,72.79,73.88,73.67,62.20
N,2013,7,20,71.11,70.09,66.97,61.38
N,2013,7,21,72.04,73.24,70.91,56.42
N,2013,7,22,67.47,69.46,66.88,51.20
N,2013,7,23,69.70,71.45,67.67,49.47
N,2013,7,24,68.54,68.64,66.36,49.94
N,2013,7,25,71.83,74.75,69.89,57.29
N,2013,7,26,72.12,75.64,70.88,59.50
N,2013,7,27,72.34,74.53,71.57,59.92
N,2013,7,28,68.67,70.48,66.34,59.90
N,2013,7,29,67.67,69.67,67.63,53.71
N,2013,7,30,69.28,71.02,68.39,49.89
N,2013,7,31,70.89,74.56,70.04,50.06
N,2013,8,1,67.65,71.55,66.20,50.86
N,2013,8,2,71.92,75.64,73.93,56.94
N,2013,8,3,70.90,72.44,69.77,58.25
N,2013,8,4,71.88,70.63,66.73,54.27
N,2013,8,5,70.32,70.13,65.54,55.42
N,2013,8,6,69.57,70.43,66.81,56.67
N,2013,8,7,72.33,73.33,68.53,55.87
N,2013,8,8,72.93,75.00,69.80,59.85
N,2013,8,9,70.86,72.56,68.00,61.17
N,2013,8,10,72.33,74.38,69.48,59.88
N,2013,8,11,69.02,70.34,69.04,54.25
N,2013,8,12,66.83,67.12,64.97,58.37
N,2013,8,13,68.01,70.66,68.53,59.05
N,2013,8,14,71.07,71.21,69.17,57.23
N,2013,8,15,71.52,71.81,68.76,50.93
N,2013,8,16,72.47,74.58,70.20,48.81
N,2013,8,17,67.56,69.82,65.13,49.12
N,2013,8,18,70.53,73.67,70.68,58.94
N,2013,8,19,72.43,73.77,70.41,60.04
N,2013,8,20,71.84,72.75,69.43,52.89
N,2013,8,21,71.45,71.51,70.62,53.98
N,2013,8,22,69.32,71.22,66.85,58.17
N,2013,8,23,73.25,76.71,72.79,58.22
N,2013,8,24,72.36,73.01,69.13,61.20
N,2013,8,25,72.22,74.95,71.70,59.35
N,2013,8,26,74.85,74.08,69.34,54.28
N,2013,8,27,73.77,72.25,68.43,58.66
N,2013,8,28,71.64,71.72,67.26,59.54
N,2013,8,29,71.77,72.76,66.98,58.84
N,2013,8,30,72.33,73.77,68.20,58.49
N,2013,8,31,71.55,73.53,67.77,53.31
N,2013,9,1,71.70,74.04,69.22,49.57
N,2013,9,2,70.69,72.53,67.44,49.82
N,2013,9,3,69.01,72.07,66.55,54.79
N,2013,9,4,72.54,72.24,66.59,57.54
N,2013,9,5,71.25,72.69,68.03,58.57
N,2013,9,6,74.79,72.56,69.84,60.53
N,2013,9,7,72.58,72.23,68.08,59.46
N,2013,9,8,70.79,73.43,69.75,58.87
N,2013,9,9,71.94,72.40,66.96,59.30
N,2013,9,10,74.49,77.64,73.12,60.17
N,2013,9,11,71.51,74.12,68.32,56.91
N,2013,9,12,NaN,NaN,NaN,NaN
N,2013,9,13,NaN,NaN,NaN,NaN
N,2013,9,14,NaN,NaN,NaN,NaN
N,2013,9,15,NaN,NaN,NaN,NaN
N,2013,9,16,NaN,NaN,NaN,NaN
N,2013,9,17,NaN,NaN,NaN,NaN
N,2013,9,18,NaN,NaN,NaN,NaN
N,2013,9,19,NaN,NaN,NaN,NaN
N,2013,9,20,NaN,NaN,NaN,NaN
N,2013,9,21,NaN,NaN,NaN,NaN
N,2013,9,22,NaN,NaN,NaN,NaN
N,2013,9,23,NaN,NaN,NaN,NaN
N,2013,9,24,NaN,NaN,NaN,NaN
N,2013,9,25,NaN,NaN,NaN,NaN
N,2013,9,26,NaN,NaN,NaN,NaN
N,2013,9,27,NaN,NaN,NaN,NaN
N,2013,9,28,NaN,NaN,NaN,NaN
N,2013,9,29,NaN,NaN,NaN,NaN
N,2013,9,30,NaN,NaN,NaN,NaN
N,2013,10,1,NaN,NaN,NaN,NaN
N,2013,10,2,NaN,NaN,NaN,NaN
N,2013,10,3,NaN,NaN,NaN,NaN
N,2013,10,4,NaN,NaN,NaN,NaN
N,2013,10,5,NaN,NaN,NaN,NaN
N,2013,10,6,NaN,NaN,NaN,NaN
N,2013,10,7,NaN,NaN,NaN,NaN
N,2013,10,8,NaN,NaN,NaN,NaN
N,2013,10,9,NaN,NaN,NaN,NaN
N,2013,10,10,NaN,NaN,NaN,NaN
N,2013,10,11,NaN,NaN,NaN,NaN
N,2013,10,12,NaN,NaN,NaN,NaN
N,2013,10,13,NaN,NaN,NaN,NaN
N,2013,10,14,NaN,NaN,NaN,NaN
N,2013,10,15,NaN,NaN,NaN,NaN
N,2013,10,16,NaN,NaN,NaN,NaN
N,2013,10,17,NaN,NaN,NaN,NaN
N,2013,10,18,NaN,NaN,NaN,NaN
N,2013,10,19,NaN,NaN,NaN,NaN
N,2013,10,20,NaN,NaN,NaN,NaN
N,2013,10,21,NaN,NaN,NaN,NaN
N,2013,10,22,NaN,NaN,NaN,NaN
N,2013,10,23,NaN,NaN,NaN,NaN
N,2013,10,24,NaN,NaN,NaN,NaN
N,2013,10,25,NaN,NaN,NaN,NaN
N,2013,10,26,NaN,NaN,NaN,NaN
N,2013,10,27,NaN,NaN,NaN,NaN
N,2013,10,28,NaN,NaN,NaN,NaN
N,2013,10,29,NaN,NaN,NaN,NaN
N,2013,10,30,NaN,NaN,NaN,NaN
N,2013,10,31,NaN,NaN,NaN,NaN
N,2013,11,1,NaN,NaN,NaN,NaN
N,2013,11,2,NaN,NaN,NaN,NaN
N,2013,11,3,NaN,NaN,NaN,NaN
N,2013,11,4,NaN,NaN,NaN,NaN
N,2013,11,5,NaN,NaN,NaN,NaN
N,2013,11,6,NaN,NaN,NaN,NaN
N,2013,11,7,NaN,NaN,NaN,NaN
N,2013,11,8,NaN,NaN,NaN,NaN
N,2013,11,9,NaN,NaN,NaN,NaN
N,2013,11,10,NaN,NaN,NaN,NaN
N,2013,11,11,NaN,NaN,NaN,NaN
N,2013,11,12,NaN,NaN,NaN,NaN
N,2013,11,13,NaN,NaN,NaN,NaN
N,2013,11,14,NaN,NaN,NaN,NaN
N,2013,11,15,NaN,NaN,NaN,NaN
N,2013,11,16,NaN,NaN,NaN,NaN
N,2013,11,17,NaN,NaN,NaN,NaN
N,2013,11,18,NaN,NaN,NaN,NaN
N,2013,11,19,NaN,NaN,NaN,NaN
N,2013,11,20,NaN,NaN,NaN,NaN
N,2013,11,21,NaN,NaN,NaN,NaN
N,2013,11,22,NaN,NaN,NaN,NaN
N,2013,11,23,NaN,NaN,NaN,NaN
N,2013,11,24,NaN,NaN,NaN,NaN
N,2013,11,25,NaN,NaN,NaN,NaN
N,2013,11,26,NaN,NaN,NaN,NaN
N,2013,11,27,NaN,NaN,NaN,NaN
N,2013,11,28,NaN,NaN,NaN,NaN
N,2013,11,29,NaN,NaN,NaN,NaN
N,2013,11,30,NaN,NaN,NaN,NaN
N,2013,12,1,NaN,NaN,NaN,NaN
N,2013,12,2,NaN,NaN,NaN,NaN
N,2013,12,3,NaN,NaN,NaN,NaN
N,2013,12,4,NaN,NaN,NaN,NaN
N,2013,12,5,NaN,NaN,NaN,NaN
N,2013,12,6,NaN,NaN,NaN,NaN
N,2013,12,7,NaN,NaN,NaN,NaN
N,2013,12,8,NaN,NaN,NaN,NaN
N,2013,12,9,NaN,NaN,NaN,NaN
N,2013,12,10,NaN,NaN,NaN,NaN
N,2013,12,11,NaN,NaN,NaN,NaN
N,2013,12,12,NaN,NaN,NaN,NaN
N,2013,12,13,NaN,NaN,NaN,NaN
N,2013,12,14,NaN,NaN,NaN,NaN
N,2013,12,15,NaN,NaN,NaN,NaN
N,2013,12,16,NaN,NaN,NaN,NaN
N,2013,12,17,NaN,NaN,NaN,NaN
N,2013,12,18,NaN,NaN,NaN,NaN
N,2013,12,19,NaN,NaN,NaN,NaN
N,2013,12,20,NaN,NaN,NaN,NaN
N,2013,12,21,NaN,NaN,NaN,NaN
N,2013,12,22,NaN,NaN,NaN,NaN
N,2013,12,23,NaN,NaN,NaN,NaN
N,2013,12,24,NaN,NaN,NaN,NaN
N,2013,12,25,NaN,NaN,NaN,NaN
N,2013,12,26,NaN,NaN,NaN,NaN
N,2013,12,27,NaN,NaN,NaN,NaN
N,2013,12,28,NaN,NaN,NaN,NaN
N,2013,12,29,NaN,NaN,NaN,NaN
N,2013,12,30,NaN,NaN,NaN,NaN
N,2013,12,31,NaN,NaN,NaN,NaN
N,2014,1,1,NaN,NaN,NaN,NaN
N,2014,1,2,NaN,NaN,NaN,NaN
N,2014,1,3,NaN,NaN,NaN,NaN
N,2014,1,4,NaN,NaN,NaN,NaN
N,2014,1,5,NaN,NaN,NaN,NaN
N,2014,1,6,NaN,NaN,NaN,NaN
N,2014,1,7,82.12,68.82,63.63,58.15
N,2014,1,8,80.78,74.27,72.43,60.40
N,2014,1,9,82.62,73.09,69.47,59.85
N,2014,1,10,81.57,71.93,69.25,55.99
N,2014,1,11,79.60,68.14,66.68,49.27
N,2014,1,12,80.17,70.42,69.15,59.05
N,2014,1,13,81.14,73.54,73.06,53.65
N,2014,1,14,81.29,67.64,64.54,48.69
N,2014,1,15,80.28,72.98,69.66,49.96
N,2014,1,16,79.77,71.60,69.38,51.67
N,2014,1,17,80.06,73.11,68.28,49.48
N,2014,1,18,77.62,70.96,66.17,49.66
N,2014,1,19,78.54,70.21,66.82,48.97
N,2014,1,20,78.37,73.74,70.77,50.48
N,2014,1,21,77.20,68.54,67.85,53.60
N,2014,1,22,78.71,71.75,69.38,54.85
N,2014,1,23,80.50,69.97,67.17,49.96
N,2014,1,24,77.15,69.53,65.87,51.43
N,2014,1,25,75.85,69.45,68.31,49.53
N,2014,1,26,77.30,67.39,66.40,48.36
N,2014,1,27,79.38,66.04,64.82,50.29
N,2014,1,28,77.86,67.37,65.66,55.04
N,2014,1,29,78.16,74.41,72.41,52.68
N,2014,1,30,78.69,71.37,69.50,56.57
N,2014,1,31,78.56,74.93,70.90,59.21
N,2014,2,1,80.23,78.45,77.88,62.79
N,2014,2,2,77.24,72.04,72.29,56.09
N,2014,2,3,76.56,70.85,68.77,57.44
N,2014,2,4,76.53,70.66,68.44,61.05
N,2014,2,5,78.29,73.76,69.96,60.66
N,2014,2,6,77.97,74.13,73.12,60.27
N,2014,2,7,76.53,72.19,68.54,59.55
N,2014,2,8,76.02,69.55,66.39,53.64
N,2014,2,9,79.15,72.02,68.59,57.16
N,2014,2,10,77.04,69.61,67.71,61.77
N,2014,2,11,77.22,73.18,71.32,56.63
N,2014,2,12,78.94,74.43,69.89,52.65
N,2014,2,13,78.58,70.80,68.04,54.94
N,2014,2,14,76.17,68.30,66.18,57.46
N,2014,2,15,74.59,66.75,66.47,55.25
N,2014,2,16,77.92,69.69,67.13,58.35
N,2014,2,17,NaN,NaN,NaN,NaN
N,2014,2,18,NaN,NaN,NaN,NaN
N,2014,2,19,NaN,NaN,NaN,NaN
N,2014,2,20,NaN,NaN,NaN,NaN
N,2014,2,21,NaN,NaN,NaN,NaN
N,2014,2,22,NaN,NaN,NaN,NaN
N,2014,2,23,NaN,NaN,NaN,NaN
N,2014,2,24,NaN,NaN,NaN,NaN
N,2014,2,25,NaN,NaN,NaN,NaN
N,2014,2,26,NaN,NaN,NaN,NaN
N,2014,2,27,NaN,NaN,NaN,NaN
N,2014,2,28,NaN,NaN,NaN,NaN
N,2014,3,1,NaN,NaN,NaN,NaN
N,2014,3,2,NaN,NaN,NaN,NaN
N,2014,3,3,NaN,NaN,NaN,NaN
N,2014,3,4,NaN,NaN,NaN,NaN
N,2014,3,5,NaN,NaN,NaN,NaN
N,2014,3,6,NaN,NaN,NaN,NaN
N,2014,3,7,NaN,NaN,NaN,NaN
N,2014,3,8,NaN,NaN,NaN,NaN
N,2014,3,9,NaN,NaN,NaN,NaN
N,2014,3,10,NaN,NaN,NaN,NaN
N,2014,3,11,NaN,NaN,NaN,NaN
N,2014,3,12,NaN,NaN,NaN,NaN
N,2014,3,13,NaN,NaN,NaN,NaN
N,2014,3,14,NaN,NaN,NaN,NaN
N,2014,3,15,NaN,NaN,NaN,NaN
N,2014,3,16,NaN,NaN,NaN,NaN
N,2014,3,17,NaN,NaN,NaN,NaN
N,2014,3,18,NaN,NaN,NaN,NaN
N,2014,3,19,NaN,NaN,NaN,NaN
N,2014,3,20,NaN,NaN,NaN,NaN
N,2014,3,21,NaN,NaN,NaN,NaN
N,2014,3,22,NaN,NaN,NaN,NaN
N,2014,3,23,NaN,NaN,NaN,NaN
N,2014,3,24,NaN,NaN,NaN,NaN
N,2014,3,25,NaN,NaN,NaN,NaN
N,2014,3,26,NaN,NaN,NaN,NaN
N,2014,3,27,NaN,NaN,NaN,NaN
N,2014,3,28,NaN,NaN,NaN,NaN
N,2014,3,29,NaN,NaN,NaN,NaN
N,2014,3,30,NaN,NaN,NaN,NaN
N,2014,3,31,NaN,NaN,NaN,NaN
N,2014,4,1,NaN,NaN,NaN,NaN
N,2014,4,2,NaN,NaN,NaN,NaN
N,2014,4,3,NaN,NaN,NaN,NaN
N,2014,4,4,78.34,72.70,70.66,59.20
N,2014,4,5,78.58,72.90,71.05,64.82
N,2014,4,6,76.98,73.38,72.06,60.47
N,2014,4,7,77.98,70.71,68.26,55.23
N,2014,4,8,78.06,75.12,72.70,56.29
N,2014,4,9,75.62,73.86,68.45,59.74
N,2014,4,10,76.66,72.71,70.39,57.91
N,2014,4,11,74.65,70.74,68.03,56.91
N,2014,4,12,75.48,72.70,72.32,58.87
N,2014,4,13,76.59,72.20,70.61,57.71
N,2014,4,14,76.80,75.56,72.09,58.22
N,2014,4,15,74.75,70.27,67.78,58.09
N,2014,4,16,73.90,69.67,68.65,58.77
N,2014,4,17,75.95,70.86,69.56,50.40
N,2014,4,18,77.53,74.41,73.33,50.97
N,2014,4,19,75.57,70.92,68.39,56.86
N,2014,4,20,76.26,72.20,73.87,55.88
N,2014,4,21,74.60,73.42,73.30,51.39
N,2014,4,22,76.46,70.35,69.47,59.59
N,2014,4,23,78.36,73.55,72.42,64.69
N,2014,4,24,77.93,75.03,71.93,58.14
N,2014,4,25,75.61,71.56,67.69,60.81
N,2014,4,26,75.11,71.47,70.81,65.50
N,2014,4,27,75.24,73.15,71.78,64.47
N,2014,4,28,76.41,75.60,73.07,63.29
N,2014,4,29,75.96,75.43,74.99,55.17
N,2014,4,30,74.30,72.87,68.77,51.97
N,2014,5,1,75.84,77.17,74.09,52.34
N,2014,5,2,73.60,73.74,71.60,54.26
N,2014,5,3,75.08,73.96,72.83,56.91
N,2014,5,4,74.36,71.61,70.24,63.10
N,2014,5,5,72.80,70.17,69.92,63.49
N,2014,5,6,74.01,74.08,72.58,65.11
N,2014,5,7,75.56,74.79,72.45,64.90
N,2014,5,8,76.05,77.62,74.82,63.09
N,2014,5,9,74.50,72.01,70.50,62.92
N,2014,5,10,75.99,75.69,72.88,65.13
N,2014,5,11,76.44,75.43,74.82,62.83
N,2014,5,12,73.38,75.70,74.55,55.84
N,2014,5,13,74.10,73.04,70.39,52.80
N,2014,5,14,74.20,75.58,74.32,54.44
N,2014,5,15,73.76,75.66,73.92,52.08
N,2014,5,16,74.20,75.10,73.95,54.03
N,2014,5,17,74.66,71.98,70.49,61.33
N,2014,5,18,75.62,75.35,74.11,61.29
N,2014,5,19,73.12,71.76,71.41,62.76
N,2014,5,20,74.67,73.28,71.33,63.11
N,2014,5,21,74.53,73.23,71.73,62.30
N,2014,5,22,74.82,76.12,73.18,61.95
N,2014,5,23,73.29,74.85,73.44,58.94
N,2014,5,24,70.74,71.50,69.69,57.72
N,2014,5,25,73.10,76.90,75.49,57.39
N,2014,5,26,71.40,70.89,67.93,49.63
N,2014,5,27,70.09,69.98,68.08,49.19
N,2014,5,28,71.17,71.78,69.45,48.30
N,2014,5,29,72.88,74.29,69.71,49.20
N,2014,5,30,71.88,74.34,70.27,53.20
N,2014,5,31,73.52,74.73,72.85,60.15
N,2014,6,1,73.78,73.50,72.88,61.21
N,2014,6,2,71.19,71.94,69.16,60.88
N,2014,6,3,72.52,74.56,70.96,62.44
N,2014,6,4,71.04,73.79,71.48,62.05
N,2014,6,5,71.52,74.78,71.46,60.93
N,2014,6,6,70.58,73.24,69.70,61.39
N,2014,6,7,71.65,75.07,72.90,59.55
N,2014,6,8,71.86,72.97,70.80,59.06
N,2014,6,9,72.44,75.98,72.99,52.64
N,2014,6,10,70.92,74.95,72.65,49.99
N,2014,6,11,70.98,74.89,71.30,49.40
N,2014,6,12,71.32,73.74,69.34,54.35
N,2014,6,13,71.43,73.28,70.13,54.91
N,2014,6,14,68.94,69.70,67.42,56.78
N,2014,6,15,69.99,72.65,69.59,57.21
N,2014,6,16,71.66,74.52,72.29,59.59
N,2014,6,17,73.00,75.47,73.63,62.19
N,2014,6,18,71.68,74.25,71.65,58.44
N,2014,6,19,71.49,71.65,68.36,52.10
N,2014,6,20,70.81,72.72,71.56,54.25
N,2014,6,21,69.18,73.36,70.93,51.06
N,2014,6,22,67.92,73.11,69.24,50.10
N,2014,6,23,69.62,74.18,70.17,55.32
N,2014,6,24,71.57,74.95,70.03,51.07
N,2014,6,25,71.54,74.93,72.03,58.17
N,2014,6,26,74.82,76.79,73.72,58.93
N,2014,6,27,68.97,71.07,69.94,62.40
N,2014,6,28,67.45,72.02,66.62,58.00
N,2014,6,29,68.98,73.12,68.65,52.97
N,2014,6,30,69.19,74.12,71.24,49.26
N,2014,7,1,67.99,72.39,71.12,49.40
N,2014,7,2,68.82,73.46,69.24,53.22
N,2014,7,3,68.46,71.47,67.48,54.70
N,2014,7,4,67.18,71.91,67.31,51.58
N,2014,7,5,66.83,70.88,67.46,47.79
N,2014,7,6,66.12,71.21,66.81,52.45
N,2014,7,7,67.43,72.88,70.96,56.53
N,2014,7,8,69.37,71.43,68.11,54.64
N,2014,7,9,69.86,74.14,70.34,56.15
N,2014,7,10,66.70,73.10,66.79,56.54
N,2014,7,11,69.60,77.24,72.54,56.91
N,2014,7,12,68.72,75.20,68.45,60.24
N,2014,7,13,68.98,75.28,71.50,57.90
N,2014,7,14,69.20,75.41,69.46,51.05
N,2014,7,15,67.84,74.15,67.94,49.41
N,2014,7,16,68.99,74.93,68.95,48.67
N,2014,7,17,71.42,76.61,72.50,51.24
N,2014,7,18,73.13,77.73,74.81,54.90
N,2014,7,19,67.27,75.14,67.88,54.70
N,2014,7,20,66.79,72.97,67.43,51.65
N,2014,7,21,68.72,72.91,66.99,52.25
N,2014,7,22,67.42,71.12,66.61,59.61
N,2014,7,23,74.06,77.24,74.29,62.89
N,2014,7,24,74.69,77.31,73.77,62.01
N,2014,7,25,68.47,73.06,67.72,56.09
N,2014,7,26,68.12,73.26,69.26,50.81
N,2014,7,27,68.92,74.45,69.36,52.68
N,2014,7,28,66.27,72.56,67.19,53.18
N,2014,7,29,67.13,75.41,68.59,57.05
N,2014,7,30,68.17,76.20,68.23,59.91
N,2014,7,31,67.74,76.93,71.03,61.21
N,2014,8,1,67.91,76.36,68.89,58.54
N,2014,8,2,67.45,72.70,67.51,52.90
N,2014,8,3,68.78,74.74,69.90,53.65
N,2014,8,4,68.68,75.98,69.81,55.61
N,2014,8,5,68.48,76.03,69.25,59.57
N,2014,8,6,70.70,74.49,70.68,55.71
N,2014,8,7,67.93,73.63,69.90,53.78
N,2014,8,8,68.29,72.17,68.71,49.53
N,2014,8,9,70.75,74.52,68.82,49.35
N,2014,8,10,70.58,76.40,71.21,51.69
N,2014,8,11,70.04,76.66,71.56,50.66
N,2014,8,12,69.97,76.94,68.98,55.19
N,2014,8,13,70.00,77.72,71.36,51.85
N,2014,8,14,68.03,74.82,68.02,49.83
N,2014,8,15,69.16,75.67,68.60,57.66
N,2014,8,16,67.62,75.09,66.95,58.22
N,2014,8,17,66.12,76.22,68.51,60.21
N,2014,8,18,67.60,75.47,69.95,61.13
N,2014,8,19,69.33,75.92,67.93,51.36
N,2014,8,20,70.72,77.43,71.01,50.08
N,2014,8,21,69.45,74.26,69.88,48.90
N,2014,8,22,68.92,74.85,68.67,48.30
N,2014,8,23,68.16,75.48,70.89,50.80
N,2014,8,24,70.72,75.78,72.08,54.06
N,2014,8,25,69.60,73.62,68.83,56.97
N,2014,8,26,70.25,77.18,71.12,56.91
N,2014,8,27,70.84,74.17,68.40,51.78
N,2014,8,28,68.22,74.04,68.16,55.46
N,2014,8,29,68.55,75.65,69.91,61.68
N,2014,8,30,66.96,73.70,69.75,57.01
N,2014,8,31,67.81,73.03,67.68,50.29
N,2014,9,1,68.15,75.33,67.40,58.02
N,2014,9,2,66.82,71.98,65.74,51.92
N,2014,9,3,67.83,72.41,67.98,51.35
N,2014,9,4,72.81,77.57,74.42,54.57
N,2014,9,5,71.49,75.26,70.59,55.34
N,2014,9,6,68.18,73.78,69.64,58.63
N,2014,9,7,67.33,75.13,70.80,59.78
N,2014,9,8,69.92,75.57,70.27,56.39
N,2014,9,9,68.51,73.83,66.43,55.41
N,2014,9,10,71.15,76.48,69.19,56.60
N,2014,9,11,68.76,75.96,67.56,56.40
N,2014,9,12,69.36,74.99,68.73,59.60
N,2014,9,13,70.19,75.04,68.26,60.89
N,2014,9,14,69.98,72.09,65.83,60.81
N,2014,9,15,68.02,70.19,63.17,58.83
N,2014,9,16,71.22,74.56,68.14,59.83
N,2014,9,17,74.21,77.84,73.92,62.74
N,2014,9,18,71.71,76.46,72.43,63.42
N,2014,9,19,69.33,73.92,71.90,59.17
N,2014,9,20,68.65,73.46,68.39,55.85
N,2014,9,21,68.25,73.63,68.76,57.23
N,2014,9,22,67.90,70.58,67.10,58.60
N,2014,9,23,67.18,69.80,65.35,55.54
N,2014,9,24,68.54,73.56,69.28,59.73
N,2014,9,25,70.40,73.81,71.00,61.25
N,2014,9,26,70.72,75.52,73.08,63.36
N,2014,9,27,72.20,75.62,71.72,64.21
N,2014,9,28,69.75,72.17,68.68,62.40
N,2014,9,29,67.87,72.57,67.62,59.69
N,2014,9,30,71.12,76.06,71.75,57.10
N,2014,10,1,69.84,74.06,68.68,56.28
N,2014,10,2,73.63,78.44,75.75,49.36
N,2014,10,3,67.88,73.25,68.13,50.86
N,2014,10,4,66.95,71.14,68.14,56.52
N,2014,10,5,67.68,73.85,68.35,48.35
N,2014,10,6,66.32,73.80,65.69,45.63
N,2014,10,7,71.06,77.48,67.43,50.25
N,2014,10,8,74.94,79.04,72.35,57.07
N,2014,10,9,74.88,77.50,68.92,45.56
N,2014,10,10,71.71,76.49,67.09,46.40
N,2014,10,11,72.74,74.85,68.23,52.04
N,2014,10,12,75.38,74.32,68.59,48.38
N,2014,10,13,72.74,72.71,66.95,44.46
N,2014,10,14,71.60,72.41,65.98,45.61
N,2014,10,15,71.52,72.68,69.73,49.49
N,2014,10,16,71.29,74.38,69.16,55.00
N,2014,10,17,69.00,72.90,68.37,57.13
N,2014,10,18,70.39,72.43,67.19,59.14
N,2014,10,19,71.63,74.95,70.62,58.13
N,2014,10,20,71.50,75.54,68.95,58.80
N,2014,10,21,71.51,75.01,66.98,60.62
N,2014,10,22,75.54,73.55,69.18,57.59
N,2014,10,23,72.53,76.48,70.10,52.47
N,2014,10,24,78.01,77.50,73.10,50.33
N,2014,10,25,74.03,73.89,69.45,58.18
N,2014,10,26,74.51,76.17,72.16,63.63
N,2014,10,27,74.83,73.01,70.64,59.92
N,2014,10,28,74.66,77.27,73.78,50.47
N,2014,10,29,76.72,74.18,71.40,48.69
N,2014,10,30,76.28,75.46,70.44,51.69
N,2014,10,31,72.47,73.95,68.60,50.90
N,2014,11,1,70.01,71.80,66.98,61.57
N,2014,11,2,73.51,74.00,68.12,62.22
N,2014,11,3,74.45,73.51,69.08,54.30
N,2014,11,4,77.52,75.55,70.26,57.24
N,2014,11,5,76.08,74.09,70.05,54.51
N,2014,11,6,75.61,72.68,69.54,54.06
N,2014,11,7,72.74,72.71,69.28,51.96
N,2014,11,8,73.83,66.48,62.97,54.37
N,2014,11,9,72.10,68.71,66.65,54.62
N,2014,11,10,74.14,66.81,63.30,51.42
N,2014,11,11,74.12,70.07,67.38,50.77
N,2014,11,12,72.60,70.62,66.98,54.27
N,2014,11,13,72.95,66.94,63.00,56.66
N,2014,11,14,71.96,71.96,68.43,59.51
N,2014,11,15,71.99,70.98,66.30,58.51
N,2014,11,16,71.66,70.65,67.36,58.89
N,2014,11,17,69.64,67.96,64.37,51.71
N,2014,11,18,72.85,71.84,66.44,51.14
N,2014,11,19,72.35,71.87,68.81,50.98
N,2014,11,20,71.74,73.05,71.11,55.43
N,2014,11,21,72.43,71.89,71.15,60.56
N,2014,11,22,72.44,70.57,67.45,57.17
N,2014,11,23,73.13,72.84,70.18,60.39
N,2014,11,24,74.70,70.69,68.97,54.40
N,2014,11,25,76.79,71.75,68.75,52.06
N,2014,11,26,74.72,70.48,68.04,52.05
N,2014,11,27,74.04,70.84,69.62,52.80
N,2014,11,28,73.55,69.76,66.87,50.67
N,2014,11,29,71.81,67.62,64.98,51.01
N,2014,11,30,75.17,69.90,64.56,58.14
N,2014,12,1,73.07,67.68,64.53,51.29
N,2014,12,2,73.08,70.18,66.99,53.39
N,2014,12,3,72.78,70.30,68.37,55.95
N,2014,12,4,73.93,69.59,68.43,52.77
N,2014,12,5,73.88,72.98,70.57,50.79
N,2014,12,6,74.22,67.59,64.41,49.98
N,2014,12,7,73.65,72.29,71.51,56.76
N,2014,12,8,75.66,72.18,70.38,60.06
N,2014,12,9,74.15,72.61,70.05,60.27
N,2014,12,10,74.97,73.59,72.57,57.53
N,2014,12,11,74.50,72.69,68.41,50.43
N,2014,12,12,74.08,74.66,72.24,62.60
N,2014,12,13,72.26,68.58,65.40,58.49
N,2014,12,14,72.58,66.82,64.47,51.76
N,2014,12,15,74.38,71.54,69.27,51.02
N,2014,12,16,75.14,70.35,67.48,56.36
N,2014,12,17,76.68,70.12,67.84,59.39
N,2014,12,18,79.22,71.94,70.62,56.81
N,2014,12,19,77.20,68.14,67.26,51.26
N,2014,12,20,73.32,67.27,64.49,54.98
N,2014,12,21,76.14,69.13,67.51,57.39
N,2014,12,22,77.56,71.52,70.84,51.50
N,2014,12,23,77.39,68.95,66.20,50.65
N,2014,12,24,77.40,69.27,67.88,50.78
N,2014,12,25,75.07,73.13,71.29,63.22
N,2014,12,26,75.10,70.24,68.62,56.62
N,2014,12,27,75.37,70.83,67.41,55.53
N,2014,12,28,77.99,70.02,67.10,52.92
N,2014,12,29,70.46,65.92,65.42,55.63
N,2014,12,30,72.45,65.89,66.13,62.37
N,2014,12,31,75.78,72.53,72.15,62.87
N,2015,1,1,75.40,67.08,65.48,52.07
N,2015,1,2,77.34,69.77,67.97,50.42
N,2015,1,3,75.01,67.32,64.48,50.15
N,2015,1,4,75.63,65.26,62.90,51.36
N,2015,1,5,76.41,68.07,67.93,56.15
N,2015,1,6,76.49,70.00,67.64,51.39
N,2015,1,7,75.85,71.54,68.88,50.72
N,2015,1,8,74.59,70.72,67.23,51.14
N,2015,1,9,71.89,69.05,65.08,51.96
N,2015,1,10,71.33,68.91,68.05,51.17
N,2015,1,11,71.74,67.08,64.69,50.35
N,2015,1,12,72.93,66.44,64.96,53.70
N,2015,1,13,73.08,67.74,66.40,53.33
N,2015,1,14,75.50,71.16,68.77,53.36
N,2015,1,15,74.35,64.92,63.76,51.79
N,2015,1,16,74.00,63.96,62.36,54.50
N,2015,1,17,71.60,68.82,67.14,52.86
N,2015,1,18,69.26,65.59,63.70,51.03
N,2015,1,19,72.09,70.43,67.49,55.32
N,2015,1,20,73.62,72.13,69.07,54.49
N,2015,1,21,73.69,71.39,68.44,54.46
N,2015,1,22,74.13,69.57,67.21,51.32
N,2015,1,23,71.41,65.65,63.94,50.37
N,2015,1,24,71.12,67.25,66.45,54.06
N,2015,1,25,70.45,67.76,66.06,50.34
N,2015,1,26,73.23,70.41,69.15,52.68
N,2015,1,27,73.16,69.44,66.94,52.32
N,2015,1,28,72.54,71.79,69.53,55.27
N,2015,1,29,72.49,73.83,72.37,53.90
N,2015,1,30,70.39,69.41,66.37,53.74
N,2015,1,31,70.89,70.41,68.01,57.90
N,2015,2,1,70.14,67.73,65.80,52.01
N,2015,2,2,69.18,66.73,64.20,54.56
N,2015,2,3,74.14,72.31,70.06,52.34
N,2015,2,4,76.68,75.01,71.69,52.40
N,2015,2,5,72.54,67.32,65.78,53.33
N,2015,2,6,73.18,72.13,70.52,53.89
N,2015,2,7,70.54,70.90,67.75,52.44
N,2015,2,8,70.38,68.33,66.00,55.09
N,2015,2,9,67.64,66.53,65.43,60.15
N,2015,2,10,70.74,71.05,69.80,61.86
N,2015,2,11,74.14,73.83,73.00,53.87
N,2015,2,12,71.63,71.61,69.22,53.93
N,2015,2,13,71.17,69.63,69.44,56.15
N,2015,2,14,68.43,67.82,66.18,53.62
N,2015,2,15,70.60,70.04,68.70,55.45
N,2015,2,16,70.53,70.02,71.43,59.67
N,2015,2,17,70.81,69.53,67.52,59.15
N,2015,2,18,70.55,71.34,68.10,59.83
N,2015,2,19,71.10,71.78,68.41,58.15
N,2015,2,20,NaN,NaN,NaN,NaN
N,2015,2,21,NaN,NaN,NaN,NaN
N,2015,2,22,NaN,NaN,NaN,NaN
N,2015,2,23,NaN,NaN,NaN,NaN
N,2015,2,24,NaN,NaN,NaN,NaN
N,2015,2,25,NaN,NaN,NaN,NaN
N,2015,2,26,NaN,NaN,NaN,NaN
N,2015,2,27,NaN,NaN,NaN,NaN
N,2015,2,28,NaN,NaN,NaN,NaN
N,2015,3,1,NaN,NaN,NaN,NaN
N,2015,3,2,NaN,NaN,NaN,NaN
N,2015,3,3,NaN,NaN,NaN,NaN
N,2015,3,4,NaN,NaN,NaN,NaN
N,2015,3,5,NaN,NaN,NaN,NaN
N,2015,3,6,NaN,NaN,NaN,NaN
N,2015,3,7,NaN,NaN,NaN,NaN
N,2015,3,8,NaN,NaN,NaN,NaN
N,2015,3,9,NaN,NaN,NaN,NaN
N,2015,3,10,NaN,NaN,NaN,NaN
N,2015,3,11,NaN,NaN,NaN,NaN
N,2015,3,12,NaN,NaN,NaN,NaN
N,2015,3,13,NaN,NaN,NaN,NaN
N,2015,3,14,NaN,NaN,NaN,NaN
N,2015,3,15,NaN,NaN,NaN,NaN
N,2015,3,16,NaN,NaN,NaN,NaN
N,2015,3,17,NaN,NaN,NaN,NaN
N,2015,3,18,NaN,NaN,NaN,NaN
N,2015,3,19,NaN,NaN,NaN,NaN
N,2015,3,20,NaN,NaN,NaN,NaN
N,2015,3,21,NaN,NaN,NaN,NaN
N,2015,3,22,NaN,NaN,NaN,NaN
N,2015,3,23,NaN,NaN,NaN,NaN
N,2015,3,24,NaN,NaN,NaN,NaN
N,2015,3,25,NaN,NaN,NaN,NaN
N,2015,3,26,NaN,NaN,NaN,NaN
N,2015,3,27,NaN,NaN,NaN,NaN
N,2015,3,28,NaN,NaN,NaN,NaN
N,2015,3,29,NaN,NaN,NaN,NaN
N,2015,3,30,NaN,NaN,NaN,NaN
N,2015,3,31,NaN,NaN,NaN,NaN
N,2015,4,1,NaN,NaN,NaN,NaN
N,2015,4,2,NaN,NaN,NaN,NaN
N,2015,4,3,NaN,NaN,NaN,NaN
N,2015,4,4,NaN,NaN,NaN,NaN
N,2015,4,5,NaN,NaN,NaN,NaN
N,2015,4,6,NaN,NaN,NaN,NaN
N,2015,4,7,NaN,NaN,NaN,NaN
N,2015,4,8,NaN,NaN,NaN,NaN
N,2015,4,9,NaN,NaN,NaN,NaN
N,2015,4,10,NaN,NaN,NaN,NaN
N,2015,4,11,NaN,NaN,NaN,NaN
N,2015,4,12,NaN,NaN,NaN,NaN
N,2015,4,13,NaN,NaN,NaN,NaN
N,2015,4,14,NaN,NaN,NaN,NaN
N,2015,4,15,NaN,NaN,NaN,NaN
N,2015,4,16,NaN,NaN,NaN,NaN
N,2015,4,17,NaN,NaN,NaN,NaN
N,2015,4,18,NaN,NaN,NaN,NaN
N,2015,4,19,NaN,NaN,NaN,NaN
N,2015,4,20,NaN,NaN,NaN,NaN
N,2015,4,21,NaN,NaN,NaN,NaN
N,2015,4,22,NaN,NaN,NaN,NaN
N,2015,4,23,NaN,NaN,NaN,NaN
N,2015,4,24,NaN,NaN,NaN,NaN
N,2015,4,25,NaN,NaN,NaN,NaN
N,2015,4,26,NaN,NaN,NaN,NaN
N,2015,4,27,NaN,NaN,NaN,NaN
N,2015,4,28,NaN,NaN,NaN,NaN
N,2015,4,29,NaN,NaN,NaN,NaN
N,2015,4,30,NaN,NaN,NaN,NaN
N,2015,5,1,NaN,NaN,NaN,NaN
N,2015,5,2,NaN,NaN,NaN,NaN
N,2015,5,3,NaN,NaN,NaN,NaN
N,2015,5,4,NaN,NaN,NaN,NaN
N,2015,5,5,NaN,NaN,NaN,NaN
N,2015,5,6,NaN,NaN,NaN,NaN
N,2015,5,7,NaN,NaN,NaN,NaN
N,2015,5,8,NaN,NaN,NaN,NaN
N,2015,5,9,NaN,NaN,NaN,NaN
N,2015,5,10,NaN,NaN,NaN,NaN
N,2015,5,11,NaN,NaN,NaN,NaN
N,2015,5,12,NaN,NaN,NaN,NaN
N,2015,5,13,NaN,NaN,NaN,NaN
N,2015,5,14,NaN,NaN,NaN,NaN
N,2015,5,15,NaN,NaN,NaN,NaN
N,2015,5,16,NaN,NaN,NaN,NaN
N,2015,5,17,NaN,NaN,NaN,NaN
N,2015,5,18,NaN,NaN,NaN,NaN
N,2015,5,19,NaN,NaN,NaN,NaN
N,2015,5,20,NaN,NaN,NaN,NaN
N,2015,5,21,NaN,NaN,NaN,NaN
N,2015,5,22,NaN,NaN,NaN,NaN
N,2015,5,23,NaN,NaN,NaN,NaN
N,2015,5,24,NaN,NaN,NaN,NaN
N,2015,5,25,NaN,NaN,NaN,NaN
N,2015,5,26,NaN,NaN,NaN,NaN
N,2015,5,27,NaN,NaN,NaN,NaN
N,2015,5,28,NaN,NaN,NaN,NaN
N,2015,5,29,NaN,NaN,NaN,NaN
N,2015,5,30,NaN,NaN,NaN,NaN
N,2015,5,31,NaN,NaN,NaN,NaN
N,2015,6,2,67.82,69.76,68.02,61.31
N,2015,6,3,72.01,73.70,70.73,62.48
N,2015,6,4,71.05,73.65,71.96,63.31
N,2015,6,5,69.93,73.05,70.81,59.17
N,2015,6,6,71.68,74.15,70.47,55.83
N,2015,6,7,67.55,69.29,67.42,58.78
N,2015,6,8,66.27,67.14,65.77,53.84
N,2015,6,9,66.88,68.75,66.84,58.14
N,2015,6,10,70.29,72.10,69.43,55.42
N,2015,6,11,68.88,70.19,68.00,55.91
N,2015,6,12,72.22,75.68,71.90,57.19
N,2015,6,13,70.04,71.24,70.07,53.10
N,2015,6,14,67.25,70.52,68.32,51.83
N,2015,6,15,68.72,71.77,69.88,56.23
N,2015,6,16,68.59,71.25,69.19,56.54
N,2015,6,17,71.72,74.85,72.18,53.88
N,2015,6,18,71.28,73.49,71.18,53.74
N,2015,6,19,70.16,72.25,69.36,58.61
N,2015,6,20,68.01,68.78,66.09,58.97
N,2015,6,21,68.67,73.25,71.32,57.05
N,2015,6,22,70.25,73.85,71.29,60.42
N,2015,6,23,68.90,73.06,72.02,60.72
N,2015,6,24,71.35,74.90,72.62,63.06
N,2015,6,25,71.85,75.48,72.51,61.17
N,2015,6,26,68.01,71.12,68.94,57.76
N,2015,6,27,67.13,71.45,69.30,60.60
N,2015,6,28,68.44,73.44,70.15,62.94
N,2015,6,29,65.96,69.41,68.08,62.52
N,2015,6,30,66.62,70.13,67.28,57.45
N,2015,7,1,68.40,71.18,68.68,55.41
N,2015,7,2,67.64,70.68,68.95,55.25
N,2015,7,3,67.21,70.22,69.02,58.38
N,2015,7,4,66.83,70.11,68.23,59.08
N,2015,7,5,66.28,68.16,66.08,55.92
N,2015,7,6,69.26,70.75,68.98,55.02
N,2015,7,7,70.82,72.49,68.45,60.57
N,2015,7,8,68.71,71.82,68.88,61.12
N,2015,7,9,69.98,72.60,71.08,57.47
N,2015,7,10,69.11,71.53,69.03,53.02
N,2015,7,11,69.53,73.30,70.92,54.59
N,2015,7,12,66.71,69.37,67.26,57.60
N,2015,7,13,68.31,70.11,68.55,61.32
N,2015,7,14,68.82,71.56,68.81,61.14
N,2015,7,15,69.65,69.22,66.45,59.16
N,2015,7,16,69.53,71.54,68.46,54.52
N,2015,7,17,68.30,70.77,68.17,54.27
N,2015,7,18,68.27,69.28,67.05,51.82
N,2015,7,19,67.47,70.17,68.60,50.95
N,2015,7,20,67.83,68.98,67.88,58.49
N,2015,7,21,68.48,70.61,70.56,51.50
N,2015,7,22,70.04,73.08,71.13,52.65
N,2015,7,23,71.55,72.41,69.01,52.05
N,2015,7,24,72.42,74.76,72.76,53.90
N,2015,7,25,70.05,72.20,69.06,55.65
N,2015,7,26,70.49,74.69,74.09,61.19
N,2015,7,27,70.82,74.91,73.33,59.26
N,2015,7,28,70.35,72.12,69.92,57.10
N,2015,7,29,71.75,75.32,74.24,52.39
N,2015,7,30,69.96,71.51,68.65,55.11
N,2015,7,31,68.51,71.99,68.41,54.61
N,2015,8,1,71.70,74.85,71.13,57.26
N,2015,8,2,69.46,72.46,70.97,61.17
N,2015,8,3,71.83,74.12,73.80,63.00
N,2015,8,4,72.94,75.00,73.18,64.27
N,2015,8,5,73.76,74.86,73.05,64.23
N,2015,8,6,73.93,75.11,73.39,63.78
N,2015,8,7,72.18,73.94,70.69,59.02
N,2015,8,8,69.28,72.17,69.34,54.48
N,2015,8,9,71.11,72.26,69.54,50.29
N,2015,8,10,69.65,71.84,68.69,51.09
N,2015,8,11,70.79,72.22,70.14,56.61
N,2015,8,12,73.77,75.36,72.06,62.11
N,2015,8,13,73.48,75.91,75.04,62.72
N,2015,8,14,72.68,75.19,73.21,62.71
N,2015,8,15,70.17,72.43,69.98,61.28
N,2015,8,16,70.00,73.52,69.50,58.81
N,2015,8,17,68.79,69.82,67.56,52.72
N,2015,8,18,71.70,73.83,71.34,50.26
N,2015,8,19,69.77,71.95,68.88,56.99
N,2015,8,20,69.67,71.76,68.71,62.02
N,2015,8,21,67.15,68.98,66.37,59.39
N,2015,8,22,68.17,70.58,67.87,58.05
N,2015,8,23,67.72,70.66,67.65,57.45
N,2015,8,24,67.23,69.03,67.48,56.82
N,2015,8,25,67.98,69.54,67.18,55.84
N,2015,8,26,69.81,71.59,69.46,50.46
N,2015,8,27,69.92,73.62,71.32,53.38
N,2015,8,28,65.73,67.45,65.06,51.54
N,2015,8,29,69.85,71.92,69.51,57.53
N,2015,8,30,69.41,71.71,69.67,62.60
N,2015,8,31,67.99,70.88,68.51,59.83
N,2015,9,1,68.57,71.70,68.53,55.59
N,2015,9,2,71.41,74.66,70.92,51.99
N,2015,9,3,70.80,73.46,72.06,52.15
N,2015,9,4,70.16,72.89,70.65,56.21
N,2015,9,5,69.95,73.56,71.49,54.24
N,2015,9,6,65.62,68.94,66.78,53.98
N,2015,9,7,64.78,67.29,64.64,53.70
N,2015,9,8,66.71,70.46,66.18,54.91
N,2015,9,9,68.90,71.06,68.47,53.71
N,2015,9,10,67.75,70.58,68.30,51.08
N,2015,9,11,70.29,74.11,70.49,51.03
N,2015,9,12,65.62,70.01,65.17,50.29
N,2015,9,13,67.75,73.53,68.04,53.32
N,2015,9,14,67.35,72.15,69.02,52.79
N,2015,9,15,69.79,71.83,67.24,56.02
N,2015,9,16,69.43,72.87,69.66,57.71
N,2015,9,17,67.54,73.58,68.98,60.39
N,2015,9,18,65.85,69.05,67.29,59.48
N,2015,9,19,66.97,72.24,66.27,50.15
N,2015,9,20,67.27,69.84,67.03,51.58
N,2015,9,21,68.94,71.84,67.52,59.70
N,2015,9,22,70.38,72.28,68.00,58.04
N,2015,9,23,68.02,72.44,67.28,58.23
N,2015,9,24,67.26,69.88,66.85,56.36
N,2015,9,25,66.83,72.42,67.51,52.93
N,2015,9,26,69.10,73.05,68.33,56.58
N,2015,9,27,67.52,72.23,66.04,54.67
N,2015,9,28,65.00,69.93,63.85,56.65
N,2015,9,29,66.39,70.76,65.58,59.45
N,2015,9,30,68.69,73.84,68.84,61.47
N,2015,10,1,70.77,74.58,71.05,62.07
N,2015,10,2,72.49,76.10,72.77,61.08
N,2015,10,3,69.29,70.96,68.19,59.80
N,2015,10,4,65.94,69.32,65.97,56.93
N,2015,10,5,67.57,70.68,65.84,43.48
N,2015,10,6,72.76,69.69,64.34,46.23
N,2015,10,7,71.19,73.75,69.36,59.64
N,2015,10,8,72.92,75.23,70.15,56.99
N,2015,10,9,69.30,73.38,68.16,54.92
N,2015,10,10,64.86,69.24,63.69,46.49
N,2015,10,11,67.38,72.59,64.82,51.10
N,2015,10,12,68.63,76.13,69.94,46.02
N,2015,10,13,68.03,73.57,69.01,47.63
N,2015,10,14,68.87,70.82,66.05,49.70
N,2015,10,15,70.99,72.83,67.15,55.76
N,2015,10,16,68.31,70.64,67.96,56.99
N,2015,10,17,67.34,72.83,68.05,57.03
N,2015,10,18,66.08,73.01,66.70,60.39
N,2015,10,19,67.28,75.10,69.65,63.07
N,2015,10,20,70.31,76.10,70.11,59.69
N,2015,10,21,70.51,75.34,70.46,58.45
N,2015,10,22,70.70,75.80,69.58,56.96
N,2015,10,23,68.57,71.40,67.71,53.31
N,2015,10,24,70.45,74.15,71.36,55.00
N,2015,10,25,73.40,75.45,72.63,57.83
N,2015,10,26,71.35,75.00,70.87,55.43
N,2015,10,27,70.31,74.13,70.68,55.41
N,2015,10,28,73.94,77.99,73.21,59.63
N,2015,10,29,71.90,74.43,71.63,64.49
N,2015,10,30,68.56,70.83,66.76,59.95
N,2015,10,31,70.81,75.77,71.52,48.04
N,2015,11,1,70.34,79.31,72.26,48.14
N,2015,11,2,71.49,75.65,68.23,60.44
N,2015,11,3,70.96,72.03,70.81,63.39
N,2015,11,4,70.66,72.51,69.42,63.89
N,2015,11,5,70.86,73.83,68.89,47.21
N,2015,11,6,69.54,73.57,68.77,51.82
N,2015,11,7,68.53,71.60,67.00,51.82
N,2015,11,8,67.66,73.81,67.75,53.08
N,2015,11,9,67.64,71.83,65.34,59.03
N,2015,11,10,70.71,71.14,69.22,63.46
N,2015,11,11,69.54,69.97,67.19,55.83
N,2015,11,12,69.46,70.32,68.02,56.87
N,2015,11,13,70.81,72.18,69.94,51.55
N,2015,11,14,71.74,72.49,71.49,50.01
N,2015,11,15,68.71,69.48,66.88,53.63
N,2015,11,16,76.47,76.75,75.09,68.52
N,2015,11,17,70.56,73.83,70.85,61.07
N,2015,11,18,70.49,73.53,69.99,52.80
N,2015,11,19,72.55,74.10,69.37,50.59
N,2015,11,20,68.52,72.50,67.36,51.37
N,2015,11,21,69.59,73.18,67.83,41.72
N,2015,11,22,NaN,NaN,NaN,NaN
N,2015,11,23,NaN,NaN,NaN,NaN
N,2015,11,24,NaN,NaN,NaN,NaN
N,2015,11,25,NaN,NaN,NaN,NaN
N,2015,11,26,NaN,NaN,NaN,NaN
N,2015,11,27,NaN,NaN,NaN,NaN
N,2015,11,28,NaN,NaN,NaN,NaN
N,2015,11,29,NaN,NaN,NaN,NaN
N,2015,11,30,NaN,NaN,NaN,NaN
N,2015,12,1,NaN,NaN,NaN,NaN
N,2015,12,2,NaN,NaN,NaN,NaN
N,2015,12,3,NaN,NaN,NaN,NaN
N,2015,12,4,NaN,NaN,NaN,NaN
N,2015,12,5,NaN,NaN,NaN,NaN
N,2015,12,6,NaN,NaN,NaN,NaN
N,2015,12,7,NaN,NaN,NaN,NaN
N,2015,12,8,NaN,NaN,NaN,NaN
N,2015,12,9,NaN,NaN,NaN,NaN
N,2015,12,10,NaN,NaN,NaN,NaN
N,2015,12,11,NaN,NaN,NaN,NaN
N,2015,12,12,NaN,NaN,NaN,NaN
N,2015,12,13,NaN,NaN,NaN,NaN
N,2015,12,14,NaN,NaN,NaN,NaN
N,2015,12,15,NaN,NaN,NaN,NaN
N,2015,12,16,NaN,NaN,NaN,NaN
N,2015,12,17,NaN,NaN,NaN,NaN
N,2015,12,18,NaN,NaN,NaN,NaN
N,2015,12,19,NaN,NaN,NaN,NaN
N,2015,12,20,NaN,NaN,NaN,NaN
N,2015,12,21,NaN,NaN,NaN,NaN
N,2015,12,22,NaN,NaN,NaN,NaN
N,2015,12,23,NaN,NaN,NaN,NaN
N,2015,12,24,NaN,NaN,NaN,NaN
N,2015,12,25,NaN,NaN,NaN,NaN
N,2015,12,26,NaN,NaN,NaN,NaN
N,2015,12,27,NaN,NaN,NaN,NaN
N,2015,12,28,NaN,NaN,NaN,NaN
N,2015,12,29,NaN,NaN,NaN,NaN
N,2015,12,30,NaN,NaN,NaN,NaN
N,2015,12,31,NaN,NaN,NaN,NaN
N,2016,1,1,NaN,NaN,NaN,NaN
N,2016,1,2,NaN,NaN,NaN,NaN
N,2016,1,3,NaN,NaN,NaN,NaN
N,2016,1,4,NaN,NaN,NaN,NaN
N,2016,1,5,NaN,NaN,NaN,NaN
N,2016,1,6,NaN,NaN,NaN,NaN
N,2016,1,7,NaN,NaN,NaN,NaN
N,2016,1,8,NaN,NaN,NaN,NaN
N,2016,1,9,NaN,NaN,NaN,NaN
N,2016,1,10,NaN,NaN,NaN,NaN
N,2016,1,11,NaN,NaN,NaN,NaN
N,2016,1,12,NaN,NaN,NaN,NaN
N,2016,1,13,NaN,NaN,NaN,NaN
N,2016,1,14,NaN,NaN,NaN,NaN
N,2016,1,15,NaN,NaN,NaN,NaN
N,2016,1,16,NaN,NaN,NaN,NaN
N,2016,1,17,NaN,NaN,NaN,NaN
N,2016,1,18,NaN,NaN,NaN,NaN
N,2016,1,19,NaN,NaN,NaN,NaN
N,2016,1,20,NaN,NaN,NaN,NaN
N,2016,1,21,NaN,NaN,NaN,NaN
N,2016,1,22,NaN,NaN,NaN,NaN
N,2016,1,23,NaN,NaN,NaN,NaN
N,2016,1,24,NaN,NaN,NaN,NaN
N,2016,1,25,NaN,NaN,NaN,NaN
N,2016,1,26,NaN,NaN,NaN,NaN
N,2016,1,27,NaN,NaN,NaN,NaN
N,2016,1,28,NaN,NaN,NaN,NaN
N,2016,1,29,NaN,NaN,NaN,NaN
N,2016,1,30,NaN,NaN,NaN,NaN
N,2016,1,31,NaN,NaN,NaN,NaN
N,2016,2,1,NaN,NaN,NaN,NaN
N,2016,2,2,NaN,NaN,NaN,NaN
N,2016,2,3,NaN,NaN,NaN,NaN
N,2016,2,4,NaN,NaN,NaN,NaN
N,2016,2,5,NaN,NaN,NaN,NaN
N,2016,2,6,NaN,NaN,NaN,NaN
N,2016,2,7,NaN,NaN,NaN,NaN
N,2016,2,8,NaN,NaN,NaN,NaN
N,2016,2,9,NaN,NaN,NaN,NaN
N,2016,2,10,NaN,NaN,NaN,NaN
N,2016,2,11,NaN,NaN,NaN,NaN
N,2016,2,12,NaN,NaN,NaN,NaN
N,2016,2,13,NaN,NaN,NaN,NaN
N,2016,2,14,NaN,NaN,NaN,NaN
N,2016,2,15,NaN,NaN,NaN,NaN
N,2016,2,16,NaN,NaN,NaN,NaN
N,2016,2,17,NaN,NaN,NaN,NaN
N,2016,2,18,NaN,NaN,NaN,NaN
N,2016,2,19,NaN,NaN,NaN,NaN
N,2016,2,20,NaN,NaN,NaN,NaN
N,2016,2,21,NaN,NaN,NaN,NaN
N,2016,2,22,NaN,NaN,NaN,NaN
N,2016,2,23,NaN,NaN,NaN,NaN
N,2016,2,24,NaN,NaN,NaN,NaN
N,2016,2,25,NaN,NaN,NaN,NaN
N,2016,2,26,NaN,NaN,NaN,NaN
N,2016,2,27,NaN,NaN,NaN,NaN
N,2016,2,28,NaN,NaN,NaN,NaN
N,2016,2,29,NaN,NaN,NaN,NaN
N,2016,3,1,NaN,NaN,NaN,NaN
N,2016,3,2,NaN,NaN,NaN,NaN
N,2016,3,3,NaN,NaN,NaN,NaN
N,2016,3,4,NaN,NaN,NaN,NaN
N,2016,3,5,NaN,NaN,NaN,NaN
N,2016,3,6,NaN,NaN,NaN,NaN
N,2016,3,7,NaN,NaN,NaN,NaN
N,2016,3,8,NaN,NaN,NaN,NaN
N,2016,3,9,NaN,NaN,NaN,NaN
N,2016,3,10,NaN,NaN,NaN,NaN
N,2016,3,11,NaN,NaN,NaN,NaN
N,2016,3,12,NaN,NaN,NaN,NaN
N,2016,3,13,NaN,NaN,NaN,NaN
N,2016,3,14,NaN,NaN,NaN,NaN
N,2016,3,15,NaN,NaN,NaN,NaN
N,2016,3,16,NaN,NaN,NaN,NaN
N,2016,3,17,NaN,NaN,NaN,NaN
N,2016,3,18,NaN,NaN,NaN,NaN
N,2016,3,19,NaN,NaN,NaN,NaN
N,2016,3,20,NaN,NaN,NaN,NaN
N,2016,3,21,NaN,NaN,NaN,NaN
N,2016,3,22,NaN,NaN,NaN,NaN
N,2016,3,23,NaN,NaN,NaN,NaN
N,2016,3,24,NaN,NaN,NaN,NaN
N,2016,3,25,NaN,NaN,NaN,NaN
N,2016,3,26,NaN,NaN,NaN,NaN
N,2016,3,27,NaN,NaN,NaN,NaN
N,2016,3,28,NaN,NaN,NaN,NaN
N,2016,3,29,NaN,NaN,NaN,NaN
N,2016,3,30,NaN,NaN,NaN,NaN
N,2016,3,31,NaN,NaN,NaN,NaN
N,2016,4,1,NaN,NaN,NaN,NaN
N,2016,4,2,NaN,NaN,NaN,NaN
N,2016,4,3,NaN,NaN,NaN,NaN
N,2016,4,4,NaN,NaN,NaN,NaN
N,2016,4,5,NaN,NaN,NaN,NaN
N,2016,4,6,NaN,NaN,NaN,NaN
N,2016,4,7,NaN,NaN,NaN,NaN
N,2016,4,8,NaN,NaN,NaN,NaN
N,2016,4,9,NaN,NaN,NaN,NaN
N,2016,4,10,NaN,NaN,NaN,NaN
N,2016,4,11,NaN,NaN,NaN,NaN
N,2016,4,12,NaN,NaN,NaN,NaN
N,2016,4,13,NaN,NaN,NaN,NaN
N,2016,4,14,NaN,NaN,NaN,NaN
N,2016,4,15,NaN,NaN,NaN,NaN
N,2016,4,16,NaN,NaN,NaN,NaN
N,2016,4,17,NaN,NaN,NaN,NaN
N,2016,4,18,75.47,73.35,71.54,58.56
N,2016,4,19,NaN,NaN,NaN,NaN
N,2016,4,20,NaN,NaN,NaN,NaN
N,2016,4,21,NaN,NaN,NaN,NaN
N,2016,4,22,NaN,NaN,NaN,NaN
N,2016,4,23,NaN,NaN,NaN,NaN
N,2016,4,24,NaN,NaN,NaN,NaN
N,2016,4,25,NaN,NaN,NaN,NaN
N,2016,4,26,NaN,NaN,NaN,NaN
N,2016,4,27,NaN,NaN,NaN,NaN
N,2016,4,28,NaN,NaN,NaN,NaN
N,2016,4,29,NaN,NaN,NaN,NaN
N,2016,4,30,NaN,NaN,NaN,NaN
N,2016,5,1,NaN,NaN,NaN,NaN
N,2016,5,2,NaN,NaN,NaN,NaN
N,2016,5,3,NaN,NaN,NaN,NaN
N,2016,5,4,NaN,NaN,NaN,NaN
N,2016,5,5,NaN,NaN,NaN,NaN
N,2016,5,6,NaN,NaN,NaN,NaN
N,2016,5,7,NaN,NaN,NaN,NaN
N,2016,5,8,NaN,NaN,NaN,NaN
N,2016,5,9,NaN,NaN,NaN,NaN
N,2016,5,10,NaN,NaN,NaN,NaN
N,2016,5,11,NaN,NaN,NaN,NaN
N,2016,5,12,NaN,NaN,NaN,NaN
N,2016,5,13,NaN,NaN,NaN,NaN
N,2016,5,14,NaN,NaN,NaN,NaN
N,2016,5,15,NaN,NaN,NaN,NaN
N,2016,5,16,NaN,NaN,NaN,NaN
N,2016,5,17,NaN,NaN,NaN,NaN
N,2016,5,18,NaN,NaN,NaN,NaN
N,2016,5,19,NaN,NaN,NaN,NaN
N,2016,5,20,NaN,NaN,NaN,NaN
N,2016,5,21,NaN,NaN,NaN,NaN
N,2016,5,22,NaN,NaN,NaN,NaN
N,2016,5,23,NaN,NaN,NaN,NaN
N,2016,5,24,NaN,NaN,NaN,NaN
N,2016,5,25,NaN,NaN,NaN,NaN
N,2016,5,26,NaN,NaN,NaN,NaN
N,2016,5,27,NaN,NaN,NaN,NaN
N,2016,5,28,NaN,NaN,NaN,NaN
N,2016,5,29,NaN,NaN,NaN,NaN
N,2016,5,30,NaN,NaN,NaN,NaN
N,2016,5,31,NaN,NaN,NaN,NaN
N,2016,6,1,NaN,NaN,NaN,NaN
N,2016,6,2,NaN,NaN,NaN,NaN
N,2016,6,3,NaN,NaN,NaN,NaN
N,2016,6,4,NaN,NaN,NaN,NaN
N,2016,6,5,NaN,NaN,NaN,NaN
N,2016,6,6,NaN,NaN,NaN,NaN
N,2016,6,7,NaN,NaN,NaN,NaN
N,2016,6,8,NaN,NaN,NaN,NaN
N,2016,6,9,NaN,NaN,NaN,NaN
N,2016,6,10,NaN,NaN,NaN,NaN
N,2016,6,11,NaN,NaN,NaN,NaN
N,2016,6,12,NaN,NaN,NaN,NaN
N,2016,6,13,NaN,NaN,NaN,NaN
N,2016,6,14,NaN,NaN,NaN,NaN
N,2016,6,15,NaN,NaN,NaN,NaN
N,2016,6,16,NaN,NaN,NaN,NaN
N,2016,6,17,NaN,NaN,NaN,NaN
N,2016,6,18,NaN,NaN,NaN,NaN
N,2016,6,19,NaN,NaN,NaN,NaN
N,2016,6,20,NaN,NaN,NaN,NaN
N,2016,6,21,NaN,NaN,NaN,NaN
N,2016,6,22,NaN,NaN,NaN,NaN
N,2016,6,23,NaN,NaN,NaN,NaN
N,2016,6,24,NaN,NaN,NaN,NaN
N,2016,6,25,NaN,NaN,NaN,NaN
N,2016,6,26,NaN,NaN,NaN,NaN
N,2016,6,27,NaN,NaN,NaN,NaN
N,2016,6,28,NaN,NaN,NaN,NaN
N,2016,6,29,NaN,NaN,NaN,NaN
N,2016,6,30,NaN,NaN,NaN,NaN
N,2016,7,1,NaN,NaN,NaN,NaN
N,2016,7,2,NaN,NaN,NaN,NaN
N,2016,7,3,NaN,NaN,NaN,NaN
N,2016,7,4,NaN,NaN,NaN,NaN
N,2016,7,5,NaN,NaN,NaN,NaN
N,2016,7,6,67.58,63.60,62.67,59.13
N,2016,7,7,72.39,70.48,68.79,57.40
N,2016,7,8,69.71,71.72,69.61,58.41
N,2016,7,9,69.75,71.98,70.27,58.22
N,2016,7,10,68.07,70.49,69.52,58.71
N,2016,7,11,69.92,72.68,71.18,61.85
N,2016,7,12,70.08,73.38,70.86,55.27
N,2016,7,13,73.98,74.46,72.05,52.83
N,2016,7,14,72.31,75.07,73.48,54.75
N,2016,7,15,70.00,71.59,69.78,54.57
N,2016,7,16,72.36,76.45,73.36,52.13
N,2016,7,17,69.39,73.11,73.00,51.29
N,2016,7,18,70.96,74.80,71.90,49.80
N,2016,7,19,71.25,74.96,72.46,55.89
N,2016,7,20,68.35,71.18,70.26,60.11
N,2016,7,21,70.92,73.21,70.64,60.42
N,2016,7,22,72.31,76.63,74.91,60.31
N,2016,7,23,72.87,71.76,70.16,58.53
N,2016,7,24,73.25,72.23,70.63,52.59
N,2016,7,25,67.85,70.60,68.49,47.70
N,2016,7,26,68.61,73.13,70.83,54.78
N,2016,7,27,72.42,76.09,74.13,55.40
N,2016,7,28,67.43,71.72,70.95,57.26
N,2016,7,29,73.97,78.92,75.29,59.04
N,2016,7,30,66.21,69.92,68.14,51.63
N,2016,7,31,67.97,73.88,70.41,49.86
N,2016,8,1,67.04,68.24,67.15,47.80
N,2016,8,2,68.29,71.38,70.12,55.68
N,2016,8,3,70.55,73.24,71.15,54.29
N,2016,8,4,70.26,72.62,71.11,53.48
N,2016,8,5,68.25,72.78,71.36,59.52
N,2016,8,6,67.79,72.78,68.99,60.31
N,2016,8,7,65.16,66.30,65.43,55.15
N,2016,8,8,67.32,70.63,68.20,54.38
N,2016,8,9,70.83,74.45,70.69,49.93
N,2016,8,10,67.41,70.58,68.87,52.21
N,2016,8,11,75.42,80.10,80.24,51.92
N,2016,8,12,66.26,69.97,68.13,53.63
N,2016,8,13,67.16,70.90,69.12,58.78
N,2016,8,14,66.68,71.53,69.68,58.60
N,2016,8,15,69.15,75.27,73.60,60.55
N,2016,8,16,67.79,71.31,69.39,62.13
N,2016,8,17,68.40,71.67,70.26,59.64
N,2016,8,18,67.57,72.46,70.33,53.46
N,2016,8,19,68.81,70.66,69.96,53.01
N,2016,8,20,68.55,72.35,68.53,56.38
N,2016,8,21,67.54,73.17,70.17,59.03
N,2016,8,22,68.04,70.67,68.53,60.13
N,2016,8,23,68.11,69.96,67.27,58.19
N,2016,8,24,67.91,70.35,66.82,59.07
N,2016,8,25,70.08,73.80,71.12,60.65
N,2016,8,26,69.66,74.12,71.04,47.87
N,2016,8,27,70.32,73.87,72.68,51.12
N,2016,8,28,65.31,68.69,66.49,59.58
N,2016,8,29,68.44,72.91,70.80,60.97
N,2016,8,30,68.75,72.13,68.39,56.91
N,2016,8,31,69.09,74.63,70.95,60.82
N,2016,9,1,68.44,73.89,71.08,60.24
N,2016,9,2,69.66,71.30,68.33,59.72
N,2016,9,3,70.00,74.90,69.86,52.38
N,2016,9,4,68.83,69.76,67.74,59.62
N,2016,9,5,69.12,71.48,69.90,61.93
N,2016,9,6,65.27,67.94,67.48,50.11
N,2016,9,7,69.83,71.53,69.04,48.87
N,2016,9,8,68.03,71.79,69.22,46.26
N,2016,9,9,72.36,77.05,74.32,51.58
N,2016,9,10,70.88,76.59,73.16,59.75
N,2016,9,11,68.87,73.03,71.00,59.04
N,2016,9,12,68.04,70.76,68.33,55.26
N,2016,9,13,70.59,71.79,69.66,47.47
N,2016,9,14,68.48,71.48,69.22,56.58
N,2016,9,15,72.64,75.19,71.93,59.45
N,2016,9,16,69.67,72.01,69.39,53.13
N,2016,9,17,69.39,73.74,70.86,52.30
N,2016,9,18,69.07,70.43,67.26,51.53
N,2016,9,19,67.43,71.31,68.06,51.10
N,2016,9,20,69.93,72.94,70.65,50.98
N,2016,9,21,71.61,74.02,70.19,52.37
N,2016,9,22,72.69,75.15,73.12,63.53
N,2016,9,23,72.84,73.87,70.93,63.38
N,2016,9,24,70.24,72.16,71.23,53.90
N,2016,9,25,66.70,67.81,66.13,52.93
N,2016,9,26,69.44,71.64,67.64,47.69
N,2016,9,27,65.70,67.98,66.18,48.94
N,2016,9,28,70.22,73.61,71.66,50.94
N,2016,9,29,66.73,70.97,68.52,54.40
N,2016,9,30,67.41,70.04,68.39,58.36
N,2016,10,1,69.16,72.62,70.39,60.64
N,2016,10,2,67.10,70.95,69.26,63.14
N,2016,10,3,69.92,72.66,70.54,64.29
N,2016,10,4,71.01,74.41,72.59,63.66
N,2016,10,5,71.03,73.95,71.50,60.69
N,2016,10,6,69.70,73.18,70.17,50.17
N,2016,10,7,68.96,71.27,67.04,48.53
N,2016,10,8,72.00,73.59,73.21,51.48
N,2016,10,9,67.21,71.05,69.04,48.22
N,2016,10,10,70.30,73.52,72.59,56.64
N,2016,10,11,68.59,70.82,67.31,57.15
N,2016,10,12,71.21,71.35,66.59,55.63
N,2016,10,13,70.02,72.21,67.11,55.09
N,2016,10,14,67.45,71.76,68.11,59.04
N,2016,10,15,69.52,71.69,68.22,58.42
N,2016,10,16,67.01,68.44,67.12,55.53
N,2016,10,17,68.70,70.73,67.10,55.78
N,2016,10,18,69.91,71.85,68.18,60.27
N,2016,10,19,73.07,74.05,69.06,49.39
N,2016,10,20,69.63,74.87,70.19,46.73
N,2016,10,21,72.67,75.44,72.54,47.70
N,2016,10,22,68.53,74.31,68.16,47.18
N,2016,10,23,67.20,72.77,68.19,47.71
N,2016,10,24,68.52,73.55,68.52,48.33
N,2016,10,25,72.73,77.33,73.75,52.29
N,2016,10,26,69.83,74.76,70.90,54.51
N,2016,10,27,72.31,76.99,71.14,51.69
N,2016,10,28,71.82,77.00,72.03,57.41
N,2016,10,29,70.38,76.05,70.73,56.45
N,2016,10,30,69.74,75.06,69.78,50.84
N,2016,10,31,74.33,80.73,74.77,58.93
N,2016,11,1,72.17,76.65,71.68,61.59
N,2016,11,2,73.50,76.38,72.11,57.85
N,2016,11,3,74.34,78.04,72.05,55.27
N,2016,11,4,72.34,77.99,71.89,51.26
N,2016,11,5,71.36,74.41,68.35,55.36
N,2016,11,6,70.07,78.45,67.47,59.87
N,2016,11,7,74.01,77.31,69.80,54.01
N,2016,11,8,71.72,73.04,68.40,52.26
N,2016,11,9,70.88,74.39,68.94,53.85
N,2016,11,10,71.56,72.61,68.63,48.77
N,2016,11,11,70.99,76.23,72.51,50.92
N,2016,11,12,71.99,74.85,73.00,51.67
N,2016,11,13,72.31,73.24,71.08,53.73
N,2016,11,14,71.02,73.48,67.43,55.56
N,2016,11,15,75.44,75.53,72.64,60.82
N,2016,11,16,74.42,75.49,70.91,64.36
N,2016,11,17,76.43,76.00,72.60,65.73
N,2016,11,18,74.76,74.89,68.91,54.67
N,2016,11,19,73.18,75.49,70.38,50.56
N,2016,11,20,73.75,75.31,72.07,50.57
N,2016,11,21,79.32,79.30,74.09,64.53
N,2016,11,22,79.94,77.17,73.43,58.63
N,2016,11,23,78.80,75.80,70.25,62.37
N,2016,11,24,79.01,73.64,70.28,56.50
N,2016,11,25,79.36,75.79,70.47,56.64
N,2016,11,26,77.10,77.29,69.19,56.83
N,2016,11,27,76.23,75.47,70.35,65.02
N,2016,11,28,76.66,78.03,71.81,66.35
N,2016,11,29,79.52,77.46,72.38,59.34
N,2016,11,30,79.14,77.91,71.77,53.00
N,2016,12,1,78.84,76.41,71.01,60.93
N,2016,12,2,80.87,80.17,75.77,62.02
N,2016,12,3,75.34,75.74,68.80,61.72
N,2016,12,4,73.77,72.47,69.88,55.58
N,2016,12,5,77.21,76.70,74.02,60.74
N,2016,12,6,77.03,75.59,72.11,60.70
N,2016,12,7,78.55,77.44,74.09,62.88
N,2016,12,8,80.73,78.26,75.38,59.17
N,2016,12,9,84.38,78.71,70.95,56.20
N,2016,12,10,84.25,76.50,72.28,62.16
N,2016,12,11,83.66,79.41,68.96,59.17
N,2016,12,12,82.70,79.23,70.66,57.45
N,2016,12,13,84.39,80.74,71.22,55.73
N,2016,12,14,85.60,75.35,69.57,56.69
N,2016,12,15,85.95,76.71,72.43,55.29
N,2016,12,16,86.00,73.18,70.44,60.52
N,2016,12,17,82.93,74.78,71.76,67.63
N,2016,12,18,84.41,69.82,65.63,50.81
N,2016,12,19,83.50,69.83,67.56,59.70
N,2016,12,20,85.74,72.69,68.66,56.21
N,2016,12,21,83.96,70.52,65.65,50.73
N,2016,12,22,82.52,72.97,69.23,57.68
N,2016,12,23,82.29,68.54,65.60,50.56
N,2016,12,24,81.01,77.76,76.16,67.48
N,2016,12,25,81.49,74.61,72.30,66.56
N,2016,12,26,82.32,69.10,66.32,50.32
N,2016,12,27,83.67,75.64,74.24,50.43
N,2016,12,28,82.02,71.87,68.54,50.58
N,2016,12,29,82.28,71.24,70.14,46.31
N,2016,12,30,82.46,72.94,72.52,48.54
N,2016,12,31,79.83,72.29,68.90,56.44
N,2017,1,1,83.04,77.06,74.78,62.66
N,2017,1,2,81.89,70.10,67.84,55.27
N,2017,1,3,81.25,72.16,69.42,49.15
N,2017,1,4,81.96,74.67,73.06,53.07
N,2017,1,5,81.60,70.28,69.39,55.24
N,2017,1,6,82.02,71.92,69.13,57.68
N,2017,1,7,82.03,73.74,71.84,49.83
N,2017,1,8,84.98,72.40,69.94,49.51
N,2017,1,9,85.11,72.43,69.13,52.55
N,2017,1,10,83.46,71.62,70.67,53.28
N,2017,1,11,84.07,75.39,71.31,59.00
N,2017,1,12,83.06,73.55,71.74,56.55
N,2017,1,13,82.11,70.56,68.19,60.76
N,2017,1,14,82.53,75.03,71.09,56.26
N,2017,1,15,81.72,74.87,70.79,62.47
N,2017,1,16,81.62,75.42,70.38,49.87
N,2017,1,17,80.82,76.44,73.07,54.39
N,2017,1,18,81.23,75.89,72.69,52.12
N,2017,1,19,80.76,72.36,70.30,63.17
N,2017,1,20,78.81,70.34,68.88,61.78
N,2017,1,21,78.18,74.84,72.62,66.85
N,2017,1,22,78.01,75.77,74.57,62.81
N,2017,1,23,78.16,76.70,73.58,65.68
N,2017,1,24,80.26,81.21,76.62,64.31
N,2017,1,25,79.86,74.43,70.79,50.75
N,2017,1,26,80.17,76.65,74.37,54.07
N,2017,1,27,77.88,73.05,69.84,62.30
N,2017,1,28,79.23,71.58,69.85,61.19
N,2017,1,29,81.26,72.50,71.02,51.59
N,2017,1,30,81.41,74.33,71.54,50.11
N,2017,1,31,79.80,74.81,73.08,49.66
N,2017,2,1,78.08,70.10,68.47,48.14
N,2017,2,2,79.39,74.28,73.06,49.36
N,2017,2,3,78.89,74.65,72.22,50.50
N,2017,2,4,75.76,70.51,67.66,52.58
N,2017,2,5,77.71,70.46,68.77,56.92
N,2017,2,6,80.00,73.86,71.29,57.99
N,2017,2,7,81.40,74.30,72.19,54.76
N,2017,2,8,81.09,75.31,72.21,51.43
N,2017,2,9,78.82,70.69,67.74,57.71
N,2017,2,10,81.08,71.87,70.02,57.08
N,2017,2,11,80.07,77.29,75.97,61.37
N,2017,2,12,80.37,73.54,71.35,58.52
N,2017,2,13,78.49,71.48,69.75,62.47
N,2017,2,14,81.14,72.06,69.64,60.72
N,2017,2,15,79.58,72.80,70.61,53.31
N,2017,2,16,80.77,71.13,69.16,56.87
N,2017,2,17,78.48,73.71,74.21,63.06
N,2017,2,18,77.81,73.70,73.14,64.71
N,2017,2,19,80.41,76.36,75.26,66.16
N,2017,2,20,82.13,74.61,74.72,55.89
N,2017,2,21,78.25,70.31,69.65,48.13
N,2017,2,22,78.89,74.95,74.19,63.88
N,2017,2,23,82.40,78.17,77.23,69.79
N,2017,2,24,81.07,76.57,77.07,65.64
N,2017,2,25,81.83,71.36,68.72,60.24
N,2017,2,26,81.39,73.93,72.32,61.47
N,2017,2,27,79.35,75.05,73.34,57.00
N,2017,2,28,79.47,74.19,71.65,65.60
N,2017,3,1,79.80,85.98,81.53,59.74
N,2017,3,2,82.01,74.99,73.38,55.42
N,2017,3,3,80.46,73.73,72.18,52.00
N,2017,3,4,81.61,71.34,67.95,51.53
N,2017,3,5,80.26,71.13,69.39,58.58
N,2017,3,6,78.42,72.24,70.36,65.14
N,2017,3,7,78.78,75.43,74.11,61.81
N,2017,3,8,78.60,74.93,73.44,60.86
N,2017,3,9,78.10,75.47,74.35,56.50
N,2017,3,10,77.96,77.18,76.05,52.53
N,2017,3,11,76.47,74.54,72.80,55.42
N,2017,3,12,77.00,72.04,70.84,51.45
N,2017,3,13,77.17,73.08,71.78,49.43
N,2017,3,14,79.40,72.35,71.14,50.83
N,2017,3,15,79.67,77.11,75.84,58.54
N,2017,3,16,78.55,72.87,70.64,60.82
N,2017,3,17,77.64,74.44,72.96,59.52
N,2017,3,18,77.57,71.75,70.21,48.91
N,2017,3,19,76.29,76.46,75.29,55.27
N,2017,3,20,75.53,75.07,73.43,52.36
N,2017,3,21,77.31,76.30,73.34,57.32
N,2017,3,22,75.02,72.77,71.67,60.15
N,2017,3,23,76.74,76.64,74.99,68.62
N,2017,3,24,77.55,77.83,75.57,62.63
N,2017,3,25,79.01,78.91,77.12,63.21
N,2017,3,26,78.87,80.58,77.75,64.67
N,2017,3,27,77.86,78.32,77.44,67.32
N,2017,3,28,76.72,76.17,75.78,65.51
N,2017,3,29,74.73,72.47,70.92,55.07
N,2017,3,30,75.54,77.22,76.34,61.28
N,2017,3,31,77.14,77.81,76.56,70.11
N,2017,4,1,73.88,73.88,71.65,53.35
N,2017,4,2,75.13,74.46,72.33,57.85
N,2017,4,3,74.96,75.27,73.35,57.99
N,2017,4,4,76.56,77.48,75.59,55.16
N,2017,4,5,75.94,77.77,75.72,55.44
N,2017,4,6,75.42,78.41,76.32,54.54
N,2017,4,7,74.17,79.59,79.00,57.71
N,2017,4,8,73.17,74.13,72.87,61.32
N,2017,4,9,76.05,77.73,75.40,67.45
N,2017,4,10,75.34,74.68,74.19,63.42
N,2017,4,11,77.31,77.19,75.90,62.15
N,2017,4,12,74.67,74.07,72.63,61.64
N,2017,4,13,72.95,70.04,69.08,58.00
N,2017,4,14,74.25,74.72,72.95,66.53
N,2017,4,15,74.38,76.75,75.45,57.62
N,2017,4,16,73.38,72.17,70.92,58.88
N,2017,4,17,73.01,73.15,71.08,59.68
N,2017,4,18,75.01,74.78,74.70,54.39
N,2017,4,19,72.73,75.82,77.19,58.71
N,2017,4,20,74.04,74.49,73.10,65.82
N,2017,4,21,73.80,73.56,72.73,60.17
N,2017,4,22,75.04,74.97,73.41,60.34
N,2017,4,23,76.93,79.95,76.65,66.17
N,2017,4,24,74.99,78.35,77.46,66.99
N,2017,4,25,76.23,77.53,76.63,69.00
N,2017,4,26,73.93,74.79,73.45,63.11
N,2017,4,27,75.86,77.75,75.86,68.07
N,2017,4,28,75.02,75.72,74.35,67.75
N,2017,4,29,74.14,75.47,74.57,60.74
N,2017,4,30,73.22,73.85,72.95,57.04
N,2017,5,1,75.15,77.43,75.23,56.10
N,2017,5,2,75.76,78.24,76.52,53.68
N,2017,5,3,76.35,80.29,77.36,56.24
N,2017,5,4,74.22,74.75,74.25,53.24
N,2017,5,5,74.99,79.45,78.73,58.05
N,2017,5,6,75.33,77.10,76.84,65.31
N,2017,5,7,74.30,75.47,74.80,66.25
N,2017,5,8,74.44,74.41,72.77,63.81
N,2017,5,9,75.74,77.28,76.04,62.54
N,2017,5,10,73.84,73.25,71.43,52.53
N,2017,5,11,74.63,74.36,72.25,54.82
N,2017,5,12,74.62,74.17,72.02,61.51
N,2017,5,13,74.34,76.40,74.71,66.98
N,2017,5,14,74.35,75.55,73.00,66.45
N,2017,5,15,74.40,76.29,74.40,66.76
N,2017,5,16,72.27,73.75,71.73,65.70
N,2017,5,17,73.30,75.46,74.70,66.02
N,2017,5,18,71.85,72.76,72.50,60.95
N,2017,5,19,72.96,73.90,73.28,54.11
N,2017,5,20,71.61,73.81,73.02,56.48
N,2017,5,21,71.81,72.08,70.90,61.37
N,2017,5,22,72.33,73.27,70.93,60.25
N,2017,5,23,74.90,78.39,77.09,62.08
N,2017,5,24,70.56,72.28,70.12,60.92
N,2017,5,25,71.74,74.73,72.43,50.39
N,2017,5,26,69.34,71.22,68.14,48.21
N,2017,5,27,70.96,75.17,71.33,56.05
N,2017,5,28,70.06,71.68,69.12,62.67
N,2017,5,29,70.72,72.57,71.46,62.60
N,2017,5,30,70.53,73.06,70.21,61.00
N,2017,5,31,73.15,75.71,72.90,57.70
N,2017,6,1,71.00,72.45,70.80,58.60
N,2017,6,2,70.42,73.61,72.17,58.54
N,2017,6,3,71.31,74.64,73.00,54.10
N,2017,6,4,69.12,71.21,70.61,56.97
N,2017,6,5,70.65,73.43,71.50,54.60
N,2017,6,6,70.08,73.24,72.29,53.68
N,2017,6,7,72.32,75.52,73.18,52.66
N,2017,6,8,74.99,77.86,75.58,56.29
N,2017,6,9,71.37,76.35,74.86,62.13
N,2017,6,10,69.10,72.96,70.03,64.31
N,2017,6,11,69.40,72.38,71.42,66.09
N,2017,6,12,71.07,74.59,72.99,66.34
N,2017,6,13,72.03,74.12,72.00,64.83
N,2017,6,14,70.13,72.10,70.79,59.34
N,2017,6,15,71.50,75.15,71.79,53.44
N,2017,6,16,68.83,72.02,70.44,49.72
N,2017,6,17,67.42,70.21,69.19,49.56
N,2017,6,18,69.63,73.11,71.60,45.67
N,2017,6,19,69.02,74.32,71.68,48.56
N,2017,6,20,71.60,76.31,71.75,61.24
N,2017,6,21,69.33,74.26,72.54,62.81
N,2017,6,22,68.71,74.06,71.00,54.42
N,2017,6,23,69.71,76.87,73.50,48.47
N,2017,6,24,67.87,74.00,70.97,61.35
N,2017,6,25,73.08,79.13,76.41,62.91
N,2017,6,26,70.54,73.83,72.16,56.97
N,2017,6,27,68.63,72.52,69.53,60.77
N,2017,6,28,68.53,71.76,70.24,63.08
N,2017,6,29,70.66,73.88,71.13,60.47
N,2017,6,30,68.39,73.20,70.42,58.83
N,2017,7,1,66.52,71.89,68.17,49.84
N,2017,7,2,66.56,72.43,68.03,46.60
N,2017,7,3,66.05,73.35,69.04,47.75
N,2017,7,4,66.83,73.15,68.55,56.25
N,2017,7,5,67.11,72.03,69.58,57.13
N,2017,7,6,69.53,74.43,71.12,58.80
N,2017,7,7,67.13,71.36,69.07,57.25
N,2017,7,8,70.19,74.16,74.53,54.71
N,2017,7,9,68.71,71.53,68.42,50.02
N,2017,7,10,67.60,71.19,69.15,49.25
N,2017,7,11,69.62,72.60,68.28,48.11
N,2017,7,12,67.73,73.61,70.79,49.53
N,2017,7,13,68.15,72.30,68.42,50.77
N,2017,7,14,66.77,73.04,68.75,59.61
N,2017,7,15,64.83,71.49,68.76,60.22
N,2017,7,16,65.67,71.24,68.87,50.10
N,2017,7,17,65.90,71.05,67.92,49.61
N,2017,7,18,67.57,74.25,72.42,47.83
N,2017,7,19,69.10,74.79,73.37,50.16
N,2017,7,20,70.50,75.07,71.39,51.10
N,2017,7,21,66.59,73.03,70.54,53.38
N,2017,7,22,67.61,72.46,71.15,54.65
N,2017,7,23,67.88,72.17,70.26,50.88
N,2017,7,24,65.78,71.45,68.18,50.12
N,2017,7,25,69.43,74.33,69.84,48.78
N,2017,7,26,67.70,72.58,70.84,50.82
N,2017,7,27,67.99,73.02,70.64,56.64
N,2017,7,28,67.45,71.65,69.59,55.99
N,2017,7,29,66.09,71.57,69.23,51.29
N,2017,7,30,66.26,71.40,69.13,51.69
N,2017,7,31,66.84,71.11,69.89,60.83
N,2017,8,1,72.20,76.30,73.01,62.75
N,2017,8,2,69.14,73.91,72.28,52.44
N,2017,8,3,69.52,76.15,71.92,51.65
N,2017,8,4,67.79,75.91,70.31,52.83
N,2017,8,5,67.65,76.31,70.68,54.71
N,2017,8,6,68.09,75.37,71.58,59.51
N,2017,8,7,70.16,78.08,74.58,62.37
N,2017,8,8,69.45,75.19,70.23,62.46
N,2017,8,9,67.95,73.53,69.55,62.44
N,2017,8,10,72.29,74.93,71.27,62.09
N,2017,8,11,71.00,76.57,73.52,62.25
N,2017,8,12,72.19,74.94,73.22,62.12
N,2017,8,13,66.55,72.01,68.40,56.73
N,2017,8,14,70.59,77.42,73.00,58.05
N,2017,8,15,69.26,75.84,71.15,60.87
N,2017,8,16,70.18,77.06,72.49,59.68
N,2017,8,17,70.73,76.24,71.87,58.84
N,2017,8,18,67.50,73.09,69.09,58.78
N,2017,8,19,66.31,73.36,69.34,56.10
N,2017,8,20,64.67,71.56,66.19,46.70
N,2017,8,21,69.23,75.02,70.01,47.92
N,2017,8,22,72.55,76.08,71.55,58.71
N,2017,8,23,69.41,75.37,70.95,60.52
N,2017,8,24,66.59,72.26,69.18,58.10
N,2017,8,25,67.82,74.41,70.39,50.66
N,2017,8,26,69.03,75.23,72.16,48.10
N,2017,8,27,67.20,74.02,72.16,56.39
N,2017,8,28,69.67,76.07,72.37,62.62
N,2017,8,29,70.92,74.14,69.15,61.37
N,2017,8,30,69.42,74.63,71.53,59.74
N,2017,8,31,69.86,74.51,70.10,50.16
N,2017,9,1,72.12,76.29,70.40,49.74
N,2017,9,2,71.93,77.27,68.75,54.55
N,2017,9,3,69.12,75.09,68.56,51.90
N,2017,9,4,70.29,74.70,67.89,53.60
N,2017,9,5,69.14,73.51,68.35,52.44
N,2017,9,6,73.01,78.23,75.13,62.64
N,2017,9,7,72.05,76.50,72.76,63.41
N,2017,9,8,72.41,74.62,72.86,62.87
N,2017,9,9,70.92,74.01,68.20,60.39
N,2017,9,10,73.84,75.11,69.99,60.89
N,2017,9,11,72.81,74.43,68.27,54.82
N,2017,9,12,70.59,75.54,68.76,56.46
N,2017,9,13,74.18,78.35,74.04,58.78
N,2017,9,14,72.50,75.99,71.26,53.60
N,2017,9,15,70.69,76.55,70.29,57.13
N,2017,9,16,70.21,75.20,70.78,61.27
N,2017,9,17,72.19,76.76,72.38,53.90
N,2017,9,18,67.51,69.58,65.10,50.12
N,2017,9,19,70.52,71.26,67.61,60.00
N,2017,9,20,73.16,72.65,69.23,55.10
N,2017,9,21,73.02,73.75,67.82,61.52
N,2017,9,22,73.02,76.23,71.64,64.90
N,2017,9,23,72.86,72.61,68.31,63.00
N,2017,9,24,71.47,71.85,67.55,54.07
N,2017,9,25,73.10,73.18,66.32,52.75
N,2017,9,26,78.31,72.67,67.03,53.64
N,2017,9,27,77.86,75.16,72.47,52.82
N,2017,9,28,78.94,75.90,71.95,54.15
N,2017,9,29,72.74,71.00,67.92,58.40
N,2017,9,30,73.60,72.16,67.83,61.00
N,2017,10,1,73.23,72.39,69.25,56.61
N,2017,10,2,71.44,71.97,67.67,46.84
N,2017,10,3,72.47,75.61,69.53,51.86
N,2017,10,4,70.77,73.54,69.36,54.17
N,2017,10,5,68.75,72.77,68.14,52.17
N,2017,10,6,71.95,73.91,69.89,50.10
N,2017,10,7,70.66,74.94,70.82,54.85
N,2017,10,8,73.69,75.15,70.01,60.51
N,2017,10,9,77.02,74.53,68.45,51.97
N,2017,10,10,71.40,74.68,66.86,51.69
N,2017,10,11,74.98,76.05,68.16,56.21
N,2017,10,12,74.59,75.75,69.44,50.93
N,2017,10,13,75.20,79.27,74.37,52.43
N,2017,10,14,71.79,73.23,69.30,49.53
N,2017,10,15,73.66,76.62,69.32,50.13
N,2017,10,16,74.14,73.45,68.37,53.62
N,2017,10,17,72.27,72.85,69.48,59.02
N,2017,10,18,74.90,75.36,69.59,60.48
N,2017,10,19,75.81,77.96,72.12,63.22
N,2017,10,20,77.65,74.79,70.23,64.29
N,2017,10,21,77.14,74.80,72.34,65.76
N,2017,10,22,76.97,73.69,70.96,55.33
N,2017,10,23,79.14,73.47,70.93,53.18
N,2017,10,24,77.03,75.19,71.92,51.21
N,2017,10,25,76.57,74.26,71.31,50.31
N,2017,10,26,73.31,75.51,72.89,53.12
N,2017,10,27,73.28,74.04,70.17,54.71
N,2017,10,28,73.53,75.26,71.95,60.37
N,2017,10,29,73.25,73.01,70.52,58.57
N,2017,10,30,71.95,72.44,71.45,58.84
N,2017,10,31,71.61,73.97,71.94,55.52
N,2017,11,1,72.11,72.93,70.13,54.04
N,2017,11,2,71.23,74.11,72.06,52.14
N,2017,11,3,71.04,76.76,73.21,53.71
N,2017,11,4,70.98,74.79,72.12,55.50
N,2017,11,5,71.56,72.92,67.36,57.12
N,2017,11,6,72.70,76.00,69.43,59.23
N,2017,11,7,74.50,77.98,70.63,52.89
N,2017,11,8,74.39,78.98,74.93,56.29
N,2017,11,9,74.76,78.35,72.14,56.72
N,2017,11,10,75.70,77.52,72.11,60.67
N,2017,11,11,75.00,77.10,71.95,62.16
N,2017,11,12,73.90,75.49,71.02,62.29
N,2017,11,13,74.25,72.82,68.44,62.55
N,2017,11,14,75.20,75.07,71.60,62.69
N,2017,11,15,76.67,75.42,70.68,58.80
N,2017,11,16,75.79,75.58,72.28,53.23
N,2017,11,17,76.46,74.34,70.90,55.56
N,2017,11,18,77.06,76.56,70.21,58.42
N,2017,11,19,76.72,76.36,70.93,60.87
N,2017,11,20,75.56,78.76,73.78,58.68
N,2017,11,21,75.53,78.28,72.41,50.32
N,2017,11,22,76.17,77.38,71.06,49.71
N,2017,11,23,74.28,74.03,66.31,49.09
N,2017,11,24,76.49,74.22,66.07,53.98
N,2017,11,25,80.05,77.62,67.73,50.43
N,2017,11,26,78.12,78.66,70.07,50.22
N,2017,11,27,76.05,73.76,69.85,60.74
N,2017,11,28,77.46,71.18,66.64,49.12
N,2017,11,29,81.49,74.66,71.25,50.58
N,2017,11,30,77.39,75.30,70.49,45.79
N,2017,12,1,75.27,73.27,66.06,48.53
N,2017,12,2,78.94,73.54,68.05,47.29
N,2017,12,3,78.67,73.04,67.68,49.30
N,2017,12,4,83.20,78.25,74.41,57.62
N,2017,12,5,83.50,77.62,71.47,60.00
N,2017,12,6,83.54,72.93,68.89,53.99
N,2017,12,7,85.32,75.27,72.74,57.84
N,2017,12,8,82.84,71.92,68.24,44.80
N,2017,12,9,77.61,69.86,66.60,48.22
N,2017,12,10,77.95,79.30,76.97,51.73
N,2017,12,11,76.92,74.39,71.45,48.62
N,2017,12,12,75.40,70.85,68.27,47.95
N,2017,12,13,76.01,70.14,66.34,49.04
N,2017,12,14,73.52,70.18,67.95,50.36
N,2017,12,15,79.63,69.96,66.54,48.31
N,2017,12,16,77.91,70.71,67.88,60.28
N,2017,12,17,83.85,74.16,71.31,56.69
N,2017,12,18,82.36,75.86,69.51,48.24
N,2017,12,19,82.12,75.92,71.79,49.41
N,2017,12,20,80.40,73.71,69.61,58.78
N,2017,12,21,80.99,73.43,68.34,64.37
N,2017,12,22,NaN,NaN,NaN,NaN
N,2017,12,23,NaN,NaN,NaN,NaN
N,2017,12,24,NaN,NaN,NaN,NaN
N,2017,12,25,NaN,NaN,NaN,NaN
N,2017,12,26,NaN,NaN,NaN,NaN
N,2017,12,27,NaN,NaN,NaN,NaN
N,2017,12,28,NaN,NaN,NaN,NaN
N,2017,12,29,NaN,NaN,NaN,NaN
N,2017,12,30,NaN,NaN,NaN,NaN
N,2017,12,31,NaN,NaN,NaN,NaN
N,2018,1,1,NaN,NaN,NaN,NaN
N,2018,1,2,NaN,NaN,NaN,NaN
N,2018,1,3,NaN,NaN,NaN,NaN
N,2018,1,4,NaN,NaN,NaN,NaN
N,2018,1,5,NaN,NaN,NaN,NaN
N,2018,1,6,NaN,NaN,NaN,NaN
N,2018,1,7,NaN,NaN,NaN,NaN
N,2018,1,8,NaN,NaN,NaN,NaN
N,2018,1,9,NaN,NaN,NaN,NaN
N,2018,1,10,NaN,NaN,NaN,NaN
N,2018,1,11,NaN,NaN,NaN,NaN
N,2018,1,12,NaN,NaN,NaN,NaN
N,2018,1,13,NaN,NaN,NaN,NaN
N,2018,1,14,NaN,NaN,NaN,NaN
N,2018,1,15,NaN,NaN,NaN,NaN
N,2018,1,16,NaN,NaN,NaN,NaN
N,2018,1,17,NaN,NaN,NaN,NaN
N,2018,1,18,NaN,NaN,NaN,NaN
N,2018,1,19,NaN,NaN,NaN,NaN
N,2018,1,20,NaN,NaN,NaN,NaN
N,2018,1,21,NaN,NaN,NaN,NaN
N,2018,1,22,NaN,NaN,NaN,NaN
N,2018,1,23,NaN,NaN,NaN,NaN
N,2018,1,24,NaN,NaN,NaN,NaN
N,2018,1,25,NaN,NaN,NaN,NaN
N,2018,1,26,NaN,NaN,NaN,NaN
N,2018,1,27,NaN,NaN,NaN,NaN
N,2018,1,28,NaN,NaN,NaN,NaN
N,2018,1,29,NaN,NaN,NaN,NaN
N,2018,1,30,NaN,NaN,NaN,NaN
N,2018,1,31,NaN,NaN,NaN,NaN
N,2018,2,1,NaN,NaN,NaN,NaN
N,2018,2,2,NaN,NaN,NaN,NaN
N,2018,2,3,86.16,74.15,67.45,49.21
N,2018,2,4,79.02,73.65,70.54,55.03
N,2018,2,5,78.51,70.67,67.28,58.36
N,2018,2,6,78.68,73.74,71.53,55.91
N,2018,2,7,80.12,69.60,66.92,53.58
N,2018,2,8,81.84,69.26,66.77,56.26
N,2018,2,9,82.89,68.91,66.97,57.56
N,2018,2,10,82.65,74.25,70.69,54.21
N,2018,2,11,83.62,72.19,70.48,52.24
N,2018,2,12,83.32,73.09,70.20,60.95
N,2018,2,13,84.20,73.65,70.57,57.27
N,2018,2,14,83.93,72.06,71.49,54.75
N,2018,2,15,84.29,71.17,69.97,55.71
N,2018,2,16,85.10,74.33,70.16,56.23
N,2018,2,17,81.35,69.54,68.47,52.49
N,2018,2,18,80.77,72.04,71.89,53.91
N,2018,2,19,79.07,74.32,73.23,65.80
N,2018,2,20,79.13,72.61,70.54,61.84
N,2018,2,21,80.84,72.49,69.98,62.00
N,2018,2,22,80.64,72.45,69.37,59.68
N,2018,2,23,81.44,73.25,72.37,65.74
N,2018,2,24,81.05,73.14,72.01,61.83
N,2018,2,25,81.36,71.34,69.70,60.70
N,2018,2,26,82.72,73.28,70.14,58.54
N,2018,2,27,79.40,73.69,71.77,62.76
N,2018,2,28,79.50,73.19,70.89,60.51
N,2018,3,1,79.02,74.25,72.45,56.20
N,2018,3,2,80.09,71.33,68.41,56.43
N,2018,3,3,78.07,72.80,71.38,57.49
N,2018,3,4,74.54,72.48,70.59,61.45
N,2018,3,5,73.99,74.27,71.55,59.63
N,2018,3,6,75.72,73.28,71.35,57.53
N,2018,3,7,77.16,79.90,79.45,55.17
N,2018,3,8,76.52,74.62,75.07,57.70
N,2018,3,9,78.17,76.49,73.78,60.82
N,2018,3,10,77.89,76.36,74.27,57.98
N,2018,3,11,77.49,73.76,72.54,59.23
N,2018,3,12,77.38,78.69,77.82,56.35
N,2018,3,13,76.16,72.37,71.53,52.22
N,2018,3,14,75.13,70.85,69.03,52.51
N,2018,3,15,77.23,74.40,72.33,63.76
N,2018,3,16,76.84,69.71,68.27,57.15
N,2018,3,17,78.13,74.18,72.99,58.41
N,2018,3,18,78.78,70.41,68.35,58.29
N,2018,3,19,76.98,71.76,69.83,54.45
N,2018,3,20,77.97,70.85,69.27,54.65
N,2018,3,21,76.14,75.90,73.33,48.16
N,2018,3,22,76.08,75.07,73.71,48.98
N,2018,3,23,75.17,75.04,72.98,60.28
N,2018,3,24,76.39,76.29,76.32,64.07
N,2018,3,25,77.56,77.31,77.77,64.07
N,2018,3,26,79.04,82.04,83.12,68.60
N,2018,3,27,74.94,73.21,71.11,61.39
N,2018,3,28,76.27,73.03,72.08,58.58
N,2018,3,29,74.19,71.50,69.71,56.43
N,2018,3,30,74.69,72.03,69.70,54.95
N,2018,3,31,78.33,75.29,74.84,53.05
N,2018,4,1,83.40,72.91,71.96,52.71
N,2018,4,2,73.18,70.26,67.18,54.89
N,2018,4,3,80.59,73.64,70.69,56.66
N,2018,4,4,78.44,76.57,72.53,58.37
N,2018,4,5,76.52,73.95,72.50,59.60
N,2018,4,6,78.09,76.44,74.31,62.80
N,2018,4,7,76.84,73.92,71.32,58.49
N,2018,4,8,82.21,75.43,74.99,64.11
N,2018,4,9,80.01,73.86,69.90,59.17
N,2018,4,10,74.14,73.47,70.84,50.48
N,2018,4,11,74.84,74.28,73.13,62.09
N,2018,4,12,75.93,75.75,74.66,66.51
N,2018,4,13,73.93,71.80,71.62,62.50
N,2018,4,14,75.62,74.14,72.22,53.40
N,2018,4,15,76.39,76.01,73.68,56.98
N,2018,4,16,77.62,79.19,76.19,62.33
N,2018,4,17,74.26,76.01,74.22,64.49
N,2018,4,18,74.47,76.85,74.84,60.86
N,2018,4,19,76.02,77.14,76.98,63.91
N,2018,4,20,74.42,74.69,73.05,62.18
N,2018,4,21,72.12,74.72,73.29,56.72
N,2018,4,22,74.08,76.33,74.65,57.19
N,2018,4,23,72.90,74.65,72.18,55.83
N,2018,4,24,75.85,75.21,71.66,54.10
N,2018,4,25,73.47,74.07,71.64,52.87
N,2018,4,26,74.68,77.88,74.67,57.61
N,2018,4,27,76.39,76.93,75.95,62.17
N,2018,4,28,75.98,79.19,78.02,65.50
N,2018,4,29,76.07,77.39,75.66,66.84
N,2018,4,30,74.73,75.02,74.88,65.72
N,2018,5,1,75.12,76.02,74.19,65.15
N,2018,5,2,73.69,73.96,72.21,59.13
N,2018,5,3,75.68,78.15,76.95,58.47
N,2018,5,4,71.62,74.53,72.29,60.91
N,2018,5,5,71.90,74.14,71.64,61.75
N,2018,5,6,73.25,74.61,73.31,62.80
N,2018,5,7,73.67,75.86,74.80,59.63
N,2018,5,8,71.64,74.45,72.49,58.22
N,2018,5,9,70.85,73.45,72.33,55.21
N,2018,5,10,74.36,75.99,73.49,63.49
N,2018,5,11,72.24,74.54,72.00,63.27
N,2018,5,12,70.82,72.17,69.67,52.03
N,2018,5,13,69.52,68.32,66.91,46.03
N,2018,5,14,70.45,71.98,69.50,56.89
N,2018,5,15,74.84,73.97,71.28,57.42
N,2018,5,16,75.92,75.48,73.86,62.18
N,2018,5,17,74.15,74.65,73.49,63.48
N,2018,5,18,73.30,73.75,71.81,62.20
N,2018,5,19,70.85,72.71,70.40,60.03
N,2018,5,20,76.48,74.85,72.65,61.93
N,2018,5,21,75.69,75.87,74.51,63.90
N,2018,5,22,72.63,72.57,71.81,56.88
N,2018,5,23,72.91,75.26,74.36,54.21
N,2018,5,24,70.09,70.69,70.07,47.59
N,2018,5,25,69.49,70.21,69.18,51.20
N,2018,5,26,70.61,74.27,74.36,61.30
N,2018,5,27,70.04,71.89,70.69,62.29
N,2018,5,28,71.87,74.38,72.19,56.80
N,2018,5,29,72.07,75.54,73.83,50.41
N,2018,5,30,69.25,71.35,73.75,45.92
N,2018,5,31,69.17,71.26,70.49,60.17
N,2018,6,1,71.36,75.41,73.54,60.76
N,2018,6,2,73.10,75.52,73.55,55.74
N,2018,6,3,71.50,75.72,74.56,53.40
N,2018,6,4,70.70,74.98,72.74,54.00
N,2018,6,5,71.65,74.88,72.73,46.23
N,2018,6,6,71.49,75.04,73.79,61.00
N,2018,6,7,71.98,74.62,73.33,61.90
N,2018,6,8,69.61,71.74,71.13,56.03
N,2018,6,9,71.04,74.43,73.13,60.07
N,2018,6,10,70.50,73.14,72.31,62.35
N,2018,6,11,71.01,74.33,72.60,53.67
N,2018,6,12,74.69,79.17,77.99,55.91
N,2018,6,13,73.71,75.74,73.98,49.97
N,2018,6,14,70.28,72.51,71.53,51.61
N,2018,6,15,70.09,70.88,69.08,57.23
N,2018,6,16,72.66,75.37,73.03,57.67
N,2018,6,17,73.98,77.22,73.80,53.84
N,2018,6,18,72.18,75.69,72.65,53.23
N,2018,6,19,71.27,74.81,73.21,59.93
N,2018,6,20,73.15,76.66,75.08,56.33
N,2018,6,21,69.67,72.64,71.48,49.59
N,2018,6,22,69.67,73.75,70.74,53.16
N,2018,6,23,72.85,77.62,73.84,54.72
N,2018,6,24,70.73,75.67,72.25,53.11
N,2018,6,25,70.77,74.14,72.35,48.00
N,2018,6,26,71.03,74.86,71.70,51.82
N,2018,6,27,70.52,74.72,71.11,56.84
N,2018,6,28,70.07,74.22,72.11,61.58
N,2018,6,29,69.75,74.09,71.72,61.19
N,2018,6,30,68.14,72.43,71.01,47.87
N,2018,7,1,69.99,77.06,72.54,43.84
N,2018,7,2,70.97,75.63,72.46,47.99
N,2018,7,3,71.74,74.90,71.09,49.09
N,2018,7,4,69.98,73.93,71.26,44.98
N,2018,7,5,67.95,72.77,68.93,49.63
N,2018,7,6,70.68,75.33,72.90,57.00
N,2018,7,7,67.70,72.39,69.94,48.49
N,2018,7,8,67.91,74.05,70.46,43.10
N,2018,7,9,69.85,75.14,71.84,45.50
N,2018,7,10,70.38,75.50,70.97,51.23
N,2018,7,11,73.48,78.15,74.33,49.64
N,2018,7,12,73.95,79.80,75.47,49.27
N,2018,7,13,70.09,75.60,71.03,51.48
N,2018,7,14,71.10,76.28,71.16,58.76
N,2018,7,15,72.93,78.85,76.18,61.17
N,2018,7,16,71.17,77.31,71.65,58.98
N,2018,7,17,71.02,78.74,73.56,60.99
N,2018,7,18,68.20,76.58,71.99,56.03
N,2018,7,19,70.38,75.28,71.67,46.79
N,2018,7,20,70.66,72.36,71.03,46.12
N,2018,7,21,67.57,71.77,69.90,51.74
N,2018,7,22,68.46,72.43,69.15,58.95
N,2018,7,23,67.75,73.91,69.82,61.73
N,2018,7,24,69.15,74.24,70.25,61.56
N,2018,7,25,73.20,78.51,74.98,52.46
N,2018,7,26,71.50,76.85,72.44,53.45
N,2018,7,27,67.90,73.58,69.65,51.54
N,2018,7,28,67.71,73.89,70.38,50.16
N,2018,7,29,67.45,74.92,69.66,50.10
N,2018,7,30,66.65,74.17,69.16,52.25
N,2018,7,31,68.14,74.26,69.85,53.22
N,2018,8,1,68.26,74.19,71.58,55.21
N,2018,8,2,67.97,73.55,70.14,56.32
N,2018,8,3,68.20,74.71,70.58,57.28
N,2018,8,4,66.66,73.16,70.55,54.39
N,2018,8,5,68.42,75.19,71.44,46.45
N,2018,8,6,69.56,74.99,69.78,54.92
N,2018,8,7,69.97,75.94,71.75,51.08
N,2018,8,8,71.35,77.94,73.64,51.95
N,2018,8,9,70.51,75.74,72.02,51.67
N,2018,8,10,70.51,74.77,72.69,48.47
N,2018,8,11,69.00,74.90,72.02,50.35
N,2018,8,12,72.21,77.34,74.62,55.80
N,2018,8,13,71.78,76.99,72.77,54.32
N,2018,8,14,69.84,74.94,71.36,55.84
N,2018,8,15,69.68,75.53,72.00,56.39
N,2018,8,16,70.75,75.97,71.39,52.18
N,2018,8,17,69.06,74.34,70.95,52.04
N,2018,8,18,67.06,74.32,71.55,52.24
N,2018,8,19,68.08,74.03,71.76,58.35
N,2018,8,20,66.83,74.58,69.86,54.46
N,2018,8,21,66.33,72.49,68.18,52.26
N,2018,8,22,69.21,72.70,70.00,55.46
N,2018,8,23,70.10,74.13,71.36,58.64
N,2018,8,24,71.17,72.65,69.06,60.43
N,2018,8,25,68.10,73.18,70.93,58.12
N,2018,8,26,68.20,72.41,70.50,56.79
N,2018,8,27,69.44,73.05,69.48,59.80
N,2018,8,28,70.01,74.97,70.74,61.48
N,2018,8,29,71.57,78.99,76.43,62.09
N,2018,8,30,69.40,75.97,73.60,63.63
N,2018,8,31,69.25,74.76,70.79,63.65
N,2018,9,1,66.98,72.41,68.17,55.65
N,2018,9,2,69.12,78.08,73.09,50.41
N,2018,9,3,69.81,75.21,71.08,46.15
N,2018,9,4,65.77,73.89,67.30,47.39
N,2018,9,5,68.98,75.36,68.18,52.24
N,2018,9,6,68.48,74.49,69.06,54.47
N,2018,9,7,67.34,73.68,68.12,52.48
N,2018,9,8,65.41,73.18,66.46,48.72
N,2018,9,9,66.42,72.86,68.03,53.70
N,2018,9,10,69.42,74.58,71.21,52.04
N,2018,9,11,69.76,74.88,71.09,44.72
N,2018,9,12,68.74,77.07,71.88,49.05
N,2018,9,13,69.01,76.77,71.26,56.85
N,2018,9,14,65.88,73.56,67.69,61.63
N,2018,9,15,67.19,74.09,69.13,63.22
N,2018,9,16,65.21,71.45,66.83,62.27
N,2018,9,17,65.48,69.78,65.98,60.85
N,2018,9,18,68.88,73.09,69.69,64.00
N,2018,9,19,66.39,71.75,68.99,61.76
N,2018,9,20,67.27,72.68,70.42,51.93
N,2018,9,21,64.46,69.62,66.06,48.06
N,2018,9,22,67.09,71.87,67.64,56.02
N,2018,9,23,68.73,76.20,72.38,58.19
N,2018,9,24,64.63,67.93,65.84,49.11
N,2018,9,25,69.44,71.86,67.62,54.59
N,2018,9,26,69.72,73.28,70.33,58.52
N,2018,9,27,70.39,73.99,71.02,57.34
N,2018,9,28,69.44,74.01,71.23,53.39
N,2018,9,29,68.70,72.99,71.37,52.33
N,2018,9,30,66.95,73.23,70.04,54.47
N,2018,10,1,65.04,68.89,65.19,55.94
N,2018,10,2,66.84,71.19,66.53,57.19
N,2018,10,3,70.17,77.06,73.26,50.21
N,2018,10,4,70.72,75.99,71.02,52.35
N,2018,10,5,68.04,71.80,67.78,60.48
N,2018,10,6,68.65,72.33,69.56,61.58
N,2018,10,7,69.15,73.70,70.74,56.98
N,2018,10,8,66.76,70.49,67.84,50.29
N,2018,10,9,69.66,74.34,70.64,48.83
N,2018,10,10,69.24,75.67,70.96,49.99
N,2018,10,11,74.53,80.59,74.71,52.78
N,2018,10,12,68.81,73.32,69.80,57.85
N,2018,10,13,69.96,75.82,73.57,54.02
N,2018,10,14,69.38,72.62,68.70,51.52
N,2018,10,15,70.27,75.00,71.24,56.26
N,2018,10,16,68.86,74.30,72.06,56.60
N,2018,10,17,71.77,78.33,75.16,56.36
N,2018,10,18,73.04,78.12,74.64,57.17
N,2018,10,19,67.57,73.40,68.51,55.74
N,2018,10,20,70.91,74.20,70.53,49.23
N,2018,10,21,71.94,76.58,71.50,56.87
N,2018,10,22,70.79,77.74,73.64,57.93
N,2018,10,23,70.12,78.79,69.84,59.17
N,2018,10,24,72.30,76.35,73.91,60.02
N,2018,10,25,68.50,73.91,69.00,55.02
N,2018,10,26,68.46,75.77,69.44,51.97
N,2018,10,27,70.38,78.35,70.99,53.93
N,2018,10,28,70.34,75.80,71.03,52.98
N,2018,10,29,71.23,77.66,71.89,51.33
N,2018,10,30,72.88,77.82,71.57,52.12
N,2018,10,31,74.39,78.61,77.24,49.25
N,2018,11,1,71.98,77.85,72.32,52.15
N,2018,11,2,68.79,76.28,70.67,48.25
N,2018,11,3,68.77,72.14,69.90,51.54
N,2018,11,4,66.62,72.39,67.91,44.27
N,2018,11,5,68.16,74.08,69.66,48.96
N,2018,11,6,69.52,75.46,71.73,50.27
N,2018,11,7,71.41,76.94,73.73,49.50
N,2018,11,8,72.24,73.93,67.16,47.47
N,2018,11,9,71.50,74.74,68.95,52.89
N,2018,11,10,72.69,72.90,69.56,47.58
N,2018,11,11,72.40,73.07,70.26,52.26
N,2018,11,12,70.95,72.55,69.03,50.31
N,2018,11,13,71.63,71.43,67.95,55.41
N,2018,11,14,73.86,75.56,69.74,53.88
N,2018,11,15,74.63,77.12,73.28,52.98
N,2018,11,16,74.10,74.49,68.73,48.73
N,2018,11,17,68.09,73.54,68.61,49.14
N,2018,11,18,68.77,74.85,71.06,48.19
N,2018,11,19,70.53,71.73,69.07,48.22
N,2018,11,20,68.43,72.87,68.55,48.94
N,2018,11,21,67.34,71.71,65.83,48.96
N,2018,11,22,68.02,69.35,65.39,58.55
N,2018,11,23,72.64,70.95,69.01,63.86
N,2018,11,24,76.04,75.34,73.42,65.88
N,2018,11,25,78.79,70.36,67.76,55.05
N,2018,11,26,80.90,76.26,73.69,49.33
N,2018,11,27,77.43,70.29,67.96,55.11
N,2018,11,28,74.81,68.40,66.48,61.49
N,2018,11,29,78.90,75.56,70.63,60.35
N,2018,11,30,77.21,73.43,71.32,66.35
N,2018,12,1,82.98,74.03,72.55,65.17
N,2018,12,2,79.63,73.53,71.08,65.84
N,2018,12,3,77.72,67.70,65.66,53.43
N,2018,12,4,76.67,73.21,70.47,50.10
N,2018,12,5,76.71,74.73,71.42,59.03
N,2018,12,6,72.56,70.28,68.31,58.68
N,2018,12,7,76.05,70.82,66.37,58.22
N,2018,12,8,74.21,71.73,67.78,56.71
N,2018,12,9,74.59,72.30,69.54,52.66
N,2018,12,10,74.78,68.81,66.52,54.95
N,2018,12,11,79.19,72.28,69.76,56.49
N,2018,12,12,81.44,77.98,73.82,54.81
N,2018,12,13,79.56,76.27,72.51,54.69
N,2018,12,14,78.71,72.26,69.83,49.10
N,2018,12,15,78.16,72.44,70.34,57.34
N,2018,12,16,78.41,73.06,70.05,55.15
N,2018,12,17,77.42,70.40,65.58,51.00
N,2018,12,18,77.74,69.77,64.59,56.57
N,2018,12,19,77.74,71.88,69.66,49.16
N,2018,12,20,75.80,70.78,66.69,49.17
N,2018,12,21,76.10,75.71,73.54,55.79
N,2018,12,22,77.68,76.13,71.98,57.51
N,2018,12,23,77.44,76.27,70.45,52.94
N,2018,12,24,79.72,68.29,65.48,58.88
N,2018,12,25,82.24,74.11,71.66,65.52
N,2018,12,26,80.37,70.27,69.28,62.78
N,2018,12,27,78.67,70.62,68.46,61.59
N,2018,12,28,78.55,74.28,72.71,63.70
N,2018,12,29,80.22,71.46,68.05,53.90
N,2018,12,30,80.53,74.98,70.57,57.03
N,2018,12,31,77.49,72.61,69.26,62.59
N,2019,1,1,77.79,68.80,67.31,62.65
N,2019,1,2,77.36,67.28,63.84,51.07
N,2019,1,3,77.81,76.05,72.44,48.54
N,2019,1,4,77.66,68.87,67.10,46.89
N,2019,1,5,76.31,74.74,71.34,51.99
N,2019,1,6,75.05,70.35,70.03,60.63
N,2019,1,7,77.45,71.49,66.08,53.82
N,2019,1,8,75.05,68.15,66.17,50.18
N,2019,1,9,75.78,72.39,69.92,48.84
N,2019,1,10,73.69,68.35,67.11,52.75
N,2019,1,11,73.56,68.68,66.19,52.96
N,2019,1,12,76.71,68.68,66.77,55.81
N,2019,1,13,76.79,72.88,70.08,53.06
N,2019,1,14,74.76,72.43,70.05,62.22
N,2019,1,15,75.50,73.35,70.58,56.00
N,2019,1,16,74.73,70.25,68.40,59.35
N,2019,1,17,74.06,69.97,67.29,58.20
N,2019,1,18,74.72,69.01,65.37,58.78
N,2019,1,19,72.91,69.42,67.35,54.89
N,2019,1,20,74.23,75.15,71.55,55.62
N,2019,1,21,76.78,77.30,74.36,65.39
N,2019,1,22,75.28,71.66,70.57,62.55
N,2019,1,23,74.83,67.20,65.17,49.38
N,2019,1,24,76.66,74.68,73.32,51.51
N,2019,1,25,71.98,70.93,68.18,50.37
N,2019,1,26,71.90,68.20,67.07,47.52
N,2019,1,27,70.53,72.82,70.61,49.17
N,2019,1,28,71.92,68.75,66.09,53.71
N,2019,1,29,72.93,66.27,64.06,52.79
N,2019,1,30,75.47,71.20,68.89,59.93
N,2019,1,31,76.70,67.35,65.41,52.67
N,2019,2,1,76.59,72.83,69.79,50.85
N,2019,2,2,74.57,68.52,66.31,62.41
N,2019,2,3,73.61,69.74,67.61,58.08
N,2019,2,4,73.26,69.10,67.61,60.10
N,2019,2,5,76.06,75.89,71.55,61.20
N,2019,2,6,75.47,70.50,69.60,63.62
N,2019,2,7,75.88,72.95,68.10,54.23
N,2019,2,8,76.35,71.52,69.16,53.38
N,2019,2,9,74.26,66.50,63.93,55.53
N,2019,2,10,72.97,67.60,66.50,55.00
N,2019,2,11,71.76,70.92,69.25,61.27
N,2019,2,12,73.02,74.12,69.42,53.44
N,2019,2,13,72.77,69.59,69.44,57.57
N,2019,2,14,73.32,72.02,68.87,63.78
N,2019,2,15,74.95,74.73,68.63,57.87
N,2019,2,16,74.41,72.07,69.87,64.46
N,2019,2,17,75.03,73.21,71.73,65.61
N,2019,2,18,72.56,70.87,68.73,64.97
N,2019,2,19,75.53,72.89,72.57,63.73
N,2019,2,20,77.27,76.21,73.41,56.92
N,2019,2,21,73.77,74.03,71.50,64.35
N,2019,2,22,73.63,73.51,71.09,62.03
N,2019,2,23,78.09,77.55,74.94,58.48
N,2019,2,24,72.92,71.92,69.46,50.65
N,2019,2,25,74.35,71.90,71.53,57.21
N,2019,2,26,73.23,70.80,68.62,53.20
N,2019,2,27,73.44,71.63,67.60,48.28
N,2019,2,28,74.01,74.43,71.68,49.94
N,2019,3,1,72.72,71.17,66.46,51.79
N,2019,3,2,70.47,68.31,65.60,55.48
N,2019,3,3,70.80,70.16,67.17,52.38
N,2019,3,4,70.03,67.64,65.12,59.09
N,2019,3,5,71.52,70.57,66.73,48.90
N,2019,3,6,73.03,70.25,67.83,56.86
N,2019,3,7,72.38,71.24,67.36,52.24
N,2019,3,8,72.46,68.91,64.31,59.80
N,2019,3,9,73.71,72.05,68.21,60.55
N,2019,3,10,72.53,72.93,69.54,50.82
N,2019,3,11,72.61,70.43,67.09,54.70
N,2019,3,12,71.35,73.49,70.62,58.40
N,2019,3,13,75.26,74.87,72.13,65.71
N,2019,3,14,71.69,69.32,66.61,57.11
N,2019,3,15,75.46,73.49,69.68,55.50
N,2019,3,16,77.41,76.87,71.25,56.71
N,2019,3,17,75.30,76.45,72.41,52.44
N,2019,3,18,73.71,71.47,67.95,49.36
N,2019,3,19,73.28,72.51,69.39,48.18
N,2019,3,20,72.90,71.53,69.69,56.60
N,2019,3,21,71.31,67.79,66.71,58.45
N,2019,3,22,72.72,69.25,69.89,59.16
N,2019,3,23,NaN,NaN,NaN,NaN
N,2019,3,24,NaN,NaN,NaN,NaN
N,2019,3,25,NaN,NaN,NaN,NaN
N,2019,3,26,NaN,NaN,NaN,NaN
N,2019,3,27,NaN,NaN,NaN,NaN
N,2019,3,28,NaN,NaN,NaN,NaN
N,2019,3,29,73.69,73.92,73.14,63.96
N,2019,3,30,72.23,72.84,71.25,61.02
N,2019,3,31,71.82,69.98,68.71,56.04
N,2019,4,1,70.51,69.05,68.51,48.80
N,2019,4,2,75.76,75.49,73.60,55.32
N,2019,4,3,74.49,75.69,73.75,56.82
N,2019,4,4,72.32,71.42,69.46,48.11
N,2019,4,5,72.01,67.14,65.50,46.68
N,2019,4,6,70.84,68.38,66.72,57.55
N,2019,4,7,70.83,70.15,68.13,56.72
N,2019,4,8,69.68,68.24,64.94,52.71
N,2019,4,9,72.20,72.40,70.80,65.02
N,2019,4,10,76.09,76.18,73.33,66.02
N,2019,4,11,71.11,71.40,69.91,62.47
N,2019,4,12,73.85,74.70,72.37,65.16
N,2019,4,13,70.05,68.78,66.95,52.40
N,2019,4,14,70.82,73.59,70.34,53.48
N,2019,4,15,71.27,71.56,70.53,54.92
N,2019,4,16,71.63,71.16,70.19,58.51
N,2019,4,17,71.95,72.99,68.99,58.32
N,2019,4,18,72.61,74.47,70.65,56.81
N,2019,4,19,71.37,72.51,67.37,58.04
N,2019,4,20,70.81,70.73,68.25,53.40
N,2019,4,21,69.90,70.42,68.18,62.50
N,2019,4,22,71.17,70.66,69.38,59.31
N,2019,4,23,71.43,73.32,70.50,56.54
N,2019,4,24,70.50,72.33,69.78,53.43
N,2019,4,25,71.80,73.79,70.26,49.93
N,2019,4,26,69.31,69.50,64.85,45.33
N,2019,4,27,69.48,69.12,68.07,49.23
N,2019,4,28,68.64,67.55,64.37,42.41
N,2019,4,29,69.91,71.37,67.78,46.86
N,2019,4,30,71.96,73.95,68.84,52.60
N,2019,5,1,71.58,73.82,70.93,48.28
N,2019,5,2,69.57,73.65,70.24,53.38
N,2019,5,3,70.42,73.21,68.88,53.91
N,2019,5,4,68.98,71.26,67.88,55.35
N,2019,5,5,70.46,74.22,71.99,53.94
N,2019,5,6,71.61,80.28,81.27,55.05
N,2019,5,7,71.77,72.94,70.83,59.17
N,2019,5,8,73.26,80.49,79.59,58.46
N,2019,5,9,69.86,71.86,69.18,48.81
N,2019,5,10,70.24,70.33,66.81,43.94
N,2019,5,11,68.85,67.57,65.51,43.77
N,2019,5,12,69.32,70.18,68.71,57.55
N,2019,5,13,68.34,65.57,65.17,54.16
N,2019,5,14,71.03,69.97,68.23,56.11
N,2019,5,15,70.72,70.86,68.58,53.67
N,2019,5,16,70.09,71.51,70.35,57.99
N,2019,5,17,71.67,72.90,72.24,65.75
N,2019,5,18,70.45,72.05,69.37,62.01
N,2019,5,19,67.87,68.44,67.56,59.76
N,2019,5,20,69.50,70.19,68.29,63.61
N,2019,5,21,73.91,77.99,74.10,63.69
N,2019,5,22,75.53,75.68,75.17,66.95
N,2019,5,23,76.52,79.14,79.17,62.25
N,2019,5,24,71.50,75.83,74.18,46.76
N,2019,5,25,68.52,68.20,67.61,50.25
N,2019,5,26,74.16,75.13,72.96,57.78
N,2019,5,27,68.14,70.27,69.13,61.18
N,2019,5,28,75.08,77.47,75.44,63.44
N,2019,5,29,70.99,76.66,74.06,56.00
N,2019,5,30,69.97,73.43,71.12,56.43
N,2019,5,31,70.20,74.09,72.58,53.35
N,2019,6,1,69.87,73.38,70.93,48.46
N,2019,6,2,69.01,71.98,71.67,44.26
N,2019,6,3,68.92,71.40,71.28,46.02
N,2019,6,4,68.31,69.88,67.86,54.61
N,2019,6,5,68.27,70.17,68.02,49.31
N,2019,6,6,68.92,70.28,68.57,43.40
N,2019,6,7,68.99,71.63,69.00,45.90
N,2019,6,8,69.19,70.63,67.94,52.58
N,2019,6,9,72.40,73.67,72.74,47.75
N,2019,6,10,67.93,67.97,66.49,47.09
N,2019,6,11,68.95,72.25,68.70,48.60
N,2019,6,12,69.11,75.73,71.86,57.72
N,2019,6,13,68.53,69.96,68.28,58.59
N,2019,6,14,67.09,70.47,69.76,56.96
N,2019,6,15,65.67,69.88,67.69,58.06
N,2019,6,16,70.54,73.75,73.46,59.49
N,2019,6,17,67.13,66.54,66.15,53.21
N,2019,6,18,67.61,68.02,66.63,45.15
N,2019,6,19,71.11,72.11,71.07,48.67
N,2019,6,20,72.53,72.86,72.94,49.15
N,2019,6,21,67.41,68.74,67.53,49.46
N,2019,6,22,67.01,71.50,68.79,53.16
N,2019,6,23,68.10,71.92,70.48,47.59
N,2019,6,24,70.70,74.37,70.74,48.80
N,2019,6,25,71.43,74.58,71.80,51.36
N,2019,6,26,66.38,68.50,66.57,48.32
N,2019,6,27,68.43,71.59,69.33,52.33
N,2019,6,28,68.42,74.05,71.23,58.14
N,2019,6,29,67.35,73.01,69.25,57.57
N,2019,6,30,66.93,71.92,68.56,59.26
N,2019,7,1,66.59,70.81,67.96,61.23
N,2019,7,2,71.76,75.70,70.31,61.36
N,2019,7,3,68.75,71.94,70.20,62.02
N,2019,7,4,67.03,71.68,69.25,61.34
N,2019,7,5,67.08,71.24,69.02,60.36
N,2019,7,6,70.49,75.43,73.03,54.86
N,2019,7,7,68.37,72.63,71.35,52.18
N,2019,7,8,68.07,70.75,68.19,52.95
N,2019,7,9,73.24,75.79,71.58,54.45
N,2019,7,10,73.59,76.71,72.42,55.38
N,2019,7,11,74.24,76.79,72.29,60.30
N,2019,7,12,70.64,75.86,73.74,61.94
N,2019,7,13,68.51,70.96,68.22,53.74
N,2019,7,14,70.23,74.12,71.54,49.13
N,2019,7,15,67.77,71.71,70.31,48.12
N,2019,7,16,67.54,70.41,69.60,60.31
N,2019,7,17,70.06,72.70,68.99,52.98
N,2019,7,18,72.24,74.98,72.28,55.72
N,2019,7,19,70.81,77.24,76.03,51.47
N,2019,7,20,69.64,72.40,68.56,58.59
N,2019,7,21,71.76,75.62,71.67,59.82
N,2019,7,22,68.97,73.30,69.62,53.75
N,2019,7,23,70.26,76.16,70.90,55.38
N,2019,7,24,70.62,77.03,72.48,56.92
N,2019,7,25,70.87,76.71,74.45,54.32
N,2019,7,26,71.62,75.99,71.69,57.14
N,2019,7,27,70.38,76.77,70.44,60.02
N,2019,7,28,69.31,76.05,70.39,58.44
N,2019,7,29,70.62,78.13,70.86,57.13
N,2019,7,30,73.05,78.09,72.94,58.85
N,2019,7,31,74.91,78.30,75.17,60.07
N,2019,8,1,76.74,78.08,73.34,61.32
N,2019,8,2,75.04,77.09,72.16,60.17
N,2019,8,3,69.81,72.78,69.51,56.68
N,2019,8,4,65.59,70.86,65.60,53.29
N,2019,8,5,66.82,74.81,68.03,58.59
N,2019,8,6,66.91,74.20,68.22,61.93
N,2019,8,7,71.96,76.07,72.74,59.64
N,2019,8,8,67.40,72.51,67.01,58.74
N,2019,8,9,66.11,70.51,66.10,59.49
N,2019,8,10,67.82,73.00,68.01,61.09
N,2019,8,11,71.65,75.53,70.86,60.59
N,2019,8,12,69.72,71.72,67.38,49.80
N,2019,8,13,69.83,73.18,69.01,48.23
N,2019,8,14,71.97,74.95,70.08,52.24
N,2019,8,15,72.31,75.14,69.35,57.82
N,2019,8,16,69.35,72.60,67.55,51.10
N,2019,8,17,65.22,68.05,64.36,47.77
N,2019,8,18,66.40,69.94,65.69,47.57
N,2019,8,19,68.04,73.20,67.33,52.82
N,2019,8,20,71.49,74.42,71.12,61.99
N,2019,8,21,73.44,78.62,74.99,62.32
N,2019,8,22,71.90,73.47,69.93,53.67
N,2019,8,23,70.65,71.93,69.08,46.36
N,2019,8,24,68.35,72.89,69.07,47.10
N,2019,8,25,67.57,72.20,68.41,49.25
N,2019,8,26,67.40,69.87,65.62,54.27
N,2019,8,27,66.98,70.79,65.95,57.26
N,2019,8,28,67.36,72.87,67.01,52.21
N,2019,8,29,70.88,74.15,69.63,56.69
N,2019,8,30,70.56,73.04,69.21,59.15
N,2019,8,31,65.93,72.16,67.13,57.71
N,2019,9,1,68.97,73.12,70.76,52.35
N,2019,9,2,67.67,71.69,67.70,43.15
N,2019,9,3,68.14,70.16,66.20,46.50
N,2019,9,4,70.06,73.02,71.27,52.46
N,2019,9,5,72.47,75.90,74.09,57.33
N,2019,9,6,71.23,73.07,69.11,54.38
N,2019,9,7,68.24,73.95,70.12,60.46
N,2019,9,8,70.27,73.28,71.58,65.28
N,2019,9,9,68.76,72.46,69.40,60.36
N,2019,9,10,68.39,70.05,67.25,58.84
N,2019,9,11,67.19,70.59,68.50,53.49
N,2019,9,12,70.79,70.69,69.02,46.97
N,2019,9,13,70.79,72.73,69.56,50.88
N,2019,9,14,67.99,69.93,68.43,53.86
N,2019,9,15,66.68,70.39,70.15,56.39
N,2019,9,16,64.78,69.43,67.03,55.98
N,2019,9,17,66.32,69.92,68.16,60.12
N,2019,9,18,70.12,71.95,70.05,57.55
N,2019,9,19,68.71,70.26,69.12,61.31
N,2019,9,20,67.46,70.21,69.81,59.32
N,2019,9,21,67.83,71.05,67.96,53.06
N,2019,9,22,74.85,80.06,74.92,53.11
N,2019,9,23,67.65,70.56,67.92,52.04
N,2019,9,24,66.53,71.23,65.57,52.97
N,2019,9,25,69.57,71.02,69.23,55.20
N,2019,9,26,70.76,72.21,69.75,57.86
N,2019,9,27,70.40,73.01,70.17,49.75
N,2019,9,28,71.24,75.95,71.78,55.59
N,2019,9,29,70.50,73.57,71.01,62.66
N,2019,9,30,70.52,72.64,70.27,62.81
N,2019,10,1,75.11,72.81,71.43,63.04
N,2019,10,2,70.32,72.52,71.31,55.56
N,2019,10,3,74.33,74.74,71.13,52.04
N,2019,10,4,70.80,71.20,68.70,52.84
N,2019,10,5,71.46,74.03,71.71,52.94
N,2019,10,6,70.55,74.15,69.86,49.03
N,2019,10,7,73.09,75.58,72.47,53.43
N,2019,10,8,71.10,73.53,70.45,57.90
N,2019,10,9,72.54,74.54,71.15,56.08
N,2019,10,10,72.92,75.14,70.79,58.84
N,2019,10,11,69.52,72.87,68.74,46.93
N,2019,10,12,69.67,75.62,72.03,49.45
N,2019,10,13,66.91,72.42,66.71,48.08
N,2019,10,14,67.80,71.10,66.36,51.18
N,2019,10,15,65.66,67.94,63.23,57.26
N,2019,10,16,69.94,70.86,66.76,56.73
N,2019,10,17,72.06,73.93,70.98,62.02
N,2019,10,18,71.17,71.65,69.88,61.28
N,2019,10,19,71.61,70.86,66.85,60.26
N,2019,10,20,73.64,72.60,68.02,60.81
N,2019,10,21,70.82,74.40,67.26,46.72
N,2019,10,22,71.49,76.44,67.32,47.14
N,2019,10,23,72.64,76.46,71.41,52.52
N,2019,10,24,72.03,74.00,68.28,48.61
N,2019,10,25,70.53,72.25,66.89,47.34
N,2019,10,26,70.66,71.52,67.30,49.09
N,2019,10,27,67.42,70.42,66.30,56.72
N,2019,10,28,69.66,72.17,68.18,54.84
N,2019,10,29,69.31,73.59,69.20,48.96
N,2019,10,30,68.56,72.34,68.24,55.83
N,2019,10,31,70.80,75.17,71.87,56.42
N,2019,11,1,69.07,72.89,68.68,53.10
N,2019,11,2,67.05,70.64,66.71,49.99
N,2019,11,3,67.84,73.63,67.40,48.06
N,2019,11,4,66.21,69.71,66.95,50.80
N,2019,11,5,69.80,70.65,68.07,56.31
N,2019,11,6,71.71,71.04,67.65,56.92
N,2019,11,7,79.64,76.54,74.46,40.35
N,2019,11,8,65.83,66.32,62.82,57.77
N,2019,11,9,66.65,70.56,67.79,58.01
N,2019,11,10,65.60,70.07,67.50,53.83
N,2019,11,11,65.36,69.78,67.17,48.36
N,2019,11,12,65.60,68.50,66.15,47.82
N,2019,11,13,72.15,76.76,75.24,58.78
N,2019,11,14,70.42,74.47,71.96,57.10
N,2019,11,15,67.79,73.06,70.27,58.29
N,2019,11,16,68.41,72.60,69.04,51.30
N,2019,11,17,72.75,75.79,72.76,48.49
N,2019,11,18,71.41,79.49,75.53,48.70
N,2019,11,19,70.25,77.51,72.96,54.83
N,2019,11,20,71.86,76.68,72.12,65.29
N,2019,11,21,73.12,73.82,71.13,60.07
N,2019,11,22,73.55,73.66,70.20,48.68
N,2019,11,23,73.20,74.39,72.08,54.02
N,2019,11,24,70.87,72.17,68.81,49.78
N,2019,11,25,69.85,74.26,69.27,55.48
N,2019,11,26,70.44,73.88,71.06,58.14
N,2019,11,27,70.29,75.90,70.39,55.70
N,2019,11,28,72.10,74.96,71.09,59.94
N,2019,11,29,73.09,73.87,70.21,63.63
N,2019,11,30,73.30,71.66,68.86,56.25
N,2019,12,1,70.36,72.39,69.47,48.63
N,2019,12,2,70.06,73.06,70.52,51.51
N,2019,12,3,72.13,74.40,71.94,52.76
N,2019,12,4,70.14,73.64,71.58,59.08
N,2019,12,5,68.42,70.37,68.47,51.19
N,2019,12,6,70.13,70.54,68.47,48.72
N,2019,12,7,72.08,77.03,73.82,52.50
N,2019,12,8,71.79,72.71,69.13,52.15
N,2019,12,9,67.66,73.36,68.96,60.38
N,2019,12,10,73.00,68.73,67.01,54.19
N,2019,12,11,75.20,74.52,71.34,57.15
N,2019,12,12,72.66,71.00,66.73,60.41
N,2019,12,13,75.52,68.61,66.38,54.78
N,2019,12,14,75.57,70.98,69.95,62.22
N,2019,12,15,77.61,74.62,73.30,67.44
N,2019,12,16,77.01,73.37,71.03,56.56
N,2019,12,17,77.85,77.03,75.38,61.75
N,2019,12,18,77.42,71.76,69.33,49.56
N,2019,12,19,74.94,72.69,69.11,59.61
N,2019,12,20,74.13,71.15,68.37,51.21
N,2019,12,21,75.86,71.93,67.53,49.32
N,2019,12,22,74.94,71.85,69.18,57.47
N,2019,12,23,75.73,70.80,68.65,53.37
N,2019,12,24,75.21,70.32,66.48,59.92
N,2019,12,25,78.20,73.97,68.30,60.98
N,2019,12,26,76.63,73.62,72.24,60.13
N,2019,12,27,77.12,71.45,69.29,62.55
N,2019,12,28,83.24,68.62,66.07,51.81
N,2019,12,29,83.97,71.56,70.29,48.24
N,2019,12,30,83.41,69.90,66.50,51.88
N,2019,12,31,82.28,69.10,68.01,54.86
N,2020,1,1,80.99,68.71,67.29,57.05
N,2020,1,2,80.34,69.47,69.25,60.93
N,2020,1,3,79.69,71.50,70.23,48.16
N,2020,1,4,82.24,71.97,71.39,48.71
N,2020,1,5,82.91,72.11,69.06,57.34
N,2020,1,6,82.63,68.54,66.25,53.94
N,2020,1,7,83.10,68.27,65.45,49.24
N,2020,1,8,82.71,70.36,69.07,63.00
N,2020,1,9,82.06,72.38,71.21,65.50
N,2020,1,10,79.81,70.21,66.31,56.83
N,2020,1,11,81.35,75.03,71.91,50.59
N,2020,1,12,80.11,72.66,70.52,58.96
N,2020,1,13,80.19,71.84,69.88,62.06
N,2020,1,14,79.93,73.88,72.01,58.72
N,2020,1,15,80.19,76.14,74.30,57.44
N,2020,1,16,80.02,73.56,71.23,54.22
N,2020,1,17,82.62,72.24,68.87,58.73
N,2020,1,18,83.34,73.89,74.01,55.35
N,2020,1,19,81.75,74.52,74.84,53.83
N,2020,1,20,81.82,75.23,73.25,57.60
N,2020,1,21,78.97,71.05,69.69,54.40
N,2020,1,22,78.75,75.76,76.19,58.08
N,2020,1,23,78.54,75.28,73.11,57.18
N,2020,1,24,78.21,74.51,73.13,55.09
N,2020,1,25,79.16,67.70,65.62,50.41
N,2020,1,26,81.14,70.64,69.40,50.71
N,2020,1,27,81.31,70.35,70.80,56.89
N,2020,1,28,81.10,70.09,68.41,59.62
N,2020,1,29,81.35,71.74,71.40,63.83
N,2020,1,30,79.09,69.47,66.94,58.99
N,2020,1,31,79.88,72.89,70.50,53.92
N,2020,2,1,79.43,70.99,70.73,52.12
N,2020,2,2,78.28,68.58,66.27,60.57
N,2020,2,3,78.91,74.41,73.50,66.75
N,2020,2,4,78.78,74.10,71.95,62.69
N,2020,2,5,77.87,69.03,66.29,57.71
N,2020,2,6,78.74,75.35,72.36,51.18
N,2020,2,7,79.27,76.50,75.03,54.88
N,2020,2,8,79.75,73.90,72.35,53.40
N,2020,2,9,80.20,73.11,70.77,60.39
N,2020,2,10,80.35,71.72,69.92,57.35
N,2020,2,11,81.36,72.29,69.75,58.55
N,2020,2,12,77.97,73.90,70.39,48.64
N,2020,2,13,76.44,71.07,67.42,46.53
N,2020,2,14,76.00,72.07,69.40,50.54
N,2020,2,15,75.29,69.75,66.69,56.18
N,2020,2,16,74.50,69.60,66.75,53.79
N,2020,2,17,76.53,68.91,64.92,51.22
N,2020,2,18,78.72,71.36,68.95,46.15
N,2020,2,19,78.14,67.88,65.80,47.43
N,2020,2,20,79.08,71.66,69.49,51.73
N,2020,2,21,77.28,68.95,66.51,44.81
N,2020,2,22,76.55,66.18,62.80,56.06
N,2020,2,23,76.78,69.76,68.55,61.34
N,2020,2,24,79.86,70.57,69.79,51.17
N,2020,2,25,76.88,69.01,66.50,47.59
N,2020,2,26,76.88,73.05,69.89,49.23
N,2020,2,27,76.07,67.06,65.78,56.53
N,2020,2,28,74.85,66.05,64.69,44.64
N,2020,2,29,75.27,68.44,65.47,52.81
N,2020,3,1,76.09,74.63,72.68,61.50
N,2020,3,2,76.21,74.32,72.94,58.22
N,2020,3,3,76.00,73.60,70.44,62.08
N,2020,3,4,77.53,73.72,70.79,55.36
N,2020,3,5,75.77,72.94,70.39,51.58
N,2020,3,6,74.00,68.55,65.92,56.35
N,2020,3,7,74.88,71.34,69.07,54.13
N,2020,3,8,71.32,67.27,66.74,51.44
N,2020,3,9,73.75,71.63,69.61,52.71
N,2020,3,10,72.83,71.29,68.72,60.54
N,2020,3,11,72.70,72.30,71.37,53.37
N,2020,3,12,73.44,72.17,70.58,52.17
N,2020,3,13,75.05,69.06,67.35,56.72
N,2020,3,14,75.32,70.53,68.68,53.77
N,2020,3,15,77.73,70.73,69.31,50.17
N,2020,3,16,75.28,69.70,68.89,53.34
N,2020,3,17,72.68,68.24,68.19,55.20
N,2020,3,18,74.07,69.95,68.81,60.45
N,2020,3,19,73.38,71.84,70.17,60.67
N,2020,3,20,75.37,71.82,70.39,48.85
N,2020,3,21,73.10,69.34,68.62,48.72
N,2020,3,22,74.07,69.46,68.28,57.15
N,2020,3,23,72.60,67.21,65.51,58.41
N,2020,3,24,71.68,68.05,64.95,52.49
N,2020,3,25,73.02,71.19,68.86,58.48
N,2020,3,26,75.38,71.80,69.63,62.84
N,2020,3,27,75.00,71.17,69.55,64.19
N,2020,3,28,74.01,69.60,69.63,59.73
N,2020,3,29,72.94,68.68,66.54,61.89
N,2020,3,30,73.15,66.90,66.35,61.36
N,2020,3,31,76.59,74.80,69.77,60.04
N,2020,4,1,73.56,71.35,68.19,55.59
N,2020,4,2,72.57,69.82,67.65,62.46
N,2020,4,3,72.98,67.77,68.23,61.14
N,2020,4,4,72.44,69.83,69.62,63.00
N,2020,4,5,74.03,74.74,72.49,57.51
N,2020,4,6,71.95,69.69,67.21,60.50
N,2020,4,7,72.70,73.42,69.96,55.39
N,2020,4,8,72.98,71.73,70.01,53.28
N,2020,4,9,72.11,69.23,68.89,57.52
N,2020,4,10,75.34,76.44,73.95,60.36
N,2020,4,11,74.58,74.68,73.00,62.67
N,2020,4,12,75.81,73.61,70.89,58.22
N,2020,4,13,74.03,74.23,72.81,57.88
N,2020,4,14,72.87,69.16,68.41,55.73
N,2020,4,15,72.77,70.51,69.22,51.12
N,2020,4,16,74.51,76.39,74.05,54.22
N,2020,4,17,72.36,72.12,70.54,53.86
N,2020,4,18,72.51,71.04,68.95,55.43
N,2020,4,19,72.26,71.64,70.09,56.61
N,2020,4,20,72.45,70.37,68.01,58.74
N,2020,4,21,72.68,73.96,71.87,64.09
N,2020,4,22,71.33,70.30,68.32,58.14
N,2020,4,23,71.00,69.11,68.21,59.33
N,2020,4,24,73.17,73.58,70.64,50.95
N,2020,4,25,73.61,77.21,75.77,53.19
N,2020,4,26,74.45,75.13,72.14,53.86
N,2020,4,27,70.92,74.36,72.80,60.04
N,2020,4,28,73.02,73.75,71.59,55.95
N,2020,4,29,71.20,70.67,71.40,48.13
N,2020,4,30,70.59,68.50,67.23,55.02
N,2020,5,1,70.55,69.27,69.25,53.05
N,2020,5,2,70.75,69.60,69.49,64.19
N,2020,5,3,71.15,71.71,70.90,65.38
N,2020,5,4,70.24,69.60,68.94,62.21
N,2020,5,5,75.58,77.08,72.58,62.27
N,2020,5,6,71.56,70.76,70.11,60.97
N,2020,5,7,70.90,72.00,70.14,50.48
N,2020,5,8,70.65,70.49,68.65,49.70
N,2020,5,9,71.30,68.56,68.46,50.38
N,2020,5,10,71.33,69.48,68.13,50.56
N,2020,5,11,74.19,73.45,71.40,54.71
N,2020,5,12,76.38,77.03,75.77,55.51
N,2020,5,13,72.87,73.96,71.99,64.30
N,2020,5,14,72.24,74.86,73.33,65.54
N,2020,5,15,71.50,72.91,71.48,65.89
N,2020,5,16,73.60,76.04,73.19,63.14
N,2020,5,17,71.85,72.30,72.11,64.04
N,2020,5,18,74.30,76.27,73.65,55.95
N,2020,5,19,72.08,74.52,71.65,64.08
N,2020,5,20,71.65,72.85,71.33,63.01
N,2020,5,21,71.20,71.31,68.56,61.79
N,2020,5,22,68.99,68.76,67.53,61.32
N,2020,5,23,70.59,72.74,71.15,63.83
N,2020,5,24,71.21,72.67,70.08,58.81
N,2020,5,25,67.89,68.80,68.00,54.35
N,2020,5,26,67.77,69.38,68.86,54.91
N,2020,5,27,68.39,71.01,70.18,57.18
N,2020,5,28,71.59,76.00,72.54,55.68
N,2020,5,29,70.39,73.01,71.51,50.96
N,2020,5,30,67.72,68.49,67.69,47.91
N,2020,5,31,67.12,66.85,66.48,60.94
N,2020,6,1,69.14,71.88,69.19,62.38
N,2020,6,2,72.88,74.93,71.71,61.99
N,2020,6,3,73.78,74.90,73.40,59.61
N,2020,6,4,69.75,72.19,71.83,53.51
N,2020,6,5,69.19,71.04,69.77,49.33
N,2020,6,6,69.65,70.74,70.60,60.38
N,2020,6,7,70.79,73.42,71.80,65.55
N,2020,6,8,72.10,73.44,72.36,66.36
N,2020,6,9,67.80,69.24,68.23,58.48
N,2020,6,10,73.03,75.62,75.12,54.11
N,2020,6,11,70.17,72.80,70.52,55.69
N,2020,6,12,69.94,72.63,71.85,52.28
N,2020,6,13,68.65,71.62,70.96,64.08
N,2020,6,14,69.89,72.44,70.63,64.43
N,2020,6,15,66.46,68.82,67.78,55.33
N,2020,6,16,67.34,70.07,68.09,50.24
N,2020,6,17,67.17,68.89,67.01,57.98
N,2020,6,18,69.28,71.61,69.73,50.94
N,2020,6,19,67.68,70.77,69.77,50.58
N,2020,6,20,65.99,70.25,68.99,46.40
N,2020,6,21,65.51,68.93,67.36,52.72
N,2020,6,22,65.78,69.46,68.22,57.32
N,2020,6,23,67.06,70.93,69.07,61.79
N,2020,6,24,68.74,70.91,69.44,55.87
N,2020,6,25,70.63,72.09,71.34,46.25
N,2020,6,26,67.61,68.55,65.89,46.22
N,2020,6,27,66.73,71.02,70.02,55.87
N,2020,6,28,66.16,70.25,68.09,50.48
N,2020,6,29,66.19,69.97,67.20,56.45
N,2020,6,30,73.29,75.13,72.56,53.06
N,2020,7,1,68.16,71.21,69.30,50.83
N,2020,7,2,72.05,73.40,72.75,50.32
N,2020,7,3,65.49,70.35,70.56,51.84
N,2020,7,4,68.38,72.37,70.88,58.46
N,2020,7,5,68.88,73.19,70.93,56.39
N,2020,7,6,66.62,70.35,68.21,59.44
N,2020,7,7,67.11,72.52,69.77,61.76
N,2020,7,8,70.26,73.77,72.06,61.54
N,2020,7,9,65.47,70.78,68.33,53.88
N,2020,7,10,65.36,70.67,68.42,48.78
N,2020,7,11,66.42,72.51,69.02,54.64
N,2020,7,12,67.67,74.45,70.15,59.03
N,2020,7,13,66.91,74.88,70.67,58.88
N,2020,7,14,67.64,76.02,70.94,62.49
N,2020,7,15,68.30,76.06,71.79,61.59
N,2020,7,16,67.65,73.58,68.48,54.92
N,2020,7,17,70.45,74.54,70.47,49.83
N,2020,7,18,67.08,72.20,70.11,57.68
N,2020,7,19,70.20,76.11,74.63,62.34
N,2020,7,20,69.23,74.75,71.39,63.17
N,2020,7,21,73.50,80.44,76.89,63.78
N,2020,7,22,73.64,79.42,76.01,59.90
N,2020,7,23,71.81,74.43,71.98,54.37
N,2020,7,24,69.90,73.19,70.81,53.37
N,2020,7,25,68.77,75.04,71.93,48.77
N,2020,7,26,69.27,75.80,72.13,53.69
N,2020,7,27,67.33,73.29,68.81,60.29
N,2020,7,28,70.14,75.11,71.13,61.44
N,2020,7,29,72.13,78.17,73.47,60.95
N,2020,7,30,72.53,78.39,73.77,63.11
N,2020,7,31,71.23,77.08,72.60,64.63
N,2020,8,1,70.53,77.95,72.29,61.57
N,2020,8,2,66.89,73.82,68.15,46.45
N,2020,8,3,69.57,78.46,70.23,47.11
N,2020,8,4,67.95,77.47,69.64,57.52
N,2020,8,5,69.11,78.04,69.94,63.83
N,2020,8,6,70.76,77.96,71.77,65.87
N,2020,8,7,66.95,76.79,69.92,60.53
N,2020,8,8,67.09,75.35,69.44,62.93
N,2020,8,9,66.15,72.55,69.04,56.97
N,2020,8,10,67.73,74.82,70.09,54.48
N,2020,8,11,69.36,75.00,69.59,58.79
N,2020,8,12,68.21,75.57,69.40,59.81
N,2020,8,13,68.86,74.98,69.47,55.61
N,2020,8,14,68.73,74.16,68.42,52.73
N,2020,8,15,66.92,73.47,67.26,57.26
N,2020,8,16,71.12,75.00,69.26,52.11
N,2020,8,17,69.77,73.42,68.80,46.98
N,2020,8,18,72.98,77.07,72.32,51.64
N,2020,8,19,69.77,73.43,68.90,47.80
N,2020,8,20,70.79,72.61,70.36,47.68
N,2020,8,21,67.45,71.41,65.82,46.41
N,2020,8,22,69.90,72.35,67.05,47.48
N,2020,8,23,72.67,71.99,67.10,45.76
N,2020,8,24,69.87,72.75,66.61,48.28
N,2020,8,25,70.35,75.15,68.77,57.47
N,2020,8,26,70.13,75.20,69.44,62.87
N,2020,8,27,71.72,74.03,69.29,63.39
N,2020,8,28,71.56,74.81,68.81,64.13
N,2020,8,29,69.57,72.81,67.87,54.43
N,2020,8,30,70.90,73.04,68.89,52.10
N,2020,8,31,67.94,72.61,65.96,46.22
N,2020,9,1,68.95,72.49,65.41,49.65
N,2020,9,2,69.95,73.53,68.89,58.80
N,2020,9,3,72.30,76.11,71.61,61.98
N,2020,9,4,72.62,74.98,69.24,59.23
N,2020,9,5,72.66,75.36,67.95,60.90
N,2020,9,6,73.88,74.64,67.31,54.08
N,2020,9,7,71.68,78.47,68.03,52.82
N,2020,9,8,72.41,78.25,67.49,45.37
N,2020,9,9,70.78,76.87,67.78,49.14
N,2020,9,10,75.56,78.23,71.99,57.93
N,2020,9,11,73.67,74.62,68.37,60.03
N,2020,9,12,73.06,74.55,67.93,59.61
N,2020,9,13,74.85,74.99,68.88,60.51
N,2020,9,14,75.41,75.78,68.71,59.47
N,2020,9,15,74.45,76.73,68.72,58.41
N,2020,9,16,72.02,77.09,68.33,59.46
N,2020,9,17,73.30,76.14,68.68,59.53
N,2020,9,18,77.55,80.69,72.87,61.53
N,2020,9,19,80.47,75.34,71.29,63.73
N,2020,9,20,79.96,72.05,67.57,61.03
N,2020,9,21,74.57,73.17,67.14,54.72
N,2020,9,22,73.22,69.73,67.73,53.00
N,2020,9,23,73.23,72.27,69.28,51.07
N,2020,9,24,75.09,75.53,72.39,57.63
N,2020,9,25,74.68,73.32,69.66,57.23
N,2020,9,26,76.79,72.54,68.44,57.58
N,2020,9,27,75.26,73.15,68.97,50.01
N,2020,9,28,75.65,72.37,69.55,50.15
N,2020,9,29,75.24,71.79,66.67,59.82
N,2020,9,30,73.36,72.95,69.79,59.32
N,2020,10,1,74.77,73.63,69.64,54.85
N,2020,10,2,74.55,71.68,65.95,52.01
N,2020,10,3,71.45,71.52,67.79,49.13
N,2020,10,4,72.49,72.60,65.61,44.38
N,2020,10,5,73.43,74.60,68.10,50.85
N,2020,10,6,73.63,74.41,68.87,56.77
N,2020,10,7,72.22,72.79,68.13,56.66
N,2020,10,8,73.68,74.55,70.57,57.06
N,2020,10,9,72.65,72.79,67.21,60.30
N,2020,10,10,70.80,72.90,67.79,61.22
N,2020,10,11,70.68,73.78,68.24,54.92
N,2020,10,12,74.58,77.28,71.85,53.67
N,2020,10,13,72.27,75.14,71.31,51.69
N,2020,10,14,72.50,76.24,70.98,53.85
N,2020,10,15,68.77,77.19,70.12,50.47
N,2020,10,16,NaN,NaN,NaN,NaN
N,2020,10,17,NaN,NaN,NaN,NaN
N,2020,10,18,NaN,NaN,NaN,NaN
N,2020,10,19,NaN,NaN,NaN,NaN
N,2020,10,20,NaN,NaN,NaN,NaN
N,2020,10,21,NaN,NaN,NaN,NaN
N,2020,10,22,NaN,NaN,NaN,NaN
N,2020,10,23,NaN,NaN,NaN,NaN
N,2020,10,24,NaN,NaN,NaN,NaN
N,2020,10,25,NaN,NaN,NaN,NaN
N,2020,10,26,NaN,NaN,NaN,NaN
N,2020,10,27,NaN,NaN,NaN,NaN
N,2020,10,28,NaN,NaN,NaN,NaN
N,2020,10,29,NaN,NaN,NaN,NaN
N,2020,10,30,NaN,NaN,NaN,NaN
N,2020,10,31,NaN,NaN,NaN,NaN
N,2020,11,1,NaN,NaN,NaN,NaN
N,2020,11,2,NaN,NaN,NaN,NaN
N,2020,11,3,NaN,NaN,NaN,NaN
N,2020,11,4,81.39,79.40,79.28,51.55
N,2020,11,5,73.06,66.32,64.72,48.46
N,2020,11,6,76.26,71.30,69.47,60.56
N,2020,11,7,80.72,73.02,71.18,66.20
N,2020,11,8,81.06,72.33,69.86,65.37
N,2020,11,9,76.91,73.22,69.70,61.06
N,2020,11,10,77.17,72.35,68.58,49.16
N,2020,11,11,73.45,70.52,66.54,51.43
N,2020,11,12,75.21,69.61,66.70,54.56
N,2020,11,13,75.01,71.37,68.31,61.36
N,2020,11,14,77.86,70.76,68.18,62.45
N,2020,11,15,78.88,71.80,68.39,53.40
N,2020,11,16,74.60,71.22,65.66,51.90
N,2020,11,17,73.07,70.99,66.26,49.95
N,2020,11,18,74.96,72.61,68.31,51.08
N,2020,11,19,77.46,71.29,66.44,55.41
N,2020,11,20,76.64,68.39,64.52,50.39
N,2020,11,21,72.21,68.28,67.01,48.05
N,2020,11,22,75.04,74.55,71.84,58.27
N,2020,11,23,75.45,71.17,69.05,63.04
N,2020,11,24,77.64,72.59,71.63,55.33
N,2020,11,25,75.52,71.37,69.71,47.49
N,2020,11,26,72.51,67.00,65.68,51.26
N,2020,11,27,73.61,68.84,65.96,49.99
N,2020,11,28,74.78,67.32,65.71,48.55
N,2020,11,29,74.17,71.01,66.68,51.30
N,2020,11,30,74.64,68.22,64.99,56.02
N,2020,12,1,76.68,69.72,66.85,54.73
N,2020,12,2,74.79,71.05,68.36,48.02
N,2020,12,3,79.13,72.55,70.64,55.29
N,2020,12,4,78.37,73.11,73.55,52.69
N,2020,12,5,79.11,71.03,68.82,49.63
N,2020,12,6,75.43,72.74,71.07,51.40
N,2020,12,7,80.07,70.70,70.70,56.15
N,2020,12,8,78.85,72.93,71.43,51.81
N,2020,12,9,76.06,72.81,70.18,49.49
N,2020,12,10,77.29,70.40,66.51,56.30
N,2020,12,11,77.57,71.18,69.03,53.29
N,2020,12,12,81.92,75.54,73.16,64.45
N,2020,12,13,80.39,72.05,68.86,59.68
N,2020,12,14,79.77,73.68,71.83,64.13
N,2020,12,15,80.70,74.66,73.02,61.43
N,2020,12,16,79.96,75.44,71.58,53.90
N,2020,12,17,81.37,75.49,72.27,59.26
N,2020,12,18,80.30,78.06,74.34,62.26
N,2020,12,19,80.73,73.87,70.69,53.01
N,2020,12,20,81.30,72.01,68.55,53.45
N,2020,12,21,81.39,73.19,70.68,48.45
N,2020,12,22,83.02,70.45,66.98,51.06
N,2020,12,23,81.84,73.43,71.67,52.86
N,2020,12,24,78.51,68.75,65.58,55.80
N,2020,12,25,78.50,70.76,66.13,51.29
N,2020,12,26,80.14,72.10,65.37,61.14
N,2020,12,27,83.06,75.19,70.57,62.00
N,2020,12,28,83.21,74.30,71.34,63.60
N,2020,12,29,84.95,74.88,72.57,63.94
N,2020,12,30,85.04,70.01,66.23,60.64
N,2020,12,31,84.45,75.08,73.39,66.05
N,2021,1,1,83.16,69.42,67.96,58.64
N,2021,1,2,81.34,67.01,64.55,48.75
N,2021,1,3,82.54,70.56,66.90,57.85
N,2021,1,4,82.11,72.47,70.64,58.50
N,2021,1,5,82.17,77.64,74.03,61.80
N,2021,1,6,81.23,71.58,69.27,57.22
N,2021,1,7,80.14,73.89,70.58,59.39
N,2021,1,8,79.22,68.56,65.64,57.62
N,2021,1,9,81.26,69.23,65.46,57.64
N,2021,1,10,81.14,70.17,66.23,51.61
N,2021,1,11,82.73,72.07,68.68,51.99
N,2021,1,12,82.62,74.13,71.99,52.88
N,2021,1,13,84.46,76.74,73.73,55.64
N,2021,1,14,82.67,74.50,69.74,50.94
N,2021,1,15,84.31,76.02,74.64,52.75
N,2021,1,16,82.95,72.98,68.60,48.87
N,2021,1,17,81.70,72.25,69.48,48.12
N,2021,1,18,81.93,73.91,71.39,49.66
N,2021,1,19,83.46,74.32,72.82,61.61
N,2021,1,20,83.35,75.44,73.94,62.06
N,2021,1,21,83.09,68.79,67.35,48.62
N,2021,1,22,82.36,71.34,68.66,55.10
N,2021,1,23,83.27,73.45,69.63,60.35
N,2021,1,24,82.91,72.41,71.16,62.60
N,2021,1,25,81.78,75.67,74.56,68.42
N,2021,1,26,83.28,75.55,74.17,68.52
N,2021,1,27,81.68,73.21,70.78,57.05
N,2021,1,28,83.90,77.21,73.45,59.19
N,2021,1,29,85.44,71.99,68.58,61.05
N,2021,1,30,84.96,73.59,71.24,53.00
N,2021,1,31,84.95,73.61,70.79,54.16
N,2021,2,1,87.10,73.56,71.93,54.53
N,2021,2,2,86.48,76.69,73.92,60.23
N,2021,2,3,84.92,70.71,68.24,61.47
N,2021,2,4,84.88,75.32,72.23,61.85
N,2021,2,5,85.71,74.42,72.73,57.59
N,2021,2,6,85.14,75.04,70.49,54.96
N,2021,2,7,88.40,75.74,72.67,53.72
N,2021,2,8,87.32,71.27,68.43,47.77
N,2021,2,9,87.39,73.67,71.10,47.25
N,2021,2,10,89.21,76.69,73.20,57.78
N,2021,2,11,88.44,77.53,75.93,58.32
N,2021,2,12,85.99,75.48,72.97,63.85
N,2021,2,13,84.62,77.28,75.01,65.39
N,2021,2,14,83.91,75.52,74.20,68.00
N,2021,2,15,83.04,72.87,69.92,64.66
N,2021,2,16,84.82,77.17,75.45,65.42
N,2021,2,17,84.43,74.34,72.69,66.07
N,2021,2,18,86.00,72.03,70.91,57.53
N,2021,2,19,84.67,69.62,67.56,58.46
N,2021,2,20,83.49,74.58,73.18,65.78
N,2021,2,21,83.81,70.96,68.46,59.58
N,2021,2,22,85.40,68.90,67.38,52.19
N,2021,2,23,84.75,73.90,71.97,51.62
N,2021,2,24,84.26,72.51,71.10,55.15
N,2021,2,25,84.70,76.07,74.16,57.71
N,2021,2,26,84.50,72.59,71.56,59.12
N,2021,2,27,82.52,73.84,71.95,63.28
N,2021,2,28,81.66,71.18,69.40,59.73
N,2021,3,1,78.84,70.06,68.95,57.32
N,2021,3,2,79.92,68.70,66.93,54.86
N,2021,3,3,80.64,71.52,70.51,58.24
N,2021,3,4,81.76,70.95,70.53,58.27
N,2021,3,5,82.70,72.84,72.06,65.42
N,2021,3,6,80.98,75.43,73.28,65.81
N,2021,3,7,78.39,70.14,68.40,62.40
N,2021,3,8,79.48,73.62,71.50,62.27
N,2021,3,9,79.44,74.84,72.33,64.44
N,2021,3,10,79.93,71.98,70.50,62.73
N,2021,3,11,76.21,71.70,70.44,59.49
N,2021,3,12,76.28,69.13,67.26,52.28
N,2021,3,13,79.76,73.98,70.57,63.79
N,2021,3,14,79.90,71.84,69.59,63.15
N,2021,3,15,79.75,72.00,69.68,63.32
N,2021,3,16,78.25,75.53,74.14,67.21
N,2021,3,17,78.92,77.08,75.04,54.83
N,2021,3,18,76.77,73.76,72.88,54.96
N,2021,3,19,77.39,71.70,71.22,59.62
N,2021,3,20,77.46,73.29,71.65,62.22
N,2021,3,21,77.61,72.62,72.24,65.62
N,2021,3,22,78.24,73.09,71.73,65.20
N,2021,3,23,77.76,77.61,76.57,68.30
N,2021,3,24,74.84,72.74,70.59,57.08
N,2021,3,25,75.46,73.44,70.89,62.21
N,2021,3,26,72.51,69.59,68.87,62.65
N,2021,3,27,76.00,76.65,75.55,55.86
N,2021,3,28,75.14,72.52,70.81,57.48
N,2021,3,29,76.96,72.63,69.48,61.42
N,2021,3,30,76.86,74.42,72.62,62.81
N,2021,3,31,74.73,74.27,71.45,50.33
N,2021,4,1,76.11,71.63,70.14,53.86
N,2021,4,2,77.13,69.83,68.76,58.08
N,2021,4,3,75.85,72.73,72.42,61.47
N,2021,4,4,76.47,70.59,69.78,63.50
N,2021,4,5,76.45,74.08,71.84,64.88
N,2021,4,6,76.12,73.28,72.21,63.69
N,2021,4,7,76.00,75.06,72.81,60.05
N,2021,4,8,77.92,73.17,72.25,63.98
N,2021,4,9,78.41,75.45,73.44,63.83
N,2021,4,10,78.06,76.63,74.32,64.64
N,2021,4,11,77.36,76.10,72.47,62.05
N,2021,4,12,77.58,73.30,71.12,61.56
N,2021,4,13,76.19,72.36,69.14,61.10
N,2021,4,14,79.11,72.15,71.72,60.82
N,2021,4,15,79.49,76.06,74.92,59.32
N,2021,4,16,76.99,73.00,72.14,61.72
N,2021,4,17,75.39,73.65,72.76,61.70
N,2021,4,18,76.18,73.43,72.22,60.36
N,2021,4,19,77.69,76.01,74.27,61.00
N,2021,4,20,75.13,74.63,72.57,61.99
N,2021,4,21,76.11,75.75,74.03,63.09
N,2021,4,22,74.27,76.10,73.55,60.05
N,2021,4,23,72.21,71.13,70.03,59.73
N,2021,4,24,73.54,75.13,72.41,59.42
N,2021,4,25,74.07,73.10,71.01,59.21
N,2021,4,26,72.38,71.84,70.05,59.22
N,2021,4,27,73.18,72.00,69.34,60.58
N,2021,4,28,73.43,68.57,67.30,58.29
N,2021,4,29,74.06,73.92,71.63,60.89
N,2021,4,30,72.93,71.25,69.60,58.70
N,2021,5,1,75.04,73.01,71.56,64.23
N,2021,5,2,74.20,72.02,71.17,65.75
N,2021,5,3,74.44,71.21,69.92,60.59
N,2021,5,4,73.02,73.99,71.43,54.46
N,2021,5,5,72.16,70.95,69.86,50.96
N,2021,5,6,71.00,68.74,68.30,47.36
N,2021,5,7,74.58,70.30,68.49,54.03
N,2021,5,8,72.94,73.41,71.28,57.32
N,2021,5,9,71.71,68.91,67.62,45.51
N,2021,5,10,72.13,70.20,68.55,45.37
N,2021,5,11,72.37,71.61,70.43,44.84
N,2021,5,12,72.09,72.79,71.60,52.98
N,2021,5,13,71.51,70.95,70.18,48.30
N,2021,5,14,70.13,69.82,68.73,51.56
N,2021,5,15,72.98,73.67,74.26,57.20
N,2021,5,16,71.84,71.20,71.61,60.71
N,2021,5,17,75.12,76.51,74.16,59.77
N,2021,5,18,73.85,75.33,73.42,61.34
N,2021,5,19,75.59,76.73,74.16,62.43
N,2021,5,20,74.73,75.10,74.21,66.06
N,2021,5,21,76.21,76.15,74.72,67.30
N,2021,5,22,76.23,76.31,74.74,64.84
N,2021,5,23,74.83,73.53,71.31,62.08
N,2021,5,24,72.82,72.60,70.96,61.44
N,2021,5,25,73.03,73.02,71.43,54.35
N,2021,5,26,73.78,72.51,69.94,62.56
N,2021,5,27,74.79,74.17,72.37,60.11
N,2021,5,28,74.07,70.54,68.21,58.99
N,2021,5,29,73.08,70.85,69.73,64.00
N,2021,5,30,71.30,70.87,69.54,62.71
N,2021,5,31,72.17,73.12,71.00,44.73
N,2021,6,1,71.00,69.43,68.26,47.48
N,2021,6,2,71.45,71.61,68.54,46.50
N,2021,6,3,72.95,75.64,73.69,48.41
N,2021,6,4,69.60,71.59,68.52,45.44
N,2021,6,5,72.20,75.12,70.96,45.05
N,2021,6,6,71.23,71.12,68.26,44.64
N,2021,6,7,73.21,75.31,74.44,50.87
N,2021,6,8,70.98,74.55,72.41,60.91
N,2021,6,9,71.19,73.82,71.56,63.92
N,2021,6,10,72.47,75.44,73.56,64.45
N,2021,6,11,71.42,75.31,73.47,63.95
N,2021,6,12,70.48,74.88,71.80,61.30
N,2021,6,13,71.56,75.75,71.70,62.29
N,2021,6,14,72.26,76.32,72.77,64.11
N,2021,6,15,71.23,75.91,72.41,62.47
N,2021,6,16,73.02,76.71,72.05,49.42
N,2021,6,17,72.50,77.43,72.13,49.80
N,2021,6,18,70.49,75.58,72.03,47.57
N,2021,6,19,73.54,75.16,70.60,46.89
N,2021,6,20,68.76,71.65,67.37,53.62
N,2021,6,21,68.52,71.44,68.33,52.42
N,2021,6,22,68.29,73.05,69.25,59.46
N,2021,6,23,72.39,76.96,74.70,59.65
N,2021,6,24,70.46,73.20,69.47,56.40
N,2021,6,25,73.86,77.54,73.27,60.74
N,2021,6,26,71.32,74.45,72.25,62.54
N,2021,6,27,69.89,72.81,70.11,58.95
N,2021,6,28,74.80,75.47,71.39,59.47
N,2021,6,29,74.57,75.38,71.24,49.69
N,2021,6,30,71.42,74.05,69.80,46.83
N,2021,7,1,71.21,74.76,70.52,47.18
N,2021,7,2,72.55,79.27,72.04,56.62
N,2021,7,3,71.83,78.34,73.30,59.49
N,2021,7,4,76.07,80.50,77.54,60.55
N,2021,7,5,71.96,77.69,72.27,61.28
N,2021,7,6,73.53,78.54,70.52,60.93
N,2021,7,7,73.86,78.84,72.85,57.54
N,2021,7,8,72.74,78.36,71.93,55.77
N,2021,7,9,70.07,76.59,70.54,47.28
N,2021,7,10,70.04,78.68,72.59,55.30
N,2021,7,11,73.53,81.00,74.05,55.83
N,2021,7,12,70.14,79.23,72.75,47.24
N,2021,7,13,74.06,79.23,73.62,46.26
N,2021,7,14,73.26,78.25,72.75,49.44
N,2021,7,15,73.88,79.79,74.19,51.94
N,2021,7,16,72.29,77.82,72.38,54.25
N,2021,7,17,70.16,78.08,70.44,55.15
N,2021,7,18,71.98,78.63,71.34,56.17
N,2021,7,19,71.07,77.08,70.46,55.01
N,2021,7,20,71.17,78.95,72.29,58.32
N,2021,7,21,73.88,79.92,73.34,59.81
N,2021,7,22,74.88,78.33,72.94,59.76
N,2021,7,23,72.96,78.50,69.75,55.85
N,2021,7,24,74.31,79.32,70.05,53.19
N,2021,7,25,72.52,81.16,69.60,48.21
N,2021,7,26,69.24,79.25,68.46,43.92
N,2021,7,27,71.38,80.01,69.56,42.87
N,2021,7,28,71.59,82.09,72.35,59.20
N,2021,7,29,75.30,82.24,75.28,62.37
N,2021,7,30,72.60,81.07,73.65,61.45
N,2021,7,31,68.14,78.55,69.71,60.80
N,2021,8,1,69.68,81.27,71.72,61.32
N,2021,8,2,71.31,82.23,70.63,62.32
N,2021,8,3,75.03,84.35,74.03,62.88
N,2021,8,4,73.21,80.96,73.36,62.96
N,2021,8,5,74.11,80.68,71.93,61.70
N,2021,8,6,72.66,78.41,70.71,59.46
N,2021,8,7,71.96,76.93,70.46,49.47
N,2021,8,8,72.82,79.20,72.25,50.25
N,2021,8,9,72.25,79.47,71.99,54.20
N,2021,8,10,73.62,78.62,71.35,51.25
N,2021,8,11,70.73,79.18,71.44,57.01
N,2021,8,12,71.97,81.11,72.42,51.56
N,2021,8,13,66.53,75.45,66.65,45.99
N,2021,8,14,67.80,77.97,69.10,54.13
N,2021,8,15,70.06,77.12,71.47,59.40
N,2021,8,16,70.48,74.32,68.47,50.32
N,2021,8,17,70.64,75.67,69.88,47.59
N,2021,8,18,68.07,74.43,69.87,51.45
N,2021,8,19,66.87,73.63,69.31,51.33
N,2021,8,20,68.98,76.27,71.28,49.02
N,2021,8,21,67.86,73.54,66.34,47.14
N,2021,8,22,67.30,73.03,66.33,47.98
N,2021,8,23,68.38,72.40,65.83,52.66
N,2021,8,24,69.78,74.04,65.01,49.83
N,2021,8,25,71.44,75.92,69.70,56.56
N,2021,8,26,75.87,77.21,74.46,62.41
N,2021,8,27,72.89,76.07,71.76,62.53
N,2021,8,28,72.37,75.78,71.72,58.04
N,2021,8,29,72.64,76.01,68.39,57.13
N,2021,8,30,72.99,75.60,70.37,59.52
N,2021,8,31,72.76,75.48,66.20,51.27
N,2021,9,1,71.19,75.52,67.18,47.22
N,2021,9,2,68.95,76.64,70.47,45.75
N,2021,9,3,67.73,74.35,67.52,54.01
N,2021,9,4,71.95,77.24,72.34,60.47
N,2021,9,5,68.39,73.36,67.85,60.75
N,2021,9,6,67.56,72.07,66.57,47.46
N,2021,9,7,67.54,72.49,63.82,44.85
N,2021,9,8,70.25,75.00,69.17,55.25
N,2021,9,9,68.74,73.32,70.17,53.31
N,2021,9,10,67.92,69.49,63.94,54.06
N,2021,9,11,69.48,76.37,69.78,59.29
N,2021,9,12,70.52,75.19,68.87,63.29
N,2021,9,13,71.75,74.04,67.82,59.63
N,2021,9,14,73.54,74.49,69.19,50.24
N,2021,9,15,70.65,72.77,68.07,52.87
N,2021,9,16,71.72,73.85,69.11,54.57
N,2021,9,17,69.77,72.83,69.99,46.92
N,2021,9,18,69.36,73.07,71.15,50.95
N,2021,9,19,71.81,74.27,70.39,59.51
N,2021,9,20,73.16,74.62,69.97,58.87
N,2021,9,21,70.48,76.08,71.19,48.56
N,2021,9,22,71.75,75.62,71.19,59.54
N,2021,9,23,70.82,74.24,70.61,61.28
N,2021,9,24,68.74,74.84,68.65,49.26
N,2021,9,25,71.44,74.54,68.68,46.62
N,2021,9,26,69.67,72.12,67.75,45.36
N,2021,9,27,70.14,72.92,66.72,52.65
N,2021,9,28,68.32,70.91,66.52,57.73
N,2021,9,29,68.97,71.82,66.86,58.04
N,2021,9,30,71.74,78.25,71.06,55.48
N,2021,10,1,71.62,72.32,68.27,55.70
N,2021,10,2,70.69,71.04,66.94,56.58
N,2021,10,3,73.23,71.53,67.08,47.86
N,2021,10,4,69.97,73.11,67.50,48.01
N,2021,10,5,70.93,73.23,66.88,52.88
N,2021,10,6,71.75,75.30,71.64,52.37
N,2021,10,7,72.03,75.04,69.21,49.29
N,2021,10,8,70.45,73.61,69.52,55.84
N,2021,10,9,71.26,74.25,70.60,62.37
N,2021,10,10,77.65,76.89,73.14,57.14
N,2021,10,11,77.02,79.08,73.86,63.62
N,2021,10,12,75.83,76.97,72.78,67.76
N,2021,10,13,77.34,76.75,67.74,57.48
N,2021,10,14,NaN,NaN,NaN,NaN
N,2021,10,15,NaN,NaN,NaN,NaN
N,2021,10,16,NaN,NaN,NaN,NaN
N,2021,10,17,NaN,NaN,NaN,NaN
N,2021,10,18,NaN,NaN,NaN,NaN
N,2021,10,19,NaN,NaN,NaN,NaN
N,2021,10,20,NaN,NaN,NaN,NaN
N,2021,10,21,NaN,NaN,NaN,NaN
N,2021,10,22,NaN,NaN,NaN,NaN
N,2021,10,23,NaN,NaN,NaN,NaN
N,2021,10,24,NaN,NaN,NaN,NaN
N,2021,10,25,NaN,NaN,NaN,NaN
N,2021,10,26,NaN,NaN,NaN,NaN
N,2021,10,27,NaN,NaN,NaN,NaN
N,2021,10,28,NaN,NaN,NaN,NaN
N,2021,10,29,NaN,NaN,NaN,NaN
N,2021,10,30,NaN,NaN,NaN,NaN
N,2021,10,31,NaN,NaN,NaN,NaN
N,2021,11,1,NaN,NaN,NaN,NaN
N,2021,11,2,NaN,NaN,NaN,NaN
N,2021,11,3,NaN,NaN,NaN,NaN
N,2021,11,4,NaN,NaN,NaN,NaN
N,2021,11,5,NaN,NaN,NaN,NaN
N,2021,11,6,NaN,NaN,NaN,NaN
N,2021,11,7,NaN,NaN,NaN,NaN
N,2021,11,8,NaN,NaN,NaN,NaN
N,2021,11,9,NaN,NaN,NaN,NaN
N,2021,11,10,NaN,NaN,NaN,NaN
N,2021,11,11,NaN,NaN,NaN,NaN
N,2021,11,12,NaN,NaN,NaN,NaN
N,2021,11,13,NaN,NaN,NaN,NaN
N,2021,11,14,NaN,NaN,NaN,NaN
N,2021,11,15,NaN,NaN,NaN,NaN
N,2021,11,16,NaN,NaN,NaN,NaN
N,2021,11,17,NaN,NaN,NaN,NaN
N,2021,11,18,NaN,NaN,NaN,NaN
N,2021,11,19,81.60,73.76,70.52,55.90
N,2021,11,20,82.22,73.52,71.31,58.58
N,2021,11,21,82.89,75.34,71.60,51.11
N,2021,11,22,84.92,72.81,67.54,49.19
N,2021,11,23,82.51,73.37,68.35,54.75
N,2021,11,24,83.90,74.27,70.39,51.12
N,2021,11,25,86.09,73.14,69.44,58.11
N,2021,11,26,83.65,70.83,68.42,53.14
N,2021,11,27,82.53,76.06,73.32,53.73
N,2021,11,28,82.23,71.59,67.68,49.36
N,2021,11,29,80.88,69.30,65.75,54.94
N,2021,11,30,81.84,70.66,70.08,56.39
N,2021,12,1,81.23,72.74,72.22,48.17
N,2021,12,2,81.10,72.63,68.74,48.93
N,2021,12,3,80.45,75.33,70.38,51.90
N,2021,12,4,80.91,73.14,70.31,59.81
N,2021,12,5,81.49,74.49,71.81,59.74
N,2021,12,6,82.59,71.36,68.24,51.31
N,2021,12,7,82.97,72.83,69.38,53.04
N,2021,12,8,81.81,71.76,68.32,48.85
N,2021,12,9,82.30,71.39,67.26,58.40
N,2021,12,10,83.51,73.59,71.28,63.13
N,2021,12,11,84.21,73.43,70.16,50.41
N,2021,12,12,81.31,73.38,70.56,51.57
N,2021,12,13,79.67,71.24,70.66,52.46
N,2021,12,14,78.85,73.95,74.01,66.85
N,2021,12,15,80.66,71.03,69.66,64.96
N,2021,12,16,81.14,75.55,73.32,62.07
N,2021,12,17,79.85,71.73,68.89,58.81
N,2021,12,18,81.27,72.29,70.33,57.60
N,2021,12,19,82.34,70.42,69.06,55.78
N,2021,12,20,77.96,74.95,74.40,51.69
N,2021,12,21,77.28,71.31,66.60,48.66
N,2021,12,22,77.11,71.38,69.32,52.13
N,2021,12,23,79.78,71.06,68.20,51.16
N,2021,12,24,81.05,75.13,72.92,64.68
N,2021,12,25,78.04,75.06,73.49,58.57
N,2021,12,26,78.34,72.64,71.70,61.80
N,2021,12,27,79.71,75.15,73.03,60.58
N,2021,12,28,79.41,76.68,72.51,62.87
N,2021,12,29,79.36,74.52,70.85,58.40
N,2021,12,30,79.86,74.44,72.04,65.63
N,2021,12,31,79.85,73.96,71.07,62.64
N,2022,1,1,80.00,74.22,71.45,66.03
N,2022,1,2,82.38,72.09,70.04,56.14
N,2022,1,3,80.31,73.26,71.90,58.32
N,2022,1,4,80.02,79.15,76.05,63.42
N,2022,1,5,81.08,75.01,72.75,59.61
N,2022,1,6,79.49,75.03,72.36,51.64
N,2022,1,7,83.03,70.61,67.75,58.37
N,2022,1,8,83.77,76.81,73.36,58.11
N,2022,1,9,83.13,76.81,73.79,51.16
N,2022,1,10,81.84,72.36,68.84,54.73
N,2022,1,11,80.57,70.07,66.34,54.21
N,2022,1,12,80.67,70.54,67.70,49.94
N,2022,1,13,81.08,71.74,69.93,52.36
N,2022,1,14,80.82,71.02,69.07,52.42
N,2022,1,15,80.74,75.12,71.39,55.78
N,2022,1,16,82.23,74.86,72.77,48.68
N,2022,1,17,83.17,71.73,69.47,51.45
N,2022,1,18,84.17,71.86,69.50,49.28
N,2022,1,19,82.46,73.76,71.32,53.27
N,2022,1,20,83.51,72.69,69.70,55.64
N,2022,1,21,84.74,75.70,71.89,62.02
N,2022,1,22,82.77,75.36,72.47,58.95
N,2022,1,23,83.83,76.21,73.87,52.88
N,2022,1,24,84.27,71.94,69.30,53.58
N,2022,1,25,83.46,72.89,68.94,59.62
N,2022,1,26,82.98,69.49,66.83,49.91
N,2022,1,27,81.54,70.94,70.07,45.96
N,2022,1,28,81.40,70.01,68.19,54.25
N,2022,1,29,83.21,70.90,68.77,47.80
N,2022,1,30,80.96,70.62,69.47,56.57
N,2022,1,31,81.21,71.52,68.56,56.02
N,2022,2,1,80.94,72.05,70.02,61.75
N,2022,2,2,82.49,74.65,72.61,58.62
N,2022,2,3,82.38,74.21,72.59,52.08
N,2022,2,4,83.15,74.95,72.66,52.20
N,2022,2,5,83.17,71.78,71.87,51.78
N,2022,2,6,83.63,76.11,74.69,55.98
N,2022,2,7,81.26,72.19,70.18,51.42
N,2022,2,8,80.46,71.09,68.96,52.16
N,2022,2,9,82.64,72.48,72.72,55.35
N,2022,2,10,81.61,76.65,76.85,55.95
N,2022,2,11,77.79,73.61,72.34,50.65
N,2022,2,12,78.11,72.36,71.51,50.76
N,2022,2,13,77.04,72.40,69.50,50.62
N,2022,2,14,77.15,75.11,71.85,58.67
N,2022,2,15,79.85,76.37,73.63,64.71
N,2022,2,16,78.12,75.38,74.31,67.23
N,2022,2,17,80.03,69.67,68.66,52.16
N,2022,2,18,82.41,71.36,68.89,55.33
N,2022,2,19,82.89,72.92,70.11,59.68
N,2022,2,20,84.27,72.29,70.54,60.05
N,2022,2,21,84.58,71.59,69.53,61.96
N,2022,2,22,82.26,73.38,71.98,64.76
N,2022,2,23,81.28,73.56,73.14,67.02
N,2022,2,24,80.87,77.77,74.92,61.93
N,2022,2,25,81.74,75.07,72.21,59.62
N,2022,2,26,80.91,73.36,71.87,51.92
N,2022,2,27,82.58,74.65,72.31,56.41
N,2022,2,28,81.67,72.53,69.62,52.38
N,2022,3,1,77.68,73.96,70.00,51.43
N,2022,3,2,77.36,73.12,71.11,48.47
N,2022,3,3,77.86,73.00,69.84,51.96
N,2022,3,4,77.62,75.96,72.90,62.91
N,2022,3,5,78.24,77.71,74.39,66.69
N,2022,3,6,78.07,75.39,72.43,64.97
N,2022,3,7,77.60,72.07,69.57,59.54
N,2022,3,8,78.14,75.37,72.01,57.71
N,2022,3,9,76.18,71.28,68.29,58.49
N,2022,3,10,78.02,72.73,71.59,65.13
N,2022,3,11,78.64,71.67,69.76,57.82
N,2022,3,12,77.31,73.36,72.75,55.63
N,2022,3,13,76.62,75.03,75.01,64.72
N,2022,3,14,75.88,73.34,72.85,64.88
N,2022,3,15,75.60,73.07,70.33,62.37
N,2022,3,16,75.48,78.02,75.63,64.94
N,2022,3,17,76.51,72.26,70.63,60.87
N,2022,3,18,76.58,75.01,73.55,61.66
N,2022,3,19,74.28,73.64,71.33,62.58
N,2022,3,20,75.99,75.86,73.94,66.42
N,2022,3,21,74.65,74.34,72.43,64.20
N,2022,3,22,75.69,75.37,73.27,54.87
N,2022,3,23,76.18,77.23,74.06,54.33
N,2022,3,24,74.53,75.17,70.97,59.31
N,2022,3,25,73.20,71.90,70.52,60.06
N,2022,3,26,74.30,75.60,73.12,58.99
N,2022,3,27,74.76,72.38,71.05,49.91
N,2022,3,28,75.73,72.10,70.26,59.48
N,2022,3,29,74.44,74.19,72.42,65.22
N,2022,3,30,74.66,75.98,73.75,62.28
N,2022,3,31,74.27,71.74,70.54,64.70
N,2022,4,1,74.61,73.34,71.62,58.25
N,2022,4,2,75.46,77.63,74.69,52.10
N,2022,4,3,75.85,75.15,71.71,54.31
N,2022,4,4,75.35,75.28,73.52,57.46
N,2022,4,5,75.30,74.50,75.10,57.94
N,2022,4,6,73.32,73.59,72.09,54.55
N,2022,4,7,73.71,76.88,72.34,47.79
N,2022,4,8,71.34,70.61,68.95,51.52
N,2022,4,9,73.86,72.82,70.98,62.12
N,2022,4,10,75.38,75.41,73.52,56.53
N,2022,4,11,74.72,75.17,73.66,64.92
N,2022,4,12,75.20,75.75,73.88,68.41
N,2022,4,13,75.24,77.86,75.66,64.94
N,2022,4,14,75.67,76.25,74.01,65.71
N,2022,4,15,74.51,74.93,73.95,64.84
N,2022,4,16,74.85,75.81,74.39,62.83
N,2022,4,17,75.60,76.28,73.92,62.88
N,2022,4,18,74.88,76.17,73.78,63.66
N,2022,4,19,75.76,73.83,71.89,65.69
N,2022,4,20,74.84,76.10,74.02,61.59
N,2022,4,21,75.14,76.51,73.68,60.93
N,2022,4,22,73.26,71.71,70.98,63.50
N,2022,4,23,73.16,74.06,73.45,61.48
N,2022,4,24,74.24,73.95,73.51,56.10
N,2022,4,25,73.34,70.47,69.59,55.54
N,2022,4,26,73.54,74.16,72.35,61.50
N,2022,4,27,74.98,75.62,75.14,65.27
N,2022,4,28,74.42,75.04,72.83,64.81
N,2022,4,29,75.44,76.84,73.26,63.44
N,2022,4,30,72.93,74.40,71.38,54.99
N,2022,5,1,76.50,79.62,76.19,66.40
N,2022,5,2,74.69,75.87,74.56,58.70
N,2022,5,3,72.49,73.58,72.03,61.34
N,2022,5,4,72.32,72.39,72.45,54.44
N,2022,5,5,74.26,75.52,73.96,53.18
N,2022,5,6,72.94,74.16,72.45,61.57
N,2022,5,7,72.19,73.72,72.45,64.78
N,2022,5,8,75.14,76.86,75.20,67.18
N,2022,5,9,73.64,74.70,73.01,67.67
N,2022,5,10,72.86,74.70,73.22,66.70
N,2022,5,11,72.80,74.04,72.92,66.77
N,2022,5,12,73.28,76.54,73.57,63.15
N,2022,5,13,72.64,71.67,71.08,60.59
N,2022,5,14,74.65,73.84,71.49,52.44
N,2022,5,15,73.13,73.53,71.51,59.83
N,2022,5,16,72.76,75.12,72.13,63.64
N,2022,5,17,74.26,74.70,72.48,65.02
N,2022,5,18,71.96,72.53,71.07,57.62
N,2022,5,19,72.31,73.14,70.63,47.47
N,2022,5,20,72.69,74.18,72.00,48.92
N,2022,5,21,71.87,74.69,70.91,48.75
N,2022,5,22,72.19,71.81,69.19,56.78
N,2022,5,23,71.46,71.74,68.14,51.01
N,2022,5,24,71.46,72.93,70.37,48.13
N,2022,5,25,72.11,74.83,71.23,46.55
N,2022,5,26,72.26,74.43,70.87,48.71
N,2022,5,27,69.26,69.44,66.49,43.94
N,2022,5,28,71.33,73.99,70.31,56.21
N,2022,5,29,72.18,73.45,70.82,63.69
N,2022,5,30,72.99,76.17,73.84,62.13
N,2022,5,31,71.78,74.82,72.39,63.63
N,2022,6,1,68.96,71.28,69.67,53.69
N,2022,6,2,70.73,72.91,71.97,46.44
N,2022,6,3,69.64,71.56,69.91,48.42
N,2022,6,4,73.18,76.14,72.68,63.06
N,2022,6,5,71.97,75.24,72.10,63.35
N,2022,6,6,71.74,75.08,70.95,62.80
N,2022,6,7,70.11,74.89,71.71,61.89
N,2022,6,8,69.46,74.20,72.49,52.39
N,2022,6,9,71.63,76.29,72.43,52.09
N,2022,6,10,70.67,74.17,69.92,48.17
N,2022,6,11,69.62,74.97,70.09,47.02
N,2022,6,12,71.88,78.61,73.74,52.39
N,2022,6,13,72.11,79.13,73.85,63.60
N,2022,6,14,72.71,77.91,74.19,58.11
N,2022,6,15,70.62,73.94,70.16,48.07
N,2022,6,16,70.55,74.76,71.59,47.71
N,2022,6,17,71.94,77.19,74.03,61.64
N,2022,6,18,71.59,76.78,73.30,65.18
N,2022,6,19,73.19,77.38,73.03,61.82
N,2022,6,20,74.28,77.14,70.88,57.62
N,2022,6,21,72.26,75.32,69.62,55.72
N,2022,6,22,70.18,76.89,71.93,51.25
N,2022,6,23,73.20,77.69,72.19,59.14
N,2022,6,24,71.05,75.83,69.78,60.40
N,2022,6,25,71.03,79.45,72.67,59.30
N,2022,6,26,70.52,77.29,69.79,58.74
N,2022,6,27,71.37,78.73,72.12,55.54
N,2022,6,28,71.05,77.04,72.04,55.48
N,2022,6,29,69.34,77.91,68.80,50.91
N,2022,6,30,71.77,78.40,71.53,54.30
N,2022,7,1,68.05,76.14,68.05,58.23
N,2022,7,2,67.15,78.43,68.69,62.35
N,2022,7,3,70.15,79.99,71.46,64.28
N,2022,7,4,68.78,80.56,71.36,63.69
N,2022,7,5,69.76,82.44,71.62,63.03
N,2022,7,6,72.70,82.41,72.02,62.33
N,2022,7,7,70.94,84.15,73.80,61.83
N,2022,7,8,72.10,83.26,75.92,57.03
N,2022,7,9,71.14,81.48,73.86,56.30
N,2022,7,10,71.58,82.94,73.77,61.45
N,2022,7,11,72.03,83.12,75.20,60.96
N,2022,7,12,72.20,83.61,73.25,55.51
N,2022,7,13,72.39,82.89,73.43,58.18
N,2022,7,14,71.27,82.68,72.75,55.87
N,2022,7,15,73.78,82.97,75.16,51.42
N,2022,7,16,70.95,80.62,73.84,51.97
N,2022,7,17,73.46,80.12,72.57,55.07
N,2022,7,18,72.12,80.41,72.37,48.28
N,2022,7,19,70.17,80.15,73.98,52.51
N,2022,7,20,69.79,81.27,72.79,54.64
N,2022,7,21,68.68,80.61,71.10,58.28
N,2022,7,22,69.05,79.89,70.04,60.55
N,2022,7,23,70.42,80.76,73.91,57.57
N,2022,7,24,69.44,80.35,70.20,61.08
N,2022,7,25,71.18,80.93,72.20,59.18
N,2022,7,26,69.89,79.99,70.92,58.37
N,2022,7,27,70.03,80.18,69.55,60.02
N,2022,7,28,72.49,81.07,72.01,58.85
N,2022,7,29,71.79,81.25,71.23,53.86
N,2022,7,30,67.95,77.28,69.21,45.67
N,2022,7,31,69.15,79.34,70.09,45.11
N,2022,8,1,67.81,79.06,68.69,47.06
N,2022,8,2,69.43,79.67,72.68,52.49
N,2022,8,3,70.13,81.14,72.44,59.17
N,2022,8,4,70.93,78.95,72.10,58.74
N,2022,8,5,73.93,81.67,74.68,59.05
N,2022,8,6,70.31,78.45,70.59,63.62
N,2022,8,7,71.73,78.54,71.15,64.12
N,2022,8,8,73.51,81.23,73.96,61.08
N,2022,8,9,71.12,81.03,71.19,56.81
N,2022,8,10,74.03,82.63,70.60,55.12
N,2022,8,11,73.83,85.06,75.62,59.74
N,2022,8,12,74.59,81.72,73.27,63.20
N,2022,8,13,74.45,81.37,73.38,62.30
N,2022,8,14,73.97,80.16,70.01,59.35
N,2022,8,15,79.15,81.23,71.29,60.35
N,2022,8,16,76.76,80.05,72.63,57.99
N,2022,8,17,75.04,80.18,72.46,54.83
N,2022,8,18,76.38,81.81,69.94,58.16
N,2022,8,19,75.31,81.28,70.11,60.41
N,2022,8,20,74.94,80.42,69.92,52.80
N,2022,8,21,75.59,79.78,69.28,46.85
N,2022,8,22,76.21,80.04,68.62,53.99
N,2022,8,23,74.93,79.58,69.04,55.59
N,2022,8,24,75.40,78.06,68.84,52.72
N,2022,8,25,76.23,78.59,70.24,48.47
N,2022,8,26,76.45,79.43,72.44,53.02
N,2022,8,27,75.20,79.13,69.20,55.36
N,2022,8,28,76.43,77.61,68.39,55.39
N,2022,8,29,75.60,77.77,67.47,60.32
N,2022,8,30,76.12,77.98,68.30,62.26
N,2022,8,31,77.06,78.26,71.58,63.62
N,2022,9,1,78.04,77.12,68.40,61.22
N,2022,9,2,76.81,77.61,70.01,51.06
N,2022,9,3,78.68,79.50,73.54,49.69
N,2022,9,4,75.15,76.86,67.03,51.12
N,2022,9,5,76.67,77.35,69.55,53.58
N,2022,9,6,77.51,78.30,71.83,57.29
N,2022,9,7,76.13,77.61,67.60,53.84
N,2022,9,8,75.73,78.64,71.26,54.83
N,2022,9,9,76.05,78.83,70.06,58.84
N,2022,9,10,75.13,77.58,69.70,65.63
N,2022,9,11,75.16,77.18,67.61,57.33
N,2022,9,12,75.82,79.28,69.47,46.62
N,2022,9,13,80.26,80.14,71.80,57.90
N,2022,9,14,78.17,79.62,70.54,61.84
N,2022,9,15,82.16,80.02,71.22,63.81
N,2022,9,16,82.82,78.00,70.03,62.48
N,2022,9,17,77.64,77.60,69.14,61.47
N,2022,9,18,75.18,75.80,66.90,55.05
N,2022,9,19,75.48,73.18,66.18,46.31
N,2022,9,20,77.38,75.12,69.21,51.10
N,2022,9,21,75.41,76.29,70.15,60.26
N,2022,9,22,76.12,75.71,69.66,60.34
N,2022,9,23,75.90,75.88,69.53,53.72
N,2022,9,24,77.08,75.57,68.67,56.58
N,2022,9,25,76.59,75.07,69.49,61.99
N,2022,9,26,76.58,73.93,72.29,63.12
N,2022,9,27,77.20,75.81,71.13,62.48
N,2022,9,28,76.73,75.40,69.94,58.37
N,2022,9,29,76.10,75.28,71.87,54.58
N,2022,9,30,77.74,71.65,67.76,60.19
N,2022,10,1,79.53,76.46,72.43,52.93
N,2022,10,2,79.71,75.67,70.11,53.03
N,2022,10,3,78.42,74.82,68.97,60.01
N,2022,10,4,79.18,74.18,70.60,61.07
N,2022,10,5,79.06,73.94,70.23,52.47
N,2022,10,6,80.13,74.74,68.42,48.90
N,2022,10,7,79.21,75.14,70.78,51.89
N,2022,10,8,78.74,75.95,73.25,51.39
N,2022,10,9,80.82,77.80,73.55,53.53
N,2022,10,10,78.53,72.13,69.44,58.52
N,2022,10,11,NaN,NaN,NaN,NaN
N,2022,10,12,NaN,NaN,NaN,NaN
N,2022,10,13,NaN,NaN,NaN,NaN
N,2022,10,14,NaN,NaN,NaN,NaN
N,2022,10,15,NaN,NaN,NaN,NaN
N,2022,10,16,NaN,NaN,NaN,NaN
N,2022,10,17,NaN,NaN,NaN,NaN
N,2022,10,18,NaN,NaN,NaN,NaN
N,2022,10,19,NaN,NaN,NaN,NaN
N,2022,10,20,NaN,NaN,NaN,NaN
N,2022,10,21,NaN,NaN,NaN,NaN
N,2022,10,22,NaN,NaN,NaN,NaN
N,2022,10,23,NaN,NaN,NaN,NaN
N,2022,10,24,NaN,NaN,NaN,NaN
N,2022,10,25,NaN,NaN,NaN,NaN
N,2022,10,26,NaN,NaN,NaN,NaN
N,2022,10,27,NaN,NaN,NaN,NaN
N,2022,10,28,NaN,NaN,NaN,NaN
N,2022,10,29,NaN,NaN,NaN,NaN
N,2022,10,30,NaN,NaN,NaN,NaN
N,2022,10,31,NaN,NaN,NaN,NaN
N,2022,11,1,NaN,NaN,NaN,NaN
N,2022,11,2,NaN,NaN,NaN,NaN
N,2022,11,3,NaN,NaN,NaN,NaN
N,2022,11,4,NaN,NaN,NaN,NaN
N,2022,11,5,NaN,NaN,NaN,NaN
N,2022,11,6,NaN,NaN,NaN,NaN
N,2022,11,7,NaN,NaN,NaN,NaN
N,2022,11,8,NaN,NaN,NaN,NaN
N,2022,11,9,NaN,NaN,NaN,NaN
N,2022,11,10,NaN,NaN,NaN,NaN
N,2022,11,11,NaN,NaN,NaN,NaN
N,2022,11,12,85.40,80.52,77.71,59.93
N,2022,11,13,83.54,77.37,74.24,66.02
N,2022,11,14,87.69,74.85,69.54,58.36
N,2022,11,15,86.42,74.60,68.58,59.31
N,2022,11,16,86.67,76.35,70.16,57.42
N,2022,11,17,85.31,74.06,67.90,53.64
N,2022,11,18,89.20,78.41,76.40,61.47
N,2022,11,19,89.68,74.56,71.28,50.24
N,2022,11,20,88.40,76.92,72.38,51.86
N,2022,11,21,87.61,80.24,73.01,48.03
N,2022,11,22,88.21,81.67,72.27,49.83
N,2022,11,23,86.97,78.02,71.77,49.19
N,2022,11,24,85.86,72.82,69.83,45.68
N,2022,11,25,85.03,73.64,72.25,49.88
N,2022,11,26,83.53,74.86,68.05,54.30
N,2022,11,27,84.06,75.78,70.82,59.98
N,2022,11,28,85.25,74.01,71.48,59.77
N,2022,11,29,86.49,76.61,74.77,64.66
N,2022,11,30,87.28,74.10,69.86,53.37
N,2022,12,1,86.20,76.03,72.25,53.83
N,2022,12,2,85.42,72.87,69.42,55.21
N,2022,12,3,87.78,76.57,74.75,53.01
N,2022,12,4,87.44,76.60,74.53,51.11
N,2022,12,5,84.71,75.26,71.71,61.05
N,2022,12,6,85.90,76.67,75.59,61.02
N,2022,12,7,85.81,77.49,75.10,59.51
N,2022,12,8,85.84,74.44,73.98,55.99
N,2022,12,9,84.60,73.04,71.65,62.36
N,2022,12,10,85.13,73.17,70.85,58.54
N,2022,12,11,85.98,79.37,76.92,64.00
N,2022,12,12,87.44,72.47,70.90,64.48
N,2022,12,13,89.16,73.17,70.85,63.55
N,2022,12,14,89.93,75.61,74.39,56.04
N,2022,12,15,86.73,73.25,73.64,52.65
N,2022,12,16,83.67,73.40,71.28,53.05
N,2022,12,17,82.86,71.17,70.76,53.39
N,2022,12,18,82.52,73.07,70.88,50.74
N,2022,12,19,85.34,72.11,69.70,49.53
N,2022,12,20,86.13,71.33,70.01,57.29
N,2022,12,21,87.28,70.79,69.42,61.08
N,2022,12,22,86.93,72.22,69.77,56.50
N,2022,12,23,89.01,77.95,75.88,60.26
N,2022,12,24,87.78,73.50,71.69,56.82
N,2022,12,25,84.98,72.08,69.72,50.91
N,2022,12,26,84.09,72.95,70.01,51.23
N,2022,12,27,85.61,75.22,73.42,58.27
N,2022,12,28,83.78,75.19,71.42,62.53
N,2022,12,29,84.89,75.19,72.30,59.69
N,2022,12,30,85.35,74.56,71.39,56.94
N,2022,12,31,84.64,72.14,72.35,58.37
N,2023,1,1,84.39,75.78,74.96,69.78
N,2023,1,2,83.97,76.03,74.50,68.01
N,2023,1,3,81.14,74.70,73.01,64.42
N,2023,1,4,84.62,74.87,71.52,58.58
N,2023,1,5,85.07,74.27,71.77,64.95
N,2023,1,6,85.59,75.04,73.69,62.11
N,2023,1,7,86.48,75.26,75.44,53.60
N,2023,1,8,86.37,79.12,76.88,50.72
N,2023,1,9,85.01,73.59,72.01,59.04
N,2023,1,10,83.63,74.52,72.35,65.15
N,2023,1,11,84.85,75.00,71.73,51.87
N,2023,1,12,84.96,72.35,70.42,54.59
N,2023,1,13,85.09,78.24,78.33,52.87
N,2023,1,14,85.16,71.81,70.85,52.48
N,2023,1,15,85.78,75.21,73.96,63.46
N,2023,1,16,86.12,73.47,72.46,67.45
N,2023,1,17,87.82,76.39,75.44,68.04
N,2023,1,18,84.89,76.14,75.00,62.15
N,2023,1,19,84.11,77.10,74.37,58.87
N,2023,1,20,85.83,76.12,76.25,65.54
N,2023,1,21,85.29,74.01,72.47,55.09
N,2023,1,22,84.42,74.31,73.95,64.84
N,2023,1,23,86.25,77.54,74.45,64.24
N,2023,1,24,87.83,71.99,70.46,57.04
N,2023,1,25,87.92,72.27,71.19,59.43
N,2023,1,26,86.82,74.73,73.21,60.33
N,2023,1,27,86.17,73.49,72.68,54.89
N,2023,1,28,85.25,72.52,73.00,64.33
N,2023,1,29,86.76,75.36,73.83,62.57
N,2023,1,30,87.75,72.97,71.44,58.44
N,2023,1,31,87.35,73.20,70.78,57.44
N,2023,2,1,87.11,73.61,71.02,56.65
N,2023,2,2,86.82,72.92,71.10,55.05
N,2023,2,3,86.91,71.77,70.13,53.72
N,2023,2,4,86.68,74.51,74.59,61.92
N,2023,2,5,85.98,75.14,73.53,63.67
N,2023,2,6,84.23,76.43,75.78,70.01
N,2023,2,7,85.83,72.79,71.25,61.30
N,2023,2,8,84.58,78.46,76.19,55.08
N,2023,2,9,84.82,75.60,73.55,53.44
N,2023,2,10,86.06,74.44,72.35,53.76
N,2023,2,11,86.69,73.72,72.46,67.01
N,2023,2,12,88.03,77.70,77.46,59.92
N,2023,2,13,87.50,76.22,75.00,64.24
N,2023,2,14,85.57,74.82,73.42,67.16
N,2023,2,15,84.54,79.83,78.71,67.71
N,2023,2,16,85.84,80.16,78.09,58.49
N,2023,2,17,84.73,78.60,76.15,58.34
N,2023,2,18,87.70,78.08,76.33,55.63
N,2023,2,19,88.45,78.09,76.61,53.81
N,2023,2,20,87.32,74.39,71.06,55.80
N,2023,2,21,85.62,76.12,74.05,63.57
N,2023,2,22,86.57,82.24,81.81,70.60
N,2023,2,23,85.87,79.07,76.13,64.37
N,2023,2,24,83.58,73.43,72.79,66.71
N,2023,2,25,81.61,74.83,74.60,67.60
N,2023,2,26,82.33,76.61,74.14,66.34
N,2023,2,27,82.38,73.90,74.20,57.24
N,2023,2,28,83.18,75.76,74.59,61.03
N,2023,3,1,83.25,77.85,78.43,67.70
N,2023,3,2,81.86,76.98,75.37,65.65
N,2023,3,3,84.00,75.60,74.06,58.16
N,2023,3,4,84.59,78.59,75.48,60.66
N,2023,3,5,83.53,72.83,70.60,58.92
N,2023,3,6,83.57,72.83,71.24,51.43
N,2023,3,7,82.80,72.78,71.91,64.77
N,2023,3,8,80.04,74.39,72.52,65.47
N,2023,3,9,82.35,72.76,72.46,63.77
N,2023,3,10,81.45,71.28,69.65,58.88
N,2023,3,11,80.50,73.72,72.40,57.29
N,2023,3,12,79.27,73.98,71.83,53.23
N,2023,3,13,80.25,71.46,71.65,55.34
N,2023,3,14,78.09,70.59,70.23,54.56
N,2023,3,15,77.83,72.73,71.70,63.87
N,2023,3,16,77.18,73.87,74.34,62.10
N,2023,3,17,78.00,71.89,70.49,56.77
N,2023,3,18,77.70,74.32,73.75,57.53
N,2023,3,19,80.66,73.93,73.73,59.53
N,2023,3,20,80.53,73.67,74.38,63.44
N,2023,3,21,80.04,77.05,75.37,64.80
N,2023,3,22,79.04,73.37,72.82,64.98
N,2023,3,23,78.50,74.34,74.03,64.84
N,2023,3,24,79.23,77.12,76.38,69.36
N,2023,3,25,80.22,74.68,74.22,67.80
N,2023,3,26,79.23,75.69,73.98,67.84
N,2023,3,27,79.67,73.32,72.45,64.31
N,2023,3,28,79.13,74.23,72.76,62.42
N,2023,3,29,78.37,75.25,72.82,61.81
N,2023,3,30,75.38,72.60,71.77,64.27
N,2023,3,31,76.56,74.31,72.95,61.88
N,2023,4,1,76.70,72.71,73.20,63.53
N,2023,4,2,78.01,76.24,73.52,65.15
N,2023,4,3,78.19,77.68,76.12,69.29
N,2023,4,4,79.71,80.21,77.45,70.35
N,2023,4,5,78.40,76.72,74.78,64.39
N,2023,4,6,76.80,74.66,73.56,61.39
N,2023,4,7,77.25,76.04,74.49,63.28
N,2023,4,8,76.77,74.09,72.99,63.80
N,2023,4,9,77.49,74.63,73.77,61.87
N,2023,4,10,74.87,71.74,70.95,57.05
N,2023,4,11,77.52,75.28,73.99,59.83
N,2023,4,12,78.60,78.75,75.13,66.17
N,2023,4,13,77.62,76.75,76.05,67.31
N,2023,4,14,75.13,70.27,69.25,59.85
N,2023,4,15,77.45,73.37,73.00,62.14
N,2023,4,16,76.22,74.61,74.13,62.73
N,2023,4,17,76.34,71.64,72.37,64.35
N,2023,4,18,79.17,76.80,75.63,66.88
