"","BASIN","PROG_CODE","SITE_NAME","COL_DATE","COL_TIME","Lat","Long","huc08","dtf","dt","year","PHOSPHU","Lat_j","Long_j","difft","doy","grid_x","grid_y"
"1","SOLOMON RIVER BASIN","SC","SC014","5/18/77",800,39.55428,-98.69211,10260012,1977-05-18 08:00:00,-9661.03605324074,1977,0.25,39.5542731623945,-98.6921087314118,3604.29166666667,138,-47237014,18931865
"2","SOLOMON RIVER BASIN","SC","SC014","6/29/77",750,39.55428,-98.69211,10260012,1977-06-29 07:50:00,-9619.04299768518,1977,0.42,39.5542787185675,-98.6921154247552,3646.28472222222,180,-47237017,18931868
"3","SOLOMON RIVER BASIN","SC","SC014","7/20/77",740,39.55428,-98.69211,10260012,1977-07-20 07:40:00,-9598.04994212963,1977,0.19,39.5542735352566,-98.6921050535051,3667.27777777778,201,-47237012,18931865
"4","SOLOMON RIVER BASIN","SC","SC014","8/17/77",740,39.55428,-98.69211,10260012,1977-08-17 07:40:00,-9570.04994212963,1977,0.62,39.5542726508295,-98.6921196717469,3695.27777777778,229,-47237019,18931865
"5","SOLOMON RIVER BASIN","SC","SC014","9/20/77",755,39.55428,-98.69211,10260012,1977-09-20 07:55:00,-9536.03952546296,1977,0.22,39.5542707020057,-98.6921023710032,3729.28819444444,263,-47237011,18931864
"6","SOLOMON RIVER BASIN","SC","SC014","10/19/77",745,39.55428,-98.69211,10260012,1977-10-19 07:45:00,-9507.04646990741,1977,0.2,39.5542739571386,-98.692114023503,3758.28125,292,-47237016,18931865
"7","SOLOMON RIVER BASIN","SC","SC014","11/16/77",800,39.55428,-98.69211,10260012,1977-11-16 08:00:00,-9479.03605324074,1977,0.13,39.5542715804305,-98.6921061376069,3786.29166666667,320,-47237012,18931864
"8","SOLOMON RIVER BASIN","SC","SC014","12/21/77",810,39.55428,-98.69211,10260012,1977-12-21 08:10:00,-9444.0291087963,1977,0.29,39.5542853718824,-98.6921194005723,3821.29861111111,355,-47237019,18931871
"9","SOLOMON RIVER BASIN","SC","SC014","2/22/78",826,39.55428,-98.69211,10260012,1978-02-22 08:26:00,-9381.01799768519,1978,0.29,39.5542856888213,-98.6921116168024,3884.30972222222,53,-47237015,18931871
"10","SOLOMON RIVER BASIN","SC","SC014","3/22/78",800,39.55428,-98.69211,10260012,1978-03-22 08:00:00,-9353.03605324074,1978,0.48,39.5542740654824,-98.6921096741319,3912.29166666667,81,-47237014,18931865
"11","SOLOMON RIVER BASIN","SC","SC014","4/18/78",730,39.55428,-98.69211,10260012,1978-04-18 07:30:00,-9326.05688657407,1978,0.4,39.5542768049802,-98.6921199777855,3939.27083333333,108,-47237019,18931867
"12","SOLOMON RIVER BASIN","SC","SC014","5/17/78",813,39.55428,-98.69211,10260012,1978-05-17 08:13:00,-9297.02702546296,1978,0.29,39.5542748202738,-98.6921061904647,3968.30069444444,137,-47237012,18931866
"13","SOLOMON RIVER BASIN","SC","SC014","7/19/78",740,39.55428,-98.69211,10260012,1978-07-19 07:40:00,-9234.04994212963,1978,0.3,39.5542815599314,-98.6921005035226,4031.27777777778,200,-47237010,18931869
"14","SOLOMON RIVER BASIN","SC","SC014","8/30/78",805,39.55428,-98.69211,10260012,1978-08-30 08:05:00,-9192.03258101852,1978,0.26,39.55428535084,-98.6921092490653,4073.29513888889,242,-47237014,18931871
"15","SOLOMON RIVER BASIN","SC","SC014","9/20/78",834,39.55428,-98.69211,10260012,1978-09-20 08:34:00,-9171.01244212963,1978,1.5,39.5542743218894,-98.6921168364996,4094.31527777778,263,-47237017,18931865
"16","SOLOMON RIVER BASIN","SC","SC014","10/18/78",802,39.55428,-98.69211,10260012,1978-10-18 08:02:00,-9143.03466435185,1978,0.13,39.5542888040954,-98.6921106873305,4122.29305555556,291,-47237015,18931872
"17","SOLOMON RIVER BASIN","SC","SC014","11/29/78",845,39.55428,-98.69211,10260012,1978-11-29 08:45:00,-9101.00480324074,1978,0.19,39.5542858572012,-98.6921084659309,4164.32291666667,333,-47237013,18931871
"18","SOLOMON RIVER BASIN","SC","SC014","12/13/78",739,39.55428,-98.69211,10260012,1978-12-13 07:39:00,-9087.05063657407,1978,0.16,39.5542897183269,-98.6921161060788,4178.27708333333,347,-47237017,18931873
"19","SOLOMON RIVER BASIN","SC","SC014","3/21/79",750,39.55428,-98.69211,10260012,1979-03-21 07:50:00,-8989.04299768518,1979,0.64,39.5542888285153,-98.6921108356896,4276.28472222222,80,-47237015,18931872
"20","SOLOMON RIVER BASIN","SC","SC014","4/17/79",750,39.55428,-98.69211,10260012,1979-04-17 07:50:00,-8962.04299768518,1979,0.17,39.5542787248938,-98.6921067941495,4303.28472222222,107,-47237013,18931868
"21","SOLOMON RIVER BASIN","SC","SC014","5/23/79",813,39.55428,-98.69211,10260012,1979-05-23 08:13:00,-8926.02702546296,1979,0.48,39.5542709934428,-98.6921080072457,4339.30069444444,143,-47237013,18931864
"22","SOLOMON RIVER BASIN","SC","SC014","6/20/79",730,39.55428,-98.69211,10260012,1979-06-20 07:30:00,-8898.05688657407,1979,0.39,39.5542706530062,-98.6921136066304,4367.27083333333,171,-47237016,18931864
"23","SOLOMON RIVER BASIN","SC","SC014","7/25/79",750,39.55428,-98.69211,10260012,1979-07-25 07:50:00,-8863.04299768518,1979,0.4,39.5542806765674,-98.6921118790742,4402.28472222222,206,-47237015,18931869
"24","SOLOMON RIVER BASIN","SC","SC014","8/22/79",745,39.55428,-98.69211,10260012,1979-08-22 07:45:00,-8835.04646990741,1979,0.29,39.5542882809221,-98.6921062385698,4430.28125,234,-47237012,18931872
"25","SOLOMON RIVER BASIN","SC","SC014","9/19/79",805,39.55428,-98.69211,10260012,1979-09-19 08:05:00,-8807.03258101852,1979,0.26,39.5542894375548,-98.6921076262109,4458.29513888889,262,-47237013,18931873
"26","SOLOMON RIVER BASIN","SC","SC014","10/17/79",755,39.55428,-98.69211,10260012,1979-10-17 07:55:00,-8779.03952546296,1979,0.2,39.5542880772225,-98.6921031291262,4486.28819444444,290,-47237011,18931872
"27","SOLOMON RIVER BASIN","SC","SC014","11/14/79",750,39.55428,-98.69211,10260012,1979-11-14 07:50:00,-8751.04299768518,1979,0.3,39.5542705828198,-98.6921101916492,4514.28472222222,318,-47237014,18931864
"28","SOLOMON RIVER BASIN","SC","SC014","12/12/79",800,39.55428,-98.69211,10260012,1979-12-12 08:00:00,-8723.03605324074,1979,0.18,39.5542887019525,-98.6921164188532,4542.29166666667,346,-47237017,18931872
"29","SOLOMON RIVER BASIN","SC","SC014","3/19/80",800,39.55428,-98.69211,10260012,1980-03-19 08:00:00,-8625.03605324074,1980,0.23,39.5542743446307,-98.6921106067258,4640.29166666667,79,-47237015,18931865
"30","SOLOMON RIVER BASIN","SC","SC014","4/23/80",810,39.55428,-98.69211,10260012,1980-04-23 08:10:00,-8590.0291087963,1980,0.38,39.5542803726328,-98.6921027896282,4675.29861111111,114,-47237011,18931868
"31","SOLOMON RIVER BASIN","SC","SC014","5/21/80",750,39.55428,-98.69211,10260012,1980-05-21 07:50:00,-8562.04299768518,1980,0.38,39.5542786788259,-98.6921105753377,4703.28472222222,142,-47237014,18931868
"32","SOLOMON RIVER BASIN","SC","SC014","6/17/80",800,39.55428,-98.69211,10260012,1980-06-17 08:00:00,-8535.03605324074,1980,0.34,39.5542758702927,-98.6921040477816,4730.29166666667,169,-47237011,18931866
"33","SOLOMON RIVER BASIN","SC","SC014","7/23/80",845,39.55428,-98.69211,10260012,1980-07-23 08:45:00,-8499.00480324074,1980,0.2,39.5542890065729,-98.6921109409324,4766.32291666667,205,-47237015,18931872
"34","SOLOMON RIVER BASIN","SC","SC014","8/20/80",757,39.55428,-98.69211,10260012,1980-08-20 07:57:00,-8471.03813657407,1980,0.5,39.5542815598728,-98.6921047350367,4794.28958333333,233,-47237012,18931869
"35","SOLOMON RIVER BASIN","SC","SC014","9/16/80",812,39.55428,-98.69211,10260012,1980-09-16 08:12:00,-8444.02771990741,1980,0.41,39.5542891975775,-98.6921084527311,4821.3,260,-47237013,18931873
"36","SOLOMON RIVER BASIN","SC","SC014","10/21/80",1655,39.55428,-98.69211,10260012,1980-10-21 16:55:00,-8408.66452546296,1980,0.33,39.5542725018254,-98.6921180698477,4856.66319444444,295,-47237018,18931865
"37","SOLOMON RIVER BASIN","SC","SC014","12/9/80",1735,39.55428,-98.69211,10260012,1980-12-09 17:35:00,-8359.63674768518,1980,0.14,39.5542782222155,-98.6921044128225,4905.69097222222,344,-47237012,18931867
"38","SOLOMON RIVER BASIN","SC","SC014","1/21/81",757,39.55428,-98.69211,10260012,1981-01-21 07:57:00,-8317.03813657407,1981,0.36,39.5542766430068,-98.6921141341411,4948.28958333333,21,-47237016,18931867
"39","SOLOMON RIVER BASIN","SC","SC014","2/18/81",800,39.55428,-98.69211,10260012,1981-02-18 08:00:00,-8289.03605324074,1981,0.18,39.5542753219419,-98.6921152785667,4976.29166666667,49,-47237017,18931866
"40","SOLOMON RIVER BASIN","SC","SC014","3/17/81",1350,39.55428,-98.69211,10260012,1981-03-17 13:50:00,-8261.79299768518,1981,1.43,39.5542743569568,-98.6921013518716,5003.53472222222,76,-47237010,18931865
"41","SOLOMON RIVER BASIN","SC","SC014","4/21/81",1410,39.55428,-98.69211,10260012,1981-04-21 14:10:00,-8226.7791087963,1981,0.46,39.5542744300951,-98.692109854684,5038.54861111111,111,-47237014,18931866
"42","SOLOMON RIVER BASIN","SC","SC014","5/19/81",1340,39.55428,-98.69211,10260012,1981-05-19 13:40:00,-8198.79994212963,1981,1.8,39.5542867138528,-98.6921126829728,5066.52777777778,139,-47237016,18931871
"43","SOLOMON RIVER BASIN","SC","SC014","6/16/81",1345,39.55428,-98.69211,10260012,1981-06-16 13:45:00,-8170.79646990741,1981,0.7,39.5542796724165,-98.6921041613101,5094.53125,167,-47237011,18931868
"44","SOLOMON RIVER BASIN","SC","SC014","7/21/81",1345,39.55428,-98.69211,10260012,1981-07-21 13:45:00,-8135.79646990741,1981,0.47,39.5542758928632,-98.6921091908107,5129.53125,202,-47237014,18931866
"45","SOLOMON RIVER BASIN","SC","SC014","8/18/81",1400,39.55428,-98.69211,10260012,1981-08-18 14:00:00,-8107.78605324074,1981,0.25,39.5542770643047,-98.6921169632849,5157.54166666667,230,-47237018,18931867
"46","SOLOMON RIVER BASIN","SC","SC014","9/22/81",1400,39.55428,-98.69211,10260012,1981-09-22 14:00:00,-8072.78605324074,1981,0.55,39.5542791331585,-98.6921015473267,5192.54166666667,265,-47237010,18931868
"47","SOLOMON RIVER BASIN","SC","SC014","10/20/81",1335,39.55428,-98.69211,10260012,1981-10-20 13:35:00,-8044.80341435185,1981,0.18,39.5542752382602,-98.6921141195353,5220.52430555556,293,-47237016,18931866
"48","SOLOMON RIVER BASIN","SC","SC014","11/17/81",1345,39.55428,-98.69211,10260012,1981-11-17 13:45:00,-8016.79646990741,1981,0.1,39.5542780689754,-98.6921017666676,5248.53125,321,-47237010,18931867
"49","SOLOMON RIVER BASIN","SC","SC014","12/8/81",1341,39.55428,-98.69211,10260012,1981-12-08 13:41:00,-7995.79924768519,1981,0.17,39.5542880725959,-98.692118917099,5269.52847222222,342,-47237018,18931872
"50","SOLOMON RIVER BASIN","SC","SC014","1/19/82",1420,39.55428,-98.69211,10260012,1982-01-19 14:20:00,-7953.77216435185,1982,0.16,39.5542870696489,-98.6921027373613,5311.55555555556,19,-47237011,18931872
"51","SOLOMON RIVER BASIN","SC","SC014","2/16/82",1411,39.55428,-98.69211,10260012,1982-02-16 14:11:00,-7925.77841435185,1982,0.05,39.5542833737587,-98.6921177463028,5339.54930555556,47,-47237018,18931870
"52","SOLOMON RIVER BASIN","SC","SC014","3/16/82",1342,39.55428,-98.69211,10260012,1982-03-16 13:42:00,-7897.79855324074,1982,0.31,39.5542757010816,-98.6921087285107,5367.52916666667,75,-47237014,18931866
"53","SOLOMON RIVER BASIN","SC","SC014","4/20/82",1346,39.55428,-98.69211,10260012,1982-04-20 13:46:00,-7862.79577546296,1982,0.27,39.5542897655942,-98.6921088192642,5402.53194444444,110,-47237014,18931873
"54","SOLOMON RIVER BASIN","SC","SC014","5/18/82",1325,39.55428,-98.69211,10260012,1982-05-18 13:25:00,-7834.8103587963,1982,0.75,39.5542718553108,-98.6921175310736,5430.51736111111,138,-47237018,18931864
"55","SOLOMON RIVER BASIN","SC","SC014","6/15/82",1400,39.55428,-98.69211,10260012,1982-06-15 14:00:00,-7806.78605324074,1982,0.49,39.5542864808962,-98.6921151581521,5458.54166666667,166,-47237017,18931871
"56","SOLOMON RIVER BASIN","SC","SC014","7/20/82",1410,39.55428,-98.69211,10260012,1982-07-20 14:10:00,-7771.7791087963,1982,0.27,39.5542832412508,-98.6921082461382,5493.54861111111,201,-47237013,18931870
"57","SOLOMON RIVER BASIN","SC","SC014","8/17/82",1317,39.55428,-98.69211,10260012,1982-08-17 13:17:00,-7743.81591435185,1982,0.32,39.5542748396794,-98.6921123475786,5521.51180555556,229,-47237015,18931866
"58","SOLOMON RIVER BASIN","SC","SC014","9/21/82",1315,39.55428,-98.69211,10260012,1982-09-21 13:15:00,-7708.81730324074,1982,0.17,39.554289944487,-98.6921053920345,5556.51041666667,264,-47237012,18931873
"59","SOLOMON RIVER BASIN","SC","SC014","10/19/82",1342,39.55428,-98.69211,10260012,1982-10-19 13:42:00,-7680.79855324074,1982,0.23,39.5542810365852,-98.6921096818743,5584.52916666667,292,-47237014,18931869
"60","SOLOMON RIVER BASIN","SC","SC014","11/8/82",1405,39.55428,-98.69211,10260012,1982-11-08 14:05:00,-7660.78258101852,1982,0.12,39.5542791186953,-98.6921163617029,5604.54513888889,312,-47237017,18931868
"61","SOLOMON RIVER BASIN","SC","SC014","12/7/82",1307,39.55428,-98.69211,10260012,1982-12-07 13:07:00,-7631.8228587963,1982,0.12,39.5542842222901,-98.6921071895037,5633.50486111111,341,-47237013,18931870
"62","SOLOMON RIVER BASIN","SC","SC014","1/18/83",1335,39.55428,-98.69211,10260012,1983-01-18 13:35:00,-7589.80341435185,1983,0.15,39.5542870288485,-98.6921097708083,5675.52430555556,18,-47237014,18931872
"63","SOLOMON RIVER BASIN","SC","SC014","2/15/83",1345,39.55428,-98.69211,10260012,1983-02-15 13:45:00,-7561.79646990741,1983,0.07,39.5542871107047,-98.6921120238132,5703.53125,46,-47237015,18931872
"64","SOLOMON RIVER BASIN","SC","SC014","3/15/83",1304,39.55428,-98.69211,10260012,1983-03-15 13:04:00,-7533.82494212963,1983,0.42,39.5542739006539,-98.692103635951,5731.50277777778,74,-47237011,18931865
"65","SOLOMON RIVER BASIN","SC","SC014","4/19/83",1345,39.55428,-98.69211,10260012,1983-04-19 13:45:00,-7498.79646990741,1983,0.21,39.5542704930123,-98.692109785153,5766.53125,109,-47237014,18931864
"66","SOLOMON RIVER BASIN","SC","SC014","5/17/83",1340,39.55428,-98.69211,10260012,1983-05-17 13:40:00,-7470.79994212963,1983,0.36,39.5542889236491,-98.6921059492307,5794.52777777778,137,-47237012,18931872
"67","SOLOMON RIVER BASIN","SC","SC014","6/21/83",1345,39.55428,-98.69211,10260012,1983-06-21 13:45:00,-7435.79646990741,1983,0.97,39.5542861213541,-98.6921134065403,5829.53125,172,-47237016,18931871
"68","SOLOMON RIVER BASIN","SC","SC014","7/19/83",1304,39.55428,-98.69211,10260012,1983-07-19 13:04:00,-7407.82494212963,1983,0.29,39.5542719572803,-98.6921190462333,5857.50277777778,200,-47237019,18931864
"69","SOLOMON RIVER BASIN","SC","SC014","8/16/83",1335,39.55428,-98.69211,10260012,1983-08-16 13:35:00,-7379.80341435185,1983,0.37,39.5542887938281,-98.6921187270556,5885.52430555556,228,-47237018,18931872
"70","SOLOMON RIVER BASIN","SC","SC014","9/20/83",1340,39.55428,-98.69211,10260012,1983-09-20 13:40:00,-7344.79994212963,1983,0.41,39.5542776610767,-98.6921108956053,5920.52777777778,263,-47237015,18931867
"71","SOLOMON RIVER BASIN","SC","SC014","10/18/83",1355,39.55428,-98.69211,10260012,1983-10-18 13:55:00,-7316.78952546296,1983,0.26,39.5542744387722,-98.6921157986824,5948.53819444444,291,-47237017,18931866
"72","SOLOMON RIVER BASIN","SC","SC014","11/15/83",1355,39.55428,-98.69211,10260012,1983-11-15 13:55:00,-7288.78952546296,1983,0.25,39.5542752179274,-98.6921093774794,5976.53819444444,319,-47237014,18931866
"73","SOLOMON RIVER BASIN","SC","SC014","12/13/83",1430,39.55428,-98.69211,10260012,1983-12-13 14:30:00,-7260.76521990741,1983,0.09,39.5542838949466,-98.6921165157427,6004.5625,347,-47237017,18931870
"74","SOLOMON RIVER BASIN","SC","SC014","1/24/84",1445,39.55428,-98.69211,10260012,1984-01-24 14:45:00,-7218.75480324074,1984,0.13,39.5542881864844,-98.6921024453491,6046.57291666667,24,-47237011,18931872
"75","SOLOMON RIVER BASIN","SC","SC014","2/21/84",1357,39.55428,-98.69211,10260012,1984-02-21 13:57:00,-7190.78813657407,1984,0.22,39.5542876406114,-98.6921014610115,6074.53958333333,52,-47237010,18931872
"76","SOLOMON RIVER BASIN","SC","SC014","4/17/84",1325,39.55428,-98.69211,10260012,1984-04-17 13:25:00,-7134.8103587963,1984,0.38,39.5542898246077,-98.6921008495593,6130.51736111111,108,-47237010,18931873
"77","SOLOMON RIVER BASIN","SC","SC014","5/15/84",1408,39.55428,-98.69211,10260012,1984-05-15 14:08:00,-7106.78049768518,1984,0.4,39.55427761537,-98.6921123723182,6158.54722222222,136,-47237015,18931867
"78","SOLOMON RIVER BASIN","SC","SC014","6/19/84",1345,39.55428,-98.69211,10260012,1984-06-19 13:45:00,-7071.79646990741,1984,0.4,39.5542737571462,-98.6921122034158,6193.53125,171,-47237015,18931865
"79","SOLOMON RIVER BASIN","SC","SC014","7/24/84",1332,39.55428,-98.69211,10260012,1984-07-24 13:32:00,-7036.80549768519,1984,0.15,39.5542829065164,-98.6921053379903,6228.52222222222,206,-47237012,18931870
"80","SOLOMON RIVER BASIN","SC","SC014","8/21/84",1322,39.55428,-98.69211,10260012,1984-08-21 13:22:00,-7008.81244212963,1984,0.49,39.554273638836,-98.6921013297591,6256.51527777778,234,-47237010,18931865
"81","SOLOMON RIVER BASIN","SC","SC014","9/18/84",1355,39.55428,-98.69211,10260012,1984-09-18 13:55:00,-6980.78952546296,1984,0.18,39.5542853131972,-98.6921163465585,6284.53819444444,262,-47237017,18931871
"82","SOLOMON RIVER BASIN","SC","SC014","10/23/84",1420,39.55428,-98.69211,10260012,1984-10-23 14:20:00,-6945.77216435185,1984,0.12,39.5542869672718,-98.6921159071816,6319.55555555556,297,-47237017,18931872
"83","SOLOMON RIVER BASIN","SC","SC014","11/13/84",1325,39.55428,-98.69211,10260012,1984-11-13 13:25:00,-6924.8103587963,1984,0.07,39.5542752913498,-98.6921129170072,6340.51736111111,318,-47237016,18931866
"84","SOLOMON RIVER BASIN","SC","SC014","12/11/84",1342,39.55428,-98.69211,10260012,1984-12-11 13:42:00,-6896.79855324074,1984,0.02,39.5542883344259,-98.6921105247243,6368.52916666667,346,-47237014,18931872
"85","SOLOMON RIVER BASIN","SC","SC014","2/19/85",1317,39.55428,-98.69211,10260012,1985-02-19 13:17:00,-6826.81591435185,1985,0.11,39.5542719495192,-98.6921023087079,6438.51180555556,50,-47237011,18931864
"86","SOLOMON RIVER BASIN","SC","SC014","3/19/85",1401,39.55428,-98.69211,10260012,1985-03-19 14:01:00,-6798.7853587963,1985,0.14,39.5542768922157,-98.6921176680014,6466.54236111111,78,-47237018,18931867
"87","SOLOMON RIVER BASIN","SC","SC014","4/16/85",1337,39.55428,-98.69211,10260012,1985-04-16 13:37:00,-6770.80202546296,1985,0.19,39.5542881925234,-98.6921176568557,6494.52569444444,106,-47237018,18931872
"88","SOLOMON RIVER BASIN","SC","SC014","5/21/85",1415,39.55428,-98.69211,10260012,1985-05-21 14:15:00,-6735.77563657407,1985,0.49,39.5542826380202,-98.6921184948818,6529.55208333333,141,-47237018,18931869
"89","SOLOMON RIVER BASIN","SC","SC014","6/18/85",1425,39.55428,-98.69211,10260012,1985-06-18 14:25:00,-6707.76869212963,1985,0.21,39.5542899295941,-98.6921010428437,6557.55902777778,169,-47237010,18931873
"90","SOLOMON RIVER BASIN","SC","SC014","7/23/85",1317,39.55428,-98.69211,10260012,1985-07-23 13:17:00,-6672.81591435185,1985,0.53,39.5542730526178,-98.6921049724923,6592.51180555556,204,-47237012,18931865
"91","SOLOMON RIVER BASIN","SC","SC014","8/13/85",1435,39.55428,-98.69211,10260012,1985-08-13 14:35:00,-6651.76174768519,1985,0.52,39.5542730008605,-98.6921058143528,6613.56597222222,225,-47237012,18931865
"92","SOLOMON RIVER BASIN","SC","SC014","9/17/85",1350,39.55428,-98.69211,10260012,1985-09-17 13:50:00,-6616.79299768519,1985,0.9,39.5542881400624,-98.6921140999047,6648.53472222222,260,-47237016,18931872
"93","SOLOMON RIVER BASIN","SC","SC014","10/22/85",1345,39.55428,-98.69211,10260012,1985-10-22 13:45:00,-6581.79646990741,1985,0.65,39.5542721169396,-98.692103636054,6683.53125,295,-47237011,18931864
"94","SOLOMON RIVER BASIN","SC","SC014","11/12/85",1400,39.55428,-98.69211,10260012,1985-11-12 14:00:00,-6560.78605324074,1985,0.13,39.5542851456799,-98.692102685068,6704.54166666667,316,-47237011,18931871
"95","SOLOMON RIVER BASIN","SC","SC014","1/14/86",1413,39.55428,-98.69211,10260012,1986-01-14 14:13:00,-6497.77702546296,1986,0.01,39.5542748744884,-98.6921099035134,6767.55069444444,14,-47237014,18931866
"96","SOLOMON RIVER BASIN","SC","SC014","2/11/86",1353,39.55428,-98.69211,10260012,1986-02-11 13:53:00,-6469.79091435185,1986,0.15,39.5542807943594,-98.6921051041155,6795.53680555556,42,-47237012,18931869
"97","SOLOMON RIVER BASIN","SC","SC014","3/11/86",1405,39.55428,-98.69211,10260012,1986-03-11 14:05:00,-6441.78258101852,1986,0.01,39.5542759238903,-98.6921043981313,6823.54513888889,70,-47237012,18931866
"98","SOLOMON RIVER BASIN","SC","SC014","5/20/86",1345,39.55428,-98.69211,10260012,1986-05-20 13:45:00,-6371.79646990741,1986,0.81,39.5542801193596,-98.6921003283843,6893.53125,140,-47237010,18931868
"99","SOLOMON RIVER BASIN","SC","SC014","6/17/86",1350,39.55428,-98.69211,10260012,1986-06-17 13:50:00,-6343.79299768519,1986,0.6,39.5542860124272,-98.6921052012592,6921.53472222222,168,-47237012,18931871
"100","SOLOMON RIVER BASIN","SC","SC014","7/22/86",1320,39.55428,-98.69211,10260012,1986-07-22 13:20:00,-6308.81383101852,1986,0.19,39.5542873994681,-98.6921191067415,6956.51388888889,203,-47237019,18931872
"101","SOLOMON RIVER BASIN","SC","SC014","9/23/86",1445,39.55428,-98.69211,10260012,1986-09-23 14:45:00,-6245.75480324074,1986,0.4,39.5542789282776,-98.6921164504365,7019.57291666667,266,-47237017,18931868
"102","SOLOMON RIVER BASIN","SC","SC014","10/7/86",1505,39.55428,-98.69211,10260012,1986-10-07 15:05:00,-6231.74091435185,1986,0.31,39.5542761749829,-98.6921148063872,7033.58680555556,280,-47237017,18931866
"103","SOLOMON RIVER BASIN","SC","SC014","11/24/86",1330,39.55428,-98.69211,10260012,1986-11-24 13:30:00,-6183.80688657407,1986,0.14,39.5542711186698,-98.6921013536586,7081.52083333333,328,-47237010,18931864
"104","SOLOMON RIVER BASIN","SC","SC014","12/16/86",1425,39.55428,-98.69211,10260012,1986-12-16 14:25:00,-6161.76869212963,1986,0.12,39.5542700911875,-98.6921001498923,7103.55902777778,350,-47237010,18931863
"105","SOLOMON RIVER BASIN","SC","SC014","1/20/87",1350,39.55428,-98.69211,10260012,1987-01-20 13:50:00,-6126.79299768519,1987,0.18,39.5542809453205,-98.6921008483307,7138.53472222222,20,-47237010,18931869
"106","SOLOMON RIVER BASIN","SC","SC014","2/17/87",1425,39.55428,-98.69211,10260012,1987-02-17 14:25:00,-6098.76869212963,1987,0.18,39.5542829152813,-98.6921190368401,7166.55902777778,48,-47237019,18931870
"107","SOLOMON RIVER BASIN","SC","SC014","3/17/87",1325,39.55428,-98.69211,10260012,1987-03-17 13:25:00,-6070.8103587963,1987,1.51,39.5542790583856,-98.6921136516195,7194.51736111111,76,-47237016,18931868
"108","SOLOMON RIVER BASIN","SC","SC014","4/21/87",1330,39.55428,-98.69211,10260012,1987-04-21 13:30:00,-6035.80688657407,1987,0.6,39.5542899839929,-98.6921163537705,7229.52083333333,111,-47237017,18931873
"109","SOLOMON RIVER BASIN","SC","SC014","5/26/87",1400,39.55428,-98.69211,10260012,1987-05-26 14:00:00,-6000.78605324074,1987,0.5,39.5542724065045,-98.6921103481842,7264.54166666667,146,-47237014,18931865
"110","SOLOMON RIVER BASIN","SC","SC014","6/16/87",1322,39.55428,-98.69211,10260012,1987-06-16 13:22:00,-5979.81244212963,1987,0.44,39.5542754270656,-98.6921138216977,7285.51527777778,167,-47237016,18931866
"111","SOLOMON RIVER BASIN","SC","SC014","7/21/87",1337,39.55428,-98.69211,10260012,1987-07-21 13:37:00,-5944.80202546296,1987,1,39.5542708394289,-98.6921131657592,7320.52569444444,202,-47237016,18931864
"112","SOLOMON RIVER BASIN","SC","SC014","8/18/87",1415,39.55428,-98.69211,10260012,1987-08-18 14:15:00,-5916.77563657407,1987,0.45,39.554275869173,-98.6921034906878,7348.55208333333,230,-47237011,18931866
"113","SOLOMON RIVER BASIN","SC","SC014","9/15/87",1349,39.55428,-98.69211,10260012,1987-09-15 13:49:00,-5888.79369212963,1987,0.27,39.5542865227517,-98.6921064947195,7376.53402777778,258,-47237013,18931871
"114","SOLOMON RIVER BASIN","SC","SC014","10/20/87",1430,39.55428,-98.69211,10260012,1987-10-20 14:30:00,-5853.76521990741,1987,0.14,39.5542790662912,-98.6921119894139,7411.5625,293,-47237015,18931868
"115","SOLOMON RIVER BASIN","SC","SC014","11/17/87",1330,39.55428,-98.69211,10260012,1987-11-17 13:30:00,-5825.80688657407,1987,0.29,39.5542850026145,-98.6921168854994,7439.52083333333,321,-47237018,18931871
"116","SOLOMON RIVER BASIN","SC","SC014","1/26/88",1340,39.55428,-98.69211,10260012,1988-01-26 13:40:00,-5755.79994212963,1988,0.6,39.5542790325265,-98.6921153745977,7509.52777777778,26,-47237017,18931868
"117","SOLOMON RIVER BASIN","SC","SC014","2/17/88",1345,39.55428,-98.69211,10260012,1988-02-17 13:45:00,-5733.79646990741,1988,0.8,39.5542755503976,-98.6921005336772,7531.53125,48,-47237010,18931866
"118","SOLOMON RIVER BASIN","SC","SC014","3/22/88",1345,39.55428,-98.69211,10260012,1988-03-22 13:45:00,-5699.79646990741,1988,0.25,39.5542882440741,-98.6921061876383,7565.53125,82,-47237012,18931872
"119","SOLOMON RIVER BASIN","SC","SC014","4/19/88",1315,39.55428,-98.69211,10260012,1988-04-19 13:15:00,-5671.81730324074,1988,0.25,39.5542777838634,-98.692109018191,7593.51041666667,110,-47237014,18931867
"120","SOLOMON RIVER BASIN","SC","SC014","5/10/88",1445,39.55428,-98.69211,10260012,1988-05-10 14:45:00,-5650.75480324074,1988,0.53,39.55428355377,-98.6921187311499,7614.57291666667,131,-47237018,18931870
"121","SOLOMON RIVER BASIN","SC","SC014","6/21/88",1356,39.55428,-98.69211,10260012,1988-06-21 13:56:00,-5608.78883101852,1988,0.29,39.5542802284468,-98.6921100018821,7656.53888888889,173,-47237014,18931868
"122","SOLOMON RIVER BASIN","SC","SC014","7/19/88",1344,39.55428,-98.69211,10260012,1988-07-19 13:44:00,-5580.79716435185,1988,0.55,39.5542711596477,-98.6921043651844,7684.53055555556,201,-47237012,18931864
"123","SOLOMON RIVER BASIN","SC","SC014","8/16/88",1400,39.55428,-98.69211,10260012,1988-08-16 14:00:00,-5552.78605324074,1988,1.04,39.5542797904329,-98.6921095206055,7712.54166666667,229,-47237014,18931868
"124","SOLOMON RIVER BASIN","SC","SC014","9/20/88",1350,39.55428,-98.69211,10260012,1988-09-20 13:50:00,-5517.79299768519,1988,0.28,39.5542749662961,-98.6921047687429,7747.53472222222,264,-47237012,18931866
"125","SOLOMON RIVER BASIN","SC","SC014","10/18/88",1408,39.55428,-98.69211,10260012,1988-10-18 14:08:00,-5489.78049768518,1988,0.19,39.5542801675743,-98.6921116636188,7775.54722222222,292,-47237015,18931868
"126","SOLOMON RIVER BASIN","SC","SC014","11/15/88",1345,39.55428,-98.69211,10260012,1988-11-15 13:45:00,-5461.79646990741,1988,0.19,39.5542801620332,-98.6921063073552,7803.53125,320,-47237012,18931868
"127","SOLOMON RIVER BASIN","SC","SC014","12/13/88",1400,39.55428,-98.69211,10260012,1988-12-13 14:00:00,-5433.78605324074,1988,0.11,39.5542820233817,-98.6921104508143,7831.54166666667,348,-47237014,18931869
"128","SOLOMON RIVER BASIN","SC","SC014","1/17/89",1344,39.55428,-98.69211,10260012,1989-01-17 13:44:00,-5398.79716435185,1989,0.22,39.554270732685,-98.6921087616673,7866.53055555556,17,-47237014,18931864
"129","SOLOMON RIVER BASIN","SC","SC014","2/28/89",1317,39.55428,-98.69211,10260012,1989-02-28 13:17:00,-5356.81591435185,1989,0.17,39.5542894104732,-98.6921149278792,7908.51180555556,59,-47237017,18931873
"130","SOLOMON RIVER BASIN","SC","SC014","3/21/89",1325,39.55428,-98.69211,10260012,1989-03-21 13:25:00,-5335.8103587963,1989,0.12,39.5542822271475,-98.6921095201013,7929.51736111111,80,-47237014,18931869
"131","SOLOMON RIVER BASIN","SC","SC014","4/18/89",1346,39.55428,-98.69211,10260012,1989-04-18 13:46:00,-5307.79577546296,1989,0.3,39.5542765135034,-98.6921143445115,7957.53194444444,108,-47237016,18931867
"132","SOLOMON RIVER BASIN","SC","SC014","5/16/89",1400,39.55428,-98.69211,10260012,1989-05-16 14:00:00,-5279.78605324074,1989,0.4,39.5542717069612,-98.6921139753606,7985.54166666667,136,-47237016,18931864
"133","SOLOMON RIVER BASIN","SC","SC014","6/20/89",1310,39.55428,-98.69211,10260012,1989-06-20 13:10:00,-5244.82077546296,1989,0.31,39.5542702878463,-98.6921134792126,8020.50694444444,171,-47237016,18931864
"134","SOLOMON RIVER BASIN","SC","SC014","7/18/89",1412,39.55428,-98.69211,10260012,1989-07-18 14:12:00,-5216.77771990741,1989,1.58,39.5542880052545,-98.6921131463349,8048.55,199,-47237016,18931872
"135","SOLOMON RIVER BASIN","SC","SC014","8/29/89",1339,39.55428,-98.69211,10260012,1989-08-29 13:39:00,-5174.80063657407,1989,1.18,39.5542850442773,-98.6921053307073,8090.52708333333,241,-47237012,18931871
"136","SOLOMON RIVER BASIN","SC","SC014","9/19/89",1405,39.55428,-98.69211,10260012,1989-09-19 14:05:00,-5153.78258101852,1989,0.33,39.5542796240995,-98.692104041219,8111.54513888889,262,-47237011,18931868
"137","SOLOMON RIVER BASIN","SC","SC014","10/17/89",1430,39.55428,-98.69211,10260012,1989-10-17 14:30:00,-5125.76521990741,1989,0.27,39.5542718202992,-98.6921102247796,8139.5625,290,-47237014,18931864
"138","SOLOMON RIVER BASIN","SC","SC014","11/14/89",1339,39.55428,-98.69211,10260012,1989-11-14 13:39:00,-5097.80063657407,1989,0.1,39.5542806528,-98.6921102649861,8167.52708333333,318,-47237014,18931869
"139","SOLOMON RIVER BASIN","SC","SC014","3/27/90",1055,39.55428,-98.69211,10260012,1990-03-27 10:55:00,-4964.91452546296,1990,0.37,39.5542841769937,-98.6921060996473,8300.41319444445,86,-47237012,18931870
"140","SOLOMON RIVER BASIN","SC","SC014","5/22/90",1029,39.55428,-98.69211,10260012,1990-05-22 10:29:00,-4908.93258101852,1990,0.76,39.5542828756652,-98.6921197609825,8356.39513888889,142,-47237019,18931870
"141","SOLOMON RIVER BASIN","SC","SC014","7/31/90",1025,39.55428,-98.69211,10260012,1990-07-31 10:25:00,-4838.9353587963,1990,0.39,39.5542763478383,-98.6921038649191,8426.39236111111,212,-47237011,18931866
"142","SOLOMON RIVER BASIN","SC","SC014","9/25/90",1025,39.55428,-98.69211,10260012,1990-09-25 10:25:00,-4782.9353587963,1990,0.3,39.5542817088317,-98.69211641602,8482.39236111111,268,-47237017,18931869
"143","SOLOMON RIVER BASIN","SC","SC014","11/27/90",1055,39.55428,-98.69211,10260012,1990-11-27 10:55:00,-4719.91452546296,1990,0.07,39.5542762695684,-98.6921064366918,8545.41319444445,331,-47237013,18931866
"144","SOLOMON RIVER BASIN","SC","SC014","2/19/91",1125,39.55428,-98.69211,10260012,1991-02-19 11:25:00,-4635.89369212963,1991,0.1,39.554275728606,-98.6921121310098,8629.43402777778,50,-47237015,18931866
"145","SOLOMON RIVER BASIN","SC","SC014","4/16/91",1135,39.55428,-98.69211,10260012,1991-04-16 11:35:00,-4579.88674768519,1991,0.68,39.5542711405306,-98.6921058008031,8685.44097222222,106,-47237012,18931864
"146","SOLOMON RIVER BASIN","SC","SC014","4/16/91",1140,39.55428,-98.69211,10260012,1991-04-16 11:40:00,-4579.88327546296,1991,0.68,39.5542842318804,-98.6921087280333,8685.44444444445,106,-47237014,18931870
"147","SOLOMON RIVER BASIN","SC","SC014","6/18/91",1101,39.55428,-98.69211,10260012,1991-06-18 11:01:00,-4516.9103587963,1991,0.38,39.5542877821751,-98.6921175663876,8748.41736111111,169,-47237018,18931872
"148","SOLOMON RIVER BASIN","SC","SC014","8/20/91",1105,39.55428,-98.69211,10260012,1991-08-20 11:05:00,-4453.90758101852,1991,0.44,39.5542864662425,-98.6921135034973,8811.42013888889,232,-47237016,18931871
"149","SOLOMON RIVER BASIN","SC","SC014","10/22/91",1140,39.55428,-98.69211,10260012,1991-10-22 11:40:00,-4390.88327546296,1991,0.2,39.5542791662649,-98.692107807145,8874.44444444445,295,-47237013,18931868
"150","SOLOMON RIVER BASIN","SC","SC014","12/10/91",1043,39.55428,-98.69211,10260012,1991-12-10 10:43:00,-4341.9228587963,1991,0.06,39.5542832629578,-98.6921044039002,8923.40486111111,344,-47237012,18931870
"151","SOLOMON RIVER BASIN","SC","SC014","1/28/92",1100,39.55428,-98.69211,10260012,1992-01-28 11:00:00,-4292.91105324074,1992,0.07,39.5542712652364,-98.692119442076,8972.41666666667,28,-47237019,18931864
"152","SOLOMON RIVER BASIN","SC","SC014","3/24/92",1157,39.55428,-98.69211,10260012,1992-03-24 11:57:00,-4236.87146990741,1992,0.26,39.5542865969856,-98.6921170558408,9028.45625,84,-47237018,18931871
"153","SOLOMON RIVER BASIN","SC","SC014","5/19/92",1123,39.55428,-98.69211,10260012,1992-05-19 11:23:00,-4180.89508101852,1992,0.42,39.5542721482877,-98.6921057987675,9084.43263888889,140,-47237012,18931864
"154","SOLOMON RIVER BASIN","SC","SC014","7/21/92",1109,39.55428,-98.69211,10260012,1992-07-21 11:09:00,-4117.90480324074,1992,1.24,39.5542705641206,-98.6921041180623,9147.42291666667,203,-47237011,18931864
"155","SOLOMON RIVER BASIN","SC","SC014","9/29/92",1109,39.55428,-98.69211,10260012,1992-09-29 11:09:00,-4047.90480324074,1992,0.27,39.5542833041433,-98.6921164742197,9217.42291666667,273,-47237017,18931870
"156","SOLOMON RIVER BASIN","SC","SC014","11/17/92",1045,39.55428,-98.69211,10260012,1992-11-17 10:45:00,-3998.92146990741,1992,0.16,39.5542772968035,-98.6921004692994,9266.40625,322,-47237010,18931867
"157","SOLOMON RIVER BASIN","SC","SC014","4/27/93",1035,39.55428,-98.69211,10260012,1993-04-27 10:35:00,-3837.92841435185,1993,0.2,39.5542779386269,-98.6921039878443,9427.39930555555,117,-47237011,18931867
"158","SOLOMON RIVER BASIN","SC","SC014","6/22/93",1053,39.55428,-98.69211,10260012,1993-06-22 10:53:00,-3781.91591435185,1993,0.78,39.5542741320948,-98.6921158277056,9483.41180555556,173,-47237017,18931865
"159","SOLOMON RIVER BASIN","SC","SC014","8/24/93",1016,39.55428,-98.69211,10260012,1993-08-24 10:16:00,-3718.9416087963,1993,0.65,39.554283494984,-98.6921054641671,9546.38611111111,236,-47237012,18931870
"160","SOLOMON RIVER BASIN","SC","SC014","10/26/93",1035,39.55428,-98.69211,10260012,1993-10-26 10:35:00,-3655.92841435185,1993,0.21,39.5542754827772,-98.6921038145161,9609.39930555555,299,-47237011,18931866
"161","SOLOMON RIVER BASIN","SC","SC014","10/26/93",1040,39.55428,-98.69211,10260012,1993-10-26 10:40:00,-3655.92494212963,1993,0.22,39.5542742095689,-98.6921081679808,9609.40277777778,299,-47237013,18931865
"162","SOLOMON RIVER BASIN","SC","SC014","1/25/94",1055,39.55428,-98.69211,10260012,1994-01-25 10:55:00,-3564.91452546296,1994,0.21,39.5542716940962,-98.6921179478766,9700.41319444445,25,-47237018,18931864
"163","SOLOMON RIVER BASIN","SC","SC014","3/29/94",1022,39.55428,-98.69211,10260012,1994-03-29 10:22:00,-3501.93744212963,1994,0.27,39.5542706289126,-98.6921138077578,9763.39027777778,88,-47237016,18931864
"164","SOLOMON RIVER BASIN","SC","SC014","5/24/94",1030,39.55428,-98.69211,10260012,1994-05-24 10:30:00,-3445.93188657407,1994,0.4,39.5542873454944,-98.6921101352405,9819.39583333333,144,-47237014,18931872
"165","SOLOMON RIVER BASIN","SC","SC014","7/26/94",1035,39.55428,-98.69211,10260012,1994-07-26 10:35:00,-3382.92841435185,1994,2.037,39.5542895201416,-98.6921069529267,9882.39930555555,207,-47237013,18931873
"166","SOLOMON RIVER BASIN","SC","SC014","9/27/94",1040,39.55428,-98.69211,10260012,1994-09-27 10:40:00,-3319.92494212963,1994,0.24,39.554285858594,-98.6921128007753,9945.40277777778,270,-47237016,18931871
"167","SOLOMON RIVER BASIN","SC","SC014","11/29/94",1106,39.55428,-98.69211,10260012,1994-11-29 11:06:00,-3256.90688657407,1994,0.19,39.5542768898391,-98.6921099633563,10008.4208333333,333,-47237014,18931867
"168","SOLOMON RIVER BASIN","SC","SC014","2/21/95",1043,39.55428,-98.69211,10260012,1995-02-21 10:43:00,-3172.9228587963,1995,0.23,39.5542890111582,-98.6921109504216,10092.4048611111,52,-47237015,18931873
"169","SOLOMON RIVER BASIN","SC","SC014","4/25/95",1103,39.55428,-98.69211,10260012,1995-04-25 11:03:00,-3109.90896990741,1995,0.29,39.5542816202593,-98.6921017243506,10155.41875,115,-47237010,18931869
"170","SOLOMON RIVER BASIN","SC","SC014","6/27/95",1049,39.55428,-98.69211,10260012,1995-06-27 10:49:00,-3046.91869212963,1995,0.3,39.5542744661147,-98.6921021006841,10218.4090277778,178,-47237010,18931866
"171","SOLOMON RIVER BASIN","SC","SC014","8/29/95",1011,39.55428,-98.69211,10260012,1995-08-29 10:11:00,-2983.94508101852,1995,0.28,39.5542726144564,-98.6921073118325,10281.3826388889,241,-47237013,18931865
"172","SOLOMON RIVER BASIN","SC","SC014","10/24/95",1058,39.55428,-98.69211,10260012,1995-10-24 10:58:00,-2927.91244212963,1995,0.153,39.5542739013954,-98.6921186873896,10337.4152777778,297,-47237018,18931865
"173","SOLOMON RIVER BASIN","SC","SC014","3/26/96",1230,39.55428,-98.69211,10260012,1996-03-26 12:30:00,-2773.84855324074,1996,0.17,39.5542882842133,-98.6921193796224,10491.4791666667,86,-47237019,18931872
"174","SOLOMON RIVER BASIN","SC","SC014","5/21/96",1124,39.55428,-98.69211,10260012,1996-05-21 11:24:00,-2717.89438657407,1996,0.534,39.5542823690898,-98.6921188559879,10547.4333333333,142,-47237018,18931869
"175","SOLOMON RIVER BASIN","SC","SC014","7/23/96",1140,39.55428,-98.69211,10260012,1996-07-23 11:40:00,-2654.88327546296,1996,1.115,39.5542787893892,-98.6921115629014,10610.4444444444,205,-47237015,18931868
"176","SOLOMON RIVER BASIN","SC","SC014","9/24/96",1054,39.55428,-98.69211,10260012,1996-09-24 10:54:00,-2591.91521990741,1996,0.665,39.5542850658235,-98.692113195902,10673.4125,268,-47237016,18931871
"177","SOLOMON RIVER BASIN","SC","SC014","11/19/96",1138,39.55428,-98.69211,10260012,1996-11-19 11:38:00,-2535.88466435185,1996,0.912,39.5542722583743,-98.69210567928,10729.4430555556,324,-47237012,18931864
"178","SOLOMON RIVER BASIN","SC","SC014","2/18/97",1104,39.55428,-98.69211,10260012,1997-02-18 11:04:00,-2444.90827546296,1997,0.184,39.5542838754427,-98.6921081125574,10820.4194444444,49,-47237013,18931870
"179","SOLOMON RIVER BASIN","SC","SC014","4/15/97",1100,39.55428,-98.69211,10260012,1997-04-15 11:00:00,-2388.91105324074,1997,0.177,39.5542881936671,-98.6921034529849,10876.4166666667,105,-47237011,18931872
"180","SOLOMON RIVER BASIN","SC","SC014","6/10/97",1050,39.55428,-98.69211,10260012,1997-06-10 10:50:00,-2332.91799768519,1997,0.536,39.5542711161388,-98.6921188418225,10932.4097222222,161,-47237018,18931864
"181","SOLOMON RIVER BASIN","SC","SC014","8/12/97",1110,39.55428,-98.69211,10260012,1997-08-12 11:10:00,-2269.9041087963,1997,0.288,39.5542708627741,-98.6921187394323,10995.4236111111,224,-47237018,18931864
"182","SOLOMON RIVER BASIN","SC","SC014","10/14/97",1135,39.55428,-98.69211,10260012,1997-10-14 11:35:00,-2206.88674768519,1997,0.248,39.5542875909073,-98.692107196258,11058.4409722222,287,-47237013,18931872
"183","SOLOMON RIVER BASIN","SC","SC014","5/12/98",1130,39.55428,-98.69211,10260012,1998-05-12 11:30:00,-1996.89021990741,1998,0.19,39.5542807171338,-98.6921187455491,11268.4375,132,-47237018,18931869
"184","SOLOMON RIVER BASIN","SC","SC014","7/14/98",1225,39.55428,-98.69211,10260012,1998-07-14 12:25:00,-1933.85202546296,1998,0.68,39.5542898087615,-98.6921132957745,11331.4756944444,195,-47237016,18931873
"185","SOLOMON RIVER BASIN","SC","SC014","9/15/98",1040,39.55428,-98.69211,10260012,1998-09-15 10:40:00,-1870.92494212963,1998,0.251,39.5542756171839,-98.692110735176,11394.4027777778,258,-47237015,18931866
"186","SOLOMON RIVER BASIN","SC","SC014","11/17/98",1143,39.55428,-98.69211,10260012,1998-11-17 11:43:00,-1807.88119212963,1998,0.2,39.5542749664244,-98.6921132121343,11457.4465277778,321,-47237016,18931866
"187","SOLOMON RIVER BASIN","SC","SC014","1/26/99",1114,39.55428,-98.69211,10260012,1999-01-26 11:14:00,-1737.90133101852,1999,0.161,39.5542825722089,-98.6921179834528,11527.4263888889,26,-47237018,18931869
"188","SOLOMON RIVER BASIN","SC","SC014","3/23/99",1200,39.55428,-98.69211,10260012,1999-03-23 12:00:00,-1681.86938657407,1999,0.11,39.5542860012685,-98.69210540884,11583.4583333333,82,-47237012,18931871
"189","SOLOMON RIVER BASIN","SC","SC014","5/25/99",1205,39.55428,-98.69211,10260012,1999-05-25 12:05:00,-1618.86591435185,1999,2.1,39.5542742218852,-98.6921124363161,11646.4618055556,145,-47237015,18931865
"190","SOLOMON RIVER BASIN","SC","SC014","7/20/99",1210,39.55428,-98.69211,10260012,1999-07-20 12:10:00,-1562.86244212963,1999,0.583,39.5542754273662,-98.6921147310614,11702.4652777778,201,-47237016,18931866
"191","SOLOMON RIVER BASIN","SC","SC014","9/21/99",1235,39.55428,-98.69211,10260012,1999-09-21 12:35:00,-1499.84508101852,1999,0.25,39.5542728407221,-98.692108456032,11765.4826388889,264,-47237013,18931865
"192","SOLOMON RIVER BASIN","SC","SC014","11/30/99",1210,39.55428,-98.69211,10260012,1999-11-30 12:10:00,-1429.86244212963,1999,0.2,39.554288841521,-98.6921123111795,11835.4652777778,334,-47237015,18931872
"193","SOLOMON RIVER BASIN","SC","SC014","2/22/00",1200,39.55428,-98.69211,10260012,2000-02-22 12:00:00,-1345.86938657407,2000,0.25,39.5542823024851,-98.692104562141,11919.4583333333,53,-47237012,18931869
"194","SOLOMON RIVER BASIN","SC","SC014","4/24/00",1405,39.55428,-98.69211,10260012,2000-04-24 14:05:00,-1283.78258101852,2000,0.25,39.5542885526198,-98.692109834457,11981.5451388889,115,-47237014,18931872
"195","SOLOMON RIVER BASIN","SC","SC014","6/27/00",1145,39.55428,-98.69211,10260012,2000-06-27 11:45:00,-1219.87980324074,2000,0.44,39.5542789135015,-98.692112650735,12045.4479166667,179,-47237015,18931868
"196","SOLOMON RIVER BASIN","SC","SC014","8/29/00",1150,39.55428,-98.69211,10260012,2000-08-29 11:50:00,-1156.87633101852,2000,0.27,39.5542891648942,-98.6921147036696,12108.4513888889,242,-47237016,18931873
"197","SOLOMON RIVER BASIN","SC","SC014","10/24/00",1045,39.55428,-98.69211,10260012,2000-10-24 10:45:00,-1100.92146990741,2000,0.3,39.5542706594759,-98.6921039824076,12164.40625,298,-47237011,18931864
"198","SOLOMON RIVER BASIN","SC","SC014","12/20/00",1150,39.55428,-98.69211,10260012,2000-12-20 11:50:00,-1043.87633101852,2000,0.24,39.5542708826812,-98.6921050769588,12221.4513888889,355,-47237012,18931864
"199","SOLOMON RIVER BASIN","SC","SC014","1/23/01",1050,39.55428,-98.69211,10260012,2001-01-23 10:50:00,-1009.91799768519,2001,0.16,39.5542869642467,-98.6921174299589,12255.4097222222,23,-47237018,18931872
"200","SOLOMON RIVER BASIN","SC","SC014","3/27/01",1115,39.55428,-98.69211,10260012,2001-03-27 11:15:00,-946.900636574074,2001,0.3,39.5542893453811,-98.6921090207259,12318.4270833333,86,-47237014,18931873
"201","SOLOMON RIVER BASIN","SC","SC014","5/22/01",1215,39.55428,-98.69211,10260012,2001-05-22 12:15:00,-890.858969907407,2001,0.378,39.5542741699368,-98.6921104007371,12374.46875,142,-47237014,18931865
"202","SOLOMON RIVER BASIN","SC","SC014","7/31/01",1130,39.55428,-98.69211,10260012,2001-07-31 11:30:00,-820.890219907407,2001,0.89,39.5542858919969,-98.6921084611677,12444.4375,212,-47237013,18931871
"203","SOLOMON RIVER BASIN","SC","SC014","9/25/01",1120,39.55428,-98.69211,10260012,2001-09-25 11:20:00,-764.897164351852,2001,0.265,39.5542786738271,-98.6921179629314,12500.4305555556,268,-47237018,18931868
"204","SOLOMON RIVER BASIN","SC","SC014","11/27/01",1135,39.55428,-98.69211,10260012,2001-11-27 11:35:00,-701.886747685185,2001,0.205,39.5542820064284,-98.6921060275859,12563.4409722222,331,-47237012,18931869
"205","SOLOMON RIVER BASIN","SC","SC014","2/26/02",1245,39.55428,-98.69211,10260012,2002-02-26 12:45:00,-610.838136574074,2002,0.136,39.5542818836133,-98.6921108937358,12654.4895833333,57,-47237015,18931869
"206","SOLOMON RIVER BASIN","SC","SC014","4/23/02",1155,39.55428,-98.69211,10260012,2002-04-23 11:55:00,-554.872858796296,2002,0.261,39.5542880595272,-98.692102994419,12710.4548611111,113,-47237011,18931872
"207","SOLOMON RIVER BASIN","SC","SC014","6/25/02",1125,39.55428,-98.69211,10260012,2002-06-25 11:25:00,-491.89369212963,2002,0.381,39.5542807956851,-98.6921066791871,12773.4340277778,176,-47237013,18931869
"208","SOLOMON RIVER BASIN","SC","SC014","8/27/02",1259,39.55428,-98.69211,10260012,2002-08-27 12:59:00,-428.828414351852,2002,0.391,39.554273118839,-98.6921114891303,12836.4993055556,239,-47237015,18931865
"209","SOLOMON RIVER BASIN","SC","SC014","10/29/02",1155,39.55428,-98.69211,10260012,2002-10-29 11:55:00,-365.872858796296,2002,0.14,39.5542853245136,-98.692110742558,12899.4548611111,302,-47237015,18931871
"210","SOLOMON RIVER BASIN","SC","SC014","12/17/02",1104,39.55428,-98.69211,10260012,2002-12-17 11:04:00,-316.908275462963,2002,0.117,39.554285561596,-98.6921161476616,12948.4194444444,351,-47237017,18931871
"211","SOLOMON RIVER BASIN","SC","SC014","1/28/03",1153,39.55428,-98.69211,10260012,2003-01-28 11:53:00,-274.874247685185,2003,0.124,39.5542708819786,-98.6921004332212,12990.4534722222,28,-47237010,18931864
"212","SOLOMON RIVER BASIN","SC","SC014","3/25/03",1248,39.55428,-98.69211,10260012,2003-03-25 12:48:00,-218.836053240741,2003,0.249,39.5542774928549,-98.6921159419102,13046.4916666667,84,-47237017,18931867
"213","SOLOMON RIVER BASIN","SC","SC014","5/20/03",1300,39.55428,-98.69211,10260012,2003-05-20 13:00:00,-162.827719907407,2003,0.378,39.55428729155,-98.692103610212,13102.5,140,-47237011,18931872
"214","SOLOMON RIVER BASIN","SC","SC014","7/29/03",1211,39.55428,-98.69211,10260012,2003-07-29 12:11:00,-92.8617476851852,2003,0.228,39.5542858900731,-98.6921164202436,13172.4659722222,210,-47237017,18931871
"215","SOLOMON RIVER BASIN","SC","SC014","9/30/03",1235,39.55428,-98.69211,10260012,2003-09-30 12:35:00,-29.8450810185185,2003,0.16,39.5542730516272,-98.6921126281685,13235.4826388889,273,-47237015,18931865
"216","SOLOMON RIVER BASIN","SC","SC014","12/2/03",1209,39.55428,-98.69211,10260012,2003-12-02 12:09:00,33.1368634259259,2003,0.077,39.5542723749857,-98.6921038081554,13298.4645833333,336,-47237011,18931865
"217","SOLOMON RIVER BASIN","SC","SC014","2/24/04",1219,39.55428,-98.69211,10260012,2004-02-24 12:19:00,117.14380787037,2004,0.343,39.5542811788997,-98.6921114330647,13382.4715277778,55,-47237015,18931869
"218","SOLOMON RIVER BASIN","SC","SC014","4/27/04",1214,39.55428,-98.69211,10260012,2004-04-27 12:14:00,180.140335648148,2004,0.311,39.55428977028,-98.6921173837381,13445.4680555556,118,-47237018,18931873
"219","SOLOMON RIVER BASIN","SC","SC014","6/29/04",1214,39.55428,-98.69211,10260012,2004-06-29 12:14:00,243.140335648148,2004,0.515,39.5542751050974,-98.692112761538,13508.4680555556,181,-47237016,18931866
"220","SOLOMON RIVER BASIN","SC","SC014","8/24/04",1214,39.55428,-98.69211,10260012,2004-08-24 12:14:00,299.140335648148,2004,0.228,39.5542824264926,-98.6921074656384,13564.4680555556,237,-47237013,18931869
"221","SOLOMON RIVER BASIN","SC","SC014","10/26/04",1216,39.55428,-98.69211,10260012,2004-10-26 12:16:00,362.141724537037,2004,0.165,39.5542879949316,-98.6921077131247,13627.4694444444,300,-47237013,18931872
"222","SOLOMON RIVER BASIN","SC","SC014","12/21/04",1246,39.55428,-98.69211,10260012,2004-12-21 12:46:00,418.16255787037,2004,0.123,39.5542741757413,-98.6921090780653,13683.4902777778,356,-47237014,18931865
"223","SOLOMON RIVER BASIN","SC","SC014","1/25/05",1135,39.55428,-98.69211,10260012,2005-01-25 11:35:00,453.113252314815,2005,0.071,39.5542783155091,-98.6921179479759,13718.4409722222,25,-47237018,18931867
"224","SOLOMON RIVER BASIN","SC","SC014","3/29/05",1205,39.55428,-98.69211,10260012,2005-03-29 12:05:00,516.134085648148,2005,0.224,39.5542784956601,-98.6921089391629,13781.4618055556,88,-47237014,18931867
"225","SOLOMON RIVER BASIN","SC","SC014","5/24/05",1111,39.55428,-98.69211,10260012,2005-05-24 11:11:00,572.096585648148,2005,0.389,39.5542708723286,-98.6921159559463,13837.4243055556,144,-47237017,18931864
"226","SOLOMON RIVER BASIN","SC","SC014","7/26/05",1240,39.55428,-98.69211,10260012,2005-07-26 12:40:00,635.158391203704,2005,1.682,39.5542862410927,-98.6921028684392,13900.4861111111,207,-47237011,18931871
"227","SOLOMON RIVER BASIN","SC","SC014","9/27/05",1151,39.55428,-98.69211,10260012,2005-09-27 11:51:00,698.124363425926,2005,0.239,39.5542810354344,-98.6921011546216,13963.4520833333,270,-47237010,18931869
"228","SOLOMON RIVER BASIN","SC","SC014","2/21/06",1038,39.55428,-98.69211,10260012,2006-02-21 10:38:00,845.073668981481,2006,0.025,39.5542733258167,-98.6921124633427,14110.4013888889,52,-47237015,18931865
"229","SOLOMON RIVER BASIN","SC","SC014","4/25/06",1041,39.55428,-98.69211,10260012,2006-04-25 10:41:00,908.075752314815,2006,0.348,39.5542751225418,-98.6921182749435,14173.4034722222,115,-47237018,18931866
"230","SOLOMON RIVER BASIN","SC","SC014","6/27/06",1303,39.55428,-98.69211,10260012,2006-06-27 13:03:00,971.174363425926,2006,0.524,39.5542793456991,-98.6921021665234,14236.5020833333,178,-47237010,18931868
"231","SOLOMON RIVER BASIN","SC","SC014","8/29/06",1042,39.55428,-98.69211,10260012,2006-08-29 10:42:00,1034.07644675926,2006,0.897,39.5542749853142,-98.6921174402883,14299.4041666667,241,-47237018,18931866
"232","SOLOMON RIVER BASIN","SC","SC014","10/24/06",1054,39.55428,-98.69211,10260012,2006-10-24 10:54:00,1090.08478009259,2006,0.143,39.5542861135167,-98.6921023035583,14355.4125,297,-47237011,18931871
"233","SOLOMON RIVER BASIN","SC","SC014","12/19/06",1002,39.55428,-98.69211,10260012,2006-12-19 10:02:00,1146.04866898148,2006,0.065,39.5542859310319,-98.6921077867343,14411.3763888889,353,-47237013,18931871
"234","SOLOMON RIVER BASIN","SC","SC014","1/30/07",1114,39.55428,-98.69211,10260012,2007-01-30 11:14:00,1188.09866898148,2007,0.198,39.5542735621955,-98.6921193013057,14453.4263888889,30,-47237019,18931865
"235","SOLOMON RIVER BASIN","SC","SC014","3/27/07",1112,39.55428,-98.69211,10260012,2007-03-27 11:12:00,1244.09728009259,2007,0.52,39.5542806656757,-98.6921121818624,14509.425,86,-47237015,18931869
"236","SOLOMON RIVER BASIN","SC","SC014","5/22/07",1100,39.55428,-98.69211,10260012,2007-05-22 11:00:00,1300.08894675926,2007,0.963,39.5542778344275,-98.6921078626239,14565.4166666667,142,-47237013,18931867
"237","SOLOMON RIVER BASIN","SC","SC014","7/31/07",1129,39.55428,-98.69211,10260012,2007-07-31 11:29:00,1370.10908564815,2007,0.591,39.5542730548592,-98.6921117853046,14635.4368055556,212,-47237015,18931865
"238","SOLOMON RIVER BASIN","SC","SC014","9/25/07",1229,39.55428,-98.69211,10260012,2007-09-25 12:29:00,1426.15075231481,2007,0.294,39.5542827710449,-98.6921051980314,14691.4784722222,268,-47237012,18931870
"239","SOLOMON RIVER BASIN","SC","SC014","11/27/07",1117,39.55428,-98.69211,10260012,2007-11-27 11:17:00,1489.10075231481,2007,0.147,39.5542801973816,-98.6921046305364,14754.4284722222,331,-47237012,18931868
"240","SOLOMON RIVER BASIN","SC","SC014","2/26/08",1211,39.55428,-98.69211,10260012,2008-02-26 12:11:00,1580.13825231481,2008,0.193,39.5542832687018,-98.6921037038557,14845.4659722222,57,-47237011,18931870
"241","SOLOMON RIVER BASIN","SC","SC014","4/29/08",1219,39.55428,-98.69211,10260012,2008-04-29 12:19:00,1643.14380787037,2008,0.355,39.5542786842459,-98.6921106452935,14908.4715277778,120,-47237015,18931868
"242","SOLOMON RIVER BASIN","SC","SC014","6/24/08",1112,39.55428,-98.69211,10260012,2008-06-24 11:12:00,1699.09728009259,2008,0.412,39.5542779432624,-98.6921117576291,14964.425,176,-47237015,18931867
"243","SOLOMON RIVER BASIN","SC","SC014","8/26/08",1207,39.55428,-98.69211,10260012,2008-08-26 12:07:00,1762.13547453704,2008,1.16,39.5542828800043,-98.6921011125211,15027.4631944444,239,-47237010,18931870
"244","SOLOMON RIVER BASIN","SC","SC014","10/28/08",1236,39.55428,-98.69211,10260012,2008-10-28 12:36:00,1825.15561342593,2008,0.489,39.5542870042945,-98.6921084287234,15090.4833333333,302,-47237013,18931872
"245","SOLOMON RIVER BASIN","SC","SC014","12/16/08",1307,39.55428,-98.69211,10260012,2008-12-16 13:07:00,1874.1771412037,2008,0.114,39.5542786846894,-98.6921124782634,15139.5048611111,351,-47237015,18931868
"246","SOLOMON RIVER BASIN","SC","SC014","3/24/09",1118,39.55428,-98.69211,10260012,2009-03-24 11:18:00,1972.10144675926,2009,0.136,39.5542848170099,-98.6921003378877,15237.4291666667,83,-47237010,18931870
"247","SOLOMON RIVER BASIN","SC","SC014","5/19/09",1120,39.55428,-98.69211,10260012,2009-05-19 11:20:00,2028.10283564815,2009,0.417,39.5542796040836,-98.6921050949993,15293.4305555556,139,-47237012,18931868
"248","SOLOMON RIVER BASIN","SC","SC014","7/27/09",1135,39.55428,-98.69211,10260012,2009-07-27 11:35:00,2097.11325231481,2009,0.479,39.5542843407547,-98.692112617777,15362.4409722222,208,-47237015,18931870
"249","SOLOMON RIVER BASIN","SC","SC014","12/1/09",1145,39.55428,-98.69211,10260012,2009-12-01 11:45:00,2224.12019675926,2009,0.172,39.5542767241064,-98.6921042195301,15489.4479166667,335,-47237011,18931867
"250","SOLOMON RIVER BASIN","SC","SC014","2/16/10",1109,39.55428,-98.69211,10260012,2010-02-16 11:09:00,2301.09519675926,2010,0.157,39.5542808524456,-98.6921052697819,15566.4229166667,47,-47237012,18931869
"251","SOLOMON RIVER BASIN","SC","SC014","5/18/10",1056,39.55428,-98.69211,10260012,2010-05-18 10:56:00,2392.08616898148,2010,0.297,39.5542756562316,-98.6921144126308,15657.4138888889,138,-47237016,18931866
"252","SOLOMON RIVER BASIN","SC","SC014","8/17/10",1029,39.55428,-98.69211,10260012,2010-08-17 10:29:00,2483.06741898148,2010,0.324,39.5542852941327,-98.6921102255732,15748.3951388889,229,-47237014,18931871
"253","SOLOMON RIVER BASIN","SC","SC014","11/16/10",1239,39.55428,-98.69211,10260012,2010-11-16 12:39:00,2574.15769675926,2010,0.177,39.5542748419739,-98.6921011664369,15839.4854166667,320,-47237010,18931866
"254","SOLOMON RIVER BASIN","SC","SC014","3/22/11",1113,39.55428,-98.69211,10260012,2011-03-22 11:13:00,2700.09797453704,2011,0.235,39.5542832772336,-98.6921148386772,15965.4256944444,81,-47237017,18931870
"255","SOLOMON RIVER BASIN","SC","SC014","6/21/11",1129,39.55428,-98.69211,10260012,2011-06-21 11:29:00,2791.10908564815,2011,0.401,39.5542874208364,-98.6921148334883,16056.4368055556,172,-47237017,18931872
"256","SOLOMON RIVER BASIN","SC","SC014","9/20/11",1143,39.55428,-98.69211,10260012,2011-09-20 11:43:00,2882.11880787037,2011,0.28,39.5542785694629,-98.6921004730559,16147.4465277778,263,-47237010,18931868
"257","SOLOMON RIVER BASIN","SC","SC014","12/6/11",1150,39.55428,-98.69211,10260012,2011-12-06 11:50:00,2959.12366898148,2011,0.256,39.5542736049929,-98.6921051703555,16224.4513888889,340,-47237012,18931865
"258","SOLOMON RIVER BASIN","SC","SC014","1/24/12",955,39.55428,-98.69211,10260012,2012-01-24 09:55:00,3008.04380787037,2012,0.171,39.5542871536385,-98.6921192059896,16273.3715277778,24,-47237019,18931872
"259","SOLOMON RIVER BASIN","SC","SC014","4/10/12",1305,39.55428,-98.69211,10260012,2012-04-10 13:05:00,3085.17575231481,2012,0.411,39.5542899674967,-98.6921001091575,16350.5034722222,101,-47237009,18931873
"260","SOLOMON RIVER BASIN","SC","SC014","7/24/12",1246,39.55428,-98.69211,10260012,2012-07-24 12:46:00,3190.16255787037,2012,0.144,39.5542767668187,-98.6921186125001,16455.4902777778,206,-47237018,18931867
"261","SOLOMON RIVER BASIN","SC","SC014","10/23/12",1243,39.55428,-98.69211,10260012,2012-10-23 12:43:00,3281.16047453704,2012,0.164,39.5542740454892,-98.6921121771446,16546.4881944444,297,-47237015,18931865
"262","SOLOMON RIVER BASIN","SC","SC014","2/19/13",1201,39.55428,-98.69211,10260012,2013-02-19 12:01:00,3400.13130787037,2013,0.09,39.5542825182171,-98.6921058286701,16665.4590277778,50,-47237012,18931869
"263","SOLOMON RIVER BASIN","SC","SC014","5/21/13",1219,39.55428,-98.69211,10260012,2013-05-21 12:19:00,3491.14380787037,2013,0.46,39.5542852590402,-98.6921040987396,16756.4715277778,141,-47237011,18931871
"264","SOLOMON RIVER BASIN","SC","SC014","8/20/13",1227,39.55428,-98.69211,10260012,2013-08-20 12:27:00,3582.14936342593,2013,0.388,39.5542703640384,-98.6921109980447,16847.4770833333,232,-47237015,18931864
"265","SOLOMON RIVER BASIN","SC","SC014","11/19/13",1240,39.55428,-98.69211,10260012,2013-11-19 12:40:00,3673.1583912037,2013,0.126,39.5542832610524,-98.692112979454,16938.4861111111,323,-47237016,18931870
"266","SOLOMON RIVER BASIN","SC","SC014","3/18/14",1316,39.55428,-98.69211,10260012,2014-03-18 13:16:00,3792.1833912037,2014,0.16,39.5542899013176,-98.6921110989906,17057.5111111111,77,-47237015,18931873
"267","SOLOMON RIVER BASIN","SC","SC014","6/24/14",1222,39.55428,-98.69211,10260012,2014-06-24 12:22:00,3890.1458912037,2014,0.44,39.5542726706873,-98.6921095844972,17155.4736111111,175,-47237014,18931865
"268","SOLOMON RIVER BASIN","SC","SC014","9/23/14",1241,39.55428,-98.69211,10260012,2014-09-23 12:41:00,3981.15908564815,2014,0.21,39.5542744280977,-98.692103315473,17246.4868055556,266,-47237011,18931866
"269","SOLOMON RIVER BASIN","SC","SC014","12/16/14",1255,39.55428,-98.69211,10260012,2014-12-16 12:55:00,4065.16880787037,2014,0.15,39.5542767908546,-98.6921103187081,17330.4965277778,350,-47237014,18931867
"270","SOLOMON RIVER BASIN","SC","SC014","1/27/15",1132,39.55428,-98.69211,10260012,2015-01-27 11:32:00,4107.11116898148,2015,0.099,39.5542731559987,-98.6921061945809,17372.4388888889,27,-47237012,18931865
"271","SOLOMON RIVER BASIN","SC","SC014","4/7/15",1133,39.55428,-98.69211,10260012,2015-04-07 11:33:00,4177.11186342593,2015,0.32,39.5542855727871,-98.6921126865682,17442.4395833333,97,-47237016,18931871
"272","SOLOMON RIVER BASIN","SC","SC014","7/7/15",1236,39.55428,-98.69211,10260012,2015-07-07 12:36:00,4268.15561342593,2015,0.37,39.5542799759289,-98.6921151999513,17533.4833333333,188,-47237017,18931868
"273","SOLOMON RIVER BASIN","SC","SC014","10/6/15",1033,39.55428,-98.69211,10260012,2015-10-06 10:33:00,4359.07019675926,2015,0.22,39.5542751758534,-98.6921092841979,17624.3979166667,279,-47237014,18931866
"274","SOLOMON RIVER BASIN","SC","SC014","2/16/16",1229,39.55428,-98.69211,10260012,2016-02-16 12:29:00,4492.15075231481,2016,0.048,39.5542881644805,-98.6921067143644,17757.4784722222,47,-47237013,18931872
"275","SOLOMON RIVER BASIN","SC","SC014","5/24/16",1315,39.55428,-98.69211,10260012,2016-05-24 13:15:00,4590.18269675926,2016,2.4,39.5542824209293,-98.6921197642976,17855.5104166667,145,-47237019,18931869
"276","SOLOMON RIVER BASIN","SC","SC014","8/30/16",1239,39.55428,-98.69211,10260012,2016-08-30 12:39:00,4688.15769675926,2016,0.49,39.5542830408081,-98.692108477408,17953.4854166667,243,-47237013,18931870
"277","SOLOMON RIVER BASIN","SC","SC014","11/8/16",1234,39.55428,-98.69211,10260012,2016-11-08 12:34:00,4758.15422453704,2016,0.28,39.5542731537317,-98.6921121108123,18023.4819444444,313,-47237015,18931865
"278","SOLOMON RIVER BASIN","SC","SC014","3/7/17",1206,39.55428,-98.69211,10260012,2017-03-07 12:06:00,4877.13478009259,2017,0.17,39.5542743781034,-98.6921191019986,18142.4625,66,-47237019,18931865
"279","SOLOMON RIVER BASIN","SC","SC014","6/20/17",1211,39.55428,-98.69211,10260012,2017-06-20 12:11:00,4982.13825231481,2017,0.65,39.5542774458701,-98.6921086969048,18247.4659722222,171,-47237014,18931867
"280","SOLOMON RIVER BASIN","SC","SC014","9/19/17",1226,39.55428,-98.69211,10260012,2017-09-19 12:26:00,5073.14866898148,2017,0.27,39.5542817953595,-98.6921123063382,18338.4763888889,262,-47237015,18931869
"281","SOLOMON RIVER BASIN","SC","SC014","12/12/17",1235,39.55428,-98.69211,10260012,2017-12-12 12:35:00,5157.15491898148,2017,0.12,39.5542835232402,-98.692119124873,18422.4826388889,346,-47237019,18931870
"282","SOLOMON RIVER BASIN","SC","SC014","1/30/18",1309,39.55428,-98.69211,10260012,2018-01-30 13:09:00,5206.17853009259,2018,0.11,39.5542713222785,-98.6921056634441,18471.50625,30,-47237012,18931864
"283","SOLOMON RIVER BASIN","SC","SC014","4/24/18",1238,39.55428,-98.69211,10260012,2018-04-24 12:38:00,5290.15700231482,2018,0.18,39.5542741542152,-98.6921129208677,18555.4847222222,114,-47237016,18931865
"284","SOLOMON RIVER BASIN","SC","SC014","7/10/18",1222,39.55428,-98.69211,10260012,2018-07-10 12:22:00,5367.1458912037,2018,0.31,39.5542752970006,-98.6921028787715,18632.4736111111,191,-47237011,18931866
"285","SOLOMON RIVER BASIN","SC","SC014","10/9/18",950,39.55428,-98.69211,10260012,2018-10-09 09:50:00,5458.04033564815,2018,0.64,39.5542728041285,-98.6921089528144,18723.3680555556,282,-47237014,18931865
"286","SOLOMON RIVER BASIN","SC","SC014","5/7/19",1023,39.55428,-98.69211,10260012,2019-05-07 10:23:00,5668.06325231482,2019,0.2,39.5542702743491,-98.6921086077764,18933.3909722222,127,-47237014,18931864
"287","SOLOMON RIVER BASIN","SC","SC014","8/6/19",1408,39.55428,-98.69211,10260012,2019-08-06 14:08:00,5759.21950231482,2019,0.27,39.5542700020169,-98.6921193623564,19024.5472222222,218,-47237019,18931863
"288","SOLOMON RIVER BASIN","SC","SC014","11/19/19",1028,39.55428,-98.69211,10260012,2019-11-19 10:28:00,5864.06672453704,2019,0.12,39.5542777621934,-98.6921011034122,19129.3944444444,323,-47237010,18931867
"289","SOLOMON RIVER BASIN","SC","SC014","9/22/20",827,39.55428,-98.69211,10260012,2020-09-22 08:27:00,6171.98269675926,2020,0.17,39.5542754180682,-98.6921005807219,19437.3104166667,266,-47237010,18931866
"290","SOLOMON RIVER BASIN","SC","SC014","12/15/20",950,39.55428,-98.69211,10260012,2020-12-15 09:50:00,6256.04033564815,2020,0.1,39.554283064425,-98.6921157066344,19521.3680555556,350,-47237017,18931870
"291","SOLOMON RIVER BASIN","SC","SC014","1/12/21",956,39.55428,-98.69211,10260012,2021-01-12 09:56:00,6284.04450231481,2021,0.11,39.5542723970172,-98.6921146995616,19549.3722222222,12,-47237016,18931865
"292","SOLOMON RIVER BASIN","SC","SC014","4/20/21",1057,39.55428,-98.69211,10260012,2021-04-20 10:57:00,6382.08686342593,2021,0.48,39.5542825375283,-98.6921049133702,19647.4145833333,110,-47237012,18931869
"293","SOLOMON RIVER BASIN","SC","SC014","7/20/21",1022,39.55428,-98.69211,10260012,2021-07-20 10:22:00,6473.06255787037,2021,0.35,39.554274631275,-98.6921180948831,19738.3902777778,201,-47237018,18931866
"294","SOLOMON RIVER BASIN","SC","SC014","10/26/21",1030,39.55428,-98.69211,10260012,2021-10-26 10:30:00,6571.06811342593,2021,0.36,39.5542746227552,-98.6921087576319,19836.3958333333,299,-47237014,18931866
"295","SOLOMON RIVER BASIN","SC","SC014","2/22/22",1015,39.55428,-98.69211,10260012,2022-02-22 10:15:00,6690.05769675926,2022,0.08,39.5542745984398,-98.6921030785931,19955.3854166667,53,-47237011,18931866
"296","SOLOMON RIVER BASIN","SC","SC014","5/17/22",1204,39.55428,-98.69211,10260012,2022-05-17 12:04:00,6774.1333912037,2022,0.44,39.5542719824666,-98.6921039578842,20039.4611111111,137,-47237011,18931864
"297","SOLOMON RIVER BASIN","SC","SC014","8/9/22",1109,39.55428,-98.69211,10260012,2022-08-09 11:09:00,6858.09519675926,2022,0.19,39.554288046159,-98.6921094828345,20123.4229166667,221,-47237014,18931872
"298","SOLOMON RIVER BASIN","SC","SC014","11/15/22",1138,39.55428,-98.69211,10260012,2022-11-15 11:38:00,6956.11533564815,2022,0.17,39.5542893943388,-98.6921024907556,20221.4430555556,319,-47237011,18931873
"299","SOLOMON RIVER BASIN","SC","SC014","3/14/23",1114,39.55428,-98.69211,10260012,2023-03-14 11:14:00,7075.09866898148,2023,0.094,39.5542862613719,-98.6921029033023,20340.4263888889,73,-47237011,18931871
"300","SOLOMON RIVER BASIN","SC","SC014","6/13/23",1231,39.55428,-98.69211,10260012,2023-06-13 12:31:00,7166.1521412037,2023,0.64,39.5542773601129,-98.6921058181267,20431.4798611111,164,-47237012,18931867
"301","SOLOMON RIVER BASIN","SC","SC014","9/12/23",1136,39.55428,-98.69211,10260012,2023-09-12 11:36:00,7257.11394675926,2023,0.28,39.5542738003392,-98.6921031547775,20522.4416666667,255,-47237011,18931865
"302","SOLOMON RIVER BASIN","SC","SC014","12/12/23",1205,39.55428,-98.69211,10260012,2023-12-12 12:05:00,7348.13408564815,2023,0.15,39.554285355675,-98.6921091613689,20613.4618055556,346,-47237014,18931871
"303","SOLOMON RIVER BASIN","SC","SC014","1/30/24",1112,39.55428,-98.69211,10260012,2024-01-30 11:12:00,7397.09728009259,2024,0.2,39.5542734409609,-98.6921103919405,20662.425,30,-47237014,18931865
"304","SOLOMON RIVER BASIN","SC","SC014","4/23/24",1343,39.55428,-98.69211,10260012,2024-04-23 13:43:00,7481.2021412037,2024,0.11,39.5542731224197,-98.6921176902463,20746.5298611111,114,-47237018,18931865
"305","SOLOMON RIVER BASIN","SC","SC014","7/23/24",1315,39.55428,-98.69211,10260012,2024-07-23 13:15:00,7572.18269675926,2024,0.36,39.5542812827519,-98.6921041990614,20837.5104166667,205,-47237011,18931869
"306","SOLOMON RIVER BASIN","SC","SC014","10/22/24",1333,39.55428,-98.69211,10260012,2024-10-22 13:33:00,7663.19519675926,2024,0.16,39.5542849453739,-98.6921067919532,20928.5229166667,296,-47237013,18931871
"307","SOLOMON RIVER BASIN","SC","SC266","12/5/73",1215,38.96909,-97.47637,10260015,1973-12-05 12:15:00,-10920.8589699074,1973,0.1,38.9690973051295,-97.4763674586233,2344.46875,339,-46655123,18651782
"308","SOLOMON RIVER BASIN","SC","SC266","1/16/74",1245,38.96909,-97.47637,10260015,1974-01-16 12:45:00,-10878.8381365741,1974,0.12,38.9690937241714,-97.4763761540336,2386.48958333333,16,-46655127,18651780
"309","SOLOMON RIVER BASIN","SC","SC266","2/13/74",1050,38.96909,-97.47637,10260015,1974-02-13 10:50:00,-10850.9179976852,1974,0.12,38.9690947414181,-97.4763684972175,2414.40972222222,44,-46655124,18651781
"310","SOLOMON RIVER BASIN","SC","SC266","3/13/74",1030,38.96909,-97.47637,10260015,1974-03-13 10:30:00,-10822.9318865741,1974,0.36,38.9690929230923,-97.4763712614537,2442.39583333333,72,-46655125,18651780
"311","SOLOMON RIVER BASIN","SC","SC266","4/9/74",1020,38.96909,-97.47637,10260015,1974-04-09 10:20:00,-10795.9388310185,1974,0.08,38.9690963226587,-97.4763669379434,2469.38888888889,99,-46655123,18651782
"312","SOLOMON RIVER BASIN","SC","SC266","5/14/74",930,38.96909,-97.47637,10260015,1974-05-14 09:30:00,-10760.9735532407,1974,0.11,38.9690855318433,-97.4763647287483,2504.35416666667,134,-46655122,18651777
"313","SOLOMON RIVER BASIN","SC","SC266","6/11/74",1100,38.96909,-97.47637,10260015,1974-06-11 11:00:00,-10732.9110532407,1974,0.18,38.9690992077187,-97.4763739977819,2532.41666666667,162,-46655126,18651783
"314","SOLOMON RIVER BASIN","SC","SC266","7/9/74",1105,38.96909,-97.47637,10260015,1974-07-09 11:05:00,-10704.9075810185,1974,0.14,38.969097480443,-97.4763638863868,2560.42013888889,190,-46655122,18651782
"315","SOLOMON RIVER BASIN","SC","SC266","8/13/74",1035,38.96909,-97.47637,10260015,1974-08-13 10:35:00,-10669.9284143519,1974,0.16,38.9690850019975,-97.4763749116861,2595.39930555556,225,-46655127,18651776
"316","SOLOMON RIVER BASIN","SC","SC266","9/24/74",1105,38.96909,-97.47637,10260015,1974-09-24 11:05:00,-10627.9075810185,1974,0.22,38.969087217105,-97.4763770364955,2637.42013888889,267,-46655128,18651777
"317","SOLOMON RIVER BASIN","SC","SC266","10/15/74",1020,38.96909,-97.47637,10260015,1974-10-15 10:20:00,-10606.9388310185,1974,0.21,38.9690960898764,-97.476361201352,2658.38888888889,288,-46655120,18651782
"318","SOLOMON RIVER BASIN","SC","SC266","11/12/74",1030,38.96909,-97.47637,10260015,1974-11-12 10:30:00,-10578.9318865741,1974,0.15,38.9690800074089,-97.4763729588886,2686.39583333333,316,-46655126,18651774
"319","SOLOMON RIVER BASIN","SC","SC266","12/17/74",935,38.96909,-97.47637,10260015,1974-12-17 09:35:00,-10543.9700810185,1974,0.1,38.9690882849505,-97.4763663065634,2721.35763888889,351,-46655123,18651778
"320","SOLOMON RIVER BASIN","SC","SC266","1/14/75",1030,38.96909,-97.47637,10260015,1975-01-14 10:30:00,-10515.9318865741,1975,0.52,38.9690816093496,-97.4763754667924,2749.39583333333,14,-46655127,18651775
"321","SOLOMON RIVER BASIN","SC","SC266","2/11/75",1020,38.96909,-97.47637,10260015,1975-02-11 10:20:00,-10487.9388310185,1975,0.17,38.9690850316352,-97.4763757796554,2777.38888888889,42,-46655127,18651776
"322","SOLOMON RIVER BASIN","SC","SC266","3/12/75",1030,38.96909,-97.47637,10260015,1975-03-12 10:30:00,-10458.9318865741,1975,0.12,38.9690856432177,-97.476371157304,2806.39583333333,71,-46655125,18651777
"323","SOLOMON RIVER BASIN","SC","SC266","4/8/75",1025,38.96909,-97.47637,10260015,1975-04-08 10:25:00,-10431.9353587963,1975,0.11,38.9690863294598,-97.4763600707323,2833.39236111111,98,-46655120,18651777
"324","SOLOMON RIVER BASIN","SC","SC266","5/13/75",1030,38.96909,-97.47637,10260015,1975-05-13 10:30:00,-10396.9318865741,1975,0.15,38.9690919417157,-97.4763669494082,2868.39583333333,133,-46655123,18651780
"325","SOLOMON RIVER BASIN","SC","SC266","6/10/75",1000,38.96909,-97.47637,10260015,1975-06-10 10:00:00,-10368.9527199074,1975,0.18,38.9690977432077,-97.4763741359512,2896.375,161,-46655126,18651782
"326","SOLOMON RIVER BASIN","SC","SC266","7/15/75",1030,38.96909,-97.47637,10260015,1975-07-15 10:30:00,-10333.9318865741,1975,0.13,38.9690932764545,-97.4763676129676,2931.39583333333,196,-46655123,18651780
"327","SOLOMON RIVER BASIN","SC","SC266","8/12/75",1040,38.96909,-97.47637,10260015,1975-08-12 10:40:00,-10305.9249421296,1975,0.19,38.9690903758908,-97.4763672926148,2959.40277777778,224,-46655123,18651779
"328","SOLOMON RIVER BASIN","SC","SC266","9/2/75",1020,38.96909,-97.47637,10260015,1975-09-02 10:20:00,-10284.9388310185,1975,0.3,38.9690860297542,-97.4763711410972,2980.38888888889,245,-46655125,18651777
"329","SOLOMON RIVER BASIN","SC","SC266","11/19/75",930,38.96909,-97.47637,10260015,1975-11-19 09:30:00,-10206.9735532407,1975,0.2,38.9690820378858,-97.4763633068308,3058.35416666667,323,-46655121,18651775
"330","SOLOMON RIVER BASIN","SC","SC266","12/17/75",925,38.96909,-97.47637,10260015,1975-12-17 09:25:00,-10178.977025463,1975,0.16,38.9690875985665,-97.4763629809498,3086.35069444444,351,-46655121,18651777
"331","SOLOMON RIVER BASIN","SC","SC266","1/28/76",905,38.96909,-97.47637,10260015,1976-01-28 09:05:00,-10136.9909143519,1976,0.12,38.9690812911738,-97.4763744970141,3128.33680555556,28,-46655127,18651774
"332","SOLOMON RIVER BASIN","SC","SC266","2/11/76",850,38.96909,-97.47637,10260015,1976-02-11 08:50:00,-10123.0013310185,1976,0.1,38.9690805968779,-97.4763629713704,3142.32638888889,42,-46655121,18651774
"333","SOLOMON RIVER BASIN","SC","SC266","3/10/76",820,38.96909,-97.47637,10260015,1976-03-10 08:20:00,-10095.0221643519,1976,0.15,38.9690999052501,-97.4763746692158,3170.30555555556,70,-46655127,18651783
"334","SOLOMON RIVER BASIN","SC","SC266","5/19/76",745,38.96909,-97.47637,10260015,1976-05-19 07:45:00,-10025.0464699074,1976,0.1,38.9690832910312,-97.4763746906039,3240.28125,140,-46655127,18651775
"335","SOLOMON RIVER BASIN","SC","SC266","6/9/76",805,38.96909,-97.47637,10260015,1976-06-09 08:05:00,-10004.0325810185,1976,0.12,38.969089299807,-97.4763627338026,3261.29513888889,161,-46655121,18651778
"336","SOLOMON RIVER BASIN","SC","SC266","7/14/76",800,38.96909,-97.47637,10260015,1976-07-14 08:00:00,-9969.03605324074,1976,0.13,38.9690841610567,-97.4763785541104,3296.29166666667,196,-46655129,18651776
"337","SOLOMON RIVER BASIN","SC","SC266","8/11/76",832,38.96909,-97.47637,10260015,1976-08-11 08:32:00,-9941.01383101852,1976,0.11,38.9690887950618,-97.4763759105013,3324.31388888889,224,-46655127,18651778
"338","SOLOMON RIVER BASIN","SC","SC266","9/8/76",750,38.96909,-97.47637,10260015,1976-09-08 07:50:00,-9913.04299768518,1976,0.27,38.9690875670661,-97.4763655923038,3352.28472222222,252,-46655122,18651777
"339","SOLOMON RIVER BASIN","SC","SC266","10/13/76",800,38.96909,-97.47637,10260015,1976-10-13 08:00:00,-9878.03605324074,1976,0.2,38.969095343499,-97.4763654855695,3387.29166666667,287,-46655122,18651781
"340","SOLOMON RIVER BASIN","SC","SC266","11/3/76",800,38.96909,-97.47637,10260015,1976-11-03 08:00:00,-9857.03605324074,1976,0.17,38.9690879714522,-97.476364503467,3408.29166666667,308,-46655122,18651778
"341","SOLOMON RIVER BASIN","SC","SC266","12/8/76",845,38.96909,-97.47637,10260015,1976-12-08 08:45:00,-9822.00480324074,1976,0.1,38.9690996822126,-97.4763792023127,3443.32291666667,343,-46655129,18651783
"342","SOLOMON RIVER BASIN","SC","SC266","1/26/77",750,38.96909,-97.47637,10260015,1977-01-26 07:50:00,-9773.04299768518,1977,0.09,38.9690873624188,-97.4763602375857,3492.28472222222,26,-46655120,18651777
"343","SOLOMON RIVER BASIN","SC","SC266","2/9/77",810,38.96909,-97.47637,10260015,1977-02-09 08:10:00,-9759.0291087963,1977,0.12,38.9690884318436,-97.476377320697,3506.29861111111,40,-46655128,18651778
"344","SOLOMON RIVER BASIN","SC","SC266","3/9/77",845,38.96909,-97.47637,10260015,1977-03-09 08:45:00,-9731.00480324074,1977,0.2,38.9690805576164,-97.4763606629275,3534.32291666667,68,-46655120,18651774
"345","SOLOMON RIVER BASIN","SC","SC266","4/13/77",755,38.96909,-97.47637,10260015,1977-04-13 07:55:00,-9696.03952546296,1977,1.04,38.9690925543333,-97.476366675887,3569.28819444444,103,-46655123,18651780
"346","SOLOMON RIVER BASIN","SC","SC266","5/11/77",840,38.96909,-97.47637,10260015,1977-05-11 08:40:00,-9668.00827546296,1977,0.4,38.9690994702028,-97.4763615138477,3597.31944444444,131,-46655120,18651783
"347","SOLOMON RIVER BASIN","SC","SC266","6/7/77",805,38.96909,-97.47637,10260015,1977-06-07 08:05:00,-9641.03258101852,1977,0.61,38.9690921771633,-97.47637189925,3624.29513888889,158,-46655125,18651780
"348","SOLOMON RIVER BASIN","SC","SC266","7/13/77",735,38.96909,-97.47637,10260015,1977-07-13 07:35:00,-9605.05341435185,1977,0.31,38.9690984810459,-97.4763705398857,3660.27430555556,194,-46655125,18651783
"349","SOLOMON RIVER BASIN","SC","SC266","8/10/77",829,38.96909,-97.47637,10260015,1977-08-10 08:29:00,-9577.01591435185,1977,0.01,38.9690843220473,-97.4763704879398,3688.31180555556,222,-46655125,18651776
"350","SOLOMON RIVER BASIN","SC","SC266","9/13/77",805,38.96909,-97.47637,10260015,1977-09-13 08:05:00,-9543.03258101852,1977,0.44,38.9690999382049,-97.476378247037,3722.29513888889,256,-46655128,18651783
"351","SOLOMON RIVER BASIN","SC","SC266","10/12/77",740,38.96909,-97.47637,10260015,1977-10-12 07:40:00,-9514.04994212963,1977,0.32,38.9690805353399,-97.476377380114,3751.27777777778,285,-46655128,18651774
"352","SOLOMON RIVER BASIN","SC","SC266","11/9/77",830,38.96909,-97.47637,10260015,1977-11-09 08:30:00,-9486.01521990741,1977,0.36,38.9690840247609,-97.4763664677023,3779.3125,313,-46655123,18651776
"353","SOLOMON RIVER BASIN","SC","SC266","12/14/77",800,38.96909,-97.47637,10260015,1977-12-14 08:00:00,-9451.03605324074,1977,0.1,38.9690960781824,-97.4763606410012,3814.29166666667,348,-46655120,18651782
"354","SOLOMON RIVER BASIN","SC","SC266","1/10/78",811,38.96909,-97.47637,10260015,1978-01-10 08:11:00,-9424.02841435185,1978,0.11,38.969099280255,-97.4763744935532,3841.29930555556,10,-46655127,18651783
"355","SOLOMON RIVER BASIN","SC","SC266","2/28/78",805,38.96909,-97.47637,10260015,1978-02-28 08:05:00,-9375.03258101852,1978,0.66,38.9690986029933,-97.4763792164414,3890.29513888889,59,-46655129,18651783
"356","SOLOMON RIVER BASIN","SC","SC266","3/21/78",748,38.96909,-97.47637,10260015,1978-03-21 07:48:00,-9354.04438657407,1978,0.44,38.969097482008,-97.4763660539912,3911.28333333333,80,-46655123,18651782
"357","SOLOMON RIVER BASIN","SC","SC266","4/12/78",810,38.96909,-97.47637,10260015,1978-04-12 08:10:00,-9332.0291087963,1978,0.3,38.9690822269192,-97.4763671965745,3933.29861111111,102,-46655123,18651775
"358","SOLOMON RIVER BASIN","SC","SC266","5/10/78",815,38.96909,-97.47637,10260015,1978-05-10 08:15:00,-9304.02563657407,1978,1.5,38.969086250417,-97.4763709661469,3961.30208333333,130,-46655125,18651777
"359","SOLOMON RIVER BASIN","SC","SC266","7/11/78",805,38.96909,-97.47637,10260015,1978-07-11 08:05:00,-9242.03258101852,1978,0.37,38.969084732659,-97.4763606852095,4023.29513888889,192,-46655120,18651776
"360","SOLOMON RIVER BASIN","SC","SC266","8/16/78",743,38.96909,-97.47637,10260015,1978-08-16 07:43:00,-9206.0478587963,1978,0.47,38.9690809771588,-97.4763605397954,4059.27986111111,228,-46655120,18651774
"361","SOLOMON RIVER BASIN","SC","SC266","9/12/78",813,38.96909,-97.47637,10260015,1978-09-12 08:13:00,-9179.02702546296,1978,0.39,38.9690916320675,-97.4763663136365,4086.30069444444,255,-46655123,18651779
"362","SOLOMON RIVER BASIN","SC","SC266","10/11/78",740,38.96909,-97.47637,10260015,1978-10-11 07:40:00,-9150.04994212963,1978,0.27,38.9690951337764,-97.4763702953281,4115.27777777778,284,-46655125,18651781
"363","SOLOMON RIVER BASIN","SC","SC266","11/15/78",815,38.96909,-97.47637,10260015,1978-11-15 08:15:00,-9115.02563657407,1978,0.22,38.9690982552479,-97.4763649821631,4150.30208333333,319,-46655122,18651783
"364","SOLOMON RIVER BASIN","SC","SC266","12/6/78",804,38.96909,-97.47637,10260015,1978-12-06 08:04:00,-9094.03327546296,1978,0.12,38.9690955158204,-97.4763670043109,4171.29444444444,340,-46655123,18651781
"365","SOLOMON RIVER BASIN","SC","SC266","2/14/79",830,38.96909,-97.47637,10260015,1979-02-14 08:30:00,-9024.01521990741,1979,0.15,38.9690947508809,-97.4763642163992,4241.3125,45,-46655122,18651781
"366","SOLOMON RIVER BASIN","SC","SC266","3/14/79",815,38.96909,-97.47637,10260015,1979-03-14 08:15:00,-8996.02563657407,1979,0.52,38.9690960725238,-97.4763644959164,4269.30208333333,73,-46655122,18651782
"367","SOLOMON RIVER BASIN","SC","SC266","4/11/79",745,38.96909,-97.47637,10260015,1979-04-11 07:45:00,-8968.04646990741,1979,0.47,38.9690962876296,-97.4763627038073,4297.28125,101,-46655121,18651782
"368","SOLOMON RIVER BASIN","SC","SC266","5/9/79",800,38.96909,-97.47637,10260015,1979-05-09 08:00:00,-8940.03605324074,1979,0.55,38.9690941217969,-97.4763767950628,4325.29166666667,129,-46655128,18651781
"369","SOLOMON RIVER BASIN","SC","SC266","6/13/79",750,38.96909,-97.47637,10260015,1979-06-13 07:50:00,-8905.04299768518,1979,0.32,38.9690992678067,-97.4763678649341,4360.28472222222,164,-46655123,18651783
"370","SOLOMON RIVER BASIN","SC","SC266","7/18/79",843,38.96909,-97.47637,10260015,1979-07-18 08:43:00,-8870.00619212963,1979,0.99,38.9690900399671,-97.4763708435575,4395.32152777778,199,-46655125,18651779
"371","SOLOMON RIVER BASIN","SC","SC266","8/14/79",750,38.96909,-97.47637,10260015,1979-08-14 07:50:00,-8843.04299768518,1979,0.26,38.9690872029184,-97.4763653920856,4422.28472222222,226,-46655122,18651777
"372","SOLOMON RIVER BASIN","SC","SC266","9/12/79",758,38.96909,-97.47637,10260015,1979-09-12 07:58:00,-8814.03744212963,1979,0.34,38.9690949839973,-97.4763776900134,4451.29027777778,255,-46655128,18651781
"373","SOLOMON RIVER BASIN","SC","SC266","10/10/79",753,38.96909,-97.47637,10260015,1979-10-10 07:53:00,-8786.04091435185,1979,0.23,38.9690936509354,-97.4763773089474,4479.28680555556,283,-46655128,18651780
"374","SOLOMON RIVER BASIN","SC","SC266","11/14/79",805,38.96909,-97.47637,10260015,1979-11-14 08:05:00,-8751.03258101852,1979,0.25,38.9690981894593,-97.4763655169288,4514.29513888889,318,-46655122,18651783
"375","SOLOMON RIVER BASIN","SC","SC266","12/12/79",815,38.96909,-97.47637,10260015,1979-12-12 08:15:00,-8723.02563657407,1979,0.15,38.9690894462114,-97.4763680209993,4542.30208333333,346,-46655124,18651778
"376","SOLOMON RIVER BASIN","SC","SC266","2/20/80",740,38.96909,-97.47637,10260015,1980-02-20 07:40:00,-8653.04994212963,1980,0.02,38.9690973886136,-97.4763667180835,4612.27777777778,51,-46655123,18651782
"377","SOLOMON RIVER BASIN","SC","SC266","3/11/80",735,38.96909,-97.47637,10260015,1980-03-11 07:35:00,-8633.05341435185,1980,0.08,38.9690804852234,-97.4763616597958,4632.27430555556,71,-46655120,18651774
"378","SOLOMON RIVER BASIN","SC","SC266","4/16/80",725,38.96909,-97.47637,10260015,1980-04-16 07:25:00,-8597.0603587963,1980,0.34,38.9690972694151,-97.476369156366,4668.26736111111,107,-46655124,18651782
"379","SOLOMON RIVER BASIN","SC","SC266","6/11/80",755,38.96909,-97.47637,10260015,1980-06-11 07:55:00,-8541.03952546296,1980,0.48,38.9690998867891,-97.4763756965218,4724.28819444444,163,-46655127,18651783
"380","SOLOMON RIVER BASIN","SC","SC266","7/16/80",805,38.96909,-97.47637,10260015,1980-07-16 08:05:00,-8506.03258101852,1980,0.32,38.9690893473281,-97.4763668759393,4759.29513888889,198,-46655123,18651778
"381","SOLOMON RIVER BASIN","SC","SC266","8/13/80",811,38.96909,-97.47637,10260015,1980-08-13 08:11:00,-8478.02841435185,1980,0.39,38.9690901298303,-97.4763611424345,4787.29930555556,226,-46655120,18651779
"382","SOLOMON RIVER BASIN","SC","SC266","9/10/80",753,38.96909,-97.47637,10260015,1980-09-10 07:53:00,-8450.04091435185,1980,0.53,38.9690839119646,-97.4763785165109,4815.28680555556,254,-46655129,18651776
"383","SOLOMON RIVER BASIN","SC","SC266","10/15/80",758,38.96909,-97.47637,10260015,1980-10-15 07:58:00,-8415.03744212963,1980,0.22,38.9690999469866,-97.4763603101972,4850.29027777778,289,-46655120,18651783
"384","SOLOMON RIVER BASIN","SC","SC266","12/3/80",742,38.96909,-97.47637,10260015,1980-12-03 07:42:00,-8366.04855324074,1980,0.16,38.9690874385492,-97.4763768960384,4899.27916666667,338,-46655128,18651777
"385","SOLOMON RIVER BASIN","SC","SC266","1/14/81",735,38.96909,-97.47637,10260015,1981-01-14 07:35:00,-8324.05341435185,1981,0.01,38.9690854834036,-97.4763734110734,4941.27430555556,14,-46655126,18651776
"386","SOLOMON RIVER BASIN","SC","SC266","3/11/81",920,38.96909,-97.47637,10260015,1981-03-11 09:20:00,-8267.98049768518,1981,0.01,38.9690948711815,-97.4763641928022,4997.34722222222,70,-46655122,18651781
"387","SOLOMON RIVER BASIN","SC","SC266","4/15/81",915,38.96909,-97.47637,10260015,1981-04-15 09:15:00,-8232.98396990741,1981,0.07,38.9690877940801,-97.4763627354229,5032.34375,105,-46655121,18651778
"388","SOLOMON RIVER BASIN","SC","SC266","5/13/81",920,38.96909,-97.47637,10260015,1981-05-13 09:20:00,-8204.98049768518,1981,0.1,38.9690883178416,-97.4763764608402,5060.34722222222,133,-46655128,18651778
"389","SOLOMON RIVER BASIN","SC","SC266","6/10/81",913,38.96909,-97.47637,10260015,1981-06-10 09:13:00,-8176.9853587963,1981,0.1,38.9690828257341,-97.4763664281236,5088.34236111111,161,-46655123,18651775
"390","SOLOMON RIVER BASIN","SC","SC266","7/15/81",913,38.96909,-97.47637,10260015,1981-07-15 09:13:00,-8141.9853587963,1981,0.55,38.9690811899846,-97.4763601488781,5123.34236111111,196,-46655120,18651774
"391","SOLOMON RIVER BASIN","SC","SC266","8/12/81",911,38.96909,-97.47637,10260015,1981-08-12 09:11:00,-8113.98674768519,1981,1.61,38.9690861954513,-97.4763634966139,5151.34097222222,224,-46655121,18651777
"392","SOLOMON RIVER BASIN","SC","SC266","9/16/81",920,38.96909,-97.47637,10260015,1981-09-16 09:20:00,-8078.98049768519,1981,0.34,38.9690834509964,-97.4763603033025,5186.34722222222,259,-46655120,18651776
"393","SOLOMON RIVER BASIN","SC","SC266","10/7/81",1037,38.96909,-97.47637,10260015,1981-10-07 10:37:00,-8057.92702546296,1981,0.3,38.9690953114247,-97.4763791799246,5207.40069444444,280,-46655129,18651781
"394","SOLOMON RIVER BASIN","SC","SC266","11/3/81",1010,38.96909,-97.47637,10260015,1981-11-03 10:10:00,-8030.94577546296,1981,0.18,38.9690958574409,-97.4763617876393,5234.38194444444,307,-46655121,18651781
"395","SOLOMON RIVER BASIN","SC","SC266","12/2/81",950,38.96909,-97.47637,10260015,1981-12-02 09:50:00,-8001.95966435185,1981,0.74,38.9690816667341,-97.4763714837956,5263.36805555556,336,-46655125,18651775
"396","SOLOMON RIVER BASIN","SC","SC266","3/9/82",1020,38.96909,-97.47637,10260015,1982-03-09 10:20:00,-7904.93883101852,1982,0.27,38.9690964255009,-97.4763787096508,5360.38888888889,68,-46655129,18651782
"397","SOLOMON RIVER BASIN","SC","SC266","4/14/82",921,38.96909,-97.47637,10260015,1982-04-14 09:21:00,-7868.97980324074,1982,0.18,38.9690845620698,-97.4763720301763,5396.34791666667,104,-46655125,18651776
"398","SOLOMON RIVER BASIN","SC","SC266","5/12/82",955,38.96909,-97.47637,10260015,1982-05-12 09:55:00,-7840.95619212963,1982,0.08,38.9690983480277,-97.476375568617,5424.37152777778,132,-46655127,18651783
"399","SOLOMON RIVER BASIN","SC","SC266","6/2/82",930,38.96909,-97.47637,10260015,1982-06-02 09:30:00,-7819.97355324074,1982,1.1,38.9690820935832,-97.4763676292257,5445.35416666667,153,-46655123,18651775
"400","SOLOMON RIVER BASIN","SC","SC266","7/14/82",928,38.96909,-97.47637,10260015,1982-07-14 09:28:00,-7777.97494212963,1982,0.78,38.9690978519353,-97.4763604473645,5487.35277777778,195,-46655120,18651782
"401","SOLOMON RIVER BASIN","SC","SC266","8/4/82",950,38.96909,-97.47637,10260015,1982-08-04 09:50:00,-7756.95966435185,1982,0.55,38.9690884035261,-97.476362284214,5508.36805555556,216,-46655121,18651778
"402","SOLOMON RIVER BASIN","SC","SC266","9/15/82",950,38.96909,-97.47637,10260015,1982-09-15 09:50:00,-7714.95966435185,1982,0.43,38.9690830905907,-97.4763797048364,5550.36805555556,258,-46655129,18651775
"403","SOLOMON RIVER BASIN","SC","SC266","10/13/82",947,38.96909,-97.47637,10260015,1982-10-13 09:47:00,-7686.96174768519,1982,0.4,38.9690952167764,-97.4763642604319,5578.36597222222,286,-46655122,18651781
"404","SOLOMON RIVER BASIN","SC","SC266","11/3/82",1000,38.96909,-97.47637,10260015,1982-11-03 10:00:00,-7665.95271990741,1982,0.23,38.9690875762633,-97.476369427454,5599.375,307,-46655124,18651777
"405","SOLOMON RIVER BASIN","SC","SC266","12/14/82",1000,38.96909,-97.47637,10260015,1982-12-14 10:00:00,-7624.95271990741,1982,0.15,38.9690892820675,-97.4763751354168,5640.375,348,-46655127,18651778
"406","SOLOMON RIVER BASIN","SC","SC266","1/12/83",1002,38.96909,-97.47637,10260015,1983-01-12 10:02:00,-7595.95133101852,1983,0.1,38.9690872638418,-97.4763710743521,5669.37638888889,12,-46655125,18651777
"407","SOLOMON RIVER BASIN","SC","SC266","2/16/83",1025,38.96909,-97.47637,10260015,1983-02-16 10:25:00,-7560.9353587963,1983,0.17,38.9690896064362,-97.476367480902,5704.39236111111,47,-46655123,18651778
"408","SOLOMON RIVER BASIN","SC","SC266","3/2/83",1000,38.96909,-97.47637,10260015,1983-03-02 10:00:00,-7546.95271990741,1983,0.19,38.9690911367495,-97.4763645003708,5718.375,61,-46655122,18651779
"409","SOLOMON RIVER BASIN","SC","SC266","4/6/83",945,38.96909,-97.47637,10260015,1983-04-06 09:45:00,-7511.96313657407,1983,0.58,38.9690875211027,-97.4763612337277,5753.36458333333,96,-46655120,18651777
"410","SOLOMON RIVER BASIN","SC","SC266","5/4/83",947,38.96909,-97.47637,10260015,1983-05-04 09:47:00,-7483.96174768519,1983,0.2,38.9690964042595,-97.4763791059145,5781.36597222222,124,-46655129,18651782
"411","SOLOMON RIVER BASIN","SC","SC266","6/15/83",940,38.96909,-97.47637,10260015,1983-06-15 09:40:00,-7441.9666087963,1983,0.43,38.9690903229516,-97.4763721430734,5823.36111111111,166,-46655125,18651779
"412","SOLOMON RIVER BASIN","SC","SC266","7/13/83",900,38.96909,-97.47637,10260015,1983-07-13 09:00:00,-7413.99438657407,1983,0.35,38.9690821795935,-97.4763706868749,5851.33333333333,194,-46655125,18651775
"413","SOLOMON RIVER BASIN","SC","SC266","8/9/83",930,38.96909,-97.47637,10260015,1983-08-09 09:30:00,-7386.97355324074,1983,0.31,38.9690971854471,-97.4763748084321,5878.35416666667,221,-46655127,18651782
"414","SOLOMON RIVER BASIN","SC","SC266","9/14/83",900,38.96909,-97.47637,10260015,1983-09-14 09:00:00,-7350.99438657407,1983,0.32,38.9690999112445,-97.4763682050589,5914.33333333333,257,-46655124,18651783
"415","SOLOMON RIVER BASIN","SC","SC266","10/12/83",925,38.96909,-97.47637,10260015,1983-10-12 09:25:00,-7322.97702546296,1983,0.23,38.9690951914875,-97.4763760553061,5942.35069444444,285,-46655127,18651781
"416","SOLOMON RIVER BASIN","SC","SC266","11/2/83",937,38.96909,-97.47637,10260015,1983-11-02 09:37:00,-7301.96869212963,1983,0.25,38.9690996469196,-97.4763644945403,5963.35902777778,306,-46655122,18651783
"417","SOLOMON RIVER BASIN","SC","SC266","1/18/84",1000,38.96909,-97.47637,10260015,1984-01-18 10:00:00,-7224.95271990741,1984,0.17,38.9690816756266,-97.4763707967115,6040.375,18,-46655125,18651775
"418","SOLOMON RIVER BASIN","SC","SC266","2/15/84",923,38.96909,-97.47637,10260015,1984-02-15 09:23:00,-7196.97841435185,1984,0.28,38.9690806058775,-97.4763680314263,6068.34930555556,46,-46655124,18651774
"419","SOLOMON RIVER BASIN","SC","SC266","3/6/84",905,38.96909,-97.47637,10260015,1984-03-06 09:05:00,-7176.99091435185,1984,0.12,38.9690926897617,-97.4763777107055,6088.33680555556,66,-46655128,18651780
"420","SOLOMON RIVER BASIN","SC","SC266","4/4/84",901,38.96909,-97.47637,10260015,1984-04-04 09:01:00,-7147.99369212963,1984,1.1,38.9690883183598,-97.4763746683228,6117.33402777778,95,-46655127,18651778
"421","SOLOMON RIVER BASIN","SC","SC266","5/2/84",900,38.96909,-97.47637,10260015,1984-05-02 09:00:00,-7119.99438657407,1984,1.3,38.9690801176029,-97.4763625140754,6145.33333333333,123,-46655121,18651774
"422","SOLOMON RIVER BASIN","SC","SC266","6/13/84",855,38.96909,-97.47637,10260015,1984-06-13 08:55:00,-7077.9978587963,1984,0.42,38.9690848679839,-97.4763690155778,6187.32986111111,165,-46655124,18651776
"423","SOLOMON RIVER BASIN","SC","SC266","7/18/84",930,38.96909,-97.47637,10260015,1984-07-18 09:30:00,-7042.97355324074,1984,0.34,38.969084675086,-97.4763639914937,6222.35416666667,200,-46655122,18651776
"424","SOLOMON RIVER BASIN","SC","SC266","8/15/84",930,38.96909,-97.47637,10260015,1984-08-15 09:30:00,-7014.97355324074,1984,0.39,38.9690964134552,-97.4763766148626,6250.35416666667,228,-46655128,18651782
"425","SOLOMON RIVER BASIN","SC","SC266","9/12/84",917,38.96909,-97.47637,10260015,1984-09-12 09:17:00,-6986.98258101852,1984,0.03,38.9690974292912,-97.4763722242448,6278.34513888889,256,-46655126,18651782
"426","SOLOMON RIVER BASIN","SC","SC266","10/17/84",925,38.96909,-97.47637,10260015,1984-10-17 09:25:00,-6951.97702546296,1984,0.39,38.9690906918783,-97.4763636201706,6313.35069444444,291,-46655121,18651779
"427","SOLOMON RIVER BASIN","SC","SC266","11/28/84",926,38.96909,-97.47637,10260015,1984-11-28 09:26:00,-6909.97633101852,1984,0.12,38.9690824962304,-97.4763688929048,6355.35138888889,333,-46655124,18651775
"428","SOLOMON RIVER BASIN","SC","SC266","12/12/84",925,38.96909,-97.47637,10260015,1984-12-12 09:25:00,-6895.97702546296,1984,0.04,38.9690884705557,-97.4763636803788,6369.35069444444,347,-46655121,18651778
"429","SOLOMON RIVER BASIN","SC","SC266","1/16/85",855,38.96909,-97.47637,10260015,1985-01-16 08:55:00,-6860.9978587963,1985,0.06,38.969085661486,-97.4763669415667,6404.32986111111,16,-46655123,18651777
"430","SOLOMON RIVER BASIN","SC","SC266","2/13/85",902,38.96909,-97.47637,10260015,1985-02-13 09:02:00,-6832.99299768519,1985,0.05,38.9690989959777,-97.4763672629645,6432.33472222222,44,-46655123,18651783
"431","SOLOMON RIVER BASIN","SC","SC266","3/6/85",930,38.96909,-97.47637,10260015,1985-03-06 09:30:00,-6811.97355324074,1985,1.3,38.9690948281771,-97.4763774217869,6453.35416666667,65,-46655128,18651781
"432","SOLOMON RIVER BASIN","SC","SC266","4/10/85",850,38.96909,-97.47637,10260015,1985-04-10 08:50:00,-6777.00133101852,1985,0.1,38.9690915976643,-97.476369986402,6488.32638888889,100,-46655124,18651779
"433","SOLOMON RIVER BASIN","SC","SC266","5/15/85",920,38.96909,-97.47637,10260015,1985-05-15 09:20:00,-6741.98049768519,1985,0.59,38.969087095155,-97.4763620525317,6523.34722222222,135,-46655121,18651777
"434","SOLOMON RIVER BASIN","SC","SC266","6/12/85",902,38.96909,-97.47637,10260015,1985-06-12 09:02:00,-6713.99299768519,1985,0.7,38.9690986303473,-97.4763756622703,6551.33472222222,163,-46655127,18651783
"435","SOLOMON RIVER BASIN","SC","SC266","6/12/85",907,38.96909,-97.47637,10260015,1985-06-12 09:07:00,-6713.98952546296,1985,0.71,38.9690925595115,-97.476361941922,6551.33819444444,163,-46655121,18651780
"436","SOLOMON RIVER BASIN","SC","SC266","7/17/85",930,38.96909,-97.47637,10260015,1985-07-17 09:30:00,-6678.97355324074,1985,0.05,38.9690893622872,-97.4763755293488,6586.35416666667,198,-46655127,18651778
"437","SOLOMON RIVER BASIN","SC","SC266","8/21/85",919,38.96909,-97.47637,10260015,1985-08-21 09:19:00,-6643.98119212963,1985,0.41,38.9690840429945,-97.4763706447014,6621.34652777778,233,-46655125,18651776
"438","SOLOMON RIVER BASIN","SC","SC266","9/11/85",930,38.96909,-97.47637,10260015,1985-09-11 09:30:00,-6622.97355324074,1985,3.1,38.9690893734955,-97.4763616066651,6642.35416666667,254,-46655120,18651778
"439","SOLOMON RIVER BASIN","SC","SC266","9/11/85",935,38.96909,-97.47637,10260015,1985-09-11 09:35:00,-6622.97008101852,1985,3.1,38.9690820819546,-97.4763792018699,6642.35763888889,254,-46655129,18651775
"440","SOLOMON RIVER BASIN","SC","SC266","10/16/85",910,38.96909,-97.47637,10260015,1985-10-16 09:10:00,-6587.98744212963,1985,0.4,38.969081065452,-97.4763615362259,6677.34027777778,289,-46655120,18651774
"441","SOLOMON RIVER BASIN","SC","SC266","11/12/85",920,38.96909,-97.47637,10260015,1985-11-12 09:20:00,-6560.98049768519,1985,0.1,38.9690852554182,-97.4763707615949,6704.34722222222,316,-46655125,18651776
"442","SOLOMON RIVER BASIN","SC","SC266","1/22/86",855,38.96909,-97.47637,10260015,1986-01-22 08:55:00,-6489.9978587963,1986,1.5,38.9690853526646,-97.4763684360645,6775.32986111111,22,-46655124,18651776
"443","SOLOMON RIVER BASIN","SC","SC266","2/19/86",925,38.96909,-97.47637,10260015,1986-02-19 09:25:00,-6461.97702546296,1986,0.08,38.969089683934,-97.4763751701306,6803.35069444444,50,-46655127,18651778
"444","SOLOMON RIVER BASIN","SC","SC266","3/26/86",907,38.96909,-97.47637,10260015,1986-03-26 09:07:00,-6426.98952546296,1986,0.25,38.9690893824752,-97.4763609415052,6838.33819444444,85,-46655120,18651778
"445","SOLOMON RIVER BASIN","SC","SC266","4/30/86",910,38.96909,-97.47637,10260015,1986-04-30 09:10:00,-6391.98744212963,1986,0.34,38.9690880509446,-97.476373071617,6873.34027777778,120,-46655126,18651778
"446","SOLOMON RIVER BASIN","SC","SC266","5/14/86",925,38.96909,-97.47637,10260015,1986-05-14 09:25:00,-6377.97702546296,1986,0.05,38.9690815638542,-97.4763784734494,6887.35069444444,134,-46655129,18651775
"447","SOLOMON RIVER BASIN","SC","SC266","6/11/86",922,38.96909,-97.47637,10260015,1986-06-11 09:22:00,-6349.9791087963,1986,0.42,38.9690956841708,-97.4763655897891,6915.34861111111,162,-46655122,18651781
"448","SOLOMON RIVER BASIN","SC","SC266","7/16/86",919,38.96909,-97.47637,10260015,1986-07-16 09:19:00,-6314.98119212963,1986,0.35,38.9690807777869,-97.4763613068657,6950.34652777778,197,-46655120,18651774
"449","SOLOMON RIVER BASIN","SC","SC266","9/17/86",925,38.96909,-97.47637,10260015,1986-09-17 09:25:00,-6251.97702546296,1986,0.27,38.9690965099268,-97.4763623289408,7013.35069444444,260,-46655121,18651782
"450","SOLOMON RIVER BASIN","SC","SC266","10/15/86",935,38.96909,-97.47637,10260015,1986-10-15 09:35:00,-6223.97008101852,1986,2.26,38.9690930218939,-97.4763724134049,7041.35763888889,288,-46655126,18651780
"451","SOLOMON RIVER BASIN","SC","SC266","10/15/86",940,38.96909,-97.47637,10260015,1986-10-15 09:40:00,-6223.9666087963,1986,2.29,38.9690898062199,-97.4763744294462,7041.36111111111,288,-46655127,18651779
"452","SOLOMON RIVER BASIN","SC","SC266","11/12/86",906,38.96909,-97.47637,10260015,1986-11-12 09:06:00,-6195.99021990741,1986,0.25,38.9690987993992,-97.4763777572229,7069.3375,316,-46655128,18651783
"453","SOLOMON RIVER BASIN","SC","SC266","11/12/86",911,38.96909,-97.47637,10260015,1986-11-12 09:11:00,-6195.98674768519,1986,0.24,38.969082816442,-97.4763784686006,7069.34097222222,316,-46655129,18651775
"454","SOLOMON RIVER BASIN","SC","SC266","12/2/86",915,38.96909,-97.47637,10260015,1986-12-02 09:15:00,-6175.98396990741,1986,0.09,38.9690872418744,-97.4763774157759,7089.34375,336,-46655128,18651777
"455","SOLOMON RIVER BASIN","SC","SC266","1/7/87",925,38.96909,-97.47637,10260015,1987-01-07 09:25:00,-6139.97702546296,1987,0.22,38.9690980615772,-97.4763713365076,7125.35069444444,7,-46655125,18651783
"456","SOLOMON RIVER BASIN","SC","SC266","2/11/87",1037,38.96909,-97.47637,10260015,1987-02-11 10:37:00,-6104.92702546296,1987,0.13,38.9690837691152,-97.4763655653375,7160.40069444444,42,-46655122,18651776
"457","SOLOMON RIVER BASIN","SC","SC266","3/4/87",909,38.96909,-97.47637,10260015,1987-03-04 09:09:00,-6083.98813657407,1987,0.24,38.9690939100537,-97.4763627407134,7181.33958333333,63,-46655121,18651781
"458","SOLOMON RIVER BASIN","SC","SC266","4/8/87",925,38.96909,-97.47637,10260015,1987-04-08 09:25:00,-6048.97702546296,1987,0.69,38.9690875697974,-97.4763636927425,7216.35069444444,98,-46655121,18651777
"459","SOLOMON RIVER BASIN","SC","SC266","5/6/87",925,38.96909,-97.47637,10260015,1987-05-06 09:25:00,-6020.97702546296,1987,0.8,38.9690891296547,-97.4763742868273,7244.35069444444,126,-46655127,18651778
"460","SOLOMON RIVER BASIN","SC","SC266","6/3/87",900,38.96909,-97.47637,10260015,1987-06-03 09:00:00,-5992.99438657407,1987,0.49,38.9690861254515,-97.4763678068889,7272.33333333333,154,-46655123,18651777
"461","SOLOMON RIVER BASIN","SC","SC266","7/8/87",917,38.96909,-97.47637,10260015,1987-07-08 09:17:00,-5957.98258101852,1987,1.82,38.9690802744888,-97.476374821081,7307.34513888889,189,-46655127,18651774
"462","SOLOMON RIVER BASIN","SC","SC266","8/5/87",938,38.96909,-97.47637,10260015,1987-08-05 09:38:00,-5929.96799768518,1987,0.88,38.9690908506567,-97.476375667631,7335.35972222222,217,-46655127,18651779
"463","SOLOMON RIVER BASIN","SC","SC266","8/5/87",943,38.96909,-97.47637,10260015,1987-08-05 09:43:00,-5929.96452546296,1987,0.9,38.9690903939291,-97.4763706388952,7335.36319444444,217,-46655125,18651779
"464","SOLOMON RIVER BASIN","SC","SC266","9/1/87",936,38.96909,-97.47637,10260015,1987-09-01 09:36:00,-5902.96938657407,1987,0.36,38.9690863948881,-97.4763660935487,7362.35833333333,244,-46655123,18651777
"465","SOLOMON RIVER BASIN","SC","SC266","10/7/87",850,38.96909,-97.47637,10260015,1987-10-07 08:50:00,-5867.00133101852,1987,0.24,38.9690910319816,-97.4763780103858,7398.32638888889,280,-46655128,18651779
"466","SOLOMON RIVER BASIN","SC","SC266","11/10/87",855,38.96909,-97.47637,10260015,1987-11-10 08:55:00,-5832.9978587963,1987,0.25,38.9690991156741,-97.4763699012327,7432.32986111111,314,-46655124,18651783
"467","SOLOMON RIVER BASIN","SC","SC266","11/10/87",900,38.96909,-97.47637,10260015,1987-11-10 09:00:00,-5832.99438657407,1987,0.21,38.9690955949721,-97.4763612024754,7432.33333333333,314,-46655120,18651781
"468","SOLOMON RIVER BASIN","SC","SC266","12/2/87",851,38.96909,-97.47637,10260015,1987-12-02 08:51:00,-5811.00063657407,1987,0.15,38.9690805127369,-97.4763739867298,7454.32708333333,336,-46655126,18651774
"469","SOLOMON RIVER BASIN","SC","SC266","1/6/88",937,38.96909,-97.47637,10260015,1988-01-06 09:37:00,-5775.96869212963,1988,0.11,38.9690802544788,-97.4763784197029,7489.35902777778,6,-46655129,18651774
"470","SOLOMON RIVER BASIN","SC","SC266","3/16/88",900,38.96909,-97.47637,10260015,1988-03-16 09:00:00,-5705.99438657407,1988,0.28,38.9690960760125,-97.4763629230287,7559.33333333333,76,-46655121,18651782
"471","SOLOMON RIVER BASIN","SC","SC266","4/6/88",900,38.96909,-97.47637,10260015,1988-04-06 09:00:00,-5684.99438657407,1988,0.2,38.9690910744275,-97.4763691225144,7580.33333333333,97,-46655124,18651779
"472","SOLOMON RIVER BASIN","SC","SC266","6/8/88",918,38.96909,-97.47637,10260015,1988-06-08 09:18:00,-5621.98188657407,1988,0.19,38.9690817749141,-97.4763613305957,7643.34583333333,160,-46655120,18651775
"473","SOLOMON RIVER BASIN","SC","SC266","6/8/88",923,38.96909,-97.47637,10260015,1988-06-08 09:23:00,-5621.97841435185,1988,0.26,38.9690965633091,-97.4763669810666,7643.34930555556,160,-46655123,18651782
"474","SOLOMON RIVER BASIN","SC","SC266","7/6/88",935,38.96909,-97.47637,10260015,1988-07-06 09:35:00,-5593.97008101852,1988,0.35,38.9690815101982,-97.4763726170424,7671.35763888889,188,-46655126,18651775
"475","SOLOMON RIVER BASIN","SC","SC266","7/6/88",940,38.96909,-97.47637,10260015,1988-07-06 09:40:00,-5593.9666087963,1988,0.34,38.9690942686251,-97.4763680278204,7671.36111111111,188,-46655124,18651781
"476","SOLOMON RIVER BASIN","SC","SC266","8/3/88",930,38.96909,-97.47637,10260015,1988-08-03 09:30:00,-5565.97355324074,1988,0.39,38.9690915702222,-97.4763747459538,7699.35416666667,216,-46655127,18651779
"477","SOLOMON RIVER BASIN","SC","SC266","8/3/88",935,38.96909,-97.47637,10260015,1988-08-03 09:35:00,-5565.97008101852,1988,0.4,38.9690856775421,-97.476363460819,7699.35763888889,216,-46655121,18651777
"478","SOLOMON RIVER BASIN","SC","SC266","9/7/88",850,38.96909,-97.47637,10260015,1988-09-07 08:50:00,-5531.00133101852,1988,0.29,38.9690960716664,-97.4763799947767,7734.32638888889,251,-46655129,18651782
"479","SOLOMON RIVER BASIN","SC","SC266","10/5/88",917,38.96909,-97.47637,10260015,1988-10-05 09:17:00,-5502.98258101852,1988,0.19,38.9690932993494,-97.47637501729,7762.34513888889,279,-46655127,18651780
"480","SOLOMON RIVER BASIN","SC","SC266","10/5/88",922,38.96909,-97.47637,10260015,1988-10-05 09:22:00,-5502.9791087963,1988,0.2,38.9690956430621,-97.4763628186036,7762.34861111111,279,-46655121,18651781
"481","SOLOMON RIVER BASIN","SC","SC266","11/2/88",902,38.96909,-97.47637,10260015,1988-11-02 09:02:00,-5474.99299768519,1988,0.21,38.969082949659,-97.4763652940444,7790.33472222222,307,-46655122,18651775
"482","SOLOMON RIVER BASIN","SC","SC266","12/7/88",950,38.96909,-97.47637,10260015,1988-12-07 09:50:00,-5439.95966435185,1988,0.07,38.9690844400336,-97.4763762948143,7825.36805555556,342,-46655127,18651776
"483","SOLOMON RIVER BASIN","SC","SC266","1/4/89",830,38.96909,-97.47637,10260015,1989-01-04 08:30:00,-5412.01521990741,1989,0.06,38.9690856939408,-97.4763693368822,7853.3125,4,-46655124,18651777
"484","SOLOMON RIVER BASIN","SC","SC266","1/4/89",835,38.96909,-97.47637,10260015,1989-01-04 08:35:00,-5412.01174768519,1989,0.07,38.9690803144259,-97.4763773340956,7853.31597222222,4,-46655128,18651774
"485","SOLOMON RIVER BASIN","SC","SC266","2/1/89",910,38.96909,-97.47637,10260015,1989-02-01 09:10:00,-5383.98744212963,1989,0.11,38.9690807665057,-97.4763610429183,7881.34027777778,32,-46655120,18651774
"486","SOLOMON RIVER BASIN","SC","SC266","2/1/89",915,38.96909,-97.47637,10260015,1989-02-01 09:15:00,-5383.98396990741,1989,0.11,38.9690927550763,-97.4763790514713,7881.34375,32,-46655129,18651780
"487","SOLOMON RIVER BASIN","SC","SC266","3/8/89",900,38.96909,-97.47637,10260015,1989-03-08 09:00:00,-5348.99438657407,1989,0.14,38.9690924852775,-97.4763745639446,7916.33333333333,67,-46655127,18651780
"488","SOLOMON RIVER BASIN","SC","SC266","4/12/89",917,38.96909,-97.47637,10260015,1989-04-12 09:17:00,-5313.98258101852,1989,0.17,38.9690831339236,-97.4763683971353,7951.34513888889,102,-46655124,18651775
"489","SOLOMON RIVER BASIN","SC","SC266","4/12/89",922,38.96909,-97.47637,10260015,1989-04-12 09:22:00,-5313.9791087963,1989,0.15,38.9690973835604,-97.4763668628945,7951.34861111111,102,-46655123,18651782
"490","SOLOMON RIVER BASIN","SC","SC266","5/3/89",910,38.96909,-97.47637,10260015,1989-05-03 09:10:00,-5292.98744212963,1989,0.4,38.9690835372571,-97.4763615460887,7972.34027777778,123,-46655120,18651776
"491","SOLOMON RIVER BASIN","SC","SC266","5/3/89",915,38.96909,-97.47637,10260015,1989-05-03 09:15:00,-5292.98396990741,1989,0.42,38.9690807253412,-97.4763726347815,7972.34375,123,-46655126,18651774
"492","SOLOMON RIVER BASIN","SC","SC266","6/7/89",915,38.96909,-97.47637,10260015,1989-06-07 09:15:00,-5257.98396990741,1989,0.41,38.9690910036806,-97.4763627371261,8007.34375,158,-46655121,18651779
"493","SOLOMON RIVER BASIN","SC","SC266","6/7/89",920,38.96909,-97.47637,10260015,1989-06-07 09:20:00,-5257.98049768519,1989,0.4,38.9690931347565,-97.4763783159798,8007.34722222222,158,-46655128,18651780
"494","SOLOMON RIVER BASIN","SC","SC266","7/5/89",920,38.96909,-97.47637,10260015,1989-07-05 09:20:00,-5229.98049768519,1989,2.35,38.9690944525701,-97.476372814046,8035.34722222222,186,-46655126,18651781
"495","SOLOMON RIVER BASIN","SC","SC266","8/2/89",900,38.96909,-97.47637,10260015,1989-08-02 09:00:00,-5201.99438657407,1989,0.57,38.9690908306142,-97.4763717459314,8063.33333333333,214,-46655125,18651779
"496","SOLOMON RIVER BASIN","SC","SC266","9/6/89",915,38.96909,-97.47637,10260015,1989-09-06 09:15:00,-5166.98396990741,1989,1.23,38.9690802615761,-97.4763731476062,8098.34375,249,-46655126,18651774
"497","SOLOMON RIVER BASIN","SC","SC266","9/6/89",920,38.96909,-97.47637,10260015,1989-09-06 09:20:00,-5166.98049768519,1989,1.3,38.96908262261,-97.4763644575293,8098.34722222222,249,-46655122,18651775
"498","SOLOMON RIVER BASIN","SC","SC266","10/4/89",915,38.96909,-97.47637,10260015,1989-10-04 09:15:00,-5138.98396990741,1989,0.25,38.9690895624957,-97.4763749882762,8126.34375,277,-46655127,18651778
"499","SOLOMON RIVER BASIN","SC","SC266","11/7/89",920,38.96909,-97.47637,10260015,1989-11-07 09:20:00,-5104.98049768519,1989,0.16,38.9690935789124,-97.4763725830332,8160.34722222222,311,-46655126,18651780
"500","SOLOMON RIVER BASIN","SC","SC266","11/7/89",925,38.96909,-97.47637,10260015,1989-11-07 09:25:00,-5104.97702546296,1989,0.16,38.9690956979257,-97.4763621249592,8160.35069444444,311,-46655121,18651781
"501","SOLOMON RIVER BASIN","SC","SC266","12/6/89",920,38.96909,-97.47637,10260015,1989-12-06 09:20:00,-5075.98049768519,1989,0.09,38.9690984541102,-97.4763625966712,8189.34722222222,340,-46655121,18651783
"502","SOLOMON RIVER BASIN","SC","SC266","12/6/89",925,38.96909,-97.47637,10260015,1989-12-06 09:25:00,-5075.97702546296,1989,0.1,38.9690867111094,-97.4763722752392,8189.35069444444,340,-46655126,18651777
"503","SOLOMON RIVER BASIN","SC","SC266","3/14/90",1000,38.96909,-97.47637,10260015,1990-03-14 10:00:00,-4977.95271990741,1990,0.51,38.9690974149893,-97.4763677540516,8287.375,73,-46655123,18651782
"504","SOLOMON RIVER BASIN","SC","SC266","5/9/90",810,38.96909,-97.47637,10260015,1990-05-09 08:10:00,-4922.0291087963,1990,0.32,38.9690832844188,-97.4763673770169,8343.29861111111,129,-46655123,18651775
"505","SOLOMON RIVER BASIN","SC","SC266","7/17/90",1316,38.96909,-97.47637,10260015,1990-07-17 13:16:00,-4852.8166087963,1990,0.4,38.9690847913779,-97.4763630709561,8412.51111111111,198,-46655121,18651776
"506","SOLOMON RIVER BASIN","SC","SC266","9/11/90",1302,38.96909,-97.47637,10260015,1990-09-11 13:02:00,-4796.82633101852,1990,0.38,38.9690809441714,-97.4763629321258,8468.50138888889,254,-46655121,18651774
"507","SOLOMON RIVER BASIN","SC","SC266","10/30/90",1340,38.96909,-97.47637,10260015,1990-10-30 13:40:00,-4747.79994212963,1990,0.72,38.9690934571322,-97.476376453695,8517.52777777778,303,-46655128,18651780
"508","SOLOMON RIVER BASIN","SC","SC266","2/26/91",905,38.96909,-97.47637,10260015,1991-02-26 09:05:00,-4628.99091435185,1991,0.12,38.96909137083,-97.4763624897852,8636.33680555555,57,-46655121,18651779
"509","SOLOMON RIVER BASIN","SC","SC266","4/23/91",818,38.96909,-97.47637,10260015,1991-04-23 08:18:00,-4573.02355324074,1991,0.26,38.9690896542554,-97.4763641356815,8692.30416666667,113,-46655122,18651778
"510","SOLOMON RIVER BASIN","SC","SC266","6/24/91",1554,38.96909,-97.47637,10260015,1991-06-24 15:54:00,-4510.70688657407,1991,0.4,38.9690922266076,-97.4763751691362,8754.62083333333,175,-46655127,18651780
"511","SOLOMON RIVER BASIN","SC","SC266","8/26/91",1610,38.96909,-97.47637,10260015,1991-08-26 16:10:00,-4447.69577546296,1991,0.22,38.9690896909864,-97.4763677044048,8817.63194444445,238,-46655123,18651778
"512","SOLOMON RIVER BASIN","SC","SC266","10/28/91",1625,38.96909,-97.47637,10260015,1991-10-28 16:25:00,-4384.6853587963,1991,0.2,38.9690988020416,-97.476360051912,8880.64236111111,301,-46655120,18651783
"513","SOLOMON RIVER BASIN","SC","SC266","12/4/91",915,38.96909,-97.47637,10260015,1991-12-04 09:15:00,-4347.98396990741,1991,0.1,38.9690931372598,-97.4763656551361,8917.34375,338,-46655122,18651780
"514","SOLOMON RIVER BASIN","SC","SC266","1/7/92",1443,38.96909,-97.47637,10260015,1992-01-07 14:43:00,-4313.75619212963,1992,0.14,38.9690885729337,-97.4763654585882,8951.57152777778,7,-46655122,18651778
"515","SOLOMON RIVER BASIN","SC","SC266","3/17/92",820,38.96909,-97.47637,10260015,1992-03-17 08:20:00,-4244.02216435185,1992,0.19,38.9690909089888,-97.4763637725197,9021.30555555555,77,-46655121,18651779
"516","SOLOMON RIVER BASIN","SC","SC266","5/12/92",1335,38.96909,-97.47637,10260015,1992-05-12 13:35:00,-4187.80341435185,1992,0.32,38.9690903736617,-97.4763606492719,9077.52430555555,133,-46655120,18651779
"517","SOLOMON RIVER BASIN","SC","SC266","7/14/92",1314,38.96909,-97.47637,10260015,1992-07-14 13:14:00,-4124.81799768519,1992,1.56,38.9690853133684,-97.4763722180817,9140.50972222222,196,-46655126,18651776
"518","SOLOMON RIVER BASIN","SC","SC266","9/22/92",1435,38.96909,-97.47637,10260015,1992-09-22 14:35:00,-4054.76174768519,1992,0.3,38.9690910085843,-97.4763654644888,9210.56597222222,266,-46655122,18651779
"519","SOLOMON RIVER BASIN","SC","SC266","11/10/92",1343,38.96909,-97.47637,10260015,1992-11-10 13:43:00,-4005.7978587963,1992,0.22,38.9690923349087,-97.4763603250422,9259.52986111111,315,-46655120,18651780
"520","SOLOMON RIVER BASIN","SC","SC266","4/20/93",1305,38.96909,-97.47637,10260015,1993-04-20 13:05:00,-3844.82424768519,1993,0.54,38.9690976452901,-97.476378161595,9420.50347222222,110,-46655128,18651782
"521","SOLOMON RIVER BASIN","SC","SC266","6/15/93",1436,38.96909,-97.47637,10260015,1993-06-15 14:36:00,-3788.76105324074,1993,0.2,38.969091445694,-97.4763742886429,9476.56666666667,166,-46655127,18651779
"522","SOLOMON RIVER BASIN","SC","SC266","8/17/93",1429,38.96909,-97.47637,10260015,1993-08-17 14:29:00,-3725.76591435185,1993,0.62,38.9690960451765,-97.4763792951107,9539.56180555556,229,-46655129,18651782
"523","SOLOMON RIVER BASIN","SC","SC266","10/19/93",1334,38.96909,-97.47637,10260015,1993-10-19 13:34:00,-3662.8041087963,1993,0.47,38.9690934749626,-97.4763695742405,9602.52361111111,292,-46655124,18651780
"524","SOLOMON RIVER BASIN","SC","SC266","12/14/93",1400,38.96909,-97.47637,10260015,1993-12-14 14:00:00,-3606.78605324074,1993,0.32,38.9690920410693,-97.4763748975808,9658.54166666667,348,-46655127,18651780
"525","SOLOMON RIVER BASIN","SC","SC266","1/11/94",1422,38.96909,-97.47637,10260015,1994-01-11 14:22:00,-3578.77077546296,1994,0.38,38.9690830335113,-97.4763648411282,9686.55694444444,11,-46655122,18651775
"526","SOLOMON RIVER BASIN","SC","SC266","3/22/94",1420,38.96909,-97.47637,10260015,1994-03-22 14:20:00,-3508.77216435185,1994,0.29,38.9690906526471,-97.4763735606657,9756.55555555555,81,-46655126,18651779
"527","SOLOMON RIVER BASIN","SC","SC266","5/17/94",1320,38.96909,-97.47637,10260015,1994-05-17 13:20:00,-3452.81383101852,1994,0.34,38.9690811552186,-97.476360851447,9812.51388888889,137,-46655120,18651774
"528","SOLOMON RIVER BASIN","SC","SC266","7/19/94",1406,38.96909,-97.47637,10260015,1994-07-19 14:06:00,-3389.78188657407,1994,0.95,38.9690913505467,-97.4763612016208,9875.54583333333,200,-46655120,18651779
"529","SOLOMON RIVER BASIN","SC","SC266","9/20/94",1510,38.96909,-97.47637,10260015,1994-09-20 15:10:00,-3326.73744212963,1994,0.22,38.9690973176038,-97.4763794119891,9938.59027777778,263,-46655129,18651782
"530","SOLOMON RIVER BASIN","SC","SC266","11/15/94",1355,38.96909,-97.47637,10260015,1994-11-15 13:55:00,-3270.78952546296,1994,0.14,38.9690987894419,-97.4763763300153,9994.53819444445,319,-46655128,18651783
"531","SOLOMON RIVER BASIN","SC","SC266","2/15/95",801,38.96909,-97.47637,10260015,1995-02-15 08:01:00,-3179.0353587963,1995,0.12,38.9690868743746,-97.4763604687865,10086.2923611111,46,-46655120,18651777
"532","SOLOMON RIVER BASIN","SC","SC266","4/19/95",811,38.96909,-97.47637,10260015,1995-04-19 08:11:00,-3116.02841435185,1995,0.22,38.9690855333912,-97.4763749572756,10149.2993055556,109,-46655127,18651777
"533","SOLOMON RIVER BASIN","SC","SC266","6/21/95",900,38.96909,-97.47637,10260015,1995-06-21 09:00:00,-3052.99438657407,1995,0.48,38.9690871161397,-97.4763627843476,10212.3333333333,172,-46655121,18651777
"534","SOLOMON RIVER BASIN","SC","SC266","8/23/95",832,38.96909,-97.47637,10260015,1995-08-23 08:32:00,-2990.01383101852,1995,0.698,38.9690862246259,-97.4763662492572,10275.3138888889,235,-46655123,18651777
"535","SOLOMON RIVER BASIN","SC","SC266","10/18/95",930,38.96909,-97.47637,10260015,1995-10-18 09:30:00,-2933.97355324074,1995,0.22,38.9690898471712,-97.4763701066328,10331.3541666667,291,-46655125,18651779
"536","SOLOMON RIVER BASIN","SC","SC266","12/13/95",821,38.96909,-97.47637,10260015,1995-12-13 08:21:00,-2878.02146990741,1995,0.145,38.9690913539763,-97.4763788648469,10387.30625,347,-46655129,18651779
"537","SOLOMON RIVER BASIN","SC","SC266","3/20/96",912,38.96909,-97.47637,10260015,1996-03-20 09:12:00,-2779.98605324074,1996,0.194,38.9690861032448,-97.4763760688958,10485.3416666667,80,-46655127,18651777
"538","SOLOMON RIVER BASIN","SC","SC266","5/15/96",825,38.96909,-97.47637,10260015,1996-05-15 08:25:00,-2724.01869212963,1996,0.329,38.9690986593794,-97.4763706529713,10541.3090277778,136,-46655125,18651783
"539","SOLOMON RIVER BASIN","SC","SC266","7/17/96",852,38.96909,-97.47637,10260015,1996-07-17 08:52:00,-2660.99994212963,1996,0.467,38.9690962044728,-97.4763769644644,10604.3277777778,199,-46655128,18651782
"540","SOLOMON RIVER BASIN","SC","SC266","9/18/96",853,38.96909,-97.47637,10260015,1996-09-18 08:53:00,-2597.99924768519,1996,0.827,38.9690969797364,-97.4763662786115,10667.3284722222,262,-46655123,18651782
"541","SOLOMON RIVER BASIN","SC","SC266","11/14/96",800,38.96909,-97.47637,10260015,1996-11-14 08:00:00,-2541.03605324074,1996,0.112,38.9690809033738,-97.4763745762925,10724.2916666667,319,-46655127,18651774
"542","SOLOMON RIVER BASIN","SC","SC266","2/26/97",759,38.96909,-97.47637,10260015,1997-02-26 07:59:00,-2437.03674768519,1997,0.249,38.9690994162022,-97.4763679950063,10828.2909722222,57,-46655124,18651783
"543","SOLOMON RIVER BASIN","SC","SC266","4/30/97",805,38.96909,-97.47637,10260015,1997-04-30 08:05:00,-2374.03258101852,1997,0.137,38.9690925668832,-97.476379325837,10891.2951388889,120,-46655129,18651780
"544","SOLOMON RIVER BASIN","SC","SC266","6/25/97",810,38.96909,-97.47637,10260015,1997-06-25 08:10:00,-2318.0291087963,1997,1.238,38.9690962354067,-97.4763688589131,10947.2986111111,176,-46655124,18651782
"545","SOLOMON RIVER BASIN","SC","SC266","6/25/97",815,38.96909,-97.47637,10260015,1997-06-25 08:15:00,-2318.02563657407,1997,1.185,38.9690902642144,-97.476362203611,10947.3020833333,176,-46655121,18651779
"546","SOLOMON RIVER BASIN","SC","SC266","8/27/97",805,38.96909,-97.47637,10260015,1997-08-27 08:05:00,-2255.03258101852,1997,0.36,38.9690896097189,-97.4763711600747,11010.2951388889,239,-46655125,18651778
"547","SOLOMON RIVER BASIN","SC","SC266","10/29/97",826,38.96909,-97.47637,10260015,1997-10-29 08:26:00,-2192.01799768519,1997,0.623,38.9690836419541,-97.4763751488948,11073.3097222222,302,-46655127,18651776
"548","SOLOMON RIVER BASIN","SC","SC266","12/17/97",825,38.96909,-97.47637,10260015,1997-12-17 08:25:00,-2143.01869212963,1997,0.186,38.9690870205768,-97.4763632920592,11122.3090277778,351,-46655121,18651777
"549","SOLOMON RIVER BASIN","SC","SC266","1/28/98",815,38.96909,-97.47637,10260015,1998-01-28 08:15:00,-2101.02563657407,1998,0.115,38.969083021186,-97.4763611617049,11164.3020833333,28,-46655120,18651775
"550","SOLOMON RIVER BASIN","SC","SC266","3/25/98",805,38.96909,-97.47637,10260015,1998-03-25 08:05:00,-2045.03258101852,1998,0.46,38.9690989530559,-97.4763636049831,11220.2951388889,84,-46655121,18651783
"551","SOLOMON RIVER BASIN","SC","SC266","5/20/98",755,38.96909,-97.47637,10260015,1998-05-20 07:55:00,-1989.03952546296,1998,0.279,38.969094599973,-97.4763725189046,11276.2881944444,140,-46655126,18651781
"552","SOLOMON RIVER BASIN","SC","SC266","7/29/98",735,38.96909,-97.47637,10260015,1998-07-29 07:35:00,-1919.05341435185,1998,1.43,38.969088513852,-97.4763667028401,11346.2743055556,210,-46655123,18651778
"553","SOLOMON RIVER BASIN","SC","SC266","9/23/98",800,38.96909,-97.47637,10260015,1998-09-23 08:00:00,-1863.03605324074,1998,0.28,38.9690884322033,-97.4763787501239,11402.2916666667,266,-46655129,18651778
"554","SOLOMON RIVER BASIN","SC","SC266","12/2/98",815,38.96909,-97.47637,10260015,1998-12-02 08:15:00,-1793.02563657407,1998,0.26,38.9690817857538,-97.4763717542303,11472.3020833333,336,-46655125,18651775
"555","SOLOMON RIVER BASIN","SC","SC266","2/17/99",800,38.96909,-97.47637,10260015,1999-02-17 08:00:00,-1716.03605324074,1999,0.25,38.9690822132821,-97.4763686955389,11549.2916666667,48,-46655124,18651775
"556","SOLOMON RIVER BASIN","SC","SC266","4/21/99",855,38.96909,-97.47637,10260015,1999-04-21 08:55:00,-1652.9978587963,1999,0.45,38.9690848608641,-97.4763734903049,11612.3298611111,111,-46655126,18651776
"557","SOLOMON RIVER BASIN","SC","SC266","6/16/99",900,38.96909,-97.47637,10260015,1999-06-16 09:00:00,-1596.99438657407,1999,0.53,38.9690858194764,-97.4763750495592,11668.3333333333,167,-46655127,18651777
"558","SOLOMON RIVER BASIN","SC","SC266","8/18/99",905,38.96909,-97.47637,10260015,1999-08-18 09:05:00,-1533.99091435185,1999,0.3,38.9690825622908,-97.4763786717342,11731.3368055556,230,-46655129,18651775
"559","SOLOMON RIVER BASIN","SC","SC266","10/20/99",905,38.96909,-97.47637,10260015,1999-10-20 09:05:00,-1470.99091435185,1999,0.19,38.9690909713479,-97.476363025638,11794.3368055556,293,-46655121,18651779
"560","SOLOMON RIVER BASIN","SC","SC266","12/22/99",900,38.96909,-97.47637,10260015,1999-12-22 09:00:00,-1407.99438657407,1999,0.11,38.9690932446068,-97.4763665890835,11857.3333333333,356,-46655123,18651780
"561","SOLOMON RIVER BASIN","SC","SC266","1/20/00",830,38.96909,-97.47637,10260015,2000-01-20 08:30:00,-1379.01521990741,2000,0.14,38.969080977871,-97.476375002153,11886.3125,20,-46655127,18651774
"562","SOLOMON RIVER BASIN","SC","SC266","3/22/00",750,38.96909,-97.47637,10260015,2000-03-22 07:50:00,-1317.04299768519,2000,0.25,38.9690971251502,-97.4763674814247,11948.2847222222,82,-46655123,18651782
"563","SOLOMON RIVER BASIN","SC","SC266","5/17/00",840,38.96909,-97.47637,10260015,2000-05-17 08:40:00,-1261.00827546296,2000,0.32,38.9690877535885,-97.4763742435336,12004.3194444444,138,-46655127,18651778
"564","SOLOMON RIVER BASIN","SC","SC266","7/19/00",830,38.96909,-97.47637,10260015,2000-07-19 08:30:00,-1198.01521990741,2000,0.34,38.9690902378326,-97.4763704658074,12067.3125,201,-46655125,18651779
"565","SOLOMON RIVER BASIN","SC","SC266","9/20/00",750,38.96909,-97.47637,10260015,2000-09-20 07:50:00,-1135.04299768519,2000,0.25,38.9690952170644,-97.4763694971558,12130.2847222222,264,-46655124,18651781
"566","SOLOMON RIVER BASIN","SC","SC266","11/15/00",820,38.96909,-97.47637,10260015,2000-11-15 08:20:00,-1079.02216435185,2000,0.11,38.9690841450807,-97.4763756972667,12186.3055555556,320,-46655127,18651776
"567","SOLOMON RIVER BASIN","SC","SC266","4/18/01",755,38.96909,-97.47637,10260015,2001-04-18 07:55:00,-925.039525462963,2001,0.283,38.9690953437095,-97.4763761423684,12340.2881944444,108,-46655127,18651781
"568","SOLOMON RIVER BASIN","SC","SC266","6/20/01",755,38.96909,-97.47637,10260015,2001-06-20 07:55:00,-862.039525462963,2001,0.541,38.9690830209709,-97.4763748442966,12403.2881944444,171,-46655127,18651775
"569","SOLOMON RIVER BASIN","SC","SC266","8/22/01",815,38.96909,-97.47637,10260015,2001-08-22 08:15:00,-799.025636574074,2001,0.203,38.969098130578,-97.4763754781097,12466.3020833333,234,-46655127,18651783
"570","SOLOMON RIVER BASIN","SC","SC266","10/17/01",845,38.96909,-97.47637,10260015,2001-10-17 08:45:00,-743.004803240741,2001,0.202,38.9690839306213,-97.4763684180869,12522.3229166667,290,-46655124,18651776
"571","SOLOMON RIVER BASIN","SC","SC266","12/18/01",1510,38.96909,-97.47637,10260015,2001-12-18 15:10:00,-680.73744212963,2001,0.081,38.9690825392683,-97.476376356357,12584.5902777778,352,-46655128,18651775
"572","SOLOMON RIVER BASIN","SC","SC266","1/23/02",910,38.96909,-97.47637,10260015,2002-01-23 09:10:00,-644.98744212963,2002,0.128,38.9690846070822,-97.4763689507492,12620.3402777778,23,-46655124,18651776
"573","SOLOMON RIVER BASIN","SC","SC266","3/19/02",920,38.96909,-97.47637,10260015,2002-03-19 09:20:00,-589.980497685185,2002,0.172,38.9690851211341,-97.4763752595986,12675.3472222222,78,-46655127,18651776
"574","SOLOMON RIVER BASIN","SC","SC266","5/21/02",950,38.96909,-97.47637,10260015,2002-05-21 09:50:00,-526.959664351852,2002,0.267,38.969095152503,-97.4763691908712,12738.3680555556,141,-46655124,18651781
"575","SOLOMON RIVER BASIN","SC","SC266","7/23/02",915,38.96909,-97.47637,10260015,2002-07-23 09:15:00,-463.983969907407,2002,0.34,38.9690922738231,-97.4763654518487,12801.34375,204,-46655122,18651780
"576","SOLOMON RIVER BASIN","SC","SC266","9/17/02",1010,38.96909,-97.47637,10260015,2002-09-17 10:10:00,-407.945775462963,2002,0.327,38.9690817297946,-97.4763721376079,12857.3819444444,260,-46655125,18651775
"577","SOLOMON RIVER BASIN","SC","SC266","11/19/02",931,38.96909,-97.47637,10260015,2002-11-19 09:31:00,-344.972858796296,2002,0.104,38.9690960488086,-97.4763693412972,12920.3548611111,323,-46655124,18651782
"578","SOLOMON RIVER BASIN","SC","SC266","11/19/02",936,38.96909,-97.47637,10260015,2002-11-19 09:36:00,-344.969386574074,2002,0.106,38.9690939597495,-97.4763729142771,12920.3583333333,323,-46655126,18651781
"579","SOLOMON RIVER BASIN","SC","SC266","2/18/03",1031,38.96909,-97.47637,10260015,2003-02-18 10:31:00,-253.93119212963,2003,0.083,38.9690986056788,-97.4763798008457,13011.3965277778,49,-46655129,18651783
"580","SOLOMON RIVER BASIN","SC","SC266","4/15/03",1001,38.96909,-97.47637,10260015,2003-04-15 10:01:00,-197.952025462963,2003,0.235,38.969081533857,-97.4763647374765,13067.3756944444,105,-46655122,18651775
"581","SOLOMON RIVER BASIN","SC","SC266","6/17/03",925,38.96909,-97.47637,10260015,2003-06-17 09:25:00,-134.977025462963,2003,0.37,38.9690829601945,-97.4763742453946,13130.3506944444,168,-46655127,18651775
"582","SOLOMON RIVER BASIN","SC","SC266","8/19/03",1001,38.96909,-97.47637,10260015,2003-08-19 10:01:00,-71.952025462963,2003,0.333,38.9690886982521,-97.4763698538947,13193.3756944444,231,-46655124,18651778
"583","SOLOMON RIVER BASIN","SC","SC266","10/21/03",858,38.96909,-97.47637,10260015,2003-10-21 08:58:00,-8.99577546296296,2003,0.281,38.9690907393285,-97.4763610678815,13256.3319444444,294,-46655120,18651779
"584","SOLOMON RIVER BASIN","SC","SC266","3/16/04",950,38.96909,-97.47637,10260015,2004-03-16 09:50:00,138.040335648148,2004,0.308,38.9690924624503,-97.4763650365766,13403.3680555556,76,-46655122,18651780
"585","SOLOMON RIVER BASIN","SC","SC266","5/18/04",953,38.96909,-97.47637,10260015,2004-05-18 09:53:00,201.042418981481,2004,0.254,38.969097156778,-97.4763649644497,13466.3701388889,139,-46655122,18651782
"586","SOLOMON RIVER BASIN","SC","SC266","7/20/04",902,38.96909,-97.47637,10260015,2004-07-20 09:02:00,264.007002314815,2004,0.505,38.9690903713446,-97.4763775669917,13529.3347222222,202,-46655128,18651779
"587","SOLOMON RIVER BASIN","SC","SC266","9/21/04",1000,38.96909,-97.47637,10260015,2004-09-21 10:00:00,327.047280092593,2004,0.303,38.9690938098197,-97.4763704452908,13592.375,265,-46655125,18651780
"588","SOLOMON RIVER BASIN","SC","SC266","11/16/04",856,38.96909,-97.47637,10260015,2004-11-16 08:56:00,383.002835648148,2004,0.161,38.9690985670209,-97.4763739097457,13648.3305555556,321,-46655126,18651783
"589","SOLOMON RIVER BASIN","SC","SC266","2/15/05",934,38.96909,-97.47637,10260015,2005-02-15 09:34:00,474.029224537037,2005,0.72,38.9690965342764,-97.4763692044624,13739.3569444444,46,-46655124,18651782
"590","SOLOMON RIVER BASIN","SC","SC266","4/19/05",1026,38.96909,-97.47637,10260015,2005-04-19 10:26:00,537.065335648148,2005,0.382,38.9690877305148,-97.4763691148997,13802.3930555556,109,-46655124,18651778
"591","SOLOMON RIVER BASIN","SC","SC266","6/14/05",858,38.96909,-97.47637,10260015,2005-06-14 08:58:00,593.004224537037,2005,0.809,38.9690935631048,-97.476366354531,13858.3319444444,165,-46655123,18651780
"592","SOLOMON RIVER BASIN","SC","SC266","8/16/05",939,38.96909,-97.47637,10260015,2005-08-16 09:39:00,656.032696759259,2005,0.904,38.9690846497967,-97.4763761654419,13921.3604166667,228,-46655127,18651776
"593","SOLOMON RIVER BASIN","SC","SC266","10/18/05",1008,38.96909,-97.47637,10260015,2005-10-18 10:08:00,719.052835648148,2005,0.197,38.9690990499192,-97.4763683083415,13984.3805555556,291,-46655124,18651783
"594","SOLOMON RIVER BASIN","SC","SC266","10/18/05",1013,38.96909,-97.47637,10260015,2005-10-18 10:13:00,719.05630787037,2005,0.185,38.9690822408694,-97.4763631821421,13984.3840277778,291,-46655121,18651775
"595","SOLOMON RIVER BASIN","SC","SC266","12/20/05",935,38.96909,-97.47637,10260015,2005-12-20 09:35:00,782.029918981482,2005,0.052,38.9690952172868,-97.4763752962062,14047.3576388889,354,-46655127,18651781
"596","SOLOMON RIVER BASIN","SC","SC266","1/24/06",956,38.96909,-97.47637,10260015,2006-01-24 09:56:00,817.044502314815,2006,0.055,38.9690889836811,-97.4763726656302,14082.3722222222,24,-46655126,18651778
"597","SOLOMON RIVER BASIN","SC","SC266","5/16/06",943,38.96909,-97.47637,10260015,2006-05-16 09:43:00,929.035474537037,2006,0.343,38.9690817055213,-97.4763623263074,14194.3631944444,136,-46655121,18651775
"598","SOLOMON RIVER BASIN","SC","SC266","7/18/06",906,38.96909,-97.47637,10260015,2006-07-18 09:06:00,992.009780092593,2006,0.479,38.9690860286121,-97.476367948157,14257.3375,199,-46655123,18651777
"599","SOLOMON RIVER BASIN","SC","SC266","7/18/06",911,38.96909,-97.47637,10260015,2006-07-18 09:11:00,992.013252314815,2006,0.265,38.9690992547106,-97.4763771200459,14257.3409722222,199,-46655128,18651783
"600","SOLOMON RIVER BASIN","SC","SC266","9/19/06",1033,38.96909,-97.47637,10260015,2006-09-19 10:33:00,1055.07019675926,2006,0.551,38.9690897697678,-97.476372906048,14320.3979166667,262,-46655126,18651779
"601","SOLOMON RIVER BASIN","SC","SC266","11/14/06",847,38.96909,-97.47637,10260015,2006-11-14 08:47:00,1110.99658564815,2006,0.148,38.9690850628918,-97.476372864136,14376.3243055556,318,-46655126,18651776
"602","SOLOMON RIVER BASIN","SC","SC266","2/20/07",952,38.96909,-97.47637,10260015,2007-02-20 09:52:00,1209.04172453704,2007,0.707,38.9690829212101,-97.476374696624,14474.3694444444,51,-46655127,18651775
"603","SOLOMON RIVER BASIN","SC","SC266","4/17/07",849,38.96909,-97.47637,10260015,2007-04-17 08:49:00,1264.99797453704,2007,0.517,38.9690920443323,-97.4763652157844,14530.3256944444,107,-46655122,18651780
"604","SOLOMON RIVER BASIN","SC","SC266","6/19/07",854,38.96909,-97.47637,10260015,2007-06-19 08:54:00,1328.00144675926,2007,0.351,38.9690809237489,-97.4763641194255,14593.3291666667,170,-46655122,18651774
"605","SOLOMON RIVER BASIN","SC","SC266","8/21/07",931,38.96909,-97.47637,10260015,2007-08-21 09:31:00,1391.0271412037,2007,0.502,38.9690812357849,-97.4763666056237,14656.3548611111,233,-46655123,18651774
"606","SOLOMON RIVER BASIN","SC","SC266","10/16/07",918,38.96909,-97.47637,10260015,2007-10-16 09:18:00,1447.01811342593,2007,1.373,38.9690986518621,-97.4763775167132,14712.3458333333,289,-46655128,18651783
"607","SOLOMON RIVER BASIN","SC","SC266","12/18/07",911,38.96909,-97.47637,10260015,2007-12-18 09:11:00,1510.01325231481,2007,0.247,38.9690865905769,-97.476376893349,14775.3409722222,352,-46655128,18651777
"608","SOLOMON RIVER BASIN","SC","SC266","12/18/07",916,38.96909,-97.47637,10260015,2007-12-18 09:16:00,1510.01672453704,2007,0.243,38.9690958424257,-97.47637959016,14775.3444444444,352,-46655129,18651781
"609","SOLOMON RIVER BASIN","SC","SC266","1/29/08",908,38.96909,-97.47637,10260015,2008-01-29 09:08:00,1552.01116898148,2008,0.111,38.9690850720001,-97.4763626728829,14817.3388888889,29,-46655121,18651776
"610","SOLOMON RIVER BASIN","SC","SC266","3/18/08",853,38.96909,-97.47637,10260015,2008-03-18 08:53:00,1601.00075231481,2008,0.1,38.9690801268978,-97.4763666667186,14866.3284722222,78,-46655123,18651774
"611","SOLOMON RIVER BASIN","SC","SC266","5/20/08",852,38.96909,-97.47637,10260015,2008-05-20 08:52:00,1664.00005787037,2008,0.336,38.9690847250916,-97.4763719758577,14929.3277777778,141,-46655125,18651776
"612","SOLOMON RIVER BASIN","SC","SC266","7/22/08",854,38.96909,-97.47637,10260015,2008-07-22 08:54:00,1727.00144675926,2008,0.731,38.9690834195973,-97.4763616448508,14992.3291666667,204,-46655120,18651775
"613","SOLOMON RIVER BASIN","SC","SC266","9/16/08",852,38.96909,-97.47637,10260015,2008-09-16 08:52:00,1783.00005787037,2008,0.995,38.969085196638,-97.4763682124821,15048.3277777778,260,-46655124,18651776
"614","SOLOMON RIVER BASIN","SC","SC266","11/18/08",850,38.96909,-97.47637,10260015,2008-11-18 08:50:00,1845.99866898148,2008,0.407,38.9690956561431,-97.4763634938508,15111.3263888889,323,-46655121,18651781
"615","SOLOMON RIVER BASIN","SC","SC266","11/18/08",855,38.96909,-97.47637,10260015,2008-11-18 08:55:00,1846.0021412037,2008,0.422,38.9690952961369,-97.4763719907592,15111.3298611111,323,-46655125,18651781
"616","SOLOMON RIVER BASIN","SC","SC266","2/17/09",839,38.96909,-97.47637,10260015,2009-02-17 08:39:00,1936.99103009259,2009,0.153,38.9690935498847,-97.4763768114345,15202.31875,48,-46655128,18651780
"617","SOLOMON RIVER BASIN","SC","SC266","4/21/09",909,38.96909,-97.47637,10260015,2009-04-21 09:09:00,2000.01186342593,2009,0.308,38.9690893438656,-97.4763727083865,15265.3395833333,111,-46655126,18651778
"618","SOLOMON RIVER BASIN","SC","SC266","6/9/09",843,38.96909,-97.47637,10260015,2009-06-09 08:43:00,2048.99380787037,2009,0.487,38.969087683778,-97.4763670554966,15314.3215277778,160,-46655123,18651778
"619","SOLOMON RIVER BASIN","SC","SC266","8/17/09",954,38.96909,-97.47637,10260015,2009-08-17 09:54:00,2118.04311342593,2009,0.437,38.969094944813,-97.476372726952,15383.3708333333,229,-46655126,18651781
"620","SOLOMON RIVER BASIN","SC","SC266","12/15/09",933,38.96909,-97.47637,10260015,2009-12-15 09:33:00,2238.02853009259,2009,0.127,38.9690913388687,-97.4763675734863,15503.35625,349,-46655123,18651779
"621","SOLOMON RIVER BASIN","SC","SC266","2/2/10",1534,38.96909,-97.47637,10260015,2010-02-02 15:34:00,2287.27922453704,2010,0.389,38.9690930090055,-97.476376204616,15552.6069444444,33,-46655127,18651780
"622","SOLOMON RIVER BASIN","SC","SC266","5/4/10",1449,38.96909,-97.47637,10260015,2010-05-04 14:49:00,2378.24797453704,2010,0.941,38.9690802571654,-97.4763783406733,15643.5756944444,124,-46655128,18651774
"623","SOLOMON RIVER BASIN","SC","SC266","8/3/10",1443,38.96909,-97.47637,10260015,2010-08-03 14:43:00,2469.24380787037,2010,0.621,38.9690915244275,-97.4763612842581,15734.5715277778,215,-46655120,18651779
"624","SOLOMON RIVER BASIN","SC","SC266","11/2/10",1523,38.96909,-97.47637,10260015,2010-11-02 15:23:00,2560.27158564815,2010,0.159,38.9690867115524,-97.4763683113599,15825.5993055556,306,-46655124,18651777
"625","SOLOMON RIVER BASIN","SC","SC266","3/8/11",1600,38.96909,-97.47637,10260015,2011-03-08 16:00:00,2686.29728009259,2011,0.218,38.9690971505746,-97.4763785060807,15951.625,67,-46655129,18651782
"626","SOLOMON RIVER BASIN","SC","SC266","6/7/11",1401,38.96909,-97.47637,10260015,2011-06-07 14:01:00,2777.2146412037,2011,0.604,38.9690844713662,-97.4763676045847,16042.5423611111,158,-46655123,18651776
"627","SOLOMON RIVER BASIN","SC","SC266","9/13/11",1509,38.96909,-97.47637,10260015,2011-09-13 15:09:00,2875.26186342593,2011,0.453,38.9690949261374,-97.4763645593744,16140.5895833333,256,-46655122,18651781
"628","SOLOMON RIVER BASIN","SC","SC266","12/13/11",1508,38.96909,-97.47637,10260015,2011-12-13 15:08:00,2966.26116898148,2011,0.125,38.9690866056222,-97.4763788370634,16231.5888888889,347,-46655129,18651777
"629","SOLOMON RIVER BASIN","SC","SC266","1/10/12",1055,38.96909,-97.47637,10260015,2012-01-10 10:55:00,2994.08547453704,2012,0.135,38.9690979127828,-97.476371479733,16259.4131944444,10,-46655125,18651782
"630","SOLOMON RIVER BASIN","SC","SC266","4/23/12",1312,38.96909,-97.47637,10260015,2012-04-23 13:12:00,3098.18061342593,2012,0.605,38.9690994891629,-97.4763770542742,16363.5083333333,114,-46655128,18651783
"631","SOLOMON RIVER BASIN","SC","SC266","7/9/12",1430,38.96909,-97.47637,10260015,2012-07-09 14:30:00,3175.23478009259,2012,0.306,38.9690816155486,-97.4763608265651,16440.5625,191,-46655120,18651775
"632","SOLOMON RIVER BASIN","SC","SC266","7/9/12",1435,38.96909,-97.47637,10260015,2012-07-09 14:35:00,3175.23825231481,2012,0.309,38.9690941625766,-97.4763729917213,16440.5659722222,191,-46655126,18651781
"633","SOLOMON RIVER BASIN","SC","SC266","10/8/12",1422,38.96909,-97.47637,10260015,2012-10-08 14:22:00,3266.22922453704,2012,0.139,38.9690856962796,-97.4763612499508,16531.5569444444,282,-46655120,18651777
"634","SOLOMON RIVER BASIN","SC","SC266","2/11/13",1128,38.96909,-97.47637,10260015,2013-02-11 11:28:00,3392.1083912037,2013,0.084,38.9690927688691,-97.4763799586052,16657.4361111111,42,-46655129,18651780
"635","SOLOMON RIVER BASIN","SC","SC266","5/13/13",1124,38.96909,-97.47637,10260015,2013-05-13 11:24:00,3483.10561342593,2013,0.439,38.9690808457842,-97.476376978558,16748.4333333333,133,-46655128,18651774
"636","SOLOMON RIVER BASIN","SC","SC266","8/12/13",1344,38.96909,-97.47637,10260015,2013-08-12 13:44:00,3574.20283564815,2013,0.444,38.9690848714075,-97.4763656708901,16839.5305555556,224,-46655122,18651776
"637","SOLOMON RIVER BASIN","SC","SC266","11/4/13",1303,38.96909,-97.47637,10260015,2013-11-04 13:03:00,3658.17436342593,2013,0.141,38.9690974253712,-97.4763756196917,16923.5020833333,308,-46655127,18651782
"638","SOLOMON RIVER BASIN","SC","SC266","3/10/14",1515,38.96909,-97.47637,10260015,2014-03-10 15:15:00,3784.26603009259,2014,0.088,38.9690893694176,-97.4763626030011,17049.59375,69,-46655121,18651778
"639","SOLOMON RIVER BASIN","SC","SC266","6/9/14",1500,38.96909,-97.47637,10260015,2014-06-09 15:00:00,3875.25561342593,2014,0.82,38.9690989573896,-97.4763748739189,17140.5833333333,160,-46655127,18651783
"640","SOLOMON RIVER BASIN","SC","SC266","9/15/14",1516,38.96909,-97.47637,10260015,2014-09-15 15:16:00,3973.26672453704,2014,0.72,38.9690871414307,-97.4763678610896,17238.5944444444,258,-46655123,18651777
"641","SOLOMON RIVER BASIN","SC","SC266","12/8/14",1612,38.96909,-97.47637,10260015,2014-12-08 16:12:00,4057.30561342593,2014,0.093,38.9690801204872,-97.4763724857164,17322.6333333333,342,-46655126,18651774
"642","SOLOMON RIVER BASIN","SC","SC266","1/13/15",1451,38.96909,-97.47637,10260015,2015-01-13 14:51:00,4093.24936342593,2015,0.046,38.9690869610829,-97.476370909304,17358.5770833333,13,-46655125,18651777
"643","SOLOMON RIVER BASIN","SC","SC266","4/15/15",918,38.96909,-97.47637,10260015,2015-04-15 09:18:00,4185.01811342593,2015,0.28,38.9690892340821,-97.4763638957317,17450.3458333333,105,-46655122,18651778
"644","SOLOMON RIVER BASIN","SC","SC266","7/21/15",1235,38.96909,-97.47637,10260015,2015-07-21 12:35:00,4282.15491898148,2015,0.43,38.9690844286236,-97.476378485136,17547.4826388889,202,-46655129,18651776
"645","SOLOMON RIVER BASIN","SC","SC266","10/20/15",1421,38.96909,-97.47637,10260015,2015-10-20 14:21:00,4373.22853009259,2015,0.19,38.9690860880568,-97.4763643617093,17638.55625,293,-46655122,18651777
"646","SOLOMON RIVER BASIN","SC","SC266","2/22/16",1247,38.96909,-97.47637,10260015,2016-02-22 12:47:00,4498.16325231481,2016,0.14,38.9690835190694,-97.4763686358976,17763.4909722222,53,-46655124,18651776
"647","SOLOMON RIVER BASIN","SC","SC266","5/17/16",834,38.96909,-97.47637,10260015,2016-05-17 08:34:00,4582.98755787037,2016,0.72,38.9690983255815,-97.4763691869901,17848.3152777778,138,-46655124,18651783
"648","SOLOMON RIVER BASIN","SC","SC266","8/16/16",843,38.96909,-97.47637,10260015,2016-08-16 08:43:00,4673.99380787037,2016,0.6,38.9690979616352,-97.4763755100105,17939.3215277778,229,-46655127,18651782
"649","SOLOMON RIVER BASIN","SC","SC266","11/15/16",820,38.96909,-97.47637,10260015,2016-11-15 08:20:00,4764.97783564815,2016,0.31,38.9690989797399,-97.4763736104274,18030.3055555556,320,-46655126,18651783
"650","SOLOMON RIVER BASIN","SC","SC266","3/13/17",1646,38.96909,-97.47637,10260015,2017-03-13 16:46:00,4883.32922453704,2017,0.19,38.9690867078015,-97.4763749467901,18148.6569444444,72,-46655127,18651777
"651","SOLOMON RIVER BASIN","SC","SC266","6/12/17",1615,38.96909,-97.47637,10260015,2017-06-12 16:15:00,4974.30769675926,2017,0.46,38.9690887407364,-97.4763671267512,18239.6354166667,163,-46655123,18651778
"652","SOLOMON RIVER BASIN","SC","SC266","9/11/17",1623,38.96909,-97.47637,10260015,2017-09-11 16:23:00,5065.31325231482,2017,0.25,38.9690956658228,-97.4763706461896,18330.6409722222,254,-46655125,18651781
"653","SOLOMON RIVER BASIN","SC","SC266","12/4/17",1639,38.96909,-97.47637,10260015,2017-12-04 16:39:00,5149.32436342593,2017,0.15,38.9690807275542,-97.4763718003028,18414.6520833333,338,-46655125,18651774
"654","SOLOMON RIVER BASIN","SC","SC266","1/8/18",1824,38.96909,-97.47637,10260015,2018-01-08 18:24:00,5184.39728009259,2018,0.13,38.9690896667816,-97.4763618994489,18449.725,8,-46655121,18651778
"655","SOLOMON RIVER BASIN","SC","SC266","4/9/18",1713,38.96909,-97.47637,10260015,2018-04-09 17:13:00,5275.34797453704,2018,0.12,38.969084858728,-97.4763626984284,18540.6756944444,99,-46655121,18651776
"656","SOLOMON RIVER BASIN","SC","SC266","7/23/18",1815,38.96909,-97.47637,10260015,2018-07-23 18:15:00,5380.39103009259,2018,0.36,38.9690960176454,-97.4763664243245,18645.71875,204,-46655123,18651782
"657","SOLOMON RIVER BASIN","SC","SC266","10/15/18",1716,38.96909,-97.47637,10260015,2018-10-15 17:16:00,5464.35005787037,2018,0.88,38.9690804651626,-97.4763643668745,18729.6777777778,288,-46655122,18651774
"658","SOLOMON RIVER BASIN","SC","SC266","2/11/19",1807,38.96909,-97.47637,10260015,2019-02-11 18:07:00,5583.38547453704,2019,0.24,38.9690840911037,-97.4763762104927,18848.7131944444,42,-46655127,18651776
"659","SOLOMON RIVER BASIN","SC","SC266","5/21/19",905,38.96909,-97.47637,10260015,2019-05-21 09:05:00,5682.00908564815,2019,0.48,38.9690930657675,-97.4763606099769,18947.3368055556,141,-46655120,18651780
"660","SOLOMON RIVER BASIN","SC","SC266","8/20/19",1544,38.96909,-97.47637,10260015,2019-08-20 15:44:00,5773.28616898148,2019,0.76,38.9690852970209,-97.4763613955871,19038.6138888889,232,-46655120,18651776
"661","SOLOMON RIVER BASIN","SC","SC266","11/4/19",1146,38.96909,-97.47637,10260015,2019-11-04 11:46:00,5849.1208912037,2019,0.26,38.9690933435522,-97.4763740386581,19114.4486111111,308,-46655126,18651780
"662","SOLOMON RIVER BASIN","SC","SC266","3/3/20",1224,38.96909,-97.47637,10260015,2020-03-03 12:24:00,5969.14728009259,2020,0.063,38.969088199639,-97.4763666707246,19234.475,63,-46655123,18651778
"663","SOLOMON RIVER BASIN","SC","SC266","9/14/20",1231,38.96909,-97.47637,10260015,2020-09-14 12:31:00,6164.1521412037,2020,0.28,38.969087270772,-97.4763606679145,19429.4798611111,258,-46655120,18651777
"664","SOLOMON RIVER BASIN","SC","SC266","12/8/20",1206,38.96909,-97.47637,10260015,2020-12-08 12:06:00,6249.13478009259,2020,0.2,38.969093159481,-97.4763793795747,19514.4625,343,-46655129,18651780
"665","SOLOMON RIVER BASIN","SC","SC266","1/4/21",917,38.96909,-97.47637,10260015,2021-01-04 09:17:00,6276.01741898148,2021,0.22,38.9690904077443,-97.4763785645553,19541.3451388889,4,-46655129,18651779
"666","SOLOMON RIVER BASIN","SC","SC266","4/5/21",919,38.96909,-97.47637,10260015,2021-04-05 09:19:00,6367.01880787037,2021,0.35,38.9690858800244,-97.476378785174,19632.3465277778,95,-46655129,18651777
"667","SOLOMON RIVER BASIN","SC","SC266","7/12/21",916,38.96909,-97.47637,10260015,2021-07-12 09:16:00,6465.01672453704,2021,0.36,38.9690828625081,-97.4763647926458,19730.3444444444,193,-46655122,18651775
"668","SOLOMON RIVER BASIN","SC","SC266","10/4/21",905,38.96909,-97.47637,10260015,2021-10-04 09:05:00,6549.00908564815,2021,0.34,38.9690960539736,-97.4763653918345,19814.3368055556,277,-46655122,18651782
"669","SOLOMON RIVER BASIN","SC","SC266","2/7/22",1209,38.96909,-97.47637,10260015,2022-02-07 12:09:00,6675.13686342593,2022,0.17,38.9690947414675,-97.4763783737439,19940.4645833333,38,-46655128,18651781
"670","SOLOMON RIVER BASIN","SC","SC266","5/2/22",1219,38.96909,-97.47637,10260015,2022-05-02 12:19:00,6759.14380787037,2022,0.27,38.9690998535069,-97.4763626134914,20024.4715277778,122,-46655121,18651783
"671","SOLOMON RIVER BASIN","SC","SC266","8/1/22",1233,38.96909,-97.47637,10260015,2022-08-01 12:33:00,6850.15353009259,2022,0.91,38.9690857000387,-97.4763780059557,20115.48125,213,-46655128,18651777
"672","SOLOMON RIVER BASIN","SC","SC266","11/7/22",1240,38.96909,-97.47637,10260015,2022-11-07 12:40:00,6948.1583912037,2022,0.18,38.9690830569881,-97.4763721606455,20213.4861111111,311,-46655126,18651775
"673","SOLOMON RIVER BASIN","SC","SC266","3/7/23",1018,38.96909,-97.47637,10260015,2023-03-07 10:18:00,7068.05978009259,2023,0.13,38.9690912832902,-97.4763702599823,20333.3875,66,-46655125,18651779
"674","SOLOMON RIVER BASIN","SC","SC266","6/6/23",855,38.96909,-97.47637,10260015,2023-06-06 08:55:00,7159.0021412037,2023,0.34,38.9690890007871,-97.4763700131733,20424.3298611111,157,-46655124,18651778
"675","SOLOMON RIVER BASIN","SC","SC266","9/19/23",954,38.96909,-97.47637,10260015,2023-09-19 09:54:00,7264.04311342593,2023,0.17,38.969098964983,-97.4763609989648,20529.3708333333,262,-46655120,18651783
"676","SOLOMON RIVER BASIN","SC","SC266","12/5/23",1005,38.96909,-97.47637,10260015,2023-12-05 10:05:00,7341.05075231481,2023,0.13,38.9690816029094,-97.4763658959412,20606.3784722222,339,-46655123,18651775
"677","SOLOMON RIVER BASIN","SC","SC266","1/23/24",1221,38.96909,-97.47637,10260015,2024-01-23 12:21:00,7390.14519675926,2024,0.062,38.9690931690664,-97.4763633873183,20655.4729166667,23,-46655121,18651780
"678","SOLOMON RIVER BASIN","SC","SC266","4/9/24",1104,38.96909,-97.47637,10260015,2024-04-09 11:04:00,7467.09172453704,2024,0.15,38.9690926147089,-97.4763602597475,20732.4194444444,100,-46655120,18651780
"679","SOLOMON RIVER BASIN","SC","SC266","7/9/24",732,38.96909,-97.47637,10260015,2024-07-09 07:32:00,7557.94450231481,2024,0.24,38.9690990919749,-97.4763760683657,20823.2722222222,191,-46655127,18651783
"680","SOLOMON RIVER BASIN","SC","SC266","10/8/24",1231,38.96909,-97.47637,10260015,2024-10-08 12:31:00,7649.1521412037,2024,0.16,38.9690816987103,-97.4763695456729,20914.4798611111,282,-46655124,18651775
"681","SOLOMON RIVER BASIN","SC","SC511","3/13/90",1055,39.35026,-97.85431,10260015,1990-03-13 10:55:00,-4978.91452546296,1990,1.53,39.3502688051035,-97.8543085912676,8286.41319444445,72,-46836017,18834222
"682","SOLOMON RIVER BASIN","SC","SC511","5/8/90",1155,39.35026,-97.85431,10260015,1990-05-08 11:55:00,-4922.8728587963,1990,0.24,39.3502662151171,-97.8543082790278,8342.45486111111,128,-46836017,18834221
"683","SOLOMON RIVER BASIN","SC","SC511","7/17/90",945,39.35026,-97.85431,10260015,1990-07-17 09:45:00,-4852.96313657407,1990,0.4,39.3502523824351,-97.8543093966316,8412.36458333333,198,-46836018,18834214
"684","SOLOMON RIVER BASIN","SC","SC511","9/11/90",1012,39.35026,-97.85431,10260015,1990-09-11 10:12:00,-4796.94438657407,1990,0.29,39.3502633098508,-97.8543038193929,8468.38333333333,254,-46836015,18834220
"685","SOLOMON RIVER BASIN","SC","SC511","10/30/90",1007,39.35026,-97.85431,10260015,1990-10-30 10:07:00,-4747.9478587963,1990,0.17,39.3502555208063,-97.8543142301721,8517.37986111111,303,-46836020,18834216
"686","SOLOMON RIVER BASIN","SC","SC511","2/25/91",1452,39.35026,-97.85431,10260015,1991-02-25 14:52:00,-4629.74994212963,1991,0.16,39.3502639105204,-97.8543197705561,8635.57777777778,56,-46836023,18834220
"687","SOLOMON RIVER BASIN","SC","SC511","4/22/91",1525,39.35026,-97.85431,10260015,1991-04-22 15:25:00,-4573.72702546296,1991,0.23,39.3502563378251,-97.8543158568251,8691.60069444445,112,-46836021,18834216
"688","SOLOMON RIVER BASIN","SC","SC511","6/25/91",1252,39.35026,-97.85431,10260015,1991-06-25 12:52:00,-4509.83327546296,1991,0.45,39.3502604481819,-97.8543060603636,8755.49444444444,176,-46836016,18834218
"689","SOLOMON RIVER BASIN","SC","SC511","8/27/91",1223,39.35026,-97.85431,10260015,1991-08-27 12:23:00,-4446.85341435185,1991,0.3,39.3502588153484,-97.8543002986078,8818.47430555556,239,-46836013,18834218
"690","SOLOMON RIVER BASIN","SC","SC511","10/29/91",1200,39.35026,-97.85431,10260015,1991-10-29 12:00:00,-4383.86938657407,1991,0.08,39.3502662342333,-97.8543109263036,8881.45833333333,302,-46836018,18834221
"691","SOLOMON RIVER BASIN","SC","SC511","12/3/91",1251,39.35026,-97.85431,10260015,1991-12-03 12:51:00,-4348.83396990741,1991,0.06,39.3502692337387,-97.8543198728142,8916.49375,337,-46836023,18834222
"692","SOLOMON RIVER BASIN","SC","SC511","1/7/92",1305,39.35026,-97.85431,10260015,1992-01-07 13:05:00,-4313.82424768519,1992,0.33,39.3502595170597,-97.8543090227762,8951.50347222222,7,-46836017,18834218
"693","SOLOMON RIVER BASIN","SC","SC511","3/17/92",1100,39.35026,-97.85431,10260015,1992-03-17 11:00:00,-4243.91105324074,1992,0.17,39.3502688874417,-97.8543058855242,9021.41666666667,77,-46836016,18834222
"694","SOLOMON RIVER BASIN","SC","SC511","5/12/92",1153,39.35026,-97.85431,10260015,1992-05-12 11:53:00,-4187.87424768518,1992,0.51,39.3502576737181,-97.8543097108423,9077.45347222222,133,-46836018,18834217
"695","SOLOMON RIVER BASIN","SC","SC511","7/14/92",1130,39.35026,-97.85431,10260015,1992-07-14 11:30:00,-4124.89021990741,1992,1.23,39.3502601702643,-97.854303411995,9140.4375,196,-46836015,18834218
"696","SOLOMON RIVER BASIN","SC","SC511","9/22/92",1232,39.35026,-97.85431,10260015,1992-09-22 12:32:00,-4054.84716435185,1992,0.94,39.3502607671318,-97.8543073941012,9210.48055555556,266,-46836017,18834218
"697","SOLOMON RIVER BASIN","SC","SC511","11/10/92",1155,39.35026,-97.85431,10260015,1992-11-10 11:55:00,-4005.8728587963,1992,0.17,39.3502511009962,-97.8543072478028,9259.45486111111,315,-46836017,18834214
"698","SOLOMON RIVER BASIN","SC","SC511","4/20/93",1128,39.35026,-97.85431,10260015,1993-04-20 11:28:00,-3844.8916087963,1993,0.37,39.3502521356264,-97.8543068175503,9420.43611111111,110,-46836016,18834214
"699","SOLOMON RIVER BASIN","SC","SC511","6/15/93",1250,39.35026,-97.85431,10260015,1993-06-15 12:50:00,-3788.83466435185,1993,0.29,39.3502640174362,-97.8543044237958,9476.49305555555,166,-46836015,18834220
"700","SOLOMON RIVER BASIN","SC","SC511","8/17/93",1252,39.35026,-97.85431,10260015,1993-08-17 12:52:00,-3725.83327546296,1993,0.4,39.3502699424689,-97.8543083331292,9539.49444444444,229,-46836017,18834223
"701","SOLOMON RIVER BASIN","SC","SC511","10/19/93",1157,39.35026,-97.85431,10260015,1993-10-19 11:57:00,-3662.87146990741,1993,0.25,39.3502523219581,-97.8543178439784,9602.45625,292,-46836022,18834214
"702","SOLOMON RIVER BASIN","SC","SC511","12/14/93",1210,39.35026,-97.85431,10260015,1993-12-14 12:10:00,-3606.86244212963,1993,0.2,39.3502503133153,-97.8543081039751,9658.46527777778,348,-46836017,18834213
"703","SOLOMON RIVER BASIN","SC","SC511","1/11/94",1245,39.35026,-97.85431,10260015,1994-01-11 12:45:00,-3578.83813657407,1994,0.11,39.3502592611433,-97.8543160024055,9686.48958333333,11,-46836021,18834218
"704","SOLOMON RIVER BASIN","SC","SC511","3/22/94",1225,39.35026,-97.85431,10260015,1994-03-22 12:25:00,-3508.85202546296,1994,0.13,39.3502612891692,-97.8543182817131,9756.47569444445,81,-46836022,18834219
"705","SOLOMON RIVER BASIN","SC","SC511","5/17/94",1147,39.35026,-97.85431,10260015,1994-05-17 11:47:00,-3452.87841435185,1994,0.19,39.3502547271049,-97.8543169289133,9812.44930555556,137,-46836021,18834216
"706","SOLOMON RIVER BASIN","SC","SC511","7/19/94",1220,39.35026,-97.85431,10260015,1994-07-19 12:20:00,-3389.85549768519,1994,0.567,39.3502698917674,-97.8543117954038,9875.47222222222,200,-46836019,18834223
"707","SOLOMON RIVER BASIN","SC","SC511","9/20/94",1320,39.35026,-97.85431,10260015,1994-09-20 13:20:00,-3326.81383101852,1994,0.13,39.350267250648,-97.8543123133712,9938.51388888889,263,-46836019,18834222
"708","SOLOMON RIVER BASIN","SC","SC511","11/15/94",1221,39.35026,-97.85431,10260015,1994-11-15 12:21:00,-3270.85480324074,1994,0.11,39.3502507956558,-97.8543176991066,9994.47291666667,319,-46836022,18834214
"709","SOLOMON RIVER BASIN","SC","SC511","2/14/95",1231,39.35026,-97.85431,10260015,1995-02-14 12:31:00,-3179.8478587963,1995,0.1,39.3502551355589,-97.8543106161036,10085.4798611111,45,-46836018,18834216
"710","SOLOMON RIVER BASIN","SC","SC511","4/18/95",1250,39.35026,-97.85431,10260015,1995-04-18 12:50:00,-3116.83466435185,1995,0.15,39.3502631037392,-97.8543092356079,10148.4930555556,108,-46836018,18834220
"711","SOLOMON RIVER BASIN","SC","SC511","6/20/95",1305,39.35026,-97.85431,10260015,1995-06-20 13:05:00,-3053.82424768519,1995,0.28,39.3502614241375,-97.8543082865406,10211.5034722222,171,-46836017,18834219
"712","SOLOMON RIVER BASIN","SC","SC511","8/22/95",1222,39.35026,-97.85431,10260015,1995-08-22 12:22:00,-2990.8541087963,1995,0.584,39.3502697608978,-97.8543177713288,10274.4736111111,234,-46836022,18834223
"713","SOLOMON RIVER BASIN","SC","SC511","10/17/95",1335,39.35026,-97.85431,10260015,1995-10-17 13:35:00,-2934.80341435185,1995,0.151,39.350250394386,-97.8543023646258,10330.5243055556,290,-46836014,18834213
"714","SOLOMON RIVER BASIN","SC","SC511","12/12/95",1258,39.35026,-97.85431,10260015,1995-12-12 12:58:00,-2878.8291087963,1995,0.114,39.350257804435,-97.8543007471019,10386.4986111111,346,-46836014,18834217
"715","SOLOMON RIVER BASIN","SC","SC511","3/19/96",1308,39.35026,-97.85431,10260015,1996-03-19 13:08:00,-2780.82216435185,1996,0.137,39.350250285514,-97.8543154335263,10484.5055555556,79,-46836021,18834213
"716","SOLOMON RIVER BASIN","SC","SC511","5/14/96",1213,39.35026,-97.85431,10260015,1996-05-14 12:13:00,-2724.8603587963,1996,0.177,39.3502590015897,-97.8543079473642,10540.4673611111,135,-46836017,18834218
"717","SOLOMON RIVER BASIN","SC","SC511","7/16/96",1209,39.35026,-97.85431,10260015,1996-07-16 12:09:00,-2661.86313657407,1996,0.373,39.350261904746,-97.8543147671137,10603.4645833333,198,-46836020,18834219
"718","SOLOMON RIVER BASIN","SC","SC511","9/17/96",1226,39.35026,-97.85431,10260015,1996-09-17 12:26:00,-2598.85133101852,1996,0.179,39.3502554869188,-97.8543199186596,10666.4763888889,261,-46836023,18834216
"719","SOLOMON RIVER BASIN","SC","SC511","11/13/96",1357,39.35026,-97.85431,10260015,1996-11-13 13:57:00,-2541.78813657407,1996,0.074,39.3502685637658,-97.8543161898636,10723.5395833333,318,-46836021,18834222
"720","SOLOMON RIVER BASIN","SC","SC511","2/25/97",1332,39.35026,-97.85431,10260015,1997-02-25 13:32:00,-2437.80549768519,1997,0.178,39.3502542677876,-97.8543046205602,10827.5222222222,56,-46836015,18834215
"721","SOLOMON RIVER BASIN","SC","SC511","4/29/97",1415,39.35026,-97.85431,10260015,1997-04-29 14:15:00,-2374.77563657407,1997,0.105,39.3502529391389,-97.8543055685502,10890.5520833333,119,-46836016,18834215
"722","SOLOMON RIVER BASIN","SC","SC511","6/24/97",1318,39.35026,-97.85431,10260015,1997-06-24 13:18:00,-2318.81521990741,1997,0.645,39.3502508996707,-97.8543045602155,10946.5125,175,-46836015,18834214
"723","SOLOMON RIVER BASIN","SC","SC511","8/26/97",1250,39.35026,-97.85431,10260015,1997-08-26 12:50:00,-2255.83466435185,1997,0.255,39.3502614296969,-97.8543134134228,11009.4930555556,238,-46836020,18834219
"724","SOLOMON RIVER BASIN","SC","SC511","10/28/97",1405,39.35026,-97.85431,10260015,1997-10-28 14:05:00,-2192.78258101852,1997,0.172,39.35025549823,-97.8543069086042,11072.5451388889,301,-46836016,18834216
"725","SOLOMON RIVER BASIN","SC","SC511","12/16/97",1420,39.35026,-97.85431,10260015,1997-12-16 14:20:00,-2143.77216435185,1997,0.174,39.3502618079244,-97.8543049251197,11121.5555555556,350,-46836016,18834219
"726","SOLOMON RIVER BASIN","SC","SC511","1/27/98",1300,39.35026,-97.85431,10260015,1998-01-27 13:00:00,-2101.82771990741,1998,0.083,39.3502618896017,-97.8543117930415,11163.5,27,-46836019,18834219
"727","SOLOMON RIVER BASIN","SC","SC511","3/24/98",1500,39.35026,-97.85431,10260015,1998-03-24 15:00:00,-2045.74438657407,1998,0.36,39.3502632376547,-97.8543167636601,11219.5833333333,83,-46836021,18834220
"728","SOLOMON RIVER BASIN","SC","SC511","5/19/98",1422,39.35026,-97.85431,10260015,1998-05-19 14:22:00,-1989.77077546296,1998,0.23,39.3502561982227,-97.8543119315828,11275.5569444444,139,-46836019,18834216
"729","SOLOMON RIVER BASIN","SC","SC511","7/28/98",1410,39.35026,-97.85431,10260015,1998-07-28 14:10:00,-1919.7791087963,1998,0.75,39.3502638510125,-97.8543005372473,11345.5486111111,209,-46836013,18834220
"730","SOLOMON RIVER BASIN","SC","SC511","9/22/98",1335,39.35026,-97.85431,10260015,1998-09-22 13:35:00,-1863.80341435185,1998,0.236,39.3502558383629,-97.8543173662298,11401.5243055556,265,-46836021,18834216
"731","SOLOMON RIVER BASIN","SC","SC511","12/1/98",1335,39.35026,-97.85431,10260015,1998-12-01 13:35:00,-1793.80341435185,1998,0.25,39.3502613732295,-97.8543088076843,11471.5243055556,335,-46836017,18834219
"732","SOLOMON RIVER BASIN","SC","SC511","2/15/99",1445,39.35026,-97.85431,10260015,1999-02-15 14:45:00,-1717.75480324074,1999,0.2,39.3502688335418,-97.8543094758345,11547.5729166667,46,-46836018,18834222
"733","SOLOMON RIVER BASIN","SC","SC511","2/15/99",1450,39.35026,-97.85431,10260015,1999-02-15 14:50:00,-1717.75133101852,1999,0.19,39.3502630982227,-97.8543088413673,11547.5763888889,46,-46836017,18834220
"734","SOLOMON RIVER BASIN","SC","SC511","4/19/99",1545,39.35026,-97.85431,10260015,1999-04-19 15:45:00,-1654.71313657407,1999,0.33,39.3502642928317,-97.8543057488901,11610.6145833333,109,-46836016,18834220
"735","SOLOMON RIVER BASIN","SC","SC511","6/14/99",1630,39.35026,-97.85431,10260015,1999-06-14 16:30:00,-1598.68188657407,1999,0.36,39.3502543830057,-97.854303899901,11666.6458333333,165,-46836015,18834215
"736","SOLOMON RIVER BASIN","SC","SC511","8/16/99",1450,39.35026,-97.85431,10260015,1999-08-16 14:50:00,-1535.75133101852,1999,0.29,39.3502520922271,-97.8543004783072,11729.5763888889,228,-46836013,18834214
"737","SOLOMON RIVER BASIN","SC","SC511","10/18/99",1500,39.35026,-97.85431,10260015,1999-10-18 15:00:00,-1472.74438657407,1999,0.15,39.3502509175101,-97.8543168604211,11792.5833333333,291,-46836021,18834214
"738","SOLOMON RIVER BASIN","SC","SC511","12/20/99",1525,39.35026,-97.85431,10260015,1999-12-20 15:25:00,-1409.72702546296,1999,0.121,39.3502693327567,-97.8543122720383,11855.6006944444,354,-46836019,18834223
"739","SOLOMON RIVER BASIN","SC","SC511","1/18/00",1510,39.35026,-97.85431,10260015,2000-01-18 15:10:00,-1380.73744212963,2000,0.177,39.3502687040912,-97.8543023457615,11884.5902777778,18,-46836014,18834222
"740","SOLOMON RIVER BASIN","SC","SC511","3/20/00",1625,39.35026,-97.85431,10260015,2000-03-20 16:25:00,-1318.6853587963,2000,0.19,39.3502578241857,-97.8543001794183,11946.6423611111,80,-46836013,18834217
"741","SOLOMON RIVER BASIN","SC","SC511","5/15/00",1630,39.35026,-97.85431,10260015,2000-05-15 16:30:00,-1262.68188657407,2000,0.24,39.3502593692622,-97.8543183852311,12002.6458333333,136,-46836022,18834218
"742","SOLOMON RIVER BASIN","SC","SC511","7/17/00",1545,39.35026,-97.85431,10260015,2000-07-17 15:45:00,-1199.71313657407,2000,0.17,39.35026278479,-97.8543184773387,12065.6145833333,199,-46836022,18834219
"743","SOLOMON RIVER BASIN","SC","SC511","9/18/00",1540,39.35026,-97.85431,10260015,2000-09-18 15:40:00,-1136.7166087963,2000,0.11,39.3502649685297,-97.8543079956372,12128.6111111111,262,-46836017,18834220
"744","SOLOMON RIVER BASIN","SC","SC511","11/13/00",1745,39.35026,-97.85431,10260015,2000-11-13 17:45:00,-1080.62980324074,2000,0.09,39.3502696522407,-97.8543125479669,12184.6979166667,318,-46836019,18834223
"745","SOLOMON RIVER BASIN","SC","SC511","2/12/01",1825,39.35026,-97.85431,10260015,2001-02-12 18:25:00,-989.602025462963,2001,0.05,39.3502615127289,-97.8543111538374,12275.7256944444,43,-46836018,18834219
"746","SOLOMON RIVER BASIN","SC","SC511","4/16/01",1705,39.35026,-97.85431,10260015,2001-04-16 17:05:00,-926.657581018518,2001,0.209,39.3502531455833,-97.854312370792,12338.6701388889,106,-46836019,18834215
"747","SOLOMON RIVER BASIN","SC","SC511","6/18/01",1730,39.35026,-97.85431,10260015,2001-06-18 17:30:00,-863.640219907407,2001,0.275,39.3502576293179,-97.8543005931853,12401.6875,169,-46836013,18834217
"748","SOLOMON RIVER BASIN","SC","SC511","8/20/01",1610,39.35026,-97.85431,10260015,2001-08-20 16:10:00,-800.695775462963,2001,0.147,39.3502660133454,-97.8543129310666,12464.6319444444,232,-46836019,18834221
"749","SOLOMON RIVER BASIN","SC","SC511","10/15/01",1625,39.35026,-97.85431,10260015,2001-10-15 16:25:00,-744.685358796296,2001,0.135,39.3502514336945,-97.8543037558078,12520.6423611111,288,-46836015,18834214
"750","SOLOMON RIVER BASIN","SC","SC511","12/17/01",1555,39.35026,-97.85431,10260015,2001-12-17 15:55:00,-681.70619212963,2001,0.183,39.3502585583457,-97.8543167471125,12583.6215277778,351,-46836021,18834217
"751","SOLOMON RIVER BASIN","SC","SC511","1/23/02",1040,39.35026,-97.85431,10260015,2002-01-23 10:40:00,-644.92494212963,2002,0.098,39.3502699943515,-97.8543150851927,12620.4027777778,23,-46836020,18834223
"752","SOLOMON RIVER BASIN","SC","SC511","3/19/02",1055,39.35026,-97.85431,10260015,2002-03-19 10:55:00,-589.914525462963,2002,0.134,39.3502522744705,-97.8543155619545,12675.4131944444,78,-46836021,18834214
"753","SOLOMON RIVER BASIN","SC","SC511","5/21/02",1115,39.35026,-97.85431,10260015,2002-05-21 11:15:00,-526.900636574074,2002,0.3,39.3502610587011,-97.8543047476749,12738.4270833333,141,-46836015,18834219
"754","SOLOMON RIVER BASIN","SC","SC511","7/23/02",1050,39.35026,-97.85431,10260015,2002-07-23 10:50:00,-463.917997685185,2002,0.188,39.3502603740098,-97.8543186623813,12801.4097222222,204,-46836022,18834218
"755","SOLOMON RIVER BASIN","SC","SC511","9/17/02",1154,39.35026,-97.85431,10260015,2002-09-17 11:54:00,-407.873553240741,2002,0.146,39.350256745199,-97.8543142727827,12857.4541666667,260,-46836020,18834217
"756","SOLOMON RIVER BASIN","SC","SC511","11/19/02",1102,39.35026,-97.85431,10260015,2002-11-19 11:02:00,-344.909664351852,2002,0.063,39.3502648516407,-97.8543166342176,12920.4180555556,323,-46836021,18834220
"757","SOLOMON RIVER BASIN","SC","SC511","2/18/03",1612,39.35026,-97.85431,10260015,2003-02-18 16:12:00,-253.694386574074,2003,0.067,39.3502696428708,-97.8543070695055,13011.6333333333,49,-46836017,18834223
"758","SOLOMON RIVER BASIN","SC","SC511","4/15/03",1553,39.35026,-97.85431,10260015,2003-04-15 15:53:00,-197.707581018519,2003,0.228,39.3502500986626,-97.8543122385548,13067.6201388889,105,-46836019,18834213
"759","SOLOMON RIVER BASIN","SC","SC511","6/17/03",1441,39.35026,-97.85431,10260015,2003-06-17 14:41:00,-134.757581018519,2003,0.404,39.3502532461349,-97.8543037601526,13130.5701388889,168,-46836015,18834215
"760","SOLOMON RIVER BASIN","SC","SC511","8/19/03",1209,39.35026,-97.85431,10260015,2003-08-19 12:09:00,-71.8631365740741,2003,0.242,39.3502594794124,-97.8543073685152,13193.4645833333,231,-46836017,18834218
"761","SOLOMON RIVER BASIN","SC","SC511","10/21/03",1122,39.35026,-97.85431,10260015,2003-10-21 11:22:00,-8.89577546296296,2003,0.18,39.3502653423439,-97.8543182989808,13256.4319444444,294,-46836022,18834221
"762","SOLOMON RIVER BASIN","SC","SC511","3/16/04",1214,39.35026,-97.85431,10260015,2004-03-16 12:14:00,138.140335648148,2004,0.245,39.350260914998,-97.8543171027363,13403.4680555556,76,-46836021,18834219
"763","SOLOMON RIVER BASIN","SC","SC511","5/18/04",1233,39.35026,-97.85431,10260015,2004-05-18 12:33:00,201.153530092593,2004,0.223,39.3502538762461,-97.854319075747,13466.48125,139,-46836022,18834215
"764","SOLOMON RIVER BASIN","SC","SC511","7/20/04",1123,39.35026,-97.85431,10260015,2004-07-20 11:23:00,264.104918981481,2004,0.515,39.3502688973187,-97.8543175865515,13529.4326388889,202,-46836022,18834222
"765","SOLOMON RIVER BASIN","SC","SC511","9/21/04",1239,39.35026,-97.85431,10260015,2004-09-21 12:39:00,327.157696759259,2004,0.194,39.3502685952741,-97.8543104518458,13592.4854166667,265,-46836018,18834222
"766","SOLOMON RIVER BASIN","SC","SC511","11/16/04",1130,39.35026,-97.85431,10260015,2004-11-16 11:30:00,383.109780092593,2004,0.104,39.3502649530324,-97.8543198775692,13648.4375,321,-46836023,18834220
"767","SOLOMON RIVER BASIN","SC","SC511","2/15/05",1118,39.35026,-97.85431,10260015,2005-02-15 11:18:00,474.101446759259,2005,0.142,39.3502614489122,-97.8543184374874,13739.4291666667,46,-46836022,18834219
"768","SOLOMON RIVER BASIN","SC","SC511","4/19/05",1218,39.35026,-97.85431,10260015,2005-04-19 12:18:00,537.143113425926,2005,0.401,39.3502666354854,-97.854316955016,13802.4708333333,109,-46836021,18834221
"769","SOLOMON RIVER BASIN","SC","SC511","6/14/05",1023,39.35026,-97.85431,10260015,2005-06-14 10:23:00,593.063252314815,2005,0.351,39.3502697722014,-97.8543149252197,13858.3909722222,165,-46836020,18834223
"770","SOLOMON RIVER BASIN","SC","SC511","8/16/05",1054,39.35026,-97.85431,10260015,2005-08-16 10:54:00,656.084780092593,2005,0.259,39.350265428516,-97.8543095935178,13921.4125,228,-46836018,18834221
"771","SOLOMON RIVER BASIN","SC","SC511","10/18/05",1140,39.35026,-97.85431,10260015,2005-10-18 11:40:00,719.116724537037,2005,0.083,39.3502570821033,-97.854302778887,13984.4444444444,291,-46836014,18834217
"772","SOLOMON RIVER BASIN","SC","SC511","12/20/05",1115,39.35026,-97.85431,10260015,2005-12-20 11:15:00,782.099363425926,2005,0.047,39.3502591349326,-97.8543060449622,14047.4270833333,354,-46836016,18834218
"773","SOLOMON RIVER BASIN","SC","SC511","1/24/06",1121,39.35026,-97.85431,10260015,2006-01-24 11:21:00,817.103530092593,2006,0.035,39.3502523744258,-97.8543139003256,14082.43125,24,-46836020,18834214
"774","SOLOMON RIVER BASIN","SC","SC511","5/16/06",1123,39.35026,-97.85431,10260015,2006-05-16 11:23:00,929.104918981481,2006,0.284,39.3502670707339,-97.8543082642715,14194.4326388889,136,-46836017,18834221
"775","SOLOMON RIVER BASIN","SC","SC511","7/18/06",1033,39.35026,-97.85431,10260015,2006-07-18 10:33:00,992.070196759259,2006,0.312,39.3502505169694,-97.8543153718632,14257.3979166667,199,-46836021,18834214
"776","SOLOMON RIVER BASIN","SC","SC511","9/19/06",1229,39.35026,-97.85431,10260015,2006-09-19 12:29:00,1055.15075231481,2006,0.602,39.3502541642377,-97.8543123190375,14320.4784722222,262,-46836019,18834215
"777","SOLOMON RIVER BASIN","SC","SC511","11/14/06",1018,39.35026,-97.85431,10260015,2006-11-14 10:18:00,1111.05978009259,2006,0.068,39.3502512491681,-97.8543113654019,14376.3875,318,-46836019,18834214
"778","SOLOMON RIVER BASIN","SC","SC511","2/20/07",1137,39.35026,-97.85431,10260015,2007-02-20 11:37:00,1209.1146412037,2007,0.537,39.3502658135194,-97.8543119083673,14474.4423611111,51,-46836019,18834221
"779","SOLOMON RIVER BASIN","SC","SC511","4/17/07",1055,39.35026,-97.85431,10260015,2007-04-17 10:55:00,1265.08547453704,2007,0.194,39.3502663389907,-97.8543050993661,14530.4131944444,107,-46836016,18834221
"780","SOLOMON RIVER BASIN","SC","SC511","6/19/07",1448,39.35026,-97.85431,10260015,2007-06-19 14:48:00,1328.24728009259,2007,0.317,39.3502697406172,-97.8543196518849,14593.575,170,-46836023,18834223
"781","SOLOMON RIVER BASIN","SC","SC511","8/21/07",1734,39.35026,-97.85431,10260015,2007-08-21 17:34:00,1391.36255787037,2007,0.608,39.3502507549891,-97.8543110308639,14656.6902777778,233,-46836018,18834214
"782","SOLOMON RIVER BASIN","SC","SC511","10/16/07",1142,39.35026,-97.85431,10260015,2007-10-16 11:42:00,1447.11811342593,2007,0.174,39.3502566341424,-97.8543100617699,14712.4458333333,289,-46836018,18834216
"783","SOLOMON RIVER BASIN","SC","SC511","12/18/07",1055,39.35026,-97.85431,10260015,2007-12-18 10:55:00,1510.08547453704,2007,0.062,39.3502574852937,-97.8543155204527,14775.4131944444,352,-46836021,18834217
"784","SOLOMON RIVER BASIN","SC","SC511","1/29/08",1047,39.35026,-97.85431,10260015,2008-01-29 10:47:00,1552.07991898148,2008,0.225,39.3502502624213,-97.8543187267255,14817.4076388889,29,-46836022,18834213
"785","SOLOMON RIVER BASIN","SC","SC511","3/18/08",1035,39.35026,-97.85431,10260015,2008-03-18 10:35:00,1601.07158564815,2008,0.085,39.3502649057205,-97.8543027794446,14866.3993055556,78,-46836014,18834220
"786","SOLOMON RIVER BASIN","SC","SC511","3/18/08",1040,39.35026,-97.85431,10260015,2008-03-18 10:40:00,1601.07505787037,2008,0.093,39.3502556544615,-97.8543035103745,14866.4027777778,78,-46836015,18834216
"787","SOLOMON RIVER BASIN","SC","SC511","5/20/08",1019,39.35026,-97.85431,10260015,2008-05-20 10:19:00,1664.06047453704,2008,0.275,39.3502685847902,-97.854317922612,14929.3881944444,141,-46836022,18834222
"788","SOLOMON RIVER BASIN","SC","SC511","7/22/08",1028,39.35026,-97.85431,10260015,2008-07-22 10:28:00,1727.06672453704,2008,0.852,39.3502684144898,-97.8543133807336,14992.3944444444,204,-46836020,18834222
"789","SOLOMON RIVER BASIN","SC","SC511","9/16/08",1021,39.35026,-97.85431,10260015,2008-09-16 10:21:00,1783.06186342593,2008,0.479,39.350254448432,-97.8543080734976,15048.3895833333,260,-46836017,18834215
"790","SOLOMON RIVER BASIN","SC","SC511","11/18/08",1028,39.35026,-97.85431,10260015,2008-11-18 10:28:00,1846.06672453704,2008,0.37,39.3502616206339,-97.854301090677,15111.3944444444,323,-46836014,18834219
"791","SOLOMON RIVER BASIN","SC","SC511","2/17/09",1017,39.35026,-97.85431,10260015,2009-02-17 10:17:00,1937.05908564815,2009,0.1,39.3502693255665,-97.8543136777916,15202.3868055556,48,-46836020,18834223
"792","SOLOMON RIVER BASIN","SC","SC511","4/21/09",1048,39.35026,-97.85431,10260015,2009-04-21 10:48:00,2000.08061342593,2009,0.178,39.3502559442884,-97.8543039139934,15265.4083333333,111,-46836015,18834216
"793","SOLOMON RIVER BASIN","SC","SC511","6/9/09",1028,39.35026,-97.85431,10260015,2009-06-09 10:28:00,2049.06672453704,2009,0.523,39.3502639923254,-97.854303190729,15314.3944444444,160,-46836015,18834220
"794","SOLOMON RIVER BASIN","SC","SC511","8/17/09",1238,39.35026,-97.85431,10260015,2009-08-17 12:38:00,2118.15700231481,2009,0.285,39.3502564148633,-97.8543009709794,15383.4847222222,229,-46836014,18834216
"795","SOLOMON RIVER BASIN","SC","SC511","12/15/09",1126,39.35026,-97.85431,10260015,2009-12-15 11:26:00,2238.10700231481,2009,0.088,39.3502501674714,-97.8543068020398,15503.4347222222,349,-46836016,18834213
"796","SOLOMON RIVER BASIN","SC","SC511","2/2/10",1317,39.35026,-97.85431,10260015,2010-02-02 13:17:00,2287.18408564815,2010,0.133,39.3502518780862,-97.8543037209342,15552.5118055556,33,-46836015,18834214
"797","SOLOMON RIVER BASIN","SC","SC511","5/4/10",1148,39.35026,-97.85431,10260015,2010-05-04 11:48:00,2378.12228009259,2010,0.3,39.3502642022932,-97.8543086062682,15643.45,124,-46836017,18834220
"798","SOLOMON RIVER BASIN","SC","SC511","8/3/10",1138,39.35026,-97.85431,10260015,2010-08-03 11:38:00,2469.11533564815,2010,0.436,39.3502534912003,-97.8543014077884,15734.4430555556,215,-46836014,18834215
"799","SOLOMON RIVER BASIN","SC","SC511","11/2/10",1156,39.35026,-97.85431,10260015,2010-11-02 11:56:00,2560.12783564815,2010,0.143,39.3502523449936,-97.8543022524514,15825.4555555556,306,-46836014,18834214
"800","SOLOMON RIVER BASIN","SC","SC511","3/8/11",1232,39.35026,-97.85431,10260015,2011-03-08 12:32:00,2686.15283564815,2011,0.14,39.3502689038763,-97.8543076544116,15951.4805555556,67,-46836017,18834222
"801","SOLOMON RIVER BASIN","SC","SC511","6/7/11",1029,39.35026,-97.85431,10260015,2011-06-07 10:29:00,2777.06741898148,2011,0.651,39.3502543846173,-97.8543088685003,16042.3951388889,158,-46836017,18834215
"802","SOLOMON RIVER BASIN","SC","SC511","9/13/11",1159,39.35026,-97.85431,10260015,2011-09-13 11:59:00,2875.12991898148,2011,0.368,39.3502514850358,-97.8543072119863,16140.4576388889,256,-46836017,18834214
"803","SOLOMON RIVER BASIN","SC","SC511","12/13/11",1128,39.35026,-97.85431,10260015,2011-12-13 11:28:00,2966.1083912037,2011,0.149,39.3502555512778,-97.8543081623101,16231.4361111111,347,-46836017,18834216
"804","SOLOMON RIVER BASIN","SC","SC511","12/13/11",1133,39.35026,-97.85431,10260015,2011-12-13 11:33:00,2966.11186342593,2011,0.134,39.3502596448777,-97.8543078887183,16231.4395833333,347,-46836017,18834218
"805","SOLOMON RIVER BASIN","SC","SC511","1/10/12",1248,39.35026,-97.85431,10260015,2012-01-10 12:48:00,2994.16394675926,2012,0.144,39.3502624366539,-97.8543181781222,16259.4916666667,10,-46836022,18834219
"806","SOLOMON RIVER BASIN","SC","SC511","4/24/12",907,39.35026,-97.85431,10260015,2012-04-24 09:07:00,3099.01047453704,2012,0.457,39.3502534987142,-97.854302536909,16364.3381944444,115,-46836014,18834215
"807","SOLOMON RIVER BASIN","SC","SC511","7/10/12",948,39.35026,-97.85431,10260015,2012-07-10 09:48:00,3176.03894675926,2012,0.405,39.350257734149,-97.8543095945796,16441.3666666667,192,-46836018,18834217
"808","SOLOMON RIVER BASIN","SC","SC511","10/9/12",903,39.35026,-97.85431,10260015,2012-10-09 09:03:00,3267.00769675926,2012,0.095,39.3502517144815,-97.8543000789529,16532.3354166667,283,-46836013,18834214
"809","SOLOMON RIVER BASIN","SC","SC511","2/12/13",846,39.35026,-97.85431,10260015,2013-02-12 08:46:00,3392.9958912037,2013,0.09,39.3502582690798,-97.8543177808632,16658.3236111111,43,-46836022,18834217
"810","SOLOMON RIVER BASIN","SC","SC511","5/13/13",1414,39.35026,-97.85431,10260015,2013-05-13 14:14:00,3483.22366898148,2013,0.443,39.3502538705894,-97.8543180436679,16748.5513888889,133,-46836022,18834215
"811","SOLOMON RIVER BASIN","SC","SC511","8/12/13",1702,39.35026,-97.85431,10260015,2013-08-12 17:02:00,3574.34033564815,2013,0.261,39.350253916412,-97.8543114069515,16839.6680555556,224,-46836019,18834215
"812","SOLOMON RIVER BASIN","SC","SC511","11/4/13",1547,39.35026,-97.85431,10260015,2013-11-04 15:47:00,3658.28825231481,2013,0.02,39.35025810611,-97.8543038369401,16923.6159722222,308,-46836015,18834217
"813","SOLOMON RIVER BASIN","SC","SC511","3/11/14",911,39.35026,-97.85431,10260015,2014-03-11 09:11:00,3785.01325231481,2014,0.096,39.3502687271047,-97.8543084405248,17050.3409722222,70,-46836017,18834222
"814","SOLOMON RIVER BASIN","SC","SC511","6/9/14",1651,39.35026,-97.85431,10260015,2014-06-09 16:51:00,3875.33269675926,2014,1.1,39.3502605598476,-97.8543002867082,17140.6604166667,160,-46836013,18834218
"815","SOLOMON RIVER BASIN","SC","SC511","9/15/14",1705,39.35026,-97.85431,10260015,2014-09-15 17:05:00,3973.34241898148,2014,0.5,39.3502596988836,-97.8543092207356,17238.6701388889,258,-46836018,18834218
"816","SOLOMON RIVER BASIN","SC","SC511","12/9/14",938,39.35026,-97.85431,10260015,2014-12-09 09:38:00,4058.03200231481,2014,0.052,39.3502501630323,-97.8543072098209,17323.3597222222,343,-46836017,18834213
"817","SOLOMON RIVER BASIN","SC","SC511","1/13/15",1151,39.35026,-97.85431,10260015,2015-01-13 11:51:00,4093.12436342593,2015,0.045,39.3502619668641,-97.8543007105099,17358.4520833333,13,-46836013,18834219
"818","SOLOMON RIVER BASIN","SC","SC511","4/14/15",1343,39.35026,-97.85431,10260015,2015-04-14 13:43:00,4184.2021412037,2015,0.45,39.3502672923618,-97.8543022937649,17449.5298611111,104,-46836014,18834222
"819","SOLOMON RIVER BASIN","SC","SC511","7/21/15",954,39.35026,-97.85431,10260015,2015-07-21 09:54:00,4282.04311342593,2015,0.56,39.3502690113706,-97.8543060840245,17547.3708333333,202,-46836016,18834222
"820","SOLOMON RIVER BASIN","SC","SC511","10/20/15",1120,39.35026,-97.85431,10260015,2015-10-20 11:20:00,4373.10283564815,2015,0.11,39.3502616238294,-97.8543108112536,17638.4305555556,293,-46836018,18834219
"821","SOLOMON RIVER BASIN","SC","SC511","2/23/16",932,39.35026,-97.85431,10260015,2016-02-23 09:32:00,4499.02783564815,2016,0.11,39.3502682900254,-97.8543120933838,17764.3555555556,54,-46836019,18834222
"822","SOLOMON RIVER BASIN","SC","SC511","5/17/16",1202,39.35026,-97.85431,10260015,2016-05-17 12:02:00,4583.13200231481,2016,1.2,39.3502585013206,-97.854311746304,17848.4597222222,138,-46836019,18834217
"823","SOLOMON RIVER BASIN","SC","SC511","8/16/16",1144,39.35026,-97.85431,10260015,2016-08-16 11:44:00,4674.11950231481,2016,0.73,39.3502614687619,-97.8543108134071,17939.4472222222,229,-46836018,18834219
"824","SOLOMON RIVER BASIN","SC","SC511","11/15/16",1139,39.35026,-97.85431,10260015,2016-11-15 11:39:00,4765.11603009259,2016,0.12,39.3502694765751,-97.8543169505057,18030.44375,320,-46836021,18834223
"825","SOLOMON RIVER BASIN","SC","SC511","11/15/16",1144,39.35026,-97.85431,10260015,2016-11-15 11:44:00,4765.11950231481,2016,0.11,39.3502690905751,-97.8543179944563,18030.4472222222,320,-46836022,18834222
"826","SOLOMON RIVER BASIN","SC","SC511","3/14/17",1008,39.35026,-97.85431,10260015,2017-03-14 10:08:00,4884.05283564815,2017,0.11,39.350263387468,-97.8543142362995,18149.3805555556,73,-46836020,18834220
"827","SOLOMON RIVER BASIN","SC","SC511","3/14/17",1013,39.35026,-97.85431,10260015,2017-03-14 10:13:00,4884.05630787037,2017,0.11,39.3502515067979,-97.8543019621853,18149.3840277778,73,-46836014,18834214
"828","SOLOMON RIVER BASIN","SC","SC511","6/13/17",934,39.35026,-97.85431,10260015,2017-06-13 09:34:00,4975.02922453704,2017,0.26,39.3502571247785,-97.8543080976335,18240.3569444444,164,-46836017,18834217
"829","SOLOMON RIVER BASIN","SC","SC511","9/12/17",946,39.35026,-97.85431,10260015,2017-09-12 09:46:00,5066.03755787037,2017,0.13,39.3502600314173,-97.8543034002647,18331.3652777778,255,-46836015,18834218
"830","SOLOMON RIVER BASIN","SC","SC511","12/5/17",912,39.35026,-97.85431,10260015,2017-12-05 09:12:00,5150.01394675926,2017,0.064,39.350263186327,-97.8543085914794,18415.3416666667,339,-46836017,18834220
"831","SOLOMON RIVER BASIN","SC","SC511","1/9/18",856,39.35026,-97.85431,10260015,2018-01-09 08:56:00,5185.00283564815,2018,0.12,39.3502654535946,-97.8543118357014,18450.3305555556,9,-46836019,18834221
"832","SOLOMON RIVER BASIN","SC","SC511","4/10/18",905,39.35026,-97.85431,10260015,2018-04-10 09:05:00,5276.00908564815,2018,0.077,39.3502503164701,-97.8543166128928,18541.3368055556,100,-46836021,18834213
"833","SOLOMON RIVER BASIN","SC","SC511","7/24/18",857,39.35026,-97.85431,10260015,2018-07-24 08:57:00,5381.00353009259,2018,0.32,39.3502547497564,-97.8543181238721,18646.33125,205,-46836022,18834216
"834","SOLOMON RIVER BASIN","SC","SC511","10/16/18",850,39.35026,-97.85431,10260015,2018-10-16 08:50:00,5464.99866898148,2018,0.45,39.3502672444934,-97.8543032880971,18730.3263888889,289,-46836015,18834222
"835","SOLOMON RIVER BASIN","SC","SC511","2/12/19",943,39.35026,-97.85431,10260015,2019-02-12 09:43:00,5584.03547453704,2019,0.21,39.3502595104618,-97.8543074147952,18849.3631944444,43,-46836017,18834218
"836","SOLOMON RIVER BASIN","SC","SC511","5/21/19",1031,39.35026,-97.85431,10260015,2019-05-21 10:31:00,5682.06880787037,2019,0.8,39.3502638511766,-97.8543044055656,18947.3965277778,141,-46836015,18834220
"837","SOLOMON RIVER BASIN","SC","SC511","8/20/19",1158,39.35026,-97.85431,10260015,2019-08-20 11:58:00,5773.12922453704,2019,0.52,39.3502523126365,-97.854316826235,19038.4569444444,232,-46836021,18834214
"838","SOLOMON RIVER BASIN","SC","SC511","8/20/19",1203,39.35026,-97.85431,10260015,2019-08-20 12:03:00,5773.13269675926,2019,0.56,39.3502547047239,-97.8543092073892,19038.4604166667,232,-46836018,18834216
"839","SOLOMON RIVER BASIN","SC","SC511","11/6/19",1040,39.35026,-97.85431,10260015,2019-11-06 10:40:00,5851.07505787037,2019,0.18,39.3502561940655,-97.854315710892,19116.4027777778,310,-46836021,18834216
"840","SOLOMON RIVER BASIN","SC","SC511","11/6/19",1045,39.35026,-97.85431,10260015,2019-11-06 10:45:00,5851.07853009259,2019,0.19,39.3502513286855,-97.8543147104686,19116.40625,310,-46836020,18834214
"841","SOLOMON RIVER BASIN","SC","SC511","3/3/20",957,39.35026,-97.85431,10260015,2020-03-03 09:57:00,5969.04519675926,2020,0.074,39.3502612303306,-97.8543167762722,19234.3729166667,63,-46836021,18834219
"842","SOLOMON RIVER BASIN","SC","SC511","9/14/20",1333,39.35026,-97.85431,10260015,2020-09-14 13:33:00,6164.19519675926,2020,0.21,39.3502686702607,-97.8543162519331,19429.5229166667,258,-46836021,18834222
"843","SOLOMON RIVER BASIN","SC","SC511","12/8/20",836,39.35026,-97.85431,10260015,2020-12-08 08:36:00,6248.98894675926,2020,0.18,39.350261654986,-97.8543151736326,19514.3166666667,343,-46836020,18834219
"844","SOLOMON RIVER BASIN","SC","SC511","1/4/21",1204,39.35026,-97.85431,10260015,2021-01-04 12:04:00,6276.1333912037,2021,0.13,39.3502531429187,-97.8543066629621,19541.4611111111,4,-46836016,18834215
"845","SOLOMON RIVER BASIN","SC","SC511","4/5/21",1209,39.35026,-97.85431,10260015,2021-04-05 12:09:00,6367.13686342593,2021,0.3,39.3502614338756,-97.8543117043045,19632.4645833333,95,-46836019,18834219
"846","SOLOMON RIVER BASIN","SC","SC511","7/12/21",1156,39.35026,-97.85431,10260015,2021-07-12 11:56:00,6465.12783564815,2021,0.42,39.3502525856884,-97.854315847144,19730.4555555556,193,-46836021,18834215
"847","SOLOMON RIVER BASIN","SC","SC511","10/4/21",1205,39.35026,-97.85431,10260015,2021-10-04 12:05:00,6549.13408564815,2021,0.27,39.3502593436371,-97.8543055115361,19814.4618055556,277,-46836016,18834218
"848","SOLOMON RIVER BASIN","SC","SC511","10/4/21",1210,39.35026,-97.85431,10260015,2021-10-04 12:10:00,6549.13755787037,2021,0.27,39.3502627074444,-97.8543004818344,19814.4652777778,277,-46836013,18834219
"849","SOLOMON RIVER BASIN","SC","SC511","2/8/22",625,39.35026,-97.85431,10260015,2022-02-08 06:25:00,6675.89797453704,2022,0.2,39.3502680462068,-97.8543161246302,19941.2256944444,39,-46836021,18834222
"850","SOLOMON RIVER BASIN","SC","SC511","5/2/22",1523,39.35026,-97.85431,10260015,2022-05-02 15:23:00,6759.27158564815,2022,0.23,39.3502512201076,-97.8543093411513,20024.5993055556,122,-46836018,18834214
"851","SOLOMON RIVER BASIN","SC","SC511","5/2/22",1528,39.35026,-97.85431,10260015,2022-05-02 15:28:00,6759.27505787037,2022,0.25,39.3502532179154,-97.8543163752396,20024.6027777778,122,-46836021,18834215
"852","SOLOMON RIVER BASIN","SC","SC511","8/1/22",1450,39.35026,-97.85431,10260015,2022-08-01 14:50:00,6850.24866898148,2022,0.43,39.3502547223933,-97.8543151332694,20115.5763888889,213,-46836020,18834216
"853","SOLOMON RIVER BASIN","SC","SC511","11/7/22",1512,39.35026,-97.85431,10260015,2022-11-07 15:12:00,6948.26394675926,2022,0.085,39.350255829248,-97.8543073188698,20213.5916666667,311,-46836017,18834216
"854","SOLOMON RIVER BASIN","SC","SC511","3/7/23",733,39.35026,-97.85431,10260015,2023-03-07 07:33:00,7067.94519675926,2023,0.081,39.3502557682844,-97.8543035572546,20333.2729166667,66,-46836015,18834216
"855","SOLOMON RIVER BASIN","SC","SC511","6/6/23",622,39.35026,-97.85431,10260015,2023-06-06 06:22:00,7158.8958912037,2023,0.33,39.3502559637666,-97.8543087699103,20424.2236111111,157,-46836017,18834216
"856","SOLOMON RIVER BASIN","SC","SC511","9/19/23",712,39.35026,-97.85431,10260015,2023-09-19 07:12:00,7263.93061342593,2023,0.15,39.3502553686069,-97.8543192309898,20529.2583333333,262,-46836022,18834216
"857","SOLOMON RIVER BASIN","SC","SC511","12/5/23",720,39.35026,-97.85431,10260015,2023-12-05 07:20:00,7340.93616898148,2023,0.091,39.3502601295238,-97.8543083903155,20606.2638888889,339,-46836017,18834218
"858","SOLOMON RIVER BASIN","SC","SC511","1/23/24",813,39.35026,-97.85431,10260015,2024-01-23 08:13:00,7389.97297453704,2024,0.15,39.3502544580189,-97.8543059030232,20655.3006944444,23,-46836016,18834215
"859","SOLOMON RIVER BASIN","SC","SC511","4/9/24",717,39.35026,-97.85431,10260015,2024-04-09 07:17:00,7466.93408564815,2024,0.15,39.3502588066077,-97.854318748208,20732.2618055556,100,-46836022,18834218
"860","SOLOMON RIVER BASIN","SC","SC511","7/8/24",1733,39.35026,-97.85431,10260015,2024-07-08 17:33:00,7557.36186342593,2024,0.25,39.3502550610425,-97.8543108192922,20822.6895833333,190,-46836018,18834216
"861","SOLOMON RIVER BASIN","SC","SC511","10/8/24",828,39.35026,-97.85431,10260015,2024-10-08 08:28:00,7648.9833912037,2024,0.077,39.3502661599583,-97.8543156633141,20914.3111111111,282,-46836021,18834221
"862","SOLOMON RIVER BASIN","SC","SC512","3/14/90",955,39.102773,-97.724291,10260015,1990-03-14 09:55:00,-4977.95619212963,1990,0.35,39.1027729803412,-97.7242953664109,8287.37152777778,73,-46773789,18715763
"863","SOLOMON RIVER BASIN","SC","SC512","5/8/90",1335,39.102773,-97.724291,10260015,1990-05-08 13:35:00,-4922.80341435185,1990,0.67,39.1027781840288,-97.7242951654533,8342.52430555555,128,-46773789,18715766
"864","SOLOMON RIVER BASIN","SC","SC512","7/17/90",1044,39.102773,-97.724291,10260015,1990-07-17 10:44:00,-4852.92216435185,1990,0.51,39.1027778997281,-97.724288100313,8412.40555555556,198,-46773786,18715766
"865","SOLOMON RIVER BASIN","SC","SC512","9/11/90",1059,39.102773,-97.724291,10260015,1990-09-11 10:59:00,-4796.91174768519,1990,0.43,39.1027772669432,-97.7242896980217,8468.41597222222,254,-46773786,18715765
"866","SOLOMON RIVER BASIN","SC","SC512","10/30/90",1100,39.102773,-97.724291,10260015,1990-10-30 11:00:00,-4747.91105324074,1990,0.55,39.1027828974145,-97.7242973048547,8517.41666666667,303,-46773790,18715768
"867","SOLOMON RIVER BASIN","SC","SC512","2/26/91",1321,39.102773,-97.724291,10260015,1991-02-26 13:21:00,-4628.81313657407,1991,0.22,39.1027808344953,-97.7242992992992,8636.51458333333,57,-46773791,18715767
"868","SOLOMON RIVER BASIN","SC","SC512","4/23/91",1323,39.102773,-97.724291,10260015,1991-04-23 13:23:00,-4572.81174768518,1991,0.33,39.1027784311327,-97.7242889328076,8692.51597222222,113,-46773786,18715766
"869","SOLOMON RIVER BASIN","SC","SC512","6/24/91",1518,39.102773,-97.724291,10260015,1991-06-24 15:18:00,-4510.73188657407,1991,0.54,39.1027756363057,-97.7242979287342,8754.59583333333,175,-46773790,18715765
"870","SOLOMON RIVER BASIN","SC","SC512","8/26/91",1537,39.102773,-97.724291,10260015,1991-08-26 15:37:00,-4447.71869212963,1991,0.31,39.1027806564497,-97.7242816374966,8817.60902777778,238,-46773782,18715767
"871","SOLOMON RIVER BASIN","SC","SC512","10/28/91",1550,39.102773,-97.724291,10260015,1991-10-28 15:50:00,-4384.70966435185,1991,1.54,39.1027677241127,-97.7242940631372,8880.61805555555,301,-46773788,18715761
"872","SOLOMON RIVER BASIN","SC","SC512","12/2/91",1618,39.102773,-97.724291,10260015,1991-12-02 16:18:00,-4349.69021990741,1991,0.2,39.1027781571969,-97.7242898855633,8915.6375,336,-46773786,18715766
"873","SOLOMON RIVER BASIN","SC","SC512","1/6/92",1640,39.102773,-97.724291,10260015,1992-01-06 16:40:00,-4314.67494212963,1992,2.88,39.1027747427294,-97.7242810256858,8950.65277777778,6,-46773782,18715764
"874","SOLOMON RIVER BASIN","SC","SC512","3/16/92",1532,39.102773,-97.724291,10260015,1992-03-16 15:32:00,-4244.72216435185,1992,0.28,39.1027690410865,-97.7242924153527,9020.60555555556,76,-46773788,18715761
"875","SOLOMON RIVER BASIN","SC","SC512","5/11/92",1506,39.102773,-97.724291,10260015,1992-05-11 15:06:00,-4188.74021990741,1992,0.39,39.1027700026023,-97.7242811805682,9076.5875,132,-46773782,18715762
"876","SOLOMON RIVER BASIN","SC","SC512","7/13/92",1533,39.102773,-97.724291,10260015,1992-07-13 15:33:00,-4125.72146990741,1992,0.7,39.1027703287598,-97.7242852157311,9139.60625,195,-46773784,18715762
"877","SOLOMON RIVER BASIN","SC","SC512","9/21/92",1638,39.102773,-97.724291,10260015,1992-09-21 16:38:00,-4055.67633101852,1992,0.3,39.1027732848261,-97.7242887627242,9209.65138888889,265,-46773786,18715763
"878","SOLOMON RIVER BASIN","SC","SC512","11/9/92",1700,39.102773,-97.724291,10260015,1992-11-09 17:00:00,-4006.66105324074,1992,0.18,39.102777502033,-97.7242997123362,9258.66666666667,314,-46773791,18715766
"879","SOLOMON RIVER BASIN","SC","SC512","4/19/93",1515,39.102773,-97.724291,10260015,1993-04-19 15:15:00,-3845.73396990741,1993,0.23,39.1027766024104,-97.7242895806354,9419.59375,109,-46773786,18715765
"880","SOLOMON RIVER BASIN","SC","SC512","6/14/93",1624,39.102773,-97.724291,10260015,1993-06-14 16:24:00,-3789.68605324074,1993,0.39,39.1027719367206,-97.7242876192373,9475.64166666667,165,-46773785,18715763
"881","SOLOMON RIVER BASIN","SC","SC512","8/16/93",1632,39.102773,-97.724291,10260015,1993-08-16 16:32:00,-3726.68049768519,1993,0.62,39.1027631444545,-97.7242915949258,9538.64722222222,228,-46773787,18715759
"882","SOLOMON RIVER BASIN","SC","SC512","10/18/93",1450,39.102773,-97.724291,10260015,1993-10-18 14:50:00,-3663.75133101852,1993,0.43,39.1027740890528,-97.7242959803775,9601.57638888889,291,-46773789,18715764
"883","SOLOMON RIVER BASIN","SC","SC512","12/13/93",1457,39.102773,-97.724291,10260015,1993-12-13 14:57:00,-3607.74646990741,1993,0.12,39.1027806001849,-97.7242857986797,9657.58125,347,-46773784,18715767
"884","SOLOMON RIVER BASIN","SC","SC512","1/10/94",1642,39.102773,-97.724291,10260015,1994-01-10 16:42:00,-3579.67355324074,1994,0.09,39.1027726439477,-97.7242963887019,9685.65416666667,10,-46773790,18715763
"885","SOLOMON RIVER BASIN","SC","SC512","3/21/94",1620,39.102773,-97.724291,10260015,1994-03-21 16:20:00,-3509.68883101852,1994,0.14,39.1027711953934,-97.7242991833178,9755.63888888889,80,-46773791,18715762
"886","SOLOMON RIVER BASIN","SC","SC512","5/16/94",1601,39.102773,-97.724291,10260015,1994-05-16 16:01:00,-3453.70202546296,1994,0.47,39.1027822463003,-97.7242916411884,9811.62569444444,136,-46773787,18715768
"887","SOLOMON RIVER BASIN","SC","SC512","7/18/94",1524,39.102773,-97.724291,10260015,1994-07-18 15:24:00,-3390.72771990741,1994,1.22,39.102767951047,-97.7242850624174,9874.6,199,-46773784,18715761
"888","SOLOMON RIVER BASIN","SC","SC512","9/19/94",1715,39.102773,-97.724291,10260015,1994-09-19 17:15:00,-3327.65063657407,1994,0.22,39.1027782545498,-97.7242961534606,9937.67708333333,262,-46773789,18715766
"889","SOLOMON RIVER BASIN","SC","SC512","11/14/94",1515,39.102773,-97.724291,10260015,1994-11-14 15:15:00,-3271.73396990741,1994,0.33,39.1027713858151,-97.7242919208598,9993.59375,318,-46773787,18715763
"890","SOLOMON RIVER BASIN","SC","SC512","2/13/95",1512,39.102773,-97.724291,10260015,1995-02-13 15:12:00,-3180.73605324074,1995,0.12,39.1027700091868,-97.7242840847782,10084.5916666667,44,-46773784,18715762
"891","SOLOMON RIVER BASIN","SC","SC512","4/17/95",1532,39.102773,-97.724291,10260015,1995-04-17 15:32:00,-3117.72216435185,1995,0.44,39.102767609851,-97.7242945571878,10147.6055555556,107,-46773789,18715761
"892","SOLOMON RIVER BASIN","SC","SC512","6/19/95",1546,39.102773,-97.724291,10260015,1995-06-19 15:46:00,-3054.71244212963,1995,0.34,39.1027704234739,-97.7243009246115,10210.6152777778,170,-46773792,18715762
"893","SOLOMON RIVER BASIN","SC","SC512","6/19/95",1551,39.102773,-97.724291,10260015,1995-06-19 15:51:00,-3054.70896990741,1995,0.33,39.1027718164866,-97.724296869724,10210.61875,170,-46773790,18715763
"894","SOLOMON RIVER BASIN","SC","SC512","8/21/95",1541,39.102773,-97.724291,10260015,1995-08-21 15:41:00,-2991.71591435185,1995,0.364,39.1027762682296,-97.7242966662582,10273.6118055556,233,-46773790,18715765
"895","SOLOMON RIVER BASIN","SC","SC512","10/16/95",1655,39.102773,-97.724291,10260015,1995-10-16 16:55:00,-2935.66452546296,1995,0.321,39.1027659674761,-97.7242978359383,10329.6631944444,289,-46773790,18715760
"896","SOLOMON RIVER BASIN","SC","SC512","12/11/95",1510,39.102773,-97.724291,10260015,1995-12-11 15:10:00,-2879.73744212963,1995,0.147,39.1027822545899,-97.7242977072221,10385.5902777778,345,-46773790,18715768
"897","SOLOMON RIVER BASIN","SC","SC512","3/18/96",1548,39.102773,-97.724291,10260015,1996-03-18 15:48:00,-2781.71105324074,1996,0.104,39.1027800822087,-97.7242967559781,10483.6166666667,78,-46773790,18715767
"898","SOLOMON RIVER BASIN","SC","SC512","5/13/96",1507,39.102773,-97.724291,10260015,1996-05-13 15:07:00,-2725.73952546296,1996,0.457,39.102778512719,-97.7242928484694,10539.5881944444,134,-46773788,18715766
"899","SOLOMON RIVER BASIN","SC","SC512","7/15/96",1450,39.102773,-97.724291,10260015,1996-07-15 14:50:00,-2662.75133101852,1996,0.324,39.1027806075184,-97.7242946603858,10602.5763888889,197,-46773789,18715767
"900","SOLOMON RIVER BASIN","SC","SC512","9/16/96",1447,39.102773,-97.724291,10260015,1996-09-16 14:47:00,-2599.75341435185,1996,0.459,39.1027802911295,-97.7242828767415,10665.5743055556,260,-46773783,18715767
"901","SOLOMON RIVER BASIN","SC","SC512","11/12/96",1640,39.102773,-97.724291,10260015,1996-11-12 16:40:00,-2542.67494212963,1996,0.192,39.1027638016592,-97.7242957869403,10722.6527777778,317,-46773789,18715759
"902","SOLOMON RIVER BASIN","SC","SC512","11/12/96",1645,39.102773,-97.724291,10260015,1996-11-12 16:45:00,-2542.67146990741,1996,0.172,39.1027683445195,-97.7242838150376,10722.65625,317,-46773783,18715761
"903","SOLOMON RIVER BASIN","SC","SC512","2/24/97",1657,39.102773,-97.724291,10260015,1997-02-24 16:57:00,-2438.66313657407,1997,0.122,39.1027657659537,-97.7243005307157,10826.6645833333,55,-46773791,18715760
"904","SOLOMON RIVER BASIN","SC","SC512","4/28/97",1630,39.102773,-97.724291,10260015,1997-04-28 16:30:00,-2375.68188657407,1997,0.28,39.1027757547712,-97.7242938798549,10889.6458333333,118,-46773788,18715765
"905","SOLOMON RIVER BASIN","SC","SC512","6/23/97",1656,39.102773,-97.724291,10260015,1997-06-23 16:56:00,-2319.66383101852,1997,0.562,39.1027735154769,-97.724291144877,10945.6638888889,174,-46773787,18715764
"906","SOLOMON RIVER BASIN","SC","SC512","8/25/97",1655,39.102773,-97.724291,10260015,1997-08-25 16:55:00,-2256.66452546296,1997,0.338,39.1027709135286,-97.7242996284004,11008.6631944444,237,-46773791,18715762
"907","SOLOMON RIVER BASIN","SC","SC512","10/27/97",1815,39.102773,-97.724291,10260015,1997-10-27 18:15:00,-2193.60896990741,1997,1.001,39.1027782564111,-97.7242892039318,11071.71875,300,-46773786,18715766
"908","SOLOMON RIVER BASIN","SC","SC512","12/15/97",1715,39.102773,-97.724291,10260015,1997-12-15 17:15:00,-2144.65063657407,1997,0.177,39.1027662697392,-97.7242939029685,11120.6770833333,349,-46773788,18715760
"909","SOLOMON RIVER BASIN","SC","SC512","1/26/98",1800,39.102773,-97.724291,10260015,1998-01-26 18:00:00,-2102.61938657407,1998,0.136,39.1027764186776,-97.7242904722886,11162.7083333333,26,-46773787,18715765
"910","SOLOMON RIVER BASIN","SC","SC512","3/23/98",1800,39.102773,-97.724291,10260015,1998-03-23 18:00:00,-2046.61938657407,1998,0.33,39.1027811218736,-97.7242891937001,11218.7083333333,82,-46773786,18715767
"911","SOLOMON RIVER BASIN","SC","SC512","5/18/98",1800,39.102773,-97.724291,10260015,1998-05-18 18:00:00,-1990.61938657407,1998,0.34,39.1027661923059,-97.72428953281,11274.7083333333,138,-46773786,18715760
"912","SOLOMON RIVER BASIN","SC","SC512","7/27/98",1740,39.102773,-97.724291,10260015,1998-07-27 17:40:00,-1920.63327546296,1998,0.69,39.102777884381,-97.7242938993223,11344.6944444444,208,-46773788,18715766
"913","SOLOMON RIVER BASIN","SC","SC512","9/21/98",1700,39.102773,-97.724291,10260015,1998-09-21 17:00:00,-1864.66105324074,1998,0.262,39.1027781005486,-97.7242974456582,11400.6666666667,264,-46773790,18715766
"914","SOLOMON RIVER BASIN","SC","SC512","11/30/98",1725,39.102773,-97.724291,10260015,1998-11-30 17:25:00,-1794.64369212963,1998,0.27,39.1027812002985,-97.7242831108563,11470.6840277778,334,-46773783,18715767
"915","SOLOMON RIVER BASIN","SC","SC512","2/16/99",1530,39.102773,-97.724291,10260015,1999-02-16 15:30:00,-1716.72355324074,1999,0.15,39.102777642377,-97.7242934630005,11548.6041666667,47,-46773788,18715766
"916","SOLOMON RIVER BASIN","SC","SC512","4/20/99",1505,39.102773,-97.724291,10260015,1999-04-20 15:05:00,-1653.74091435185,1999,0.41,39.1027775694159,-97.7242892677095,11611.5868055556,110,-46773786,18715766
"917","SOLOMON RIVER BASIN","SC","SC512","6/15/99",1555,39.102773,-97.724291,10260015,1999-06-15 15:55:00,-1597.70619212963,1999,0.35,39.1027737084594,-97.7242947170294,11667.6215277778,166,-46773789,18715764
"918","SOLOMON RIVER BASIN","SC","SC512","8/17/99",1630,39.102773,-97.724291,10260015,1999-08-17 16:30:00,-1534.68188657407,1999,0.35,39.1027662571858,-97.7242869182943,11730.6458333333,229,-46773785,18715760
"919","SOLOMON RIVER BASIN","SC","SC512","10/19/99",1425,39.102773,-97.724291,10260015,1999-10-19 14:25:00,-1471.76869212963,1999,0.3,39.102767576497,-97.7242986352191,11793.5590277778,292,-46773791,18715761
"920","SOLOMON RIVER BASIN","SC","SC512","12/21/99",1505,39.102773,-97.724291,10260015,1999-12-21 15:05:00,-1408.74091435185,1999,0.16,39.1027816852405,-97.7242900113257,11856.5868055556,355,-46773786,18715768
"921","SOLOMON RIVER BASIN","SC","SC512","1/19/00",1450,39.102773,-97.724291,10260015,2000-01-19 14:50:00,-1379.75133101852,2000,0.14,39.1027720737696,-97.7242892134141,11885.5763888889,19,-46773786,18715763
"922","SOLOMON RIVER BASIN","SC","SC512","3/21/00",1435,39.102773,-97.724291,10260015,2000-03-21 14:35:00,-1317.76174768519,2000,0.2,39.102777099699,-97.7242944088324,11947.5659722222,81,-46773789,18715765
"923","SOLOMON RIVER BASIN","SC","SC512","5/16/00",1405,39.102773,-97.724291,10260015,2000-05-16 14:05:00,-1261.78258101852,2000,0.45,39.1027659338431,-97.7242916324873,12003.5451388889,137,-46773787,18715760
"924","SOLOMON RIVER BASIN","SC","SC512","7/18/00",1515,39.102773,-97.724291,10260015,2000-07-18 15:15:00,-1198.73396990741,2000,0.373,39.1027673757345,-97.7242926175875,12066.59375,200,-46773788,18715761
"925","SOLOMON RIVER BASIN","SC","SC512","9/19/00",1425,39.102773,-97.724291,10260015,2000-09-19 14:25:00,-1135.76869212963,2000,0.27,39.1027774457289,-97.7242823704651,12129.5590277778,263,-46773783,18715765
"926","SOLOMON RIVER BASIN","SC","SC512","11/14/00",920,39.102773,-97.724291,10260015,2000-11-14 09:20:00,-1079.98049768519,2000,0.29,39.1027805823201,-97.724296329065,12185.3472222222,319,-46773789,18715767
"927","SOLOMON RIVER BASIN","SC","SC512","2/13/01",1515,39.102773,-97.724291,10260015,2001-02-13 15:15:00,-988.733969907407,2001,0.07,39.1027652161332,-97.7242906024607,12276.59375,44,-46773787,18715760
"928","SOLOMON RIVER BASIN","SC","SC512","4/17/01",1440,39.102773,-97.724291,10260015,2001-04-17 14:40:00,-925.758275462963,2001,0.355,39.1027787709487,-97.7242961472493,12339.5694444444,107,-46773789,18715766
"929","SOLOMON RIVER BASIN","SC","SC512","6/19/01",1430,39.102773,-97.724291,10260015,2001-06-19 14:30:00,-862.765219907407,2001,0.358,39.1027636997026,-97.7242846331579,12402.5625,170,-46773784,18715759
"930","SOLOMON RIVER BASIN","SC","SC512","8/21/01",1420,39.102773,-97.724291,10260015,2001-08-21 14:20:00,-799.772164351852,2001,0.276,39.1027668171251,-97.7242943767894,12465.5555555556,233,-46773789,18715760
"931","SOLOMON RIVER BASIN","SC","SC512","10/16/01",1430,39.102773,-97.724291,10260015,2001-10-16 14:30:00,-743.765219907407,2001,0.321,39.1027821932876,-97.7242889257087,12521.5625,289,-46773786,18715768
"932","SOLOMON RIVER BASIN","SC","SC512","12/18/01",1430,39.102773,-97.724291,10260015,2001-12-18 14:30:00,-680.765219907407,2001,0.156,39.1027694136285,-97.7242932377091,12584.5625,352,-46773788,18715762
"933","SOLOMON RIVER BASIN","SC","SC512","1/23/02",950,39.102773,-97.724291,10260015,2002-01-23 09:50:00,-644.959664351852,2002,0.084,39.102777346737,-97.7243006016733,12620.3680555556,23,-46773792,18715765
"934","SOLOMON RIVER BASIN","SC","SC512","3/19/02",1000,39.102773,-97.724291,10260015,2002-03-19 10:00:00,-589.952719907407,2002,0.148,39.1027657023779,-97.7242884716287,12675.375,78,-46773786,18715760
"935","SOLOMON RIVER BASIN","SC","SC512","5/21/02",1025,39.102773,-97.724291,10260015,2002-05-21 10:25:00,-526.935358796296,2002,0.305,39.1027704351826,-97.7242952259955,12738.3923611111,141,-46773789,18715762
"936","SOLOMON RIVER BASIN","SC","SC512","7/23/02",950,39.102773,-97.724291,10260015,2002-07-23 09:50:00,-463.959664351852,2002,0.542,39.1027801678002,-97.7242895802505,12801.3680555556,204,-46773786,18715767
"937","SOLOMON RIVER BASIN","SC","SC512","9/17/02",1045,39.102773,-97.724291,10260015,2002-09-17 10:45:00,-407.921469907407,2002,0.26,39.102780624165,-97.7242810675338,12857.40625,260,-46773782,18715767
"938","SOLOMON RIVER BASIN","SC","SC512","2/18/03",1109,39.102773,-97.724291,10260015,2003-02-18 11:09:00,-253.904803240741,2003,0.113,39.1027730767704,-97.7242921895561,13011.4229166667,49,-46773787,18715763
"939","SOLOMON RIVER BASIN","SC","SC512","4/15/03",1040,39.102773,-97.724291,10260015,2003-04-15 10:40:00,-197.92494212963,2003,0.495,39.1027671105432,-97.724288535164,13067.4027777778,105,-46773786,18715761
"940","SOLOMON RIVER BASIN","SC","SC512","6/17/03",1020,39.102773,-97.724291,10260015,2003-06-17 10:20:00,-134.938831018519,2003,0.362,39.1027670686621,-97.7242978243208,13130.3888888889,168,-46773790,18715761
"941","SOLOMON RIVER BASIN","SC","SC512","8/19/03",1120,39.102773,-97.724291,10260015,2003-08-19 11:20:00,-71.8971643518519,2003,0.488,39.102777854979,-97.7242977177273,13193.4305555556,231,-46773790,18715766
"942","SOLOMON RIVER BASIN","SC","SC512","10/21/03",1030,39.102773,-97.724291,10260015,2003-10-21 10:30:00,-8.93188657407407,2003,0.305,39.1027795684342,-97.7242993706455,13256.3958333333,294,-46773791,18715766
"943","SOLOMON RIVER BASIN","SC","SC512","3/16/04",1115,39.102773,-97.724291,10260015,2004-03-16 11:15:00,138.099363425926,2004,0.244,39.1027804749644,-97.7242814257195,13403.4270833333,76,-46773782,18715767
"944","SOLOMON RIVER BASIN","SC","SC512","5/18/04",1130,39.102773,-97.724291,10260015,2004-05-18 11:30:00,201.109780092593,2004,0.433,39.1027735350934,-97.7242972692335,13466.4375,139,-46773790,18715764
"945","SOLOMON RIVER BASIN","SC","SC512","7/20/04",1021,39.102773,-97.724291,10260015,2004-07-20 10:21:00,264.061863425926,2004,0.462,39.1027674500904,-97.7242932411848,13529.3895833333,202,-46773788,18715761
"946","SOLOMON RIVER BASIN","SC","SC512","9/21/04",1119,39.102773,-97.724291,10260015,2004-09-21 11:19:00,327.102141203704,2004,0.388,39.1027630935136,-97.7242934004847,13592.4298611111,265,-46773788,18715759
"947","SOLOMON RIVER BASIN","SC","SC512","11/16/04",1019,39.102773,-97.724291,10260015,2004-11-16 10:19:00,383.060474537037,2004,0.419,39.1027721674394,-97.7242941140693,13648.3881944444,321,-46773788,18715763
"948","SOLOMON RIVER BASIN","SC","SC512","2/15/05",1010,39.102773,-97.724291,10260015,2005-02-15 10:10:00,474.054224537037,2005,0.653,39.102780869118,-97.724291417521,13739.3819444444,46,-46773787,18715767
"949","SOLOMON RIVER BASIN","SC","SC512","4/19/05",1111,39.102773,-97.724291,10260015,2005-04-19 11:11:00,537.096585648148,2005,0.359,39.1027670102452,-97.7242894711262,13802.4243055556,109,-46773786,18715760
"950","SOLOMON RIVER BASIN","SC","SC512","6/14/05",937,39.102773,-97.724291,10260015,2005-06-14 09:37:00,593.03130787037,2005,1.007,39.1027685458648,-97.7242895186146,13858.3590277778,165,-46773786,18715761
"951","SOLOMON RIVER BASIN","SC","SC512","8/16/05",1012,39.102773,-97.724291,10260015,2005-08-16 10:12:00,656.055613425926,2005,0.402,39.1027770410473,-97.724299933784,13921.3833333333,228,-46773791,18715765
"952","SOLOMON RIVER BASIN","SC","SC512","10/18/05",1051,39.102773,-97.724291,10260015,2005-10-18 10:51:00,719.082696759259,2005,0.255,39.1027739976905,-97.7243001991288,13984.4104166667,291,-46773791,18715764
"953","SOLOMON RIVER BASIN","SC","SC512","12/20/05",1028,39.102773,-97.724291,10260015,2005-12-20 10:28:00,782.066724537037,2005,0.092,39.1027764850579,-97.7242976652355,14047.3944444444,354,-46773790,18715765
"954","SOLOMON RIVER BASIN","SC","SC512","1/24/06",1032,39.102773,-97.724291,10260015,2006-01-24 10:32:00,817.069502314815,2006,0.088,39.1027660542635,-97.7242958576493,14082.3972222222,24,-46773789,18715760
"955","SOLOMON RIVER BASIN","SC","SC512","5/16/06",1022,39.102773,-97.724291,10260015,2006-05-16 10:22:00,929.06255787037,2006,0.258,39.1027714125373,-97.7243001549874,14194.3902777778,136,-46773791,18715763
"956","SOLOMON RIVER BASIN","SC","SC512","7/18/06",950,39.102773,-97.724291,10260015,2006-07-18 09:50:00,992.040335648148,2006,0.508,39.1027657788745,-97.7242832720402,14257.3680555556,199,-46773783,18715760
"957","SOLOMON RIVER BASIN","SC","SC512","9/19/06",1147,39.102773,-97.724291,10260015,2006-09-19 11:47:00,1055.12158564815,2006,0.799,39.1027825961089,-97.7242868906322,14320.4493055556,262,-46773785,18715768
"958","SOLOMON RIVER BASIN","SC","SC512","11/14/06",925,39.102773,-97.724291,10260015,2006-11-14 09:25:00,1111.02297453704,2006,0.466,39.1027820468511,-97.7242857249366,14376.3506944444,318,-46773784,18715768
"959","SOLOMON RIVER BASIN","SC","SC512","11/14/06",930,39.102773,-97.724291,10260015,2006-11-14 09:30:00,1111.02644675926,2006,0.465,39.1027764069046,-97.724298239003,14376.3541666667,318,-46773790,18715765
"960","SOLOMON RIVER BASIN","SC","SC512","2/20/07",1031,39.102773,-97.724291,10260015,2007-02-20 10:31:00,1209.06880787037,2007,0.669,39.1027684963537,-97.7242953430049,14474.3965277778,51,-46773789,18715761
"961","SOLOMON RIVER BASIN","SC","SC512","4/17/07",946,39.102773,-97.724291,10260015,2007-04-17 09:46:00,1265.03755787037,2007,0.658,39.1027760653047,-97.7242863560672,14530.3652777778,107,-46773785,18715765
"962","SOLOMON RIVER BASIN","SC","SC512","6/19/07",932,39.102773,-97.724291,10260015,2007-06-19 09:32:00,1328.02783564815,2007,0.292,39.102770515106,-97.7242924775711,14593.3555555556,170,-46773788,18715762
"963","SOLOMON RIVER BASIN","SC","SC512","8/21/07",1032,39.102773,-97.724291,10260015,2007-08-21 10:32:00,1391.06950231481,2007,0.44,39.102773279324,-97.7242874720697,14656.3972222222,233,-46773785,18715763
"964","SOLOMON RIVER BASIN","SC","SC512","10/16/07",1029,39.102773,-97.724291,10260015,2007-10-16 10:29:00,1447.06741898148,2007,0.43,39.1027644677005,-97.7242828499696,14712.3951388889,289,-46773783,18715759
"965","SOLOMON RIVER BASIN","SC","SC512","12/18/07",1002,39.102773,-97.724291,10260015,2007-12-18 10:02:00,1510.04866898148,2007,0.237,39.1027748946926,-97.7242930891286,14775.3763888889,352,-46773788,18715764
"966","SOLOMON RIVER BASIN","SC","SC512","1/29/08",947,39.102773,-97.724291,10260015,2008-01-29 09:47:00,1552.03825231481,2008,0.115,39.1027633916005,-97.7242924223826,14817.3659722222,29,-46773788,18715759
"967","SOLOMON RIVER BASIN","SC","SC512","3/18/08",934,39.102773,-97.724291,10260015,2008-03-18 09:34:00,1601.02922453704,2008,0.135,39.102770734468,-97.7242910404166,14866.3569444444,78,-46773787,18715762
"968","SOLOMON RIVER BASIN","SC","SC512","5/20/08",930,39.102773,-97.724291,10260015,2008-05-20 09:30:00,1664.02644675926,2008,0.346,39.1027739474306,-97.7242885428683,14929.3541666667,141,-46773786,18715764
"969","SOLOMON RIVER BASIN","SC","SC512","7/22/08",932,39.102773,-97.724291,10260015,2008-07-22 09:32:00,1727.02783564815,2008,0.409,39.1027727289271,-97.7242868111985,14992.3555555556,204,-46773785,18715763
"970","SOLOMON RIVER BASIN","SC","SC512","9/16/08",928,39.102773,-97.724291,10260015,2008-09-16 09:28:00,1783.02505787037,2008,0.617,39.1027727635778,-97.7242911899246,15048.3527777778,260,-46773787,18715763
"971","SOLOMON RIVER BASIN","SC","SC512","11/18/08",933,39.102773,-97.724291,10260015,2008-11-18 09:33:00,1846.02853009259,2008,0.307,39.1027670354186,-97.7242996826606,15111.35625,323,-46773791,18715760
"972","SOLOMON RIVER BASIN","SC","SC512","2/17/09",919,39.102773,-97.724291,10260015,2009-02-17 09:19:00,1937.01880787037,2009,0.116,39.1027797007723,-97.7242812219677,15202.3465277778,48,-46773782,18715767
"973","SOLOMON RIVER BASIN","SC","SC512","4/21/09",953,39.102773,-97.724291,10260015,2009-04-21 09:53:00,2000.04241898148,2009,0.532,39.102780168682,-97.7242815952055,15265.3701388889,111,-46773782,18715767
"974","SOLOMON RIVER BASIN","SC","SC512","6/9/09",944,39.102773,-97.724291,10260015,2009-06-09 09:44:00,2049.03616898148,2009,0.497,39.1027794290815,-97.7242872965604,15314.3638888889,160,-46773785,18715766
"975","SOLOMON RIVER BASIN","SC","SC512","8/17/09",1145,39.102773,-97.724291,10260015,2009-08-17 11:45:00,2118.12019675926,2009,0.488,39.1027740233189,-97.7242886970359,15383.4479166667,229,-46773786,18715764
"976","SOLOMON RIVER BASIN","SC","SC512","8/17/09",1150,39.102773,-97.724291,10260015,2009-08-17 11:50:00,2118.12366898148,2009,0.439,39.1027631336895,-97.7242992626068,15383.4513888889,229,-46773791,18715759
"977","SOLOMON RIVER BASIN","SC","SC512","10/13/09",956,39.102773,-97.724291,10260015,2009-10-13 09:56:00,2175.04450231481,2009,0.318,39.1027804239913,-97.7242874464058,15440.3722222222,286,-46773785,18715767
"978","SOLOMON RIVER BASIN","SC","SC512","12/15/09",1017,39.102773,-97.724291,10260015,2009-12-15 10:17:00,2238.05908564815,2009,0.17,39.1027685357512,-97.7242988026189,15503.3868055556,349,-46773791,18715761
"979","SOLOMON RIVER BASIN","SC","SC512","2/2/10",1402,39.102773,-97.724291,10260015,2010-02-02 14:02:00,2287.21533564815,2010,0.213,39.102767300076,-97.7243001668757,15552.5430555556,33,-46773791,18715761
"980","SOLOMON RIVER BASIN","SC","SC512","5/4/10",1235,39.102773,-97.724291,10260015,2010-05-04 12:35:00,2378.15491898148,2010,0.381,39.1027683729175,-97.7242882787785,15643.4826388889,124,-46773786,18715761
"981","SOLOMON RIVER BASIN","SC","SC512","8/3/10",1221,39.102773,-97.724291,10260015,2010-08-03 12:21:00,2469.14519675926,2010,0.489,39.1027739029122,-97.7242971445833,15734.4729166667,215,-46773790,18715764
"982","SOLOMON RIVER BASIN","SC","SC512","11/2/10",1243,39.102773,-97.724291,10260015,2010-11-02 12:43:00,2560.16047453704,2010,0.303,39.1027760363697,-97.7242951513085,15825.4881944444,306,-46773789,18715765
"983","SOLOMON RIVER BASIN","SC","SC512","3/8/11",1328,39.102773,-97.724291,10260015,2011-03-08 13:28:00,2686.19172453704,2011,0.095,39.1027803185544,-97.7242917030493,15951.5194444444,67,-46773787,18715767
"984","SOLOMON RIVER BASIN","SC","SC512","6/7/11",1121,39.102773,-97.724291,10260015,2011-06-07 11:21:00,2777.10353009259,2011,0.466,39.102765776001,-97.7242969908788,16042.43125,158,-46773790,18715760
"985","SOLOMON RIVER BASIN","SC","SC512","9/13/11",1311,39.102773,-97.724291,10260015,2011-09-13 13:11:00,2875.17991898148,2011,0.318,39.1027786369875,-97.7242900952104,16140.5076388889,256,-46773786,18715766
"986","SOLOMON RIVER BASIN","SC","SC512","12/13/11",1224,39.102773,-97.724291,10260015,2011-12-13 12:24:00,2966.14728009259,2011,0.203,39.1027780374694,-97.7242990945474,16231.475,347,-46773791,18715766
"987","SOLOMON RIVER BASIN","SC","SC512","1/10/12",1140,39.102773,-97.724291,10260015,2012-01-10 11:40:00,2994.11672453704,2012,0.129,39.1027712016762,-97.7242885656541,16259.4444444444,10,-46773786,18715762
"988","SOLOMON RIVER BASIN","SC","SC512","4/24/12",806,39.102773,-97.724291,10260015,2012-04-24 08:06:00,3098.96811342593,2012,0.657,39.1027665407484,-97.724291386419,16364.2958333333,115,-46773787,18715760
"989","SOLOMON RIVER BASIN","SC","SC512","7/10/12",833,39.102773,-97.724291,10260015,2012-07-10 08:33:00,3175.98686342593,2012,0.6,39.1027815389212,-97.7242874318888,16441.3145833333,192,-46773785,18715767
"990","SOLOMON RIVER BASIN","SC","SC512","10/9/12",750,39.102773,-97.724291,10260015,2012-10-09 07:50:00,3266.95700231481,2012,0.277,39.1027784930413,-97.7242891212053,16532.2847222222,283,-46773786,18715766
"991","SOLOMON RIVER BASIN","SC","SC512","2/12/13",757,39.102773,-97.724291,10260015,2013-02-12 07:57:00,3392.96186342593,2013,0.106,39.102770205056,-97.7242949336693,16658.2895833333,43,-46773789,18715762
"992","SOLOMON RIVER BASIN","SC","SC512","5/13/13",1333,39.102773,-97.724291,10260015,2013-05-13 13:33:00,3483.19519675926,2013,0.338,39.1027742690275,-97.7242999853549,16748.5229166667,133,-46773791,18715764
"993","SOLOMON RIVER BASIN","SC","SC512","8/12/13",1604,39.102773,-97.724291,10260015,2013-08-12 16:04:00,3574.30005787037,2013,0.346,39.1027734184848,-97.72428449967,16839.6277777778,224,-46773784,18715764
"994","SOLOMON RIVER BASIN","SC","SC512","11/4/13",1459,39.102773,-97.724291,10260015,2013-11-04 14:59:00,3658.25491898148,2013,0.311,39.1027800531794,-97.7242876751504,16923.5826388889,308,-46773785,18715767
"995","SOLOMON RIVER BASIN","SC","SC512","3/11/14",824,39.102773,-97.724291,10260015,2014-03-11 08:24:00,3784.98061342593,2014,0.14,39.1027829957401,-97.724281963682,17050.3083333333,70,-46773783,18715768
"996","SOLOMON RIVER BASIN","SC","SC512","6/9/14",1604,39.102773,-97.724291,10260015,2014-06-09 16:04:00,3875.30005787037,2014,1.1,39.1027675815931,-97.7242975942008,17140.6277777778,160,-46773790,18715761
"997","SOLOMON RIVER BASIN","SC","SC512","9/15/14",1612,39.102773,-97.724291,10260015,2014-09-15 16:12:00,3973.30561342593,2014,0.87,39.1027774116544,-97.7242937824714,17238.6333333333,258,-46773788,18715765
"998","SOLOMON RIVER BASIN","SC","SC512","12/9/14",844,39.102773,-97.724291,10260015,2014-12-09 08:44:00,4057.99450231481,2014,0.31,39.1027680869651,-97.7242904590886,17323.3222222222,343,-46773787,18715761
"999","SOLOMON RIVER BASIN","SC","SC512","1/13/15",1243,39.102773,-97.724291,10260015,2015-01-13 12:43:00,4093.16047453704,2015,0.22,39.1027767499766,-97.7242932587253,17358.4881944444,13,-46773788,18715765
"1000","SOLOMON RIVER BASIN","SC","SC512","4/14/15",1433,39.102773,-97.724291,10260015,2015-04-14 14:33:00,4184.23686342593,2015,0.42,39.1027717992765,-97.7242917998561,17449.5645833333,104,-46773787,18715763
"1001","SOLOMON RIVER BASIN","SC","SC512","7/21/15",1032,39.102773,-97.724291,10260015,2015-07-21 10:32:00,4282.06950231481,2015,0.73,39.1027693192111,-97.7242960923161,17547.3972222222,202,-46773789,18715762
"1002","SOLOMON RIVER BASIN","SC","SC512","10/20/15",1214,39.102773,-97.724291,10260015,2015-10-20 12:14:00,4373.14033564815,2015,0.5,39.1027636213097,-97.7242863885927,17638.4680555556,293,-46773785,18715759
"1003","SOLOMON RIVER BASIN","SC","SC512","2/23/16",831,39.102773,-97.724291,10260015,2016-02-23 08:31:00,4498.98547453704,2016,0.27,39.1027823653456,-97.7242855277381,17764.3131944444,54,-46773784,18715768
"1004","SOLOMON RIVER BASIN","SC","SC512","5/17/16",1053,39.102773,-97.724291,10260015,2016-05-17 10:53:00,4583.08408564815,2016,0.86,39.1027638126005,-97.7242913414365,17848.4118055556,138,-46773787,18715759
"1005","SOLOMON RIVER BASIN","SC","SC512","8/16/16",1042,39.102773,-97.724291,10260015,2016-08-16 10:42:00,4674.07644675926,2016,0.6,39.1027744681125,-97.7242967116152,17939.4041666667,229,-46773790,18715764
"1006","SOLOMON RIVER BASIN","SC","SC512","11/15/16",1042,39.102773,-97.724291,10260015,2016-11-15 10:42:00,4765.07644675926,2016,0.34,39.1027737561336,-97.7242930640668,18030.4041666667,320,-46773788,18715764
"1007","SOLOMON RIVER BASIN","SC","SC512","3/14/17",923,39.102773,-97.724291,10260015,2017-03-14 09:23:00,4884.02158564815,2017,0.33,39.1027720126653,-97.724285844887,18149.3493055556,73,-46773784,18715763
"1008","SOLOMON RIVER BASIN","SC","SC512","6/13/17",846,39.102773,-97.724291,10260015,2017-06-13 08:46:00,4974.9958912037,2017,0.35,39.1027739340517,-97.7242961254795,18240.3236111111,164,-46773789,18715764
"1009","SOLOMON RIVER BASIN","SC","SC512","6/13/17",851,39.102773,-97.724291,10260015,2017-06-13 08:51:00,4974.99936342593,2017,0.35,39.102769115415,-97.7242867713791,18240.3270833333,164,-46773785,18715761
"1010","SOLOMON RIVER BASIN","SC","SC512","9/12/17",855,39.102773,-97.724291,10260015,2017-09-12 08:55:00,5066.0021412037,2017,0.3,39.1027808975819,-97.7242836795854,18331.3298611111,255,-46773783,18715767
"1011","SOLOMON RIVER BASIN","SC","SC512","12/5/17",822,39.102773,-97.724291,10260015,2017-12-05 08:22:00,5149.97922453704,2017,0.27,39.102777850759,-97.7242949565865,18415.3069444444,339,-46773789,18715766
"1012","SOLOMON RIVER BASIN","SC","SC512","1/9/18",806,39.102773,-97.724291,10260015,2018-01-09 08:06:00,5184.96811342593,2018,0.14,39.1027778084978,-97.7242921249452,18450.2958333333,9,-46773787,18715766
"1013","SOLOMON RIVER BASIN","SC","SC512","4/10/18",813,39.102773,-97.724291,10260015,2018-04-10 08:13:00,5275.97297453704,2018,0.35,39.1027691630111,-97.7242967111808,18541.3006944444,100,-46773790,18715762
"1014","SOLOMON RIVER BASIN","SC","SC512","7/24/18",812,39.102773,-97.724291,10260015,2018-07-24 08:12:00,5380.97228009259,2018,0.39,39.1027653240129,-97.7242959085855,18646.3,205,-46773789,18715760
"1015","SOLOMON RIVER BASIN","SC","SC512","10/16/18",800,39.102773,-97.724291,10260015,2018-10-16 08:00:00,5464.96394675926,2018,0.65,39.1027828804908,-97.7242894925708,18730.2916666667,289,-46773786,18715768
"1016","SOLOMON RIVER BASIN","SC","SC512","2/12/19",855,39.102773,-97.724291,10260015,2019-02-12 08:55:00,5584.0021412037,2019,0.16,39.102778930866,-97.7242869462488,18849.3298611111,43,-46773785,18715766
"1017","SOLOMON RIVER BASIN","SC","SC512","5/21/19",941,39.102773,-97.724291,10260015,2019-05-21 09:41:00,5682.03408564815,2019,0.36,39.1027693965603,-97.7242829277095,18947.3618055556,141,-46773783,18715762
"1018","SOLOMON RIVER BASIN","SC","SC512","5/21/19",946,39.102773,-97.724291,10260015,2019-05-21 09:46:00,5682.03755787037,2019,0.37,39.1027746316629,-97.7242935441106,18947.3652777778,141,-46773788,18715764
"1019","SOLOMON RIVER BASIN","SC","SC512","8/20/19",1323,39.102773,-97.724291,10260015,2019-08-20 13:23:00,5773.18825231482,2019,0.43,39.1027824475893,-97.7242867052506,19038.5159722222,232,-46773785,18715768
"1020","SOLOMON RIVER BASIN","SC","SC512","11/4/19",1229,39.102773,-97.724291,10260015,2019-11-04 12:29:00,5849.15075231481,2019,0.2,39.1027686666921,-97.7242877457688,19114.4784722222,308,-46773785,18715761
"1021","SOLOMON RIVER BASIN","SC","SC512","3/3/20",1045,39.102773,-97.724291,10260015,2020-03-03 10:45:00,5969.07853009259,2020,0.1,39.1027801861566,-97.7242951268676,19234.40625,63,-46773789,18715767
"1022","SOLOMON RIVER BASIN","SC","SC512","9/14/20",1438,39.102773,-97.724291,10260015,2020-09-14 14:38:00,6164.24033564815,2020,0.33,39.1027693254796,-97.7242909502683,19429.5680555556,258,-46773787,18715762
"1023","SOLOMON RIVER BASIN","SC","SC512","12/8/20",1015,39.102773,-97.724291,10260015,2020-12-08 10:15:00,6249.05769675926,2020,0.35,39.1027670446675,-97.724297599766,19514.3854166667,343,-46773790,18715761
"1024","SOLOMON RIVER BASIN","SC","SC512","1/4/21",1117,39.102773,-97.724291,10260015,2021-01-04 11:17:00,6276.10075231481,2021,0.19,39.1027676915065,-97.724290408005,19541.4284722222,4,-46773787,18715761
"1025","SOLOMON RIVER BASIN","SC","SC512","4/5/21",1125,39.102773,-97.724291,10260015,2021-04-05 11:25:00,6367.10630787037,2021,0.3,39.102764299075,-97.7242968344802,19632.4340277778,95,-46773790,18715759
"1026","SOLOMON RIVER BASIN","SC","SC512","7/12/21",1113,39.102773,-97.724291,10260015,2021-07-12 11:13:00,6465.09797453704,2021,0.37,39.1027802470676,-97.7242964624974,19730.4256944444,193,-46773790,18715767
"1027","SOLOMON RIVER BASIN","SC","SC512","10/4/21",1116,39.102773,-97.724291,10260015,2021-10-04 11:16:00,6549.10005787037,2021,0.3,39.1027779442391,-97.7242999640682,19814.4277777778,277,-46773791,18715766
"1028","SOLOMON RIVER BASIN","SC","SC512","2/8/22",536,39.102773,-97.724291,10260015,2022-02-08 05:36:00,6675.86394675926,2022,0.18,39.1027777973592,-97.7242821409144,19941.1916666667,39,-46773783,18715766
"1029","SOLOMON RIVER BASIN","SC","SC512","5/2/22",1432,39.102773,-97.724291,10260015,2022-05-02 14:32:00,6759.23616898148,2022,0.53,39.1027665884062,-97.7242973699678,20024.5638888889,122,-46773790,18715760
"1030","SOLOMON RIVER BASIN","SC","SC512","8/1/22",1407,39.102773,-97.724291,10260015,2022-08-01 14:07:00,6850.21880787037,2022,0.69,39.1027799514257,-97.724286796358,20115.5465277778,213,-46773785,18715767
"1031","SOLOMON RIVER BASIN","SC","SC512","11/7/22",1429,39.102773,-97.724291,10260015,2022-11-07 14:29:00,6948.23408564815,2022,1.7,39.1027794107542,-97.7242894792034,20213.5618055556,311,-46773786,18715766
"1032","SOLOMON RIVER BASIN","SC","SC512","3/7/23",817,39.102773,-97.724291,10260015,2023-03-07 08:17:00,7067.97575231481,2023,0.19,39.102769308313,-97.7242848997142,20333.3034722222,66,-46773784,18715762
"1033","SOLOMON RIVER BASIN","SC","SC512","6/6/23",709,39.102773,-97.724291,10260015,2023-06-06 07:09:00,7158.92853009259,2023,0.75,39.1027690372086,-97.7242827349806,20424.25625,157,-46773783,18715761
"1034","SOLOMON RIVER BASIN","SC","SC512","9/19/23",805,39.102773,-97.724291,10260015,2023-09-19 08:05:00,7263.96741898148,2023,0.36,39.102770012865,-97.7242939163471,20529.2951388889,262,-46773788,18715762
"1035","SOLOMON RIVER BASIN","SC","SC512","12/5/23",807,39.102773,-97.724291,10260015,2023-12-05 08:07:00,7340.96880787037,2023,0.5,39.1027787869227,-97.7242952524957,20606.2965277778,339,-46773789,18715766
"1036","SOLOMON RIVER BASIN","SC","SC512","1/23/24",921,39.102773,-97.724291,10260015,2024-01-23 09:21:00,7390.02019675926,2024,0.17,39.1027719098304,-97.7242984727727,20655.3479166667,23,-46773791,18715763
"1037","SOLOMON RIVER BASIN","SC","SC512","4/9/24",847,39.102773,-97.724291,10260015,2024-04-09 08:47:00,7466.99658564815,2024,0.26,39.1027783633977,-97.7242835098677,20732.3243055556,100,-46773783,18715766
"1038","SOLOMON RIVER BASIN","SC","SC512","7/8/24",1842,39.102773,-97.724291,10260015,2024-07-08 18:42:00,7557.40978009259,2024,0.45,39.1027687376001,-97.7242840865044,20822.7375,190,-46773784,18715761
"1039","SOLOMON RIVER BASIN","SC","SC512","10/8/24",958,39.102773,-97.724291,10260015,2024-10-08 09:58:00,7649.0458912037,2024,0.5,39.1027772626728,-97.7242845045799,20914.3736111111,282,-46773784,18715765
"1040","SOLOMON RIVER BASIN","SC","SC542","3/27/90",835,39.441793,-98.78697,10260014,1990-03-27 08:35:00,-4965.01174768519,1990,0.14,39.4417936234253,-98.786966789373,8300.31597222222,86,-47282416,18878029
"1041","SOLOMON RIVER BASIN","SC","SC542","5/22/90",830,39.441793,-98.78697,10260014,1990-05-22 08:30:00,-4909.01521990741,1990,0.41,39.4417978086034,-98.7869762897551,8356.3125,142,-47282420,18878031
"1042","SOLOMON RIVER BASIN","SC","SC542","7/31/90",1045,39.441793,-98.78697,10260014,1990-07-31 10:45:00,-4838.92146990741,1990,0.47,39.4417938311326,-98.7869644375379,8426.40625,212,-47282414,18878029
"1043","SOLOMON RIVER BASIN","SC","SC542","9/25/90",1055,39.441793,-98.78697,10260014,1990-09-25 10:55:00,-4782.91452546296,1990,0.14,39.4417885780334,-98.7869666592924,8482.41319444445,268,-47282415,18878026
"1044","SOLOMON RIVER BASIN","SC","SC542","11/27/90",1120,39.441793,-98.78697,10260014,1990-11-27 11:20:00,-4719.89716435185,1990,0.06,39.4417898452996,-98.7869608257931,8545.43055555555,331,-47282413,18878027
"1045","SOLOMON RIVER BASIN","SC","SC542","1/25/94",901,39.441793,-98.78697,10260014,1994-01-25 09:01:00,-3564.99369212963,1994,0.11,39.4417921916,-98.7869632600881,9700.33402777778,25,-47282414,18878028
"1046","SOLOMON RIVER BASIN","SC","SC542","3/29/94",842,39.441793,-98.78697,10260014,1994-03-29 08:42:00,-3502.00688657407,1994,0.12,39.4418007012572,-98.7869659400521,9763.32083333333,88,-47282415,18878032
"1047","SOLOMON RIVER BASIN","SC","SC542","5/24/94",843,39.441793,-98.78697,10260014,1994-05-24 08:43:00,-3446.00619212963,1994,0.19,39.4417935940429,-98.7869731825127,9819.32152777778,144,-47282419,18878029
"1048","SOLOMON RIVER BASIN","SC","SC542","7/26/94",849,39.441793,-98.78697,10260014,1994-07-26 08:49:00,-3383.00202546296,1994,0.45,39.4417939628252,-98.7869724014149,9882.32569444444,207,-47282418,18878029
"1049","SOLOMON RIVER BASIN","SC","SC542","7/26/94",854,39.441793,-98.78697,10260014,1994-07-26 08:54:00,-3382.99855324074,1994,0.42,39.4418029076615,-98.7869659378284,9882.32916666667,207,-47282415,18878033
"1050","SOLOMON RIVER BASIN","SC","SC542","9/27/94",846,39.441793,-98.78697,10260014,1994-09-27 08:46:00,-3320.0041087963,1994,0.06,39.4417895483165,-98.7869795000589,9945.32361111111,270,-47282422,18878027
"1051","SOLOMON RIVER BASIN","SC","SC542","11/29/94",908,39.441793,-98.78697,10260014,1994-11-29 09:08:00,-3256.98883101852,1994,0.05,39.4417917432548,-98.7869714534875,10008.3388888889,333,-47282418,18878028
"1052","SOLOMON RIVER BASIN","SC","SC542","5/12/98",1005,39.441793,-98.78697,10260014,1998-05-12 10:05:00,-1996.94924768519,1998,0.14,39.4418009025376,-98.7869756925344,11268.3784722222,132,-47282420,18878032
"1053","SOLOMON RIVER BASIN","SC","SC542","7/14/98",1031,39.441793,-98.78697,10260014,1998-07-14 10:31:00,-1933.93119212963,1998,0.24,39.4417989337982,-98.7869654203462,11331.3965277778,195,-47282415,18878031
"1054","SOLOMON RIVER BASIN","SC","SC542","9/15/98",910,39.441793,-98.78697,10260014,1998-09-15 09:10:00,-1870.98744212963,1998,0.106,39.4418016777668,-98.786973503562,11394.3402777778,258,-47282419,18878033
"1055","SOLOMON RIVER BASIN","SC","SC542","11/17/98",932,39.441793,-98.78697,10260014,1998-11-17 09:32:00,-1807.97216435185,1998,0.08,39.4418028795758,-98.7869663095722,11457.3555555556,321,-47282415,18878033
"1056","SOLOMON RIVER BASIN","SC","SC542","3/22/11",928,39.441793,-98.78697,10260014,2011-03-22 09:28:00,2700.02505787037,2011,0.114,39.4417916018324,-98.786964682805,15965.3527777778,81,-47282415,18878028
"1057","SOLOMON RIVER BASIN","SC","SC542","6/21/11",907,39.441793,-98.78697,10260014,2011-06-21 09:07:00,2791.01047453704,2011,0.17,39.4417942835315,-98.7869644170179,16056.3381944444,172,-47282414,18878029
"1058","SOLOMON RIVER BASIN","SC","SC542","9/20/11",929,39.441793,-98.78697,10260014,2011-09-20 09:29:00,2882.02575231481,2011,0.085,39.4417847992366,-98.786963036152,16147.3534722222,263,-47282414,18878025
"1059","SOLOMON RIVER BASIN","SC","SC542","12/6/11",926,39.441793,-98.78697,10260014,2011-12-06 09:26:00,2959.02366898148,2011,0.124,39.4417964783118,-98.7869706065435,16224.3513888889,340,-47282417,18878030
"1060","SOLOMON RIVER BASIN","SC","SC542","1/27/15",1031,39.441793,-98.78697,10260014,2015-01-27 10:31:00,4107.06880787037,2015,0.038,39.441791127004,-98.7869706954728,17372.3965277778,27,-47282417,18878028
"1061","SOLOMON RIVER BASIN","SC","SC542","4/7/15",941,39.441793,-98.78697,10260014,2015-04-07 09:41:00,4177.03408564815,2015,0.22,39.4417994884384,-98.7869679870728,17442.3618055556,97,-47282416,18878032
"1062","SOLOMON RIVER BASIN","SC","SC542","7/7/15",930,39.441793,-98.78697,10260014,2015-07-07 09:30:00,4268.02644675926,2015,0.2,39.4417999491888,-98.7869792947286,17533.3541666667,188,-47282422,18878032
"1063","SOLOMON RIVER BASIN","SC","SC542","10/6/15",936,39.441793,-98.78697,10260014,2015-10-06 09:36:00,4359.03061342593,2015,0.082,39.4418026447363,-98.7869643226531,17624.3583333333,279,-47282414,18878033
"1064","SOLOMON RIVER BASIN","SC","SC542","5/7/19",916,39.441793,-98.78697,10260014,2019-05-07 09:16:00,5668.01672453704,2019,0.091,39.4417843625906,-98.7869701448601,18933.3444444444,127,-47282417,18878024
"1065","SOLOMON RIVER BASIN","SC","SC542","8/6/19",1557,39.441793,-98.78697,10260014,2019-08-06 15:57:00,5759.29519675926,2019,0.11,39.4417945851081,-98.7869647453913,19024.6229166667,218,-47282415,18878029
"1066","SOLOMON RIVER BASIN","SC","SC542","11/19/19",919,39.441793,-98.78697,10260014,2019-11-19 09:19:00,5864.01880787037,2019,0.093,39.4417860744016,-98.7869672662327,19129.3465277778,323,-47282416,18878025
"1067","SOLOMON RIVER BASIN","SC","SC542","3/14/23",1255,39.441793,-98.78697,10260014,2023-03-14 12:55:00,7075.16880787037,2023,0.05,39.4417944586518,-98.7869773870332,20340.4965277778,73,-47282421,18878029
"1068","SOLOMON RIVER BASIN","SC","SC542","6/13/23",1434,39.441793,-98.78697,10260014,2023-06-13 14:34:00,7166.23755787037,2023,0.2,39.4417888494897,-98.7869669141259,20431.5652777778,164,-47282416,18878027
"1069","SOLOMON RIVER BASIN","SC","SC542","9/12/23",1257,39.441793,-98.78697,10260014,2023-09-12 12:57:00,7257.17019675926,2023,0.082,39.4417856731364,-98.7869609253927,20522.4979166667,255,-47282413,18878025
"1070","SOLOMON RIVER BASIN","SC","SC542","12/12/23",1317,39.441793,-98.78697,10260014,2023-12-12 13:17:00,7348.18408564815,2023,0.041,39.4417905764789,-98.7869664106059,20613.5118055556,346,-47282415,18878027
"1071","SOLOMON RIVER BASIN","SC","SC543","3/27/90",900,39.427536,-98.657546,10260014,1990-03-27 09:00:00,-4964.99438657407,1990,0.14,39.4275267843688,-98.6575399934989,8300.33333333333,86,-47220468,18871200
"1072","SOLOMON RIVER BASIN","SC","SC543","5/22/90",855,39.427536,-98.657546,10260014,1990-05-22 08:55:00,-4908.9978587963,1990,0.38,39.4275359451647,-98.6575552752504,8356.32986111111,142,-47220475,18871205
"1073","SOLOMON RIVER BASIN","SC","SC543","7/31/90",912,39.427536,-98.657546,10260014,1990-07-31 09:12:00,-4838.98605324074,1990,0.37,39.4275389643794,-98.6575523451503,8426.34166666667,212,-47220474,18871206
"1074","SOLOMON RIVER BASIN","SC","SC543","9/25/90",911,39.427536,-98.657546,10260014,1990-09-25 09:11:00,-4782.98674768519,1990,0.15,39.4275304731236,-98.65755508759,8482.34097222222,268,-47220475,18871202
"1075","SOLOMON RIVER BASIN","SC","SC543","11/27/90",940,39.427536,-98.657546,10260014,1990-11-27 09:40:00,-4719.9666087963,1990,0.22,39.4275389513461,-98.6575408900629,8545.36111111111,331,-47220468,18871206
"1076","SOLOMON RIVER BASIN","SC","SC543","2/19/91",915,39.427536,-98.657546,10260014,1991-02-19 09:15:00,-4635.98396990741,1991,0.06,39.4275382519609,-98.6575468674451,8629.34375,50,-47220471,18871206
"1077","SOLOMON RIVER BASIN","SC","SC543","4/16/91",925,39.427536,-98.657546,10260014,1991-04-16 09:25:00,-4579.97702546296,1991,0.38,39.427532937813,-98.6575460476098,8685.35069444445,106,-47220471,18871203
"1078","SOLOMON RIVER BASIN","SC","SC543","6/18/91",932,39.427536,-98.657546,10260014,1991-06-18 09:32:00,-4516.97216435185,1991,0.33,39.4275353150389,-98.6575548073413,8748.35555555556,169,-47220475,18871204
"1079","SOLOMON RIVER BASIN","SC","SC543","8/20/91",905,39.427536,-98.657546,10260014,1991-08-20 09:05:00,-4453.99091435185,1991,0.46,39.4275402553523,-98.6575512085398,8811.33680555555,232,-47220473,18871207
"1080","SOLOMON RIVER BASIN","SC","SC543","8/20/91",910,39.427536,-98.657546,10260014,1991-08-20 09:10:00,-4453.98744212963,1991,0.3,39.4275314464437,-98.6575464596222,8811.34027777778,232,-47220471,18871203
"1081","SOLOMON RIVER BASIN","SC","SC543","10/22/91",943,39.427536,-98.657546,10260014,1991-10-22 09:43:00,-4390.96452546296,1991,0.11,39.4275439141034,-98.6575405366966,8874.36319444444,295,-47220468,18871208
"1082","SOLOMON RIVER BASIN","SC","SC543","12/10/91",908,39.427536,-98.657546,10260014,1991-12-10 09:08:00,-4341.98883101852,1991,0.11,39.4275450515738,-98.657553807138,8923.33888888889,344,-47220475,18871209
"1083","SOLOMON RIVER BASIN","SC","SC543","1/28/92",920,39.427536,-98.657546,10260014,1992-01-28 09:20:00,-4292.98049768519,1992,0.09,39.4275377959969,-98.6575436928696,8972.34722222222,28,-47220470,18871206
"1084","SOLOMON RIVER BASIN","SC","SC543","3/24/92",920,39.427536,-98.657546,10260014,1992-03-24 09:20:00,-4236.98049768519,1992,0.14,39.4275423059032,-98.6575456574643,9028.34722222222,84,-47220471,18871208
"1085","SOLOMON RIVER BASIN","SC","SC543","5/19/92",912,39.427536,-98.657546,10260014,1992-05-19 09:12:00,-4180.98605324074,1992,0.39,39.4275311865519,-98.657546021916,9084.34166666667,140,-47220471,18871202
"1086","SOLOMON RIVER BASIN","SC","SC543","7/21/92",908,39.427536,-98.657546,10260014,1992-07-21 09:08:00,-4117.98883101852,1992,1.42,39.4275374450349,-98.6575506659193,9147.33888888889,203,-47220473,18871205
"1087","SOLOMON RIVER BASIN","SC","SC543","7/21/92",913,39.427536,-98.657546,10260014,1992-07-21 09:13:00,-4117.9853587963,1992,1.41,39.4275271893148,-98.6575382123368,9147.34236111111,203,-47220467,18871200
"1088","SOLOMON RIVER BASIN","SC","SC543","9/29/92",916,39.427536,-98.657546,10260014,1992-09-29 09:16:00,-4047.98327546296,1992,0.16,39.4275395679101,-98.6575491525773,9217.34444444444,273,-47220472,18871206
"1089","SOLOMON RIVER BASIN","SC","SC543","11/17/92",854,39.427536,-98.657546,10260014,1992-11-17 08:54:00,-3998.99855324074,1992,0.06,39.4275289289465,-98.65754544092,9266.32916666667,322,-47220471,18871201
"1090","SOLOMON RIVER BASIN","SC","SC543","2/23/93",1240,39.427536,-98.657546,10260014,1993-02-23 12:40:00,-3900.8416087963,1993,0.13,39.4275435445843,-98.6575415342585,9364.48611111111,54,-47220469,18871208
"1091","SOLOMON RIVER BASIN","SC","SC543","2/23/93",1245,39.427536,-98.657546,10260014,1993-02-23 12:45:00,-3900.83813657407,1993,0.14,39.4275417681069,-98.6575378387368,9364.48958333333,54,-47220467,18871207
"1092","SOLOMON RIVER BASIN","SC","SC543","4/27/93",850,39.427536,-98.657546,10260014,1993-04-27 08:50:00,-3838.00133101852,1993,0.14,39.4275379268444,-98.6575379227647,9427.32638888889,117,-47220467,18871206
"1093","SOLOMON RIVER BASIN","SC","SC543","6/22/93",900,39.427536,-98.657546,10260014,1993-06-22 09:00:00,-3781.99438657407,1993,0.25,39.4275366046761,-98.6575555852412,9483.33333333333,173,-47220475,18871205
"1094","SOLOMON RIVER BASIN","SC","SC543","8/24/93",844,39.427536,-98.657546,10260014,1993-08-24 08:44:00,-3719.00549768519,1993,0.52,39.4275266403042,-98.6575392212572,9546.32222222222,236,-47220468,18871200
"1095","SOLOMON RIVER BASIN","SC","SC543","10/26/93",900,39.427536,-98.657546,10260014,1993-10-26 09:00:00,-3655.99438657407,1993,0.21,39.4275449050111,-98.6575501996538,9609.33333333333,299,-47220473,18871209
"1096","SOLOMON RIVER BASIN","SC","SC543","1/25/94",927,39.427536,-98.657546,10260014,1994-01-25 09:27:00,-3564.97563657407,1994,0.11,39.4275285016388,-98.6575530752357,9700.35208333333,25,-47220474,18871201
"1097","SOLOMON RIVER BASIN","SC","SC543","1/25/94",932,39.427536,-98.657546,10260014,1994-01-25 09:32:00,-3564.97216435185,1994,0.08,39.4275430629082,-98.6575427861301,9700.35555555556,25,-47220469,18871208
"1098","SOLOMON RIVER BASIN","SC","SC543","3/29/94",900,39.427536,-98.657546,10260014,1994-03-29 09:00:00,-3501.99438657407,1994,0.12,39.4275418521204,-98.6575533028176,9763.33333333333,88,-47220474,18871207
"1099","SOLOMON RIVER BASIN","SC","SC543","5/24/94",903,39.427536,-98.657546,10260014,1994-05-24 09:03:00,-3445.99230324074,1994,0.2,39.4275415038683,-98.6575439994386,9819.33541666667,144,-47220470,18871207
"1100","SOLOMON RIVER BASIN","SC","SC543","7/26/94",915,39.427536,-98.657546,10260014,1994-07-26 09:15:00,-3382.98396990741,1994,2.566,39.4275272062148,-98.6575523463059,9882.34375,207,-47220474,18871200
"1101","SOLOMON RIVER BASIN","SC","SC543","9/27/94",905,39.427536,-98.657546,10260014,1994-09-27 09:05:00,-3319.99091435185,1994,0.1,39.4275321645908,-98.6575547748667,9945.33680555555,270,-47220475,18871203
"1102","SOLOMON RIVER BASIN","SC","SC543","11/29/94",928,39.427536,-98.657546,10260014,1994-11-29 09:28:00,-3256.97494212963,1994,0.1,39.4275426054458,-98.657553583233,10008.3527777778,333,-47220474,18871208
"1103","SOLOMON RIVER BASIN","SC","SC543","2/21/95",914,39.427536,-98.657546,10260014,1995-02-21 09:14:00,-3172.98466435185,1995,0.11,39.4275260434625,-98.6575544062448,10092.3430555556,52,-47220475,18871200
"1104","SOLOMON RIVER BASIN","SC","SC543","4/25/95",933,39.427536,-98.657546,10260014,1995-04-25 09:33:00,-3109.97146990741,1995,0.14,39.4275436454343,-98.6575465784758,10155.35625,115,-47220471,18871208
"1105","SOLOMON RIVER BASIN","SC","SC543","6/27/95",933,39.427536,-98.657546,10260014,1995-06-27 09:33:00,-3046.97146990741,1995,0.31,39.4275316425508,-98.6575440088771,10218.35625,178,-47220470,18871203
"1106","SOLOMON RIVER BASIN","SC","SC543","8/29/95",826,39.427536,-98.657546,10260014,1995-08-29 08:26:00,-2984.01799768519,1995,0.14,39.4275350747146,-98.6575520196662,10281.3097222222,241,-47220474,18871204
"1107","SOLOMON RIVER BASIN","SC","SC543","8/29/95",831,39.427536,-98.657546,10260014,1995-08-29 08:31:00,-2984.01452546296,1995,0.14,39.4275346839848,-98.6575384608988,10281.3131944444,241,-47220467,18871204
"1108","SOLOMON RIVER BASIN","SC","SC543","10/24/95",912,39.427536,-98.657546,10260014,1995-10-24 09:12:00,-2927.98605324074,1995,0.054,39.427540429857,-98.6575527960789,10337.3416666667,297,-47220474,18871207
"1109","SOLOMON RIVER BASIN","SC","SC543","1/30/96",900,39.427536,-98.657546,10260014,1996-01-30 09:00:00,-2829.99438657407,1996,0.081,39.4275431936873,-98.6575417853827,10435.3333333333,30,-47220469,18871208
"1110","SOLOMON RIVER BASIN","SC","SC543","3/26/96",855,39.427536,-98.657546,10260014,1996-03-26 08:55:00,-2773.9978587963,1996,0.085,39.4275449166327,-98.6575485418063,10491.3298611111,86,-47220472,18871209
"1111","SOLOMON RIVER BASIN","SC","SC543","5/21/96",857,39.427536,-98.657546,10260014,1996-05-21 08:57:00,-2717.99646990741,1996,0.252,39.4275325902866,-98.6575487803746,10547.33125,142,-47220472,18871203
"1112","SOLOMON RIVER BASIN","SC","SC543","7/23/96",920,39.427536,-98.657546,10260014,1996-07-23 09:20:00,-2654.98049768519,1996,0.287,39.427536771357,-98.6575401708837,10610.3472222222,205,-47220468,18871205
"1113","SOLOMON RIVER BASIN","SC","SC543","7/23/96",925,39.427536,-98.657546,10260014,1996-07-23 09:25:00,-2654.97702546296,1996,0.249,39.427545015185,-98.6575486129233,10610.3506944444,205,-47220472,18871209
"1114","SOLOMON RIVER BASIN","SC","SC543","9/24/96",843,39.427536,-98.657546,10260014,1996-09-24 08:43:00,-2592.00619212963,1996,0.207,39.4275365964547,-98.6575493852602,10673.3215277778,268,-47220472,18871205
"1115","SOLOMON RIVER BASIN","SC","SC543","11/19/96",930,39.427536,-98.657546,10260014,1996-11-19 09:30:00,-2535.97355324074,1996,0.91,39.4275401043178,-98.6575512367376,10729.3541666667,324,-47220473,18871207
"1116","SOLOMON RIVER BASIN","SC","SC543","2/18/97",908,39.427536,-98.657546,10260014,1997-02-18 09:08:00,-2444.98883101852,1997,0.094,39.4275370884149,-98.6575365859484,10820.3388888889,49,-47220466,18871205
"1117","SOLOMON RIVER BASIN","SC","SC543","4/15/97",920,39.427536,-98.657546,10260014,1997-04-15 09:20:00,-2388.98049768519,1997,0.333,39.4275401989209,-98.6575524177311,10876.3472222222,105,-47220474,18871207
"1118","SOLOMON RIVER BASIN","SC","SC543","6/10/97",855,39.427536,-98.657546,10260014,1997-06-10 08:55:00,-2332.9978587963,1997,0.214,39.4275424337061,-98.6575367772463,10932.3298611111,161,-47220466,18871208
"1119","SOLOMON RIVER BASIN","SC","SC543","8/12/97",940,39.427536,-98.657546,10260014,1997-08-12 09:40:00,-2269.9666087963,1997,0.228,39.427528980265,-98.6575375488921,10995.3611111111,224,-47220467,18871201
"1120","SOLOMON RIVER BASIN","SC","SC543","10/14/97",950,39.427536,-98.657546,10260014,1997-10-14 09:50:00,-2206.95966435185,1997,0.109,39.4275343718897,-98.6575396493805,11058.3680555556,287,-47220468,18871204
"1121","SOLOMON RIVER BASIN","SC","SC543","5/12/98",1030,39.427536,-98.657546,10260014,1998-05-12 10:30:00,-1996.93188657407,1998,0.16,39.4275280976806,-98.6575474250652,11268.3958333333,132,-47220472,18871201
"1122","SOLOMON RIVER BASIN","SC","SC543","7/14/98",1120,39.427536,-98.657546,10260014,1998-07-14 11:20:00,-1933.89716435185,1998,0.19,39.427541273481,-98.6575557626686,11331.4305555556,195,-47220476,18871207
"1123","SOLOMON RIVER BASIN","SC","SC543","9/15/98",935,39.427536,-98.657546,10260014,1998-09-15 09:35:00,-1870.97008101852,1998,0.175,39.4275344716696,-98.6575521381094,11394.3576388889,258,-47220474,18871204
"1124","SOLOMON RIVER BASIN","SC","SC543","11/17/98",953,39.427536,-98.657546,10260014,1998-11-17 09:53:00,-1807.95758101852,1998,0.1,39.4275403903295,-98.6575440561875,11457.3701388889,321,-47220470,18871207
"1125","SOLOMON RIVER BASIN","SC","SC543","1/26/99",938,39.427536,-98.657546,10260014,1999-01-26 09:38:00,-1737.96799768519,1999,0.07,39.4275453588454,-98.6575404896523,11527.3597222222,26,-47220468,18871209
"1126","SOLOMON RIVER BASIN","SC","SC543","3/23/99",955,39.427536,-98.657546,10260014,1999-03-23 09:55:00,-1681.95619212963,1999,0.099,39.4275399647059,-98.6575541227347,11583.3715277778,82,-47220475,18871207
"1127","SOLOMON RIVER BASIN","SC","SC543","5/25/99",1005,39.427536,-98.657546,10260014,1999-05-25 10:05:00,-1618.94924768519,1999,0.56,39.4275438576449,-98.6575537565742,11646.3784722222,145,-47220475,18871208
"1128","SOLOMON RIVER BASIN","SC","SC543","7/20/99",1035,39.427536,-98.657546,10260014,1999-07-20 10:35:00,-1562.92841435185,1999,0.31,39.4275296377258,-98.6575539575548,11702.3993055556,201,-47220475,18871202
"1129","SOLOMON RIVER BASIN","SC","SC543","9/21/99",1050,39.427536,-98.657546,10260014,1999-09-21 10:50:00,-1499.91799768519,1999,0.1,39.4275283084879,-98.657536821925,11765.4097222222,264,-47220466,18871201
"1130","SOLOMON RIVER BASIN","SC","SC543","11/30/99",1030,39.427536,-98.657546,10260014,1999-11-30 10:30:00,-1429.93188657407,1999,0.13,39.4275311085424,-98.657553951449,11835.3958333333,334,-47220475,18871202
"1131","SOLOMON RIVER BASIN","SC","SC543","2/22/00",940,39.427536,-98.657546,10260014,2000-02-22 09:40:00,-1345.9666087963,2000,0.19,39.427542687418,-98.6575429779988,11919.3611111111,53,-47220469,18871208
"1132","SOLOMON RIVER BASIN","SC","SC543","4/24/00",1340,39.427536,-98.657546,10260014,2000-04-24 13:40:00,-1283.79994212963,2000,0.161,39.4275271471855,-98.6575539291532,11981.5277777778,115,-47220475,18871200
"1133","SOLOMON RIVER BASIN","SC","SC543","6/27/00",900,39.427536,-98.657546,10260014,2000-06-27 09:00:00,-1219.99438657407,2000,0.24,39.4275322714154,-98.6575547546638,12045.3333333333,179,-47220475,18871203
"1134","SOLOMON RIVER BASIN","SC","SC543","8/29/00",955,39.427536,-98.657546,10260014,2000-08-29 09:55:00,-1156.95619212963,2000,0.27,39.4275400864829,-98.657555537937,12108.3715277778,242,-47220475,18871207
"1135","SOLOMON RIVER BASIN","SC","SC543","10/24/00",845,39.427536,-98.657546,10260014,2000-10-24 08:45:00,-1101.00480324074,2000,0.21,39.4275283296053,-98.6575372899627,12164.3229166667,298,-47220467,18871201
"1136","SOLOMON RIVER BASIN","SC","SC543","12/20/00",940,39.427536,-98.657546,10260014,2000-12-20 09:40:00,-1043.9666087963,2000,0.05,39.4275410423573,-98.6575460985039,12221.3611111111,355,-47220471,18871207
"1137","SOLOMON RIVER BASIN","SC","SC543","1/23/01",925,39.427536,-98.657546,10260014,2001-01-23 09:25:00,-1009.97702546296,2001,0.06,39.427534588009,-98.6575458895506,12255.3506944444,23,-47220471,18871204
"1138","SOLOMON RIVER BASIN","SC","SC543","3/27/01",925,39.427536,-98.657546,10260014,2001-03-27 09:25:00,-946.977025462963,2001,0.08,39.4275419798621,-98.6575543988687,12318.3506944444,86,-47220475,18871208
"1139","SOLOMON RIVER BASIN","SC","SC543","5/22/01",925,39.427536,-98.657546,10260014,2001-05-22 09:25:00,-890.977025462963,2001,0.314,39.427536490911,-98.6575404455071,12374.3506944444,142,-47220468,18871205
"1140","SOLOMON RIVER BASIN","SC","SC543","7/31/01",920,39.427536,-98.657546,10260014,2001-07-31 09:20:00,-820.980497685185,2001,0.364,39.4275364639856,-98.6575449937637,12444.3472222222,212,-47220470,18871205
"1141","SOLOMON RIVER BASIN","SC","SC543","9/25/01",930,39.427536,-98.657546,10260014,2001-09-25 09:30:00,-764.973553240741,2001,0.124,39.4275355612299,-98.6575410754056,12500.3541666667,268,-47220468,18871204
"1142","SOLOMON RIVER BASIN","SC","SC543","11/27/01",955,39.427536,-98.657546,10260014,2001-11-27 09:55:00,-701.95619212963,2001,0.035,39.4275264958497,-98.6575397071095,12563.3715277778,331,-47220468,18871200
"1143","SOLOMON RIVER BASIN","SC","SC543","2/26/02",1105,39.427536,-98.657546,10260014,2002-02-26 11:05:00,-610.907581018518,2002,0.066,39.4275410348658,-98.6575362909806,12654.4201388889,57,-47220466,18871207
"1144","SOLOMON RIVER BASIN","SC","SC543","4/23/02",1040,39.427536,-98.657546,10260014,2002-04-23 10:40:00,-554.92494212963,2002,0.203,39.4275421792473,-98.6575498632698,12710.4027777778,113,-47220473,18871208
"1145","SOLOMON RIVER BASIN","SC","SC543","6/25/02",1005,39.427536,-98.657546,10260014,2002-06-25 10:05:00,-491.949247685185,2002,0.219,39.4275264829995,-98.6575485421511,12773.3784722222,176,-47220472,18871200
"1146","SOLOMON RIVER BASIN","SC","SC543","8/27/02",1047,39.427536,-98.657546,10260014,2002-08-27 10:47:00,-428.920081018519,2002,0.311,39.427540056233,-98.6575374023536,12836.4076388889,239,-47220467,18871207
"1147","SOLOMON RIVER BASIN","SC","SC543","10/29/02",1016,39.427536,-98.657546,10260014,2002-10-29 10:16:00,-365.941608796296,2002,0.07,39.4275450017832,-98.6575393542014,12899.3861111111,302,-47220468,18871209
"1148","SOLOMON RIVER BASIN","SC","SC543","12/17/02",1005,39.427536,-98.657546,10260014,2002-12-17 10:05:00,-316.949247685185,2002,0.035,39.4275433385906,-98.6575555814287,12948.3784722222,351,-47220475,18871208
"1149","SOLOMON RIVER BASIN","SC","SC543","1/28/03",1028,39.427536,-98.657546,10260014,2003-01-28 10:28:00,-274.933275462963,2003,0.083,39.4275344481016,-98.6575366459426,12990.3944444444,28,-47220466,18871204
"1150","SOLOMON RIVER BASIN","SC","SC543","3/25/03",1052,39.427536,-98.657546,10260014,2003-03-25 10:52:00,-218.916608796296,2003,0.279,39.4275283785661,-98.6575383912908,13046.4111111111,84,-47220467,18871201
"1151","SOLOMON RIVER BASIN","SC","SC543","3/25/03",1057,39.427536,-98.657546,10260014,2003-03-25 10:57:00,-218.913136574074,2003,0.253,39.4275337798235,-98.6575512032482,13046.4145833333,84,-47220473,18871204
"1152","SOLOMON RIVER BASIN","SC","SC543","5/20/03",1107,39.427536,-98.657546,10260014,2003-05-20 11:07:00,-162.90619212963,2003,0.22,39.427532178314,-98.6575397612351,13102.4215277778,140,-47220468,18871203
"1153","SOLOMON RIVER BASIN","SC","SC543","7/29/03",1036,39.427536,-98.657546,10260014,2003-07-29 10:36:00,-92.9277199074074,2003,0.238,39.4275410726395,-98.6575425585215,13172.4,210,-47220469,18871207
"1154","SOLOMON RIVER BASIN","SC","SC543","9/30/03",1042,39.427536,-98.657546,10260014,2003-09-30 10:42:00,-29.9235532407407,2003,0.278,39.4275268942208,-98.6575473397272,13235.4041666667,273,-47220471,18871200
"1155","SOLOMON RIVER BASIN","SC","SC543","12/2/03",1026,39.427536,-98.657546,10260014,2003-12-02 10:26:00,33.0653356481481,2003,0.06,39.4275448072218,-98.6575425326183,13298.3930555556,336,-47220469,18871209
"1156","SOLOMON RIVER BASIN","SC","SC543","2/24/04",1026,39.427536,-98.657546,10260014,2004-02-24 10:26:00,117.065335648148,2004,0.1,39.4275426385345,-98.6575495274219,13382.3930555556,55,-47220473,18871208
"1157","SOLOMON RIVER BASIN","SC","SC543","4/27/04",1004,39.427536,-98.657546,10260014,2004-04-27 10:04:00,180.05005787037,2004,0.196,39.4275358785769,-98.6575465105483,13445.3777777778,118,-47220471,18871205
"1158","SOLOMON RIVER BASIN","SC","SC543","6/29/04",1001,39.427536,-98.657546,10260014,2004-06-29 10:01:00,243.047974537037,2004,0.355,39.4275439564018,-98.6575480801029,13508.3756944444,181,-47220472,18871209
"1159","SOLOMON RIVER BASIN","SC","SC543","8/24/04",1017,39.427536,-98.657546,10260014,2004-08-24 10:17:00,299.059085648148,2004,0.384,39.4275363981636,-98.6575529597937,13564.3868055556,237,-47220474,18871205
"1160","SOLOMON RIVER BASIN","SC","SC543","10/26/04",1031,39.427536,-98.657546,10260014,2004-10-26 10:31:00,362.06880787037,2004,0.097,39.4275310879677,-98.6575464389902,13627.3965277778,300,-47220471,18871202
"1161","SOLOMON RIVER BASIN","SC","SC543","12/21/04",1054,39.427536,-98.657546,10260014,2004-12-21 10:54:00,418.084780092593,2004,0.286,39.4275357164072,-98.6575398627725,13683.4125,356,-47220468,18871205
"1162","SOLOMON RIVER BASIN","SC","SC543","12/21/04",1059,39.427536,-98.657546,10260014,2004-12-21 10:59:00,418.088252314815,2004,0.279,39.4275287735182,-98.6575522428179,13683.4159722222,356,-47220474,18871201
"1163","SOLOMON RIVER BASIN","SC","SC543","1/25/05",1022,39.427536,-98.657546,10260014,2005-01-25 10:22:00,453.06255787037,2005,0.058,39.4275328091638,-98.6575467185576,13718.3902777778,25,-47220471,18871203
"1164","SOLOMON RIVER BASIN","SC","SC543","3/29/05",1024,39.427536,-98.657546,10260014,2005-03-29 10:24:00,516.063946759259,2005,0.293,39.4275267363426,-98.6575412516826,13781.3916666667,88,-47220469,18871200
"1165","SOLOMON RIVER BASIN","SC","SC543","5/24/05",1004,39.427536,-98.657546,10260014,2005-05-24 10:04:00,572.05005787037,2005,0.313,39.4275425753319,-98.65754592323,13837.3777777778,144,-47220471,18871208
"1166","SOLOMON RIVER BASIN","SC","SC543","7/26/05",946,39.427536,-98.657546,10260014,2005-07-26 09:46:00,635.03755787037,2005,1.136,39.4275426244513,-98.657551113689,13900.3652777778,207,-47220473,18871208
"1167","SOLOMON RIVER BASIN","SC","SC543","9/27/05",1044,39.427536,-98.657546,10260014,2005-09-27 10:44:00,698.077835648148,2005,0.142,39.4275287474903,-98.6575533978548,13963.4055555556,270,-47220474,18871201
"1168","SOLOMON RIVER BASIN","SC","SC543","2/21/06",929,39.427536,-98.657546,10260014,2006-02-21 09:29:00,845.025752314815,2006,0.04,39.4275285979934,-98.6575370695173,14110.3534722222,52,-47220467,18871201
"1169","SOLOMON RIVER BASIN","SC","SC543","4/25/06",923,39.427536,-98.657546,10260014,2006-04-25 09:23:00,908.021585648148,2006,0.168,39.4275309759972,-98.6575551760933,14173.3493055556,115,-47220475,18871202
"1170","SOLOMON RIVER BASIN","SC","SC543","6/27/06",856,39.427536,-98.657546,10260014,2006-06-27 08:56:00,971.002835648148,2006,0.192,39.4275291608668,-98.6575435084468,14236.3305555556,178,-47220470,18871201
"1171","SOLOMON RIVER BASIN","SC","SC543","8/29/06",913,39.427536,-98.657546,10260014,2006-08-29 09:13:00,1034.0146412037,2006,0.553,39.4275314257236,-98.6575363050091,14299.3423611111,241,-47220466,18871203
"1172","SOLOMON RIVER BASIN","SC","SC543","10/24/06",948,39.427536,-98.657546,10260014,2006-10-24 09:48:00,1090.03894675926,2006,0.116,39.4275456139723,-98.6575441659663,14355.3666666667,297,-47220470,18871209
"1173","SOLOMON RIVER BASIN","SC","SC543","12/19/06",853,39.427536,-98.657546,10260014,2006-12-19 08:53:00,1146.00075231481,2006,0.063,39.4275361701301,-98.6575496886817,14411.3284722222,353,-47220473,18871205
"1174","SOLOMON RIVER BASIN","SC","SC543","12/19/06",858,39.427536,-98.657546,10260014,2006-12-19 08:58:00,1146.00422453704,2006,0.063,39.4275436634087,-98.6575549653581,14411.3319444444,353,-47220475,18871208
"1175","SOLOMON RIVER BASIN","SC","SC543","1/30/07",1002,39.427536,-98.657546,10260014,2007-01-30 10:02:00,1188.04866898148,2007,0.428,39.4275400462826,-98.6575467484613,14453.3763888889,30,-47220471,18871207
"1176","SOLOMON RIVER BASIN","SC","SC543","3/27/07",1005,39.427536,-98.657546,10260014,2007-03-27 10:05:00,1244.05075231481,2007,0.479,39.4275383039097,-98.6575461518235,14509.3784722222,86,-47220471,18871206
"1177","SOLOMON RIVER BASIN","SC","SC543","5/22/07",953,39.427536,-98.657546,10260014,2007-05-22 09:53:00,1300.04241898148,2007,0.338,39.42754334275,-98.657538085668,14565.3701388889,142,-47220467,18871208
"1178","SOLOMON RIVER BASIN","SC","SC543","7/31/07",1001,39.427536,-98.657546,10260014,2007-07-31 10:01:00,1370.04797453704,2007,0.737,39.4275423625517,-98.6575420076417,14635.3756944444,212,-47220469,18871208
"1179","SOLOMON RIVER BASIN","SC","SC543","9/25/07",1023,39.427536,-98.657546,10260014,2007-09-25 10:23:00,1426.06325231481,2007,0.213,39.4275260977447,-98.6575525959493,14691.3909722222,268,-47220474,18871200
"1180","SOLOMON RIVER BASIN","SC","SC543","11/27/07",1002,39.427536,-98.657546,10260014,2007-11-27 10:02:00,1489.04866898148,2007,0.05,39.4275311896008,-98.657555786856,14754.3763888889,331,-47220476,18871202
"1181","SOLOMON RIVER BASIN","SC","SC543","2/26/08",951,39.427536,-98.657546,10260014,2008-02-26 09:51:00,1580.04103009259,2008,0.247,39.4275264130028,-98.6575493934856,14845.36875,57,-47220472,18871200
"1182","SOLOMON RIVER BASIN","SC","SC543","4/29/08",1002,39.427536,-98.657546,10260014,2008-04-29 10:02:00,1643.04866898148,2008,0.238,39.4275407805477,-98.6575501528784,14908.3763888889,120,-47220473,18871207
"1183","SOLOMON RIVER BASIN","SC","SC543","6/24/08",910,39.427536,-98.657546,10260014,2008-06-24 09:10:00,1699.01255787037,2008,0.201,39.4275389099682,-98.6575419149853,14964.3402777778,176,-47220469,18871206
"1184","SOLOMON RIVER BASIN","SC","SC543","8/26/08",946,39.427536,-98.657546,10260014,2008-08-26 09:46:00,1762.03755787037,2008,0.781,39.4275441789159,-98.6575416357874,15027.3652777778,239,-47220469,18871209
"1185","SOLOMON RIVER BASIN","SC","SC543","10/28/08",1006,39.427536,-98.657546,10260014,2008-10-28 10:06:00,1825.05144675926,2008,0.288,39.4275367608617,-98.6575452420095,15090.3791666667,302,-47220470,18871205
"1186","SOLOMON RIVER BASIN","SC","SC543","12/16/08",958,39.427536,-98.657546,10260014,2008-12-16 09:58:00,1874.0458912037,2008,0.055,39.4275314147767,-98.657549042516,15139.3736111111,351,-47220472,18871203
"1187","SOLOMON RIVER BASIN","SC","SC543","3/24/09",958,39.427536,-98.657546,10260014,2009-03-24 09:58:00,1972.0458912037,2009,0.061,39.4275440032916,-98.6575519394527,15237.3736111111,83,-47220474,18871209
"1188","SOLOMON RIVER BASIN","SC","SC543","5/19/09",955,39.427536,-98.657546,10260014,2009-05-19 09:55:00,2028.04380787037,2009,0.204,39.4275374849492,-98.6575399761873,15293.3715277778,139,-47220468,18871205
"1189","SOLOMON RIVER BASIN","SC","SC543","7/27/09",1159,39.427536,-98.657546,10260014,2009-07-27 11:59:00,2097.12991898148,2009,0.253,39.4275388648432,-98.6575443006991,15362.4576388889,208,-47220470,18871206
"1190","SOLOMON RIVER BASIN","SC","SC543","12/1/09",957,39.427536,-98.657546,10260014,2009-12-01 09:57:00,2224.04519675926,2009,0.12,39.4275431677702,-98.6575362933347,15489.3729166667,335,-47220466,18871208
"1191","SOLOMON RIVER BASIN","SC","SC543","2/16/10",930,39.427536,-98.657546,10260014,2010-02-16 09:30:00,2301.02644675926,2010,0.102,39.4275368046339,-98.6575455883223,15566.3541666667,47,-47220471,18871205
"1192","SOLOMON RIVER BASIN","SC","SC543","5/18/10",941,39.427536,-98.657546,10260014,2010-05-18 09:41:00,2392.03408564815,2010,0.22,39.4275447848039,-98.6575487765459,15657.3618055556,138,-47220472,18871209
"1193","SOLOMON RIVER BASIN","SC","SC543","8/17/10",924,39.427536,-98.657546,10260014,2010-08-17 09:24:00,2483.02228009259,2010,0.192,39.4275439678849,-98.6575368789618,15748.35,229,-47220466,18871209
"1194","SOLOMON RIVER BASIN","SC","SC543","11/16/10",1130,39.427536,-98.657546,10260014,2010-11-16 11:30:00,2574.10978009259,2010,0.09,39.4275443119814,-98.6575381094623,15839.4375,320,-47220467,18871209
"1195","SOLOMON RIVER BASIN","SC","SC543","3/22/11",1012,39.427536,-98.657546,10260014,2011-03-22 10:12:00,2700.05561342593,2011,0.157,39.4275290334395,-98.657555318426,15965.3833333333,81,-47220475,18871201
"1196","SOLOMON RIVER BASIN","SC","SC543","6/21/11",952,39.427536,-98.657546,10260014,2011-06-21 09:52:00,2791.04172453704,2011,0.212,39.4275449896963,-98.6575418271374,16056.3694444444,172,-47220469,18871209
"1197","SOLOMON RIVER BASIN","SC","SC543","9/20/11",1016,39.427536,-98.657546,10260014,2011-09-20 10:16:00,2882.0583912037,2011,0.145,39.4275262140346,-98.6575503443953,16147.3861111111,263,-47220473,18871200
"1198","SOLOMON RIVER BASIN","SC","SC543","12/6/11",1025,39.427536,-98.657546,10260014,2011-12-06 10:25:00,2959.0646412037,2011,0.165,39.4275371593925,-98.6575557823632,16224.3923611111,340,-47220476,18871205
"1199","SOLOMON RIVER BASIN","SC","SC543","1/24/12",925,39.427536,-98.657546,10260014,2012-01-24 09:25:00,3008.02297453704,2012,0.076,39.4275301316604,-98.6575540225163,16273.3506944444,24,-47220475,18871202
"1200","SOLOMON RIVER BASIN","SC","SC543","4/10/12",1329,39.427536,-98.657546,10260014,2012-04-10 13:29:00,3085.19241898148,2012,0.337,39.4275389274567,-98.6575548605162,16350.5201388889,101,-47220475,18871206
"1201","SOLOMON RIVER BASIN","SC","SC543","7/24/12",1342,39.427536,-98.657546,10260014,2012-07-24 13:42:00,3190.20144675926,2012,0.225,39.4275415323747,-98.6575424827783,16455.5291666667,206,-47220469,18871207
"1202","SOLOMON RIVER BASIN","SC","SC543","10/23/12",1304,39.427536,-98.657546,10260014,2012-10-23 13:04:00,3281.17505787037,2012,0.093,39.4275327516562,-98.6575450984411,16546.5027777778,297,-47220470,18871203
"1203","SOLOMON RIVER BASIN","SC","SC543","2/19/13",1331,39.427536,-98.657546,10260014,2013-02-19 13:31:00,3400.19380787037,2013,0.046,39.4275293660903,-98.6575514772201,16665.5215277778,50,-47220473,18871202
"1204","SOLOMON RIVER BASIN","SC","SC543","5/21/13",1336,39.427536,-98.657546,10260014,2013-05-21 13:36:00,3491.19728009259,2013,0.444,39.4275411500423,-98.6575361645194,16756.525,141,-47220466,18871207
"1205","SOLOMON RIVER BASIN","SC","SC543","8/20/13",1412,39.427536,-98.657546,10260014,2013-08-20 14:12:00,3582.22228009259,2013,0.181,39.4275268873955,-98.6575549886077,16847.55,232,-47220475,18871200
"1206","SOLOMON RIVER BASIN","SC","SC543","11/19/13",1420,39.427536,-98.657546,10260014,2013-11-19 14:20:00,3673.22783564815,2013,0.097,39.4275446692624,-98.6575425605213,16938.5555555556,323,-47220469,18871209
"1207","SOLOMON RIVER BASIN","SC","SC543","3/18/14",1344,39.427536,-98.657546,10260014,2014-03-18 13:44:00,3792.20283564815,2014,0.074,39.4275384431808,-98.6575451947831,17057.5305555556,77,-47220470,18871206
"1208","SOLOMON RIVER BASIN","SC","SC543","6/24/14",1243,39.427536,-98.657546,10260014,2014-06-24 12:43:00,3890.16047453704,2014,0.29,39.4275363271279,-98.6575501511506,17155.4881944444,175,-47220473,18871205
"1209","SOLOMON RIVER BASIN","SC","SC543","9/23/14",1303,39.427536,-98.657546,10260014,2014-09-23 13:03:00,3981.17436342593,2014,0.25,39.4275453392816,-98.6575541383464,17246.5020833333,266,-47220475,18871209
"1210","SOLOMON RIVER BASIN","SC","SC543","12/16/14",1316,39.427536,-98.657546,10260014,2014-12-16 13:16:00,4065.1833912037,2014,0.043,39.4275402686647,-98.6575526944664,17330.5111111111,350,-47220474,18871207
"1211","SOLOMON RIVER BASIN","SC","SC543","12/16/14",1321,39.427536,-98.657546,10260014,2014-12-16 13:21:00,4065.18686342593,2014,0.042,39.4275369272222,-98.6575515636668,17330.5145833333,350,-47220474,18871205
"1212","SOLOMON RIVER BASIN","SC","SC543","1/27/15",1101,39.427536,-98.657546,10260014,2015-01-27 11:01:00,4107.0896412037,2015,0.031,39.4275338307149,-98.6575400659199,17372.4173611111,27,-47220468,18871204
"1213","SOLOMON RIVER BASIN","SC","SC543","4/7/15",1013,39.427536,-98.657546,10260014,2015-04-07 10:13:00,4177.05630787037,2015,0.24,39.4275261059155,-98.6575463918516,17442.3840277778,97,-47220471,18871200
"1214","SOLOMON RIVER BASIN","SC","SC543","7/7/15",1001,39.427536,-98.657546,10260014,2015-07-07 10:01:00,4268.04797453704,2015,0.59,39.4275450743747,-98.6575555680086,17533.3756944444,188,-47220475,18871209
"1215","SOLOMON RIVER BASIN","SC","SC543","10/6/15",1007,39.427536,-98.657546,10260014,2015-10-06 10:07:00,4359.0521412037,2015,0.18,39.4275428316647,-98.6575361210525,17624.3798611111,279,-47220466,18871208
"1216","SOLOMON RIVER BASIN","SC","SC543","2/16/16",1420,39.427536,-98.657546,10260014,2016-02-16 14:20:00,4492.22783564815,2016,0.13,39.4275388086379,-98.6575504073033,17757.5555555556,47,-47220473,18871206
"1217","SOLOMON RIVER BASIN","SC","SC543","5/24/16",1509,39.427536,-98.657546,10260014,2016-05-24 15:09:00,4590.26186342593,2016,0.84,39.427534942306,-98.6575493762484,17855.5895833333,145,-47220472,18871204
"1218","SOLOMON RIVER BASIN","SC","SC543","8/30/16",1421,39.427536,-98.657546,10260014,2016-08-30 14:21:00,4688.22853009259,2016,0.42,39.4275436594163,-98.6575549805899,17953.55625,243,-47220475,18871208
"1219","SOLOMON RIVER BASIN","SC","SC543","11/8/16",1416,39.427536,-98.657546,10260014,2016-11-08 14:16:00,4758.22505787037,2016,0.17,39.4275447631456,-98.6575532915228,18023.5527777778,313,-47220474,18871209
"1220","SOLOMON RIVER BASIN","SC","SC543","3/7/17",1320,39.427536,-98.657546,10260014,2017-03-07 13:20:00,4877.18616898148,2017,0.08,39.4275282590239,-98.6575393539866,18142.5138888889,66,-47220468,18871201
"1221","SOLOMON RIVER BASIN","SC","SC543","6/20/17",1329,39.427536,-98.657546,10260014,2017-06-20 13:29:00,4982.19241898148,2017,0.22,39.427545299582,-98.6575546203127,18247.5201388889,171,-47220475,18871209
"1222","SOLOMON RIVER BASIN","SC","SC543","9/19/17",1351,39.427536,-98.657546,10260014,2017-09-19 13:51:00,5073.20769675926,2017,0.1,39.4275325237204,-98.6575553632497,18338.5354166667,262,-47220475,18871203
"1223","SOLOMON RIVER BASIN","SC","SC543","12/12/17",1401,39.427536,-98.657546,10260014,2017-12-12 14:01:00,5157.2146412037,2017,0.039,39.4275273371264,-98.657537965158,18422.5423611111,346,-47220467,18871201
"1224","SOLOMON RIVER BASIN","SC","SC543","1/30/18",1427,39.427536,-98.657546,10260014,2018-01-30 14:27:00,5206.23269675926,2018,0.046,39.4275287771338,-98.6575554367414,18471.5604166667,30,-47220475,18871201
"1225","SOLOMON RIVER BASIN","SC","SC543","4/24/18",1331,39.427536,-98.657546,10260014,2018-04-24 13:31:00,5290.19380787037,2018,0.091,39.4275311596653,-98.6575553178452,18555.5215277778,114,-47220475,18871202
"1226","SOLOMON RIVER BASIN","SC","SC543","7/10/18",1328,39.427536,-98.657546,10260014,2018-07-10 13:28:00,5367.19172453704,2018,0.31,39.4275440107628,-98.6575410758929,18632.5194444444,191,-47220468,18871209
"1227","SOLOMON RIVER BASIN","SC","SC543","7/10/18",1333,39.427536,-98.657546,10260014,2018-07-10 13:33:00,5367.19519675926,2018,0.3,39.4275426318328,-98.6575517762099,18632.5229166667,191,-47220474,18871208
"1228","SOLOMON RIVER BASIN","SC","SC543","10/9/18",925,39.427536,-98.657546,10260014,2018-10-09 09:25:00,5458.02297453704,2018,0.75,39.4275267106217,-98.6575551662708,18723.3506944444,282,-47220475,18871200
"1229","SOLOMON RIVER BASIN","SC","SC543","5/7/19",958,39.427536,-98.657546,10260014,2019-05-07 09:58:00,5668.0458912037,2019,0.1,39.4275456171034,-98.6575468269193,18933.3736111111,127,-47220471,18871209
"1230","SOLOMON RIVER BASIN","SC","SC543","8/6/19",1500,39.427536,-98.657546,10260014,2019-08-06 15:00:00,5759.25561342593,2019,0.13,39.4275326649957,-98.6575404306382,19024.5833333333,218,-47220468,18871203
"1231","SOLOMON RIVER BASIN","SC","SC543","11/19/19",1006,39.427536,-98.657546,10260014,2019-11-19 10:06:00,5864.05144675926,2019,0.093,39.427532563935,-98.6575434093467,19129.3791666667,323,-47220470,18871203
"1232","SOLOMON RIVER BASIN","SC","SC543","9/21/20",1045,39.427536,-98.657546,10260014,2020-09-21 10:45:00,6171.07853009259,2020,0.075,39.4275328299118,-98.6575402186412,19436.40625,265,-47220468,18871203
"1233","SOLOMON RIVER BASIN","SC","SC543","12/16/20",746,39.427536,-98.657546,10260014,2020-12-16 07:46:00,6256.95422453704,2020,0.032,39.4275290720118,-98.6575438399493,19522.2819444444,351,-47220470,18871201
"1234","SOLOMON RIVER BASIN","SC","SC543","1/12/21",830,39.427536,-98.657546,10260014,2021-01-12 08:30:00,6283.98478009259,2021,0.095,39.427538126177,-98.657539777334,19549.3125,12,-47220468,18871206
"1235","SOLOMON RIVER BASIN","SC","SC543","4/20/21",1243,39.427536,-98.657546,10260014,2021-04-20 12:43:00,6382.16047453704,2021,0.089,39.427534885146,-98.6575474468385,19647.4881944444,110,-47220472,18871204
"1236","SOLOMON RIVER BASIN","SC","SC543","7/20/21",1147,39.427536,-98.657546,10260014,2021-07-20 11:47:00,6473.12158564815,2021,0.14,39.4275340527403,-98.6575460227882,19738.4493055556,201,-47220471,18871204
"1237","SOLOMON RIVER BASIN","SC","SC543","10/26/21",1201,39.427536,-98.657546,10260014,2021-10-26 12:01:00,6571.13130787037,2021,0.18,39.4275367927382,-98.6575399742219,19836.4590277778,299,-47220468,18871205
"1238","SOLOMON RIVER BASIN","SC","SC543","2/22/22",1040,39.427536,-98.657546,10260014,2022-02-22 10:40:00,6690.07505787037,2022,0.045,39.427528292747,-98.6575392284384,19955.4027777778,53,-47220468,18871201
"1239","SOLOMON RIVER BASIN","SC","SC543","5/17/22",1233,39.427536,-98.657546,10260014,2022-05-17 12:33:00,6774.15353009259,2022,0.29,39.4275385027176,-98.657543354462,20039.48125,137,-47220470,18871206
"1240","SOLOMON RIVER BASIN","SC","SC543","8/9/22",1207,39.427536,-98.657546,10260014,2022-08-09 12:07:00,6858.13547453704,2022,0.082,39.4275314303172,-98.6575535926299,20123.4631944444,221,-47220474,18871203
"1241","SOLOMON RIVER BASIN","SC","SC543","11/15/22",1210,39.427536,-98.657546,10260014,2022-11-15 12:10:00,6956.13755787037,2022,0.045,39.4275295294716,-98.6575432238912,20221.4652777778,319,-47220470,18871202
"1242","SOLOMON RIVER BASIN","SC","SC543","3/14/23",1143,39.427536,-98.657546,10260014,2023-03-14 11:43:00,7075.11880787037,2023,0.047,39.4275309442801,-98.6575388664151,20340.4465277778,73,-47220467,18871202
"1243","SOLOMON RIVER BASIN","SC","SC543","6/13/23",1306,39.427536,-98.657546,10260014,2023-06-13 13:06:00,7166.17644675926,2023,0.26,39.4275329931086,-98.65754326212,20431.5041666667,164,-47220470,18871203
"1244","SOLOMON RIVER BASIN","SC","SC543","9/12/23",1205,39.427536,-98.657546,10260014,2023-09-12 12:05:00,7257.13408564815,2023,0.14,39.4275369219144,-98.6575408749933,20522.4618055556,255,-47220468,18871205
"1245","SOLOMON RIVER BASIN","SC","SC543","12/12/23",1234,39.427536,-98.657546,10260014,2023-12-12 12:34:00,7348.15422453704,2023,0.058,39.4275401079575,-98.6575397388861,20613.4819444444,346,-47220468,18871207
"1246","SOLOMON RIVER BASIN","SC","SC543","1/30/24",1338,39.427536,-98.657546,10260014,2024-01-30 13:38:00,7397.19866898148,2024,0.054,39.4275272144621,-98.6575439510654,20662.5263888889,30,-47220470,18871200
"1247","SOLOMON RIVER BASIN","SC","SC543","4/23/24",1635,39.427536,-98.657546,10260014,2024-04-23 16:35:00,7481.32158564815,2024,0.14,39.4275401560088,-98.6575481801704,20746.6493055556,114,-47220472,18871207
"1248","SOLOMON RIVER BASIN","SC","SC543","7/23/24",1644,39.427536,-98.657546,10260014,2024-07-23 16:44:00,7572.32783564815,2024,0.1,39.4275291970701,-98.6575364140858,20837.6555555556,205,-47220466,18871201
"1249","SOLOMON RIVER BASIN","SC","SC543","10/22/24",1609,39.427536,-98.657546,10260014,2024-10-22 16:09:00,7663.30353009259,2024,0.061,39.4275459271882,-98.6575387805943,20928.63125,296,-47220467,18871209
"1250","SOLOMON RIVER BASIN","SC","SC544","3/27/90",948,39.53817,-98.47646,10260012,1990-03-27 09:48:00,-4964.96105324074,1990,0.16,39.5381704812286,-98.476463131367,8300.36666666667,86,-47133799,18924158
"1251","SOLOMON RIVER BASIN","SC","SC544","5/22/90",940,39.53817,-98.47646,10260012,1990-05-22 09:40:00,-4908.9666087963,1990,0.81,39.5381608661616,-98.4764642444062,8356.36111111111,142,-47133800,18924153
"1252","SOLOMON RIVER BASIN","SC","SC544","7/31/90",955,39.53817,-98.47646,10260012,1990-07-31 09:55:00,-4838.95619212963,1990,0.49,39.5381656160085,-98.4764626106353,8426.37152777778,212,-47133799,18924155
"1253","SOLOMON RIVER BASIN","SC","SC544","9/25/90",952,39.53817,-98.47646,10260012,1990-09-25 09:52:00,-4782.95827546296,1990,0.31,39.5381660025529,-98.4764599217599,8482.36944444444,268,-47133798,18924156
"1254","SOLOMON RIVER BASIN","SC","SC544","11/27/90",1025,39.53817,-98.47646,10260012,1990-11-27 10:25:00,-4719.9353587963,1990,0.1,39.5381606375265,-98.4764679058824,8545.39236111111,331,-47133801,18924153
"1255","SOLOMON RIVER BASIN","SC","SC544","2/19/91",1055,39.53817,-98.47646,10260012,1991-02-19 10:55:00,-4635.91452546296,1991,0.07,39.5381790393218,-98.4764672546397,8629.41319444445,50,-47133801,18924162
"1256","SOLOMON RIVER BASIN","SC","SC544","4/16/91",1100,39.53817,-98.47646,10260012,1991-04-16 11:00:00,-4579.91105324074,1991,0.16,39.5381769156693,-98.4764542710014,8685.41666666667,106,-47133795,18924161
"1257","SOLOMON RIVER BASIN","SC","SC544","6/18/91",1035,39.53817,-98.47646,10260012,1991-06-18 10:35:00,-4516.92841435185,1991,0.46,39.5381615864228,-98.4764685411237,8748.39930555555,169,-47133802,18924153
"1258","SOLOMON RIVER BASIN","SC","SC544","12/10/91",1012,39.53817,-98.47646,10260012,1991-12-10 10:12:00,-4341.94438657407,1991,0.38,39.5381761957716,-98.4764506568041,8923.38333333333,344,-47133793,18924160
"1259","SOLOMON RIVER BASIN","SC","SC544","1/28/92",1030,39.53817,-98.47646,10260012,1992-01-28 10:30:00,-4292.93188657407,1992,0.07,39.5381693156073,-98.4764619306548,8972.39583333333,28,-47133799,18924157
"1260","SOLOMON RIVER BASIN","SC","SC544","3/24/92",1127,39.53817,-98.47646,10260012,1992-03-24 11:27:00,-4236.89230324074,1992,0.11,39.5381762595399,-98.4764603089102,9028.43541666667,84,-47133798,18924160
"1261","SOLOMON RIVER BASIN","SC","SC544","5/19/92",1041,39.53817,-98.47646,10260012,1992-05-19 10:41:00,-4180.92424768519,1992,0.19,39.5381760109275,-98.4764670707162,9084.40347222222,140,-47133801,18924160
"1262","SOLOMON RIVER BASIN","SC","SC544","7/21/92",1035,39.53817,-98.47646,10260012,1992-07-21 10:35:00,-4117.92841435185,1992,2.09,39.5381683325153,-98.4764517611464,9147.39930555555,203,-47133794,18924157
"1263","SOLOMON RIVER BASIN","SC","SC544","9/29/92",1040,39.53817,-98.47646,10260012,1992-09-29 10:40:00,-4047.92494212963,1992,0.14,39.5381694382535,-98.4764586128587,9217.40277777778,273,-47133797,18924157
"1264","SOLOMON RIVER BASIN","SC","SC544","11/17/92",1006,39.53817,-98.47646,10260012,1992-11-17 10:06:00,-3998.94855324074,1992,0.11,39.5381688864415,-98.4764696715558,9266.37916666667,322,-47133802,18924157
"1265","SOLOMON RIVER BASIN","SC","SC544","4/27/93",950,39.53817,-98.47646,10260012,1993-04-27 09:50:00,-3837.95966435185,1993,0.1,39.5381621380559,-98.4764668772429,9427.36805555555,117,-47133801,18924154
"1266","SOLOMON RIVER BASIN","SC","SC544","6/22/93",1000,39.53817,-98.47646,10260012,1993-06-22 10:00:00,-3781.95271990741,1993,0.41,39.5381667136419,-98.476457004924,9483.375,173,-47133796,18924156
"1267","SOLOMON RIVER BASIN","SC","SC544","6/22/93",1005,39.53817,-98.47646,10260012,1993-06-22 10:05:00,-3781.94924768519,1993,0.42,39.5381761428371,-98.4764514427471,9483.37847222222,173,-47133794,18924160
"1268","SOLOMON RIVER BASIN","SC","SC544","8/24/93",945,39.53817,-98.47646,10260012,1993-08-24 09:45:00,-3718.96313657407,1993,0.23,39.5381798681724,-98.4764516717019,9546.36458333333,236,-47133794,18924162
"1269","SOLOMON RIVER BASIN","SC","SC544","10/26/93",1000,39.53817,-98.47646,10260012,1993-10-26 10:00:00,-3655.95271990741,1993,0.07,39.5381629675868,-98.4764632187095,9609.375,299,-47133799,18924154
"1270","SOLOMON RIVER BASIN","SC","SC544","3/29/94",958,39.53817,-98.47646,10260012,1994-03-29 09:58:00,-3501.9541087963,1994,0.12,39.5381698440345,-98.4764685558229,9763.37361111111,88,-47133802,18924157
"1271","SOLOMON RIVER BASIN","SC","SC544","5/24/94",1005,39.53817,-98.47646,10260012,1994-05-24 10:05:00,-3445.94924768519,1994,0.43,39.5381751324257,-98.4764514075192,9819.37847222222,144,-47133794,18924160
"1272","SOLOMON RIVER BASIN","SC","SC544","7/26/94",1010,39.53817,-98.47646,10260012,1994-07-26 10:10:00,-3382.94577546296,1994,0.36,39.5381602911685,-98.4764675936592,9882.38194444445,207,-47133801,18924153
"1273","SOLOMON RIVER BASIN","SC","SC544","9/27/94",1006,39.53817,-98.47646,10260012,1994-09-27 10:06:00,-3319.94855324074,1994,0.24,39.5381665690695,-98.4764579954097,9945.37916666667,270,-47133797,18924156
"1274","SOLOMON RIVER BASIN","SC","SC544","11/29/94",1030,39.53817,-98.47646,10260012,1994-11-29 10:30:00,-3256.93188657407,1994,0.06,39.5381726338412,-98.4764513247273,10008.3958333333,333,-47133793,18924159
"1275","SOLOMON RIVER BASIN","SC","SC544","11/29/94",1035,39.53817,-98.47646,10260012,1994-11-29 10:35:00,-3256.92841435185,1994,0.06,39.5381798292568,-98.4764516350134,10008.3993055556,333,-47133794,18924162
"1276","SOLOMON RIVER BASIN","SC","SC544","2/21/95",1016,39.53817,-98.47646,10260012,1995-02-21 10:16:00,-3172.9416087963,1995,0.07,39.5381750105551,-98.4764661282603,10092.3861111111,52,-47133801,18924160
"1277","SOLOMON RIVER BASIN","SC","SC544","4/25/95",1030,39.53817,-98.47646,10260012,1995-04-25 10:30:00,-3109.93188657407,1995,0.15,39.5381733036882,-98.4764674508165,10155.3958333333,115,-47133801,18924159
"1278","SOLOMON RIVER BASIN","SC","SC544","6/27/95",1030,39.53817,-98.47646,10260012,1995-06-27 10:30:00,-3046.93188657407,1995,0.41,39.5381631564714,-98.4764636798648,10218.3958333333,178,-47133799,18924154
"1279","SOLOMON RIVER BASIN","SC","SC544","8/29/95",942,39.53817,-98.47646,10260012,1995-08-29 09:42:00,-2983.96521990741,1995,0.24,39.5381634210927,-98.4764510206053,10281.3625,241,-47133793,18924154
"1280","SOLOMON RIVER BASIN","SC","SC544","10/24/95",1029,39.53817,-98.47646,10260012,1995-10-24 10:29:00,-2927.93258101852,1995,0.079,39.5381615208532,-98.4764613635598,10337.3951388889,297,-47133798,18924153
"1281","SOLOMON RIVER BASIN","SC","SC544","10/24/95",1034,39.53817,-98.47646,10260012,1995-10-24 10:34:00,-2927.9291087963,1995,0.074,39.5381674423522,-98.4764602094099,10337.3986111111,297,-47133798,18924156
"1282","SOLOMON RIVER BASIN","SC","SC544","3/26/96",1140,39.53817,-98.47646,10260012,1996-03-26 11:40:00,-2773.88327546296,1996,0.033,39.5381675006628,-98.4764600649822,10491.4444444444,86,-47133798,18924156
"1283","SOLOMON RIVER BASIN","SC","SC544","5/21/96",1055,39.53817,-98.47646,10260012,1996-05-21 10:55:00,-2717.91452546296,1996,0.554,39.5381671345459,-98.4764596829922,10547.4131944444,142,-47133797,18924156
"1284","SOLOMON RIVER BASIN","SC","SC544","7/23/96",1112,39.53817,-98.47646,10260012,1996-07-23 11:12:00,-2654.90271990741,1996,0.756,39.5381717971546,-98.4764522377942,10610.425,205,-47133794,18924158
"1285","SOLOMON RIVER BASIN","SC","SC544","9/24/96",1026,39.53817,-98.47646,10260012,1996-09-24 10:26:00,-2591.93466435185,1996,0.344,39.5381609277611,-98.4764655285332,10673.3930555556,268,-47133800,18924153
"1286","SOLOMON RIVER BASIN","SC","SC544","9/24/96",1031,39.53817,-98.47646,10260012,1996-09-24 10:31:00,-2591.93119212963,1996,0.335,39.5381664333735,-98.4764547420905,10673.3965277778,268,-47133795,18924156
"1287","SOLOMON RIVER BASIN","SC","SC544","11/19/96",1155,39.53817,-98.47646,10260012,1996-11-19 11:55:00,-2535.8728587963,1996,0.32,39.5381660794752,-98.4764662059172,10729.4548611111,324,-47133801,18924156
"1288","SOLOMON RIVER BASIN","SC","SC544","2/18/97",1005,39.53817,-98.47646,10260012,1997-02-18 10:05:00,-2444.94924768519,1997,0.055,39.5381764122602,-98.4764692979928,10820.3784722222,49,-47133802,18924161
"1289","SOLOMON RIVER BASIN","SC","SC544","4/15/97",1025,39.53817,-98.47646,10260012,1997-04-15 10:25:00,-2388.9353587963,1997,0.084,39.538179495126,-98.476458986108,10876.3923611111,105,-47133797,18924162
"1290","SOLOMON RIVER BASIN","SC","SC544","6/10/97",1005,39.53817,-98.47646,10260012,1997-06-10 10:05:00,-2332.94924768519,1997,0.396,39.5381600394147,-98.476468313816,10932.3784722222,161,-47133802,18924153
"1291","SOLOMON RIVER BASIN","SC","SC544","8/12/97",1050,39.53817,-98.47646,10260012,1997-08-12 10:50:00,-2269.91799768519,1997,0.237,39.5381678805866,-98.4764579749275,10995.4097222222,224,-47133797,18924156
"1292","SOLOMON RIVER BASIN","SC","SC544","10/14/97",1050,39.53817,-98.47646,10260012,1997-10-14 10:50:00,-2206.91799768519,1997,0.192,39.5381645641072,-98.4764530425519,11058.4097222222,287,-47133794,18924155
"1293","SOLOMON RIVER BASIN","SC","SC544","5/12/98",1105,39.53817,-98.47646,10260012,1998-05-12 11:05:00,-1996.90758101852,1998,0.12,39.5381769523511,-98.4764602703311,11268.4201388889,132,-47133798,18924161
"1294","SOLOMON RIVER BASIN","SC","SC544","7/14/98",1154,39.53817,-98.47646,10260012,1998-07-14 11:54:00,-1933.87355324074,1998,0.54,39.53816219088,-98.4764646320591,11331.4541666667,195,-47133800,18924154
"1295","SOLOMON RIVER BASIN","SC","SC544","9/15/98",1015,39.53817,-98.47646,10260012,1998-09-15 10:15:00,-1870.94230324074,1998,0.156,39.5381677396456,-98.4764504552634,11394.3854166667,258,-47133793,18924156
"1296","SOLOMON RIVER BASIN","SC","SC544","11/17/98",1026,39.53817,-98.47646,10260012,1998-11-17 10:26:00,-1807.93466435185,1998,0.11,39.5381737632776,-98.4764680127582,11457.3930555556,321,-47133801,18924159
"1297","SOLOMON RIVER BASIN","SC","SC544","1/26/99",1043,39.53817,-98.47646,10260012,1999-01-26 10:43:00,-1737.9228587963,1999,0.056,39.5381625889227,-98.4764566992754,11527.4048611111,26,-47133796,18924154
"1298","SOLOMON RIVER BASIN","SC","SC544","3/23/99",1120,39.53817,-98.47646,10260012,1999-03-23 11:20:00,-1681.89716435185,1999,0.023,39.538175051722,-98.4764551777247,11583.4305555556,82,-47133795,18924160
"1299","SOLOMON RIVER BASIN","SC","SC544","5/25/99",1115,39.53817,-98.47646,10260012,1999-05-25 11:15:00,-1618.90063657407,1999,0.77,39.5381605297397,-98.4764668281699,11646.4270833333,145,-47133801,18924153
"1300","SOLOMON RIVER BASIN","SC","SC544","7/20/99",1140,39.53817,-98.47646,10260012,1999-07-20 11:40:00,-1562.88327546296,1999,0.24,39.5381669805013,-98.4764539466377,11702.4444444444,201,-47133795,18924156
"1301","SOLOMON RIVER BASIN","SC","SC544","9/21/99",1200,39.53817,-98.47646,10260012,1999-09-21 12:00:00,-1499.86938657407,1999,0.16,39.5381712824049,-98.4764622578113,11765.4583333333,264,-47133799,18924158
"1302","SOLOMON RIVER BASIN","SC","SC544","11/30/99",1140,39.53817,-98.47646,10260012,1999-11-30 11:40:00,-1429.88327546296,1999,0.07,39.5381745181281,-98.4764513869779,11835.4444444444,334,-47133794,18924160
"1303","SOLOMON RIVER BASIN","SC","SC544","2/22/00",1125,39.53817,-98.47646,10260012,2000-02-22 11:25:00,-1345.89369212963,2000,0.05,39.5381780331266,-98.4764699264528,11919.4340277778,53,-47133802,18924161
"1304","SOLOMON RIVER BASIN","SC","SC544","4/24/00",1225,39.53817,-98.47646,10260012,2000-04-24 12:25:00,-1283.85202546296,2000,0.13,39.5381725458036,-98.476464247124,11981.4756944444,115,-47133800,18924159
"1305","SOLOMON RIVER BASIN","SC","SC544","6/27/00",1115,39.53817,-98.47646,10260012,2000-06-27 11:15:00,-1219.90063657407,2000,0.94,39.5381704840663,-98.4764516979239,12045.4270833333,179,-47133794,18924158
"1306","SOLOMON RIVER BASIN","SC","SC544","12/20/00",1110,39.53817,-98.47646,10260012,2000-12-20 11:10:00,-1043.9041087963,2000,1.83,39.5381636149208,-98.4764577883488,12221.4236111111,355,-47133797,18924154
"1307","SOLOMON RIVER BASIN","SC","SC544","1/23/01",1025,39.53817,-98.47646,10260012,2001-01-23 10:25:00,-1009.9353587963,2001,0.07,39.538168482307,-98.4764545690891,12255.3923611111,23,-47133795,18924157
"1308","SOLOMON RIVER BASIN","SC","SC544","3/27/01",1030,39.53817,-98.47646,10260012,2001-03-27 10:30:00,-946.931886574074,2001,0.16,39.5381766146558,-98.4764513558243,12318.3958333333,86,-47133794,18924161
"1309","SOLOMON RIVER BASIN","SC","SC544","5/22/01",1115,39.53817,-98.47646,10260012,2001-05-22 11:15:00,-890.900636574074,2001,0.327,39.5381644362948,-98.47646394377,12374.4270833333,142,-47133800,18924155
"1310","SOLOMON RIVER BASIN","SC","SC544","7/31/01",1055,39.53817,-98.47646,10260012,2001-07-31 10:55:00,-820.914525462963,2001,0.55,39.5381739938445,-98.4764600739967,12444.4131944444,212,-47133798,18924159
"1311","SOLOMON RIVER BASIN","SC","SC544","9/25/01",1025,39.53817,-98.47646,10260012,2001-09-25 10:25:00,-764.935358796296,2001,0.126,39.5381654627991,-98.4764693480003,12500.3923611111,268,-47133802,18924155
"1312","SOLOMON RIVER BASIN","SC","SC544","11/27/01",1100,39.53817,-98.47646,10260012,2001-11-27 11:00:00,-701.911053240741,2001,0.059,39.5381771523168,-98.4764620167554,12563.4166666667,331,-47133799,18924161
"1313","SOLOMON RIVER BASIN","SC","SC544","2/26/02",1210,39.53817,-98.47646,10260012,2002-02-26 12:10:00,-610.86244212963,2002,0.02,39.5381641521561,-98.4764699029576,12654.4652777778,57,-47133802,18924155
"1314","SOLOMON RIVER BASIN","SC","SC544","4/23/02",1115,39.53817,-98.47646,10260012,2002-04-23 11:15:00,-554.900636574074,2002,0.129,39.5381632613803,-98.4764612066027,12710.4270833333,113,-47133798,18924154
"1315","SOLOMON RIVER BASIN","SC","SC544","6/25/02",1055,39.53817,-98.47646,10260012,2002-06-25 10:55:00,-491.914525462963,2002,0.387,39.5381683442543,-98.4764680236866,12773.4131944444,176,-47133801,18924157
"1316","SOLOMON RIVER BASIN","SC","SC544","1/28/03",1122,39.53817,-98.47646,10260012,2003-01-28 11:22:00,-274.895775462963,2003,0.325,39.5381688992626,-98.4764600491311,12990.4319444444,28,-47133798,18924157
"1317","SOLOMON RIVER BASIN","SC","SC544","3/25/03",1148,39.53817,-98.47646,10260012,2003-03-25 11:48:00,-218.877719907407,2003,0.08,39.5381663270476,-98.4764628179683,13046.45,84,-47133799,18924156
"1318","SOLOMON RIVER BASIN","SC","SC544","5/20/03",1201,39.53817,-98.47646,10260012,2003-05-20 12:01:00,-162.86869212963,2003,0.261,39.5381689670025,-98.4764500025537,13102.4590277778,140,-47133793,18924157
"1319","SOLOMON RIVER BASIN","SC","SC544","3/29/05",1124,39.53817,-98.47646,10260012,2005-03-29 11:24:00,516.105613425926,2005,0.472,39.5381608662263,-98.4764652152491,13781.4333333333,88,-47133800,18924153
"1320","SOLOMON RIVER BASIN","SC","SC544","7/31/07",1057,39.53817,-98.47646,10260012,2007-07-31 10:57:00,1370.08686342593,2007,1.116,39.5381663126278,-98.476463250189,14635.4145833333,212,-47133799,18924156
"1321","SOLOMON RIVER BASIN","SC","SC544","11/27/07",1045,39.53817,-98.47646,10260012,2007-11-27 10:45:00,1489.07853009259,2007,0.451,39.5381644579682,-98.476460419684,14754.40625,331,-47133798,18924155
"1322","SOLOMON RIVER BASIN","SC","SC544","2/26/08",1144,39.53817,-98.47646,10260012,2008-02-26 11:44:00,1580.11950231481,2008,0.052,39.538177297423,-98.4764657679365,14845.4472222222,57,-47133800,18924161
"1323","SOLOMON RIVER BASIN","SC","SC544","4/29/08",1148,39.53817,-98.47646,10260012,2008-04-29 11:48:00,1643.12228009259,2008,0.221,39.5381721412668,-98.476450652855,14908.45,120,-47133793,18924158
"1324","SOLOMON RIVER BASIN","SC","SC544","6/24/08",1041,39.53817,-98.47646,10260012,2008-06-24 10:41:00,1699.07575231481,2008,0.312,39.5381635932855,-98.4764599490042,14964.4034722222,176,-47133798,18924154
"1325","SOLOMON RIVER BASIN","SC","SC544","8/26/08",1129,39.53817,-98.47646,10260012,2008-08-26 11:29:00,1762.10908564815,2008,0.179,39.5381792837895,-98.4764647779324,15027.4368055556,239,-47133800,18924162
"1326","SOLOMON RIVER BASIN","SC","SC544","8/26/08",1134,39.53817,-98.47646,10260012,2008-08-26 11:34:00,1762.11255787037,2008,0.175,39.5381796886134,-98.4764683923977,15027.4402777778,239,-47133802,18924162
"1327","SOLOMON RIVER BASIN","SC","SC544","10/28/08",1205,39.53817,-98.47646,10260012,2008-10-28 12:05:00,1825.13408564815,2008,0.314,39.538164955655,-98.476468492575,15090.4618055556,302,-47133802,18924155
"1328","SOLOMON RIVER BASIN","SC","SC544","12/16/08",1226,39.53817,-98.47646,10260012,2008-12-16 12:26:00,1874.14866898148,2008,0.031,39.5381783430621,-98.4764523443475,15139.4763888889,351,-47133794,18924161
"1329","SOLOMON RIVER BASIN","SC","SC544","3/24/09",1032,39.53817,-98.47646,10260012,2009-03-24 10:32:00,1972.06950231481,2009,0.053,39.5381769070763,-98.4764516452856,15237.3972222222,83,-47133794,18924161
"1330","SOLOMON RIVER BASIN","SC","SC544","5/19/09",1029,39.53817,-98.47646,10260012,2009-05-19 10:29:00,2028.06741898148,2009,0.258,39.53817949521,-98.4764573164622,15293.3951388889,139,-47133796,18924162
"1331","SOLOMON RIVER BASIN","SC","SC544","9/21/09",1114,39.53817,-98.47646,10260012,2009-09-21 11:14:00,2153.09866898148,2009,0.213,39.5381755520857,-98.4764671901378,15418.4263888889,264,-47133801,18924160
"1332","SOLOMON RIVER BASIN","SC","SC544","12/1/09",1040,39.53817,-98.47646,10260012,2009-12-01 10:40:00,2224.07505787037,2009,0.063,39.5381628724393,-98.4764692037539,15489.4027777778,335,-47133802,18924154
"1333","SOLOMON RIVER BASIN","SC","SC544","2/16/10",1012,39.53817,-98.47646,10260012,2010-02-16 10:12:00,2301.05561342593,2010,0.125,39.5381681872358,-98.4764576555308,15566.3833333333,47,-47133797,18924157
"1334","SOLOMON RIVER BASIN","SC","SC544","5/18/10",1023,39.53817,-98.47646,10260012,2010-05-18 10:23:00,2392.06325231481,2010,0.248,39.5381613596454,-98.4764540600214,15657.3909722222,138,-47133795,18924153
"1335","SOLOMON RIVER BASIN","SC","SC544","8/17/10",959,39.53817,-98.47646,10260012,2010-08-17 09:59:00,2483.04658564815,2010,0.198,39.538178839306,-98.4764608896863,15748.3743055556,229,-47133798,18924162
"1336","SOLOMON RIVER BASIN","SC","SC544","11/16/10",1209,39.53817,-98.47646,10260012,2010-11-16 12:09:00,2574.13686342593,2010,0.077,39.5381685347644,-98.4764564339261,15839.4645833333,320,-47133796,18924157
"1337","SOLOMON RIVER BASIN","SC","SC544","3/22/11",1042,39.53817,-98.47646,10260012,2011-03-22 10:42:00,2700.07644675926,2011,0.113,39.5381708239061,-98.4764532426847,15965.4041666667,81,-47133794,18924158
"1338","SOLOMON RIVER BASIN","SC","SC544","6/21/11",1059,39.53817,-98.47646,10260012,2011-06-21 10:59:00,2791.08825231481,2011,0.336,39.5381745180815,-98.4764576269581,16056.4159722222,172,-47133797,18924160
"1339","SOLOMON RIVER BASIN","SC","SC544","9/20/11",1101,39.53817,-98.47646,10260012,2011-09-20 11:01:00,2882.0896412037,2011,0.202,39.5381748560885,-98.476465381228,16147.4173611111,263,-47133800,18924160
"1340","SOLOMON RIVER BASIN","SC","SC544","12/6/11",1114,39.53817,-98.47646,10260012,2011-12-06 11:14:00,2959.09866898148,2011,0.153,39.5381672995431,-98.4764536105837,16224.4263888889,340,-47133795,18924156
"1341","SOLOMON RIVER BASIN","SC","SC544","2/19/13",1256,39.53817,-98.47646,10260012,2013-02-19 12:56:00,3400.16950231481,2013,0.02,39.5381799804312,-98.4764593910258,16665.4972222222,50,-47133797,18924162
"1342","SOLOMON RIVER BASIN","SC","SC544","5/21/13",1259,39.53817,-98.47646,10260012,2013-05-21 12:59:00,3491.17158564815,2013,0.222,39.5381764527362,-98.4764604327083,16756.4993055556,141,-47133798,18924161
"1343","SOLOMON RIVER BASIN","SC","SC544","8/20/13",1330,39.53817,-98.47646,10260012,2013-08-20 13:30:00,3582.19311342593,2013,0.457,39.5381676848559,-98.4764606843246,16847.5208333333,232,-47133798,18924156
"1344","SOLOMON RIVER BASIN","SC","SC544","11/19/13",1339,39.53817,-98.47646,10260012,2013-11-19 13:39:00,3673.19936342593,2013,0.814,39.5381788262025,-98.4764688532432,16938.5270833333,323,-47133802,18924162
"1345","SOLOMON RIVER BASIN","SC","SC544","3/7/17",1247,39.53817,-98.47646,10260012,2017-03-07 12:47:00,4877.16325231481,2017,0.14,39.5381693538413,-98.4764659567067,18142.4909722222,66,-47133800,18924157
"1346","SOLOMON RIVER BASIN","SC","SC544","6/20/17",1257,39.53817,-98.47646,10260012,2017-06-20 12:57:00,4982.17019675926,2017,0.31,39.5381730044357,-98.476462451972,18247.4979166667,171,-47133799,18924159
"1347","SOLOMON RIVER BASIN","SC","SC544","9/19/17",1315,39.53817,-98.47646,10260012,2017-09-19 13:15:00,5073.18269675926,2017,0.12,39.5381604408144,-98.4764561985286,18338.5104166667,262,-47133796,18924153
"1348","SOLOMON RIVER BASIN","SC","SC544","12/12/17",1324,39.53817,-98.47646,10260012,2017-12-12 13:24:00,5157.18894675926,2017,0.056,39.5381777988726,-98.4764607392301,18422.5166666667,346,-47133798,18924161
"1349","SOLOMON RIVER BASIN","SC","SC544","9/21/20",1243,39.53817,-98.47646,10260012,2020-09-21 12:43:00,6171.16047453704,2020,0.17,39.5381755391145,-98.4764583856576,19436.4881944444,265,-47133797,18924160
"1350","SOLOMON RIVER BASIN","SC","SC544","12/15/20",920,39.53817,-98.47646,10260012,2020-12-15 09:20:00,6256.01950231481,2020,0.087,39.5381691703731,-98.4764568426994,19521.3472222222,350,-47133796,18924157
"1351","SOLOMON RIVER BASIN","SC","SC544","1/12/21",906,39.53817,-98.47646,10260012,2021-01-12 09:06:00,6284.00978009259,2021,0.079,39.5381705440706,-98.4764595323979,19549.3375,12,-47133797,18924158
"1352","SOLOMON RIVER BASIN","SC","SC544","4/20/21",1210,39.53817,-98.47646,10260012,2021-04-20 12:10:00,6382.13755787037,2021,0.072,39.5381738327616,-98.4764589802435,19647.4652777778,110,-47133797,18924159
"1353","SOLOMON RIVER BASIN","SC","SC544","7/20/21",1113,39.53817,-98.47646,10260012,2021-07-20 11:13:00,6473.09797453704,2021,0.34,39.5381720416077,-98.4764644984931,19738.4256944444,201,-47133800,18924158
"1354","SOLOMON RIVER BASIN","SC","SC544","10/26/21",1128,39.53817,-98.47646,10260012,2021-10-26 11:28:00,6571.1083912037,2021,0.29,39.5381790239902,-98.4764607340072,19836.4361111111,299,-47133798,18924162
"1355","SOLOMON RIVER BASIN","SC","SC545","3/27/90",1355,39.553497,-99.323067,10260011,1990-03-27 13:55:00,-4964.78952546296,1990,0.16,39.5534894630484,-99.3230720993125,8300.53819444445,86,-47539012,18931490
"1356","SOLOMON RIVER BASIN","SC","SC545","5/22/90",1145,39.553497,-99.323067,10260011,1990-05-22 11:45:00,-4908.87980324074,1990,0.5,39.5534945266996,-99.3230727128251,8356.44791666667,142,-47539012,18931492
"1357","SOLOMON RIVER BASIN","SC","SC545","7/31/90",1220,39.553497,-99.323067,10260011,1990-07-31 12:20:00,-4838.85549768519,1990,0.4,39.5534975660379,-99.32307593296,8426.47222222222,212,-47539014,18931494
"1358","SOLOMON RIVER BASIN","SC","SC545","9/25/90",1205,39.553497,-99.323067,10260011,1990-09-25 12:05:00,-4782.86591435185,1990,0.19,39.5534914058607,-99.3230601350462,8482.46180555555,268,-47539006,18931491
"1359","SOLOMON RIVER BASIN","SC","SC545","11/27/90",1405,39.553497,-99.323067,10260011,1990-11-27 14:05:00,-4719.78258101852,1990,0.17,39.5535029532678,-99.3230591189762,8545.54513888889,331,-47539005,18931496
"1360","SOLOMON RIVER BASIN","SC","SC545","2/19/91",1555,39.553497,-99.323067,10260011,1991-02-19 15:55:00,-4635.70619212963,1991,0.13,39.5535061876578,-99.3230743483984,8629.62152777778,50,-47539013,18931498
"1361","SOLOMON RIVER BASIN","SC","SC545","4/16/91",1320,39.553497,-99.323067,10260011,1991-04-16 13:20:00,-4579.81383101852,1991,0.21,39.5535050382738,-99.3230655036972,8685.51388888889,106,-47539009,18931497
"1362","SOLOMON RIVER BASIN","SC","SC545","6/18/91",1216,39.553497,-99.323067,10260011,1991-06-18 12:16:00,-4516.85827546296,1991,0.57,39.5534994849044,-99.3230583741316,8748.46944444444,169,-47539005,18931495
"1363","SOLOMON RIVER BASIN","SC","SC545","8/20/91",1253,39.553497,-99.323067,10260011,1991-08-20 12:53:00,-4453.83258101852,1991,0.19,39.5535061380135,-99.3230604036584,8811.49513888889,232,-47539006,18931498
"1364","SOLOMON RIVER BASIN","SC","SC545","10/22/91",1315,39.553497,-99.323067,10260011,1991-10-22 13:15:00,-4390.81730324074,1991,0.13,39.553500886894,-99.3230626994004,8874.51041666667,295,-47539007,18931495
"1365","SOLOMON RIVER BASIN","SC","SC545","12/10/91",1155,39.553497,-99.323067,10260011,1991-12-10 11:55:00,-4341.8728587963,1991,0.18,39.5534967906753,-99.323057916772,8923.45486111111,344,-47539005,18931493
"1366","SOLOMON RIVER BASIN","SC","SC545","12/10/91",1200,39.553497,-99.323067,10260011,1991-12-10 12:00:00,-4341.86938657407,1991,0.19,39.5534908061593,-99.3230688028564,8923.45833333333,344,-47539010,18931490
"1367","SOLOMON RIVER BASIN","SC","SC545","1/28/92",1220,39.553497,-99.323067,10260011,1992-01-28 12:20:00,-4292.85549768519,1992,0.08,39.5534872955609,-99.3230718911245,8972.47222222222,28,-47539012,18931489
"1368","SOLOMON RIVER BASIN","SC","SC545","3/24/92",1353,39.553497,-99.323067,10260011,1992-03-24 13:53:00,-4236.79091435185,1992,0.16,39.553503184776,-99.3230575731123,9028.53680555556,84,-47539005,18931496
"1369","SOLOMON RIVER BASIN","SC","SC545","5/19/92",1355,39.553497,-99.323067,10260011,1992-05-19 13:55:00,-4180.78952546296,1992,0.27,39.5534985631633,-99.3230655804171,9084.53819444445,140,-47539009,18931494
"1370","SOLOMON RIVER BASIN","SC","SC545","7/21/92",1435,39.553497,-99.323067,10260011,1992-07-21 14:35:00,-4117.76174768519,1992,2.17,39.5534945234754,-99.323057778238,9147.56597222222,203,-47539005,18931492
"1371","SOLOMON RIVER BASIN","SC","SC545","9/29/92",1322,39.553497,-99.323067,10260011,1992-09-29 13:22:00,-4047.81244212963,1992,0.32,39.5534967119063,-99.3230631530193,9217.51527777778,273,-47539007,18931493
"1372","SOLOMON RIVER BASIN","SC","SC545","11/17/92",1259,39.553497,-99.323067,10260011,1992-11-17 12:59:00,-3998.82841435185,1992,0.14,39.5534880152111,-99.323071266524,9266.49930555556,322,-47539011,18931489
"1373","SOLOMON RIVER BASIN","SC","SC545","4/27/93",1332,39.553497,-99.323067,10260011,1993-04-27 13:32:00,-3837.80549768519,1993,0.15,39.5535018112103,-99.3230624031683,9427.52222222222,117,-47539007,18931496
"1374","SOLOMON RIVER BASIN","SC","SC545","6/22/93",1325,39.553497,-99.323067,10260011,1993-06-22 13:25:00,-3781.8103587963,1993,0.54,39.5535000007082,-99.323071374756,9483.51736111111,173,-47539011,18931495
"1375","SOLOMON RIVER BASIN","SC","SC545","8/24/93",1304,39.553497,-99.323067,10260011,1993-08-24 13:04:00,-3718.82494212963,1993,0.41,39.5534905402313,-99.3230597142099,9546.50277777778,236,-47539006,18931490
"1376","SOLOMON RIVER BASIN","SC","SC545","10/26/93",1330,39.553497,-99.323067,10260011,1993-10-26 13:30:00,-3655.80688657407,1993,0.17,39.5535041543482,-99.3230717870416,9609.52083333333,299,-47539012,18931497
"1377","SOLOMON RIVER BASIN","SC","SC545","1/25/94",1225,39.553497,-99.323067,10260011,1994-01-25 12:25:00,-3564.85202546296,1994,0.16,39.5535060960178,-99.3230768602956,9700.47569444445,25,-47539014,18931498
"1378","SOLOMON RIVER BASIN","SC","SC545","3/29/94",1313,39.553497,-99.323067,10260011,1994-03-29 13:13:00,-3501.81869212963,1994,0.14,39.5534883424809,-99.3230601167298,9763.50902777778,88,-47539006,18931489
"1379","SOLOMON RIVER BASIN","SC","SC545","5/24/94",1331,39.553497,-99.323067,10260011,1994-05-24 13:31:00,-3445.80619212963,1994,0.39,39.5534883944234,-99.3230601496912,9819.52152777778,144,-47539006,18931489
"1380","SOLOMON RIVER BASIN","SC","SC545","7/26/94",1313,39.553497,-99.323067,10260011,1994-07-26 13:13:00,-3382.81869212963,1994,0.57,39.5535047459997,-99.3230652486701,9882.50902777778,207,-47539008,18931497
"1381","SOLOMON RIVER BASIN","SC","SC545","9/27/94",1337,39.553497,-99.323067,10260011,1994-09-27 13:37:00,-3319.80202546296,1994,0.15,39.5535063190066,-99.3230677960035,9945.52569444444,270,-47539010,18931498
"1382","SOLOMON RIVER BASIN","SC","SC545","11/29/94",1414,39.553497,-99.323067,10260011,1994-11-29 14:14:00,-3256.77633101852,1994,0.1,39.553494524171,-99.3230645771137,10008.5513888889,333,-47539008,18931492
"1383","SOLOMON RIVER BASIN","SC","SC545","2/21/95",1327,39.553497,-99.323067,10260011,1995-02-21 13:27:00,-3172.80896990741,1995,0.09,39.5535009566119,-99.3230581036249,10092.51875,52,-47539005,18931495
"1384","SOLOMON RIVER BASIN","SC","SC545","4/25/95",1400,39.553497,-99.323067,10260011,1995-04-25 14:00:00,-3109.78605324074,1995,0.14,39.5535033080623,-99.3230722808826,10155.5416666667,115,-47539012,18931496
"1385","SOLOMON RIVER BASIN","SC","SC545","6/27/95",1400,39.553497,-99.323067,10260011,1995-06-27 14:00:00,-3046.78605324074,1995,0.3,39.5534960730942,-99.3230667866374,10218.5416666667,178,-47539009,18931493
"1386","SOLOMON RIVER BASIN","SC","SC545","8/29/95",1245,39.553497,-99.323067,10260011,1995-08-29 12:45:00,-2983.83813657407,1995,0.2,39.5534888536045,-99.3230652142348,10281.4895833333,241,-47539008,18931490
"1387","SOLOMON RIVER BASIN","SC","SC545","10/24/95",1352,39.553497,-99.323067,10260011,1995-10-24 13:52:00,-2927.7916087963,1995,0.132,39.5534907862916,-99.323060404568,10337.5361111111,297,-47539006,18931490
"1388","SOLOMON RIVER BASIN","SC","SC545","1/30/96",1211,39.553497,-99.323067,10260011,1996-01-30 12:11:00,-2829.86174768519,1996,0.15,39.5534902773036,-99.3230610254673,10435.4659722222,30,-47539006,18931490
"1389","SOLOMON RIVER BASIN","SC","SC545","3/26/96",1522,39.553497,-99.323067,10260011,1996-03-26 15:22:00,-2773.7291087963,1996,0.265,39.5534997580383,-99.3230624233011,10491.5986111111,86,-47539007,18931495
"1390","SOLOMON RIVER BASIN","SC","SC545","5/21/96",1440,39.553497,-99.323067,10260011,1996-05-21 14:40:00,-2717.75827546296,1996,0.359,39.5534954608712,-99.3230694764143,10547.5694444444,142,-47539010,18931493
"1391","SOLOMON RIVER BASIN","SC","SC545","7/23/96",1455,39.553497,-99.323067,10260011,1996-07-23 14:55:00,-2654.7478587963,1996,0.386,39.553496328983,-99.3230618292062,10610.5798611111,205,-47539007,18931493
"1392","SOLOMON RIVER BASIN","SC","SC545","9/24/96",1349,39.553497,-99.323067,10260011,1996-09-24 13:49:00,-2591.79369212963,1996,0.788,39.5534963182159,-99.3230656491047,10673.5340277778,268,-47539009,18931493
"1393","SOLOMON RIVER BASIN","SC","SC545","11/19/96",1440,39.553497,-99.323067,10260011,1996-11-19 14:40:00,-2535.75827546296,1996,0.261,39.5534900081935,-99.3230596285398,10729.5694444444,324,-47539006,18931490
"1394","SOLOMON RIVER BASIN","SC","SC545","2/18/97",1340,39.553497,-99.323067,10260011,1997-02-18 13:40:00,-2444.79994212963,1997,0.124,39.553501857155,-99.323070967718,10820.5277777778,49,-47539011,18931496
"1395","SOLOMON RIVER BASIN","SC","SC545","4/15/97",1430,39.553497,-99.323067,10260011,1997-04-15 14:30:00,-2388.76521990741,1997,0.197,39.5534907452712,-99.323059637271,10876.5625,105,-47539006,18931490
"1396","SOLOMON RIVER BASIN","SC","SC545","6/10/97",1420,39.553497,-99.323067,10260011,1997-06-10 14:20:00,-2332.77216435185,1997,0.56,39.5534872846958,-99.3230749452506,10932.5555555556,161,-47539013,18931489
"1397","SOLOMON RIVER BASIN","SC","SC545","8/12/97",1440,39.553497,-99.323067,10260011,1997-08-12 14:40:00,-2269.75827546296,1997,0.3,39.5535033538219,-99.323076634761,10995.5694444444,224,-47539014,18931496
"1398","SOLOMON RIVER BASIN","SC","SC545","10/14/97",1445,39.553497,-99.323067,10260011,1997-10-14 14:45:00,-2206.75480324074,1997,0.259,39.5534994678342,-99.3230686768236,11058.5729166667,287,-47539010,18931495
"1399","SOLOMON RIVER BASIN","SC","SC545","10/14/97",1450,39.553497,-99.323067,10260011,1997-10-14 14:50:00,-2206.75133101852,1997,0.251,39.5534936362612,-99.3230700523436,11058.5763888889,287,-47539011,18931492
"1400","SOLOMON RIVER BASIN","SC","SC545","5/12/98",1455,39.553497,-99.323067,10260011,1998-05-12 14:55:00,-1996.7478587963,1998,0.25,39.5534998562065,-99.3230584887209,11268.5798611111,132,-47539005,18931495
"1401","SOLOMON RIVER BASIN","SC","SC545","7/14/98",1525,39.553497,-99.323067,10260011,1998-07-14 15:25:00,-1933.72702546296,1998,0.42,39.5535069874739,-99.3230600896584,11331.6006944444,195,-47539006,18931498
"1402","SOLOMON RIVER BASIN","SC","SC545","9/15/98",1355,39.553497,-99.323067,10260011,1998-09-15 13:55:00,-1870.78952546296,1998,0.19,39.553500538768,-99.3230572604448,11394.5381944444,258,-47539005,18931495
"1403","SOLOMON RIVER BASIN","SC","SC545","11/17/98",1404,39.553497,-99.323067,10260011,1998-11-17 14:04:00,-1807.78327546296,1998,0.13,39.5535014435477,-99.3230693452988,11457.5444444444,321,-47539010,18931496
"1404","SOLOMON RIVER BASIN","SC","SC545","1/26/99",1353,39.553497,-99.323067,10260011,1999-01-26 13:53:00,-1737.79091435185,1999,0.15,39.553496383877,-99.3230706095469,11527.5368055556,26,-47539011,18931493
"1405","SOLOMON RIVER BASIN","SC","SC545","3/23/99",1505,39.553497,-99.323067,10260011,1999-03-23 15:05:00,-1681.74091435185,1999,0.07,39.5534908414352,-99.3230704540661,11583.5868055556,82,-47539011,18931490
"1406","SOLOMON RIVER BASIN","SC","SC545","5/25/99",1500,39.553497,-99.323067,10260011,1999-05-25 15:00:00,-1618.74438657407,1999,0.44,39.5534956838659,-99.3230673064474,11646.5833333333,145,-47539009,18931493
"1407","SOLOMON RIVER BASIN","SC","SC545","7/20/99",1455,39.553497,-99.323067,10260011,1999-07-20 14:55:00,-1562.7478587963,1999,0.545,39.5535069517122,-99.323060302244,11702.5798611111,201,-47539006,18931498
"1408","SOLOMON RIVER BASIN","SC","SC545","9/21/99",1610,39.553497,-99.323067,10260011,1999-09-21 16:10:00,-1499.69577546296,1999,0.233,39.553502540558,-99.3230747345555,11765.6319444444,264,-47539013,18931496
"1409","SOLOMON RIVER BASIN","SC","SC545","11/30/99",1520,39.553497,-99.323067,10260011,1999-11-30 15:20:00,-1429.73049768519,1999,0.16,39.5535059457375,-99.323074835168,11835.5972222222,334,-47539013,18931498
"1410","SOLOMON RIVER BASIN","SC","SC545","2/22/00",1550,39.553497,-99.323067,10260011,2000-02-22 15:50:00,-1345.70966435185,2000,0.14,39.5534890771605,-99.323062538272,11919.6180555556,53,-47539007,18931490
"1411","SOLOMON RIVER BASIN","SC","SC545","4/25/00",1435,39.553497,-99.323067,10260011,2000-04-25 14:35:00,-1282.76174768519,2000,0.24,39.553489048894,-99.323076949289,11982.5659722222,116,-47539014,18931490
"1412","SOLOMON RIVER BASIN","SC","SC545","6/27/00",1525,39.553497,-99.323067,10260011,2000-06-27 15:25:00,-1219.72702546296,2000,0.406,39.5534996290236,-99.3230638221399,12045.6006944444,179,-47539008,18931495
"1413","SOLOMON RIVER BASIN","SC","SC545","8/29/00",1515,39.553497,-99.323067,10260011,2000-08-29 15:15:00,-1156.73396990741,2000,0.57,39.5534962809864,-99.323076728,12108.59375,242,-47539014,18931493
"1414","SOLOMON RIVER BASIN","SC","SC545","10/24/00",1420,39.553497,-99.323067,10260011,2000-10-24 14:20:00,-1100.77216435185,2000,0.29,39.5534900692958,-99.323063465099,12164.5555555556,298,-47539008,18931490
"1415","SOLOMON RIVER BASIN","SC","SC545","12/20/00",1540,39.553497,-99.323067,10260011,2000-12-20 15:40:00,-1043.7166087963,2000,0.42,39.5535030742973,-99.3230752361621,12221.6111111111,355,-47539013,18931496
"1416","SOLOMON RIVER BASIN","SC","SC545","1/23/01",1325,39.553497,-99.323067,10260011,2001-01-23 13:25:00,-1009.8103587963,2001,0.11,39.5535031791383,-99.3230641710529,12255.5173611111,23,-47539008,18931496
"1417","SOLOMON RIVER BASIN","SC","SC545","3/27/01",1400,39.553497,-99.323067,10260011,2001-03-27 14:00:00,-946.786053240741,2001,0.21,39.5534996663441,-99.3230738139021,12318.5416666667,86,-47539012,18931495
"1418","SOLOMON RIVER BASIN","SC","SC545","5/22/01",1545,39.553497,-99.323067,10260011,2001-05-22 15:45:00,-890.713136574074,2001,0.399,39.5535042224024,-99.3230768369836,12374.6145833333,142,-47539014,18931497
"1419","SOLOMON RIVER BASIN","SC","SC545","7/31/01",1430,39.553497,-99.323067,10260011,2001-07-31 14:30:00,-820.765219907407,2001,0.467,39.5534893995337,-99.323073840755,12444.5625,212,-47539013,18931490
"1420","SOLOMON RIVER BASIN","SC","SC545","9/25/01",1415,39.553497,-99.323067,10260011,2001-09-25 14:15:00,-764.775636574074,2001,0.172,39.5535052017279,-99.3230590996203,12500.5520833333,268,-47539005,18931497
"1421","SOLOMON RIVER BASIN","SC","SC545","11/27/01",1445,39.553497,-99.323067,10260011,2001-11-27 14:45:00,-701.754803240741,2001,0.22,39.5535059595649,-99.3230594558678,12563.5729166667,331,-47539006,18931498
"1422","SOLOMON RIVER BASIN","SC","SC545","2/26/02",1525,39.553497,-99.323067,10260011,2002-02-26 15:25:00,-610.727025462963,2002,0.149,39.553499062382,-99.3230592571298,12654.6006944444,57,-47539006,18931494
"1423","SOLOMON RIVER BASIN","SC","SC545","4/23/02",1435,39.553497,-99.323067,10260011,2002-04-23 14:35:00,-554.761747685185,2002,0.271,39.5535011637522,-99.3230596936645,12710.5659722222,113,-47539006,18931495
"1424","SOLOMON RIVER BASIN","SC","SC545","6/25/02",1430,39.553497,-99.323067,10260011,2002-06-25 14:30:00,-491.765219907407,2002,0.454,39.5535040946869,-99.3230689746297,12773.5625,176,-47539010,18931497
"1425","SOLOMON RIVER BASIN","SC","SC545","8/27/02",1557,39.553497,-99.323067,10260011,2002-08-27 15:57:00,-428.704803240741,2002,0.397,39.5534965067579,-99.3230600803534,12836.6229166667,239,-47539006,18931493
"1426","SOLOMON RIVER BASIN","SC","SC545","10/29/02",1434,39.553497,-99.323067,10260011,2002-10-29 14:34:00,-365.76244212963,2002,0.151,39.5534969701614,-99.3230711897575,12899.5652777778,302,-47539011,18931493
"1427","SOLOMON RIVER BASIN","SC","SC545","12/17/02",1444,39.553497,-99.323067,10260011,2002-12-17 14:44:00,-316.755497685185,2002,0.184,39.5534969756934,-99.3230627846374,12948.5722222222,351,-47539007,18931493
"1428","SOLOMON RIVER BASIN","SC","SC545","1/28/03",1453,39.553497,-99.323067,10260011,2003-01-28 14:53:00,-274.749247685185,2003,0.08,39.553501762485,-99.3230715100702,12990.5784722222,28,-47539011,18931496
"1429","SOLOMON RIVER BASIN","SC","SC545","3/26/03",1030,39.553497,-99.323067,10260011,2003-03-26 10:30:00,-217.931886574074,2003,0.183,39.5534953720471,-99.323068973103,13047.3958333333,85,-47539010,18931493
"1430","SOLOMON RIVER BASIN","SC","SC545","5/20/03",1600,39.553497,-99.323067,10260011,2003-05-20 16:00:00,-162.702719907407,2003,0.241,39.5535054959159,-99.3230647409493,13102.625,140,-47539008,18931497
"1431","SOLOMON RIVER BASIN","SC","SC545","7/29/03",1529,39.553497,-99.323067,10260011,2003-07-29 15:29:00,-92.7242476851852,2003,0.106,39.5535028622168,-99.3230760232001,13172.6034722222,210,-47539014,18931496
"1432","SOLOMON RIVER BASIN","SC","SC545","7/29/03",1534,39.553497,-99.323067,10260011,2003-07-29 15:34:00,-92.720775462963,2003,0.099,39.5534884394391,-99.323062250642,13172.6069444444,210,-47539007,18931489
"1433","SOLOMON RIVER BASIN","SC","SC545","9/30/03",1513,39.553497,-99.323067,10260011,2003-09-30 15:13:00,-29.7353587962963,2003,0.063,39.5534874374925,-99.3230659004271,13235.5923611111,273,-47539009,18931489
"1434","SOLOMON RIVER BASIN","SC","SC545","12/2/03",1442,39.553497,-99.323067,10260011,2003-12-02 14:42:00,33.2431134259259,2003,0.064,39.5534958183611,-99.3230721540994,13298.5708333333,336,-47539012,18931493
"1435","SOLOMON RIVER BASIN","SC","SC545","12/2/03",1447,39.553497,-99.323067,10260011,2003-12-02 14:47:00,33.2465856481481,2003,0.077,39.5535027115501,-99.3230722914476,13298.5743055556,336,-47539012,18931496
"1436","SOLOMON RIVER BASIN","SC","SC545","2/24/04",1453,39.553497,-99.323067,10260011,2004-02-24 14:53:00,117.250752314815,2004,0.095,39.5534949408144,-99.3230679697578,13382.5784722222,55,-47539010,18931492
"1437","SOLOMON RIVER BASIN","SC","SC545","4/27/04",1612,39.553497,-99.323067,10260011,2004-04-27 16:12:00,180.305613425926,2004,0.254,39.5535035759987,-99.3230676502121,13445.6333333333,118,-47539010,18931497
"1438","SOLOMON RIVER BASIN","SC","SC545","4/27/04",1617,39.553497,-99.323067,10260011,2004-04-27 16:17:00,180.309085648148,2004,0.255,39.5534901412707,-99.323057347837,13445.6368055556,118,-47539005,18931490
"1439","SOLOMON RIVER BASIN","SC","SC545","6/29/04",1622,39.553497,-99.323067,10260011,2004-06-29 16:22:00,243.31255787037,2004,0.35,39.5535020019246,-99.3230586276192,13508.6402777778,181,-47539005,18931496
"1440","SOLOMON RIVER BASIN","SC","SC545","8/24/04",1554,39.553497,-99.323067,10260011,2004-08-24 15:54:00,299.293113425926,2004,0.218,39.5534876186216,-99.3230667939597,13564.6208333333,237,-47539009,18931489
"1441","SOLOMON RIVER BASIN","SC","SC545","10/26/04",1440,39.553497,-99.323067,10260011,2004-10-26 14:40:00,362.241724537037,2004,0.112,39.5534893299389,-99.3230756369108,13627.5694444444,300,-47539013,18931490
"1442","SOLOMON RIVER BASIN","SC","SC545","12/21/04",1630,39.553497,-99.323067,10260011,2004-12-21 16:30:00,418.318113425926,2004,0.098,39.5535023637503,-99.3230606770649,13683.6458333333,356,-47539006,18931496
"1443","SOLOMON RIVER BASIN","SC","SC545","1/25/05",1412,39.553497,-99.323067,10260011,2005-01-25 14:12:00,453.222280092593,2005,0.147,39.5534870227102,-99.3230646035975,13718.55,25,-47539008,18931489
"1444","SOLOMON RIVER BASIN","SC","SC545","3/29/05",1600,39.553497,-99.323067,10260011,2005-03-29 16:00:00,516.297280092593,2005,0.291,39.5534907751569,-99.3230673310361,13781.625,88,-47539009,18931490
"1445","SOLOMON RIVER BASIN","SC","SC545","5/24/05",1409,39.553497,-99.323067,10260011,2005-05-24 14:09:00,572.220196759259,2005,0.325,39.5534878555676,-99.3230761467985,13837.5479166667,144,-47539014,18931489
"1446","SOLOMON RIVER BASIN","SC","SC545","7/26/05",1632,39.553497,-99.323067,10260011,2005-07-26 16:32:00,635.319502314815,2005,0.88,39.5534952478501,-99.3230763456473,13900.6472222222,207,-47539014,18931493
"1447","SOLOMON RIVER BASIN","SC","SC545","9/27/05",1417,39.553497,-99.323067,10260011,2005-09-27 14:17:00,698.225752314815,2005,0.272,39.5535030903385,-99.3230756117999,13963.5534722222,270,-47539013,18931496
"1448","SOLOMON RIVER BASIN","SC","SC545","2/21/06",1415,39.553497,-99.323067,10260011,2006-02-21 14:15:00,845.224363425926,2006,0.036,39.5535050342928,-99.3230608527401,14110.5520833333,52,-47539006,18931497
"1449","SOLOMON RIVER BASIN","SC","SC545","4/25/06",1350,39.553497,-99.323067,10260011,2006-04-25 13:50:00,908.207002314815,2006,0.337,39.5534935604663,-99.3230635784524,14173.5347222222,115,-47539008,18931492
"1450","SOLOMON RIVER BASIN","SC","SC545","6/27/06",1553,39.553497,-99.323067,10260011,2006-06-27 15:53:00,971.292418981481,2006,0.557,39.5534972822867,-99.32307301258,14236.6201388889,178,-47539012,18931494
"1451","SOLOMON RIVER BASIN","SC","SC545","8/29/06",1734,39.553497,-99.323067,10260011,2006-08-29 17:34:00,1034.36255787037,2006,0.464,39.5534960125979,-99.3230581955831,14299.6902777778,241,-47539005,18931493
"1452","SOLOMON RIVER BASIN","SC","SC545","10/24/06",1604,39.553497,-99.323067,10260011,2006-10-24 16:04:00,1090.30005787037,2006,0.227,39.5535013288712,-99.3230768011001,14355.6277777778,297,-47539014,18931495
"1453","SOLOMON RIVER BASIN","SC","SC545","12/19/06",1255,39.553497,-99.323067,10260011,2006-12-19 12:55:00,1146.16880787037,2006,0.095,39.5535028259937,-99.3230595640357,14411.4965277778,353,-47539006,18931496
"1454","SOLOMON RIVER BASIN","SC","SC545","1/30/07",1446,39.553497,-99.323067,10260011,2007-01-30 14:46:00,1188.2458912037,2007,0.156,39.5535028655423,-99.3230769776659,14453.5736111111,30,-47539014,18931496
"1455","SOLOMON RIVER BASIN","SC","SC545","3/27/07",1437,39.553497,-99.323067,10260011,2007-03-27 14:37:00,1244.2396412037,2007,0.531,39.5534929944309,-99.3230725377303,14509.5673611111,86,-47539012,18931492
"1456","SOLOMON RIVER BASIN","SC","SC545","5/22/07",1440,39.553497,-99.323067,10260011,2007-05-22 14:40:00,1300.24172453704,2007,0.747,39.5534945833159,-99.3230766859555,14565.5694444444,142,-47539014,18931492
"1457","SOLOMON RIVER BASIN","SC","SC545","7/31/07",1449,39.553497,-99.323067,10260011,2007-07-31 14:49:00,1370.24797453704,2007,0.433,39.553499445248,-99.3230726347546,14635.5756944444,212,-47539012,18931495
"1458","SOLOMON RIVER BASIN","SC","SC545","9/25/07",1616,39.553497,-99.323067,10260011,2007-09-25 16:16:00,1426.3083912037,2007,0.443,39.5534900277146,-99.3230679700523,14691.6361111111,268,-47539010,18931490
"1459","SOLOMON RIVER BASIN","SC","SC545","11/27/07",1433,39.553497,-99.323067,10260011,2007-11-27 14:33:00,1489.23686342593,2007,0.175,39.5534914016605,-99.3230639058216,14754.5645833333,331,-47539008,18931491
"1460","SOLOMON RIVER BASIN","SC","SC545","2/26/08",1521,39.553497,-99.323067,10260011,2008-02-26 15:21:00,1580.27019675926,2008,0.083,39.5535047368266,-99.323061325625,14845.5979166667,57,-47539007,18931497
"1461","SOLOMON RIVER BASIN","SC","SC545","4/29/08",1721,39.553497,-99.323067,10260011,2008-04-29 17:21:00,1643.35353009259,2008,0.192,39.5534899813554,-99.3230663923689,14908.68125,120,-47539009,18931490
"1462","SOLOMON RIVER BASIN","SC","SC545","6/24/08",1449,39.553497,-99.323067,10260011,2008-06-24 14:49:00,1699.24797453704,2008,0.492,39.5535065937473,-99.3230597694106,14964.5756944444,176,-47539006,18931498
"1463","SOLOMON RIVER BASIN","SC","SC545","8/26/08",1524,39.553497,-99.323067,10260011,2008-08-26 15:24:00,1762.27228009259,2008,0.417,39.5535025737144,-99.32306229449,15027.6,239,-47539007,18931496
"1464","SOLOMON RIVER BASIN","SC","SC545","10/28/08",1624,39.553497,-99.323067,10260011,2008-10-28 16:24:00,1825.31394675926,2008,0.677,39.5534914911251,-99.3230695960538,15090.6416666667,302,-47539010,18931491
"1465","SOLOMON RIVER BASIN","SC","SC545","12/16/08",1629,39.553497,-99.323067,10260011,2008-12-16 16:29:00,1874.31741898148,2008,0.154,39.5534998709651,-99.3230694425421,15139.6451388889,351,-47539010,18931495
"1466","SOLOMON RIVER BASIN","SC","SC545","3/24/09",1443,39.553497,-99.323067,10260011,2009-03-24 14:43:00,1972.24380787037,2009,0.142,39.5535002874043,-99.3230745886017,15237.5715277778,83,-47539013,18931495
"1467","SOLOMON RIVER BASIN","SC","SC545","5/19/09",1446,39.553497,-99.323067,10260011,2009-05-19 14:46:00,2028.2458912037,2009,0.458,39.5534954476695,-99.3230739451805,15293.5736111111,139,-47539013,18931493
"1468","SOLOMON RIVER BASIN","SC","SC545","7/27/09",1441,39.553497,-99.323067,10260011,2009-07-27 14:41:00,2097.24241898148,2009,0.437,39.5534891732557,-99.323070617634,15362.5701388889,208,-47539011,18931490
"1469","SOLOMON RIVER BASIN","SC","SC545","12/1/09",1526,39.553497,-99.323067,10260011,2009-12-01 15:26:00,2224.27366898148,2009,0.147,39.55349472252,-99.3230697439214,15489.6013888889,335,-47539011,18931492
"1470","SOLOMON RIVER BASIN","SC","SC545","2/16/10",1424,39.553497,-99.323067,10260011,2010-02-16 14:24:00,2301.23061342593,2010,0.162,39.5534991398694,-99.3230574434914,15566.5583333333,47,-47539005,18931494
"1471","SOLOMON RIVER BASIN","SC","SC545","5/18/10",1506,39.553497,-99.323067,10260011,2010-05-18 15:06:00,2392.25978009259,2010,0.365,39.5534927578113,-99.3230727053512,15657.5875,138,-47539012,18931491
"1472","SOLOMON RIVER BASIN","SC","SC545","8/17/10",1333,39.553497,-99.323067,10260011,2010-08-17 13:33:00,2483.19519675926,2010,0.316,39.553490086404,-99.3230594202042,15748.5229166667,229,-47539006,18931490
"1473","SOLOMON RIVER BASIN","SC","SC545","11/16/10",1538,39.553497,-99.323067,10260011,2010-11-16 15:38:00,2574.28200231481,2010,0.139,39.5535013487869,-99.323075208458,15839.6097222222,320,-47539013,18931496
"1474","SOLOMON RIVER BASIN","SC","SC545","3/22/11",1415,39.553497,-99.323067,10260011,2011-03-22 14:15:00,2700.22436342593,2011,0.156,39.5535022749814,-99.3230740756601,15965.5520833333,81,-47539013,18931496
"1475","SOLOMON RIVER BASIN","SC","SC545","6/21/11",1502,39.553497,-99.323067,10260011,2011-06-21 15:02:00,2791.25700231481,2011,0.442,39.5534963222954,-99.3230592812084,16056.5847222222,172,-47539006,18931493
"1476","SOLOMON RIVER BASIN","SC","SC545","9/20/11",1518,39.553497,-99.323067,10260011,2011-09-20 15:18:00,2882.26811342593,2011,0.256,39.5534945285443,-99.3230588489591,16147.5958333333,263,-47539005,18931492
"1477","SOLOMON RIVER BASIN","SC","SC545","12/6/11",1519,39.553497,-99.323067,10260011,2011-12-06 15:19:00,2959.26880787037,2011,0.299,39.5534919476877,-99.3230647363416,16224.5965277778,340,-47539008,18931491
"1478","SOLOMON RIVER BASIN","SC","SC545","1/24/12",1321,39.553497,-99.323067,10260011,2012-01-24 13:21:00,3008.18686342593,2012,0.144,39.5534914125853,-99.3230622111357,16273.5145833333,24,-47539007,18931491
"1479","SOLOMON RIVER BASIN","SC","SC545","4/10/12",945,39.553497,-99.323067,10260011,2012-04-10 09:45:00,3085.03686342593,2012,0.402,39.5535038721799,-99.3230585715879,16350.3645833333,101,-47539005,18931497
"1480","SOLOMON RIVER BASIN","SC","SC545","7/24/12",938,39.553497,-99.323067,10260011,2012-07-24 09:38:00,3190.03200231481,2012,0.261,39.5534978604193,-99.3230748130822,16455.3597222222,206,-47539013,18931494
"1481","SOLOMON RIVER BASIN","SC","SC545","10/23/12",930,39.553497,-99.323067,10260011,2012-10-23 09:30:00,3281.02644675926,2012,0.237,39.5535050235183,-99.323064529432,16546.3541666667,297,-47539008,18931497
"1482","SOLOMON RIVER BASIN","SC","SC545","2/19/13",930,39.553497,-99.323067,10260011,2013-02-19 09:30:00,3400.02644675926,2013,0.068,39.5534900342444,-99.3230661020058,16665.3541666667,50,-47539009,18931490
"1483","SOLOMON RIVER BASIN","SC","SC545","5/21/13",923,39.553497,-99.323067,10260011,2013-05-21 09:23:00,3491.02158564815,2013,0.325,39.5535067338291,-99.3230673034729,16756.3493055556,141,-47539009,18931498
"1484","SOLOMON RIVER BASIN","SC","SC545","8/20/13",920,39.553497,-99.323067,10260011,2013-08-20 09:20:00,3582.01950231481,2013,0.248,39.553490405834,-99.3230627717867,16847.3472222222,232,-47539007,18931490
"1485","SOLOMON RIVER BASIN","SC","SC545","8/20/13",925,39.553497,-99.323067,10260011,2013-08-20 09:25:00,3582.02297453704,2013,0.268,39.5535054339788,-99.3230582326377,16847.3506944444,232,-47539005,18931497
"1486","SOLOMON RIVER BASIN","SC","SC545","11/19/13",938,39.553497,-99.323067,10260011,2013-11-19 09:38:00,3673.03200231481,2013,0.214,39.5534943606446,-99.3230729136874,16938.3597222222,323,-47539012,18931492
"1487","SOLOMON RIVER BASIN","SC","SC545","3/18/14",937,39.553497,-99.323067,10260011,2014-03-18 09:37:00,3792.03130787037,2014,0.1,39.5534950507475,-99.3230582508082,17057.3590277778,77,-47539005,18931492
"1488","SOLOMON RIVER BASIN","SC","SC545","6/24/14",919,39.553497,-99.323067,10260011,2014-06-24 09:19:00,3890.01880787037,2014,0.45,39.5534899117379,-99.3230579079849,17155.3465277778,175,-47539005,18931490
"1489","SOLOMON RIVER BASIN","SC","SC545","9/23/14",936,39.553497,-99.323067,10260011,2014-09-23 09:36:00,3981.03061342593,2014,0.41,39.5535066339343,-99.3230769035681,17246.3583333333,266,-47539014,18931498
"1490","SOLOMON RIVER BASIN","SC","SC545","12/16/14",949,39.553497,-99.323067,10260011,2014-12-16 09:49:00,4065.0396412037,2014,0.15,39.5534893674966,-99.3230655682589,17330.3673611111,350,-47539009,18931490
"1491","SOLOMON RIVER BASIN","SC","SC545","1/27/15",1450,39.553497,-99.323067,10260011,2015-01-27 14:50:00,4107.24866898148,2015,0.11,39.5534955795153,-99.3230623970865,17372.5763888889,27,-47539007,18931493
"1492","SOLOMON RIVER BASIN","SC","SC545","4/7/15",1448,39.553497,-99.323067,10260011,2015-04-07 14:48:00,4177.24728009259,2015,0.16,39.5534893788103,-99.3230697731782,17442.575,97,-47539011,18931490
"1493","SOLOMON RIVER BASIN","SC","SC545","7/7/15",1559,39.553497,-99.323067,10260011,2015-07-07 15:59:00,4268.29658564815,2015,0.43,39.5535069107782,-99.3230723290901,17533.6243055556,188,-47539012,18931498
"1494","SOLOMON RIVER BASIN","SC","SC545","10/6/15",1351,39.553497,-99.323067,10260011,2015-10-06 13:51:00,4359.20769675926,2015,0.21,39.5534938221466,-99.3230705404615,17624.5354166667,279,-47539011,18931492
"1495","SOLOMON RIVER BASIN","SC","SC545","2/16/16",932,39.553497,-99.323067,10260011,2016-02-16 09:32:00,4492.02783564815,2016,0.091,39.5535057191079,-99.3230755885873,17757.3555555556,47,-47539013,18931498
"1496","SOLOMON RIVER BASIN","SC","SC545","5/24/16",1002,39.553497,-99.323067,10260011,2016-05-24 10:02:00,4590.04866898148,2016,2.9,39.5534945994517,-99.323062029331,17855.3763888889,145,-47539007,18931492
"1497","SOLOMON RIVER BASIN","SC","SC545","5/24/16",1007,39.553497,-99.323067,10260011,2016-05-24 10:07:00,4590.0521412037,2016,2.7,39.5534994003197,-99.3230578725667,17855.3798611111,145,-47539005,18931495
"1498","SOLOMON RIVER BASIN","SC","SC545","8/30/16",941,39.553497,-99.323067,10260011,2016-08-30 09:41:00,4688.03408564815,2016,0.46,39.553504245278,-99.3230708538347,17953.3618055556,243,-47539011,18931497
"1499","SOLOMON RIVER BASIN","SC","SC545","11/8/16",959,39.553497,-99.323067,10260011,2016-11-08 09:59:00,4758.04658564815,2016,0.25,39.5535013456556,-99.3230655965421,18023.3743055556,313,-47539009,18931496
"1500","SOLOMON RIVER BASIN","SC","SC545","3/7/17",938,39.553497,-99.323067,10260011,2017-03-07 09:38:00,4877.03200231482,2017,0.19,39.5535021002628,-99.3230697322251,18142.3597222222,66,-47539011,18931496
"1501","SOLOMON RIVER BASIN","SC","SC545","6/20/17",937,39.553497,-99.323067,10260011,2017-06-20 09:37:00,4982.03130787037,2017,0.48,39.5534907307493,-99.3230598110812,18247.3590277778,171,-47539006,18931490
"1502","SOLOMON RIVER BASIN","SC","SC545","9/19/17",948,39.553497,-99.323067,10260011,2017-09-19 09:48:00,5073.03894675926,2017,0.21,39.5534870459699,-99.3230764662991,18338.3666666667,262,-47539014,18931489
"1503","SOLOMON RIVER BASIN","SC","SC545","12/12/17",938,39.553497,-99.323067,10260011,2017-12-12 09:38:00,5157.03200231482,2017,0.12,39.5534887698368,-99.3230756287997,18422.3597222222,346,-47539013,18931489
"1504","SOLOMON RIVER BASIN","SC","SC545","12/12/17",943,39.553497,-99.323067,10260011,2017-12-12 09:43:00,5157.03547453704,2017,0.11,39.5534994868914,-99.3230583621446,18422.3631944444,346,-47539005,18931495
"1505","SOLOMON RIVER BASIN","SC","SC545","1/30/18",1003,39.553497,-99.323067,10260011,2018-01-30 10:03:00,5206.04936342593,2018,0.14,39.55350239548,-99.3230677866984,18471.3770833333,30,-47539010,18931496
"1506","SOLOMON RIVER BASIN","SC","SC545","4/24/18",936,39.553497,-99.323067,10260011,2018-04-24 09:36:00,5290.03061342593,2018,0.11,39.5535033935965,-99.3230724326851,18555.3583333333,114,-47539012,18931496
"1507","SOLOMON RIVER BASIN","SC","SC545","7/10/18",948,39.553497,-99.323067,10260011,2018-07-10 09:48:00,5367.03894675926,2018,1.1,39.5534939409296,-99.3230644764096,18632.3666666667,191,-47539008,18931492
"1508","SOLOMON RIVER BASIN","SC","SC545","10/9/18",1249,39.553497,-99.323067,10260011,2018-10-09 12:49:00,5458.1646412037,2018,1.3,39.5534906353476,-99.3230606347175,18723.4923611111,282,-47539006,18931490
"1509","SOLOMON RIVER BASIN","SC","SC545","5/7/19",1357,39.553497,-99.323067,10260011,2019-05-07 13:57:00,5668.21186342593,2019,1.2,39.5535028238072,-99.3230691994439,18933.5395833333,127,-47539010,18931496
"1510","SOLOMON RIVER BASIN","SC","SC545","8/6/19",1016,39.553497,-99.323067,10260011,2019-08-06 10:16:00,5759.0583912037,2019,0.27,39.5534919292404,-99.3230716389129,19024.3861111111,218,-47539011,18931491
"1511","SOLOMON RIVER BASIN","SC","SC545","11/19/19",1407,39.553497,-99.323067,10260011,2019-11-19 14:07:00,5864.21880787037,2019,0.12,39.5534885288581,-99.3230577524558,19129.5465277778,323,-47539005,18931489
"1512","SOLOMON RIVER BASIN","SC","SC545","9/22/20",1151,39.553497,-99.323067,10260011,2020-09-22 11:51:00,6172.12436342593,2020,0.27,39.5535051454525,-99.323073638454,19437.4520833333,266,-47539012,18931497
"1513","SOLOMON RIVER BASIN","SC","SC545","12/15/20",1125,39.553497,-99.323067,10260011,2020-12-15 11:25:00,6256.10630787037,2020,0.12,39.5534940212182,-99.3230592470325,19521.4340277778,350,-47539006,18931492
"1514","SOLOMON RIVER BASIN","SC","SC545","1/12/21",1232,39.553497,-99.323067,10260011,2021-01-12 12:32:00,6284.15283564815,2021,0.17,39.5534981691534,-99.3230587039969,19549.4805555556,12,-47539005,18931494
"1515","SOLOMON RIVER BASIN","SC","SC545","4/20/21",912,39.553497,-99.323067,10260011,2021-04-20 09:12:00,6382.01394675926,2021,0.069,39.55350668961,-99.3230737862809,19647.3416666667,110,-47539012,18931498
"1516","SOLOMON RIVER BASIN","SC","SC545","7/20/21",842,39.553497,-99.323067,10260011,2021-07-20 08:42:00,6472.99311342593,2021,0.33,39.5534917497081,-99.3230613659767,19738.3208333333,201,-47539007,18931491
"1517","SOLOMON RIVER BASIN","SC","SC545","10/26/21",838,39.553497,-99.323067,10260011,2021-10-26 08:38:00,6570.99033564815,2021,0.18,39.5534929863648,-99.3230751057338,19836.3180555556,299,-47539013,18931491
"1518","SOLOMON RIVER BASIN","SC","SC545","5/17/22",815,39.553497,-99.323067,10260011,2022-05-17 08:15:00,6773.97436342593,2022,0.4,39.5534897000996,-99.3230633552805,20039.3020833333,137,-47539007,18931490
"1519","SOLOMON RIVER BASIN","SC","SC545","8/9/22",747,39.553497,-99.323067,10260011,2022-08-09 07:47:00,6857.95491898148,2022,0.28,39.5535045563535,-99.3230655616378,20123.2826388889,221,-47539009,18931497
"1520","SOLOMON RIVER BASIN","SC","SC545","11/15/22",839,39.553497,-99.323067,10260011,2022-11-15 08:39:00,6955.99103009259,2022,0.17,39.5534983665016,-99.323065364506,20221.31875,319,-47539008,18931494
"1521","SOLOMON RIVER BASIN","SC","SC545","3/14/23",759,39.553497,-99.323067,10260011,2023-03-14 07:59:00,7074.96325231481,2023,0.067,39.553487835864,-99.3230592479529,20340.2909722222,73,-47539006,18931489
"1522","SOLOMON RIVER BASIN","SC","SC545","6/13/23",820,39.553497,-99.323067,10260011,2023-06-13 08:20:00,7165.97783564815,2023,0.42,39.5534958160023,-99.3230643503102,20431.3055555556,164,-47539008,18931493
"1523","SOLOMON RIVER BASIN","SC","SC545","9/12/23",810,39.553497,-99.323067,10260011,2023-09-12 08:10:00,7256.9708912037,2023,0.11,39.5534901569116,-99.3230706207057,20522.2986111111,255,-47539011,18931490
"1524","SOLOMON RIVER BASIN","SC","SC545","12/12/23",756,39.553497,-99.323067,10260011,2023-12-12 07:56:00,7347.96116898148,2023,0.11,39.5534977403098,-99.3230661864175,20613.2888888889,346,-47539009,18931494
"1525","SOLOMON RIVER BASIN","SC","SC545","1/30/24",746,39.553497,-99.323067,10260011,2024-01-30 07:46:00,7396.95422453704,2024,0.12,39.5535013553288,-99.3230631257154,20662.2819444444,30,-47539007,18931496
"1526","SOLOMON RIVER BASIN","SC","SC545","4/23/24",729,39.553497,-99.323067,10260011,2024-04-23 07:29:00,7480.94241898148,2024,0.25,39.5534990751631,-99.3230666172539,20746.2701388889,114,-47539009,18931494
"1527","SOLOMON RIVER BASIN","SC","SC545","7/23/24",752,39.553497,-99.323067,10260011,2024-07-23 07:52:00,7571.9583912037,2024,0.24,39.5534958383435,-99.323071572906,20837.2861111111,205,-47539011,18931493
"1528","SOLOMON RIVER BASIN","SC","SC545","10/22/24",859,39.553497,-99.323067,10260011,2024-10-22 08:59:00,7663.00491898148,2024,0.093,39.5535046519631,-99.3230605868078,20928.3326388889,296,-47539006,18931497
"1529","SOLOMON RIVER BASIN","SC","SC546","3/27/90",1330,39.67353,-99.30924,10260011,1990-03-27 13:30:00,-4964.80688657407,1990,0.22,39.6735218169048,-99.3092340297991,8300.52083333333,86,-47532388,18988941
"1530","SOLOMON RIVER BASIN","SC","SC546","5/22/90",1245,39.67353,-99.30924,10260011,1990-05-22 12:45:00,-4908.83813657407,1990,0.63,39.6735368297847,-99.3092421880047,8356.48958333333,142,-47532392,18988948
"1531","SOLOMON RIVER BASIN","SC","SC546","2/19/91",1414,39.67353,-99.30924,10260011,1991-02-19 14:14:00,-4635.77633101852,1991,0.24,39.6735250235039,-99.3092402804173,8629.55138888889,50,-47532391,18988942
"1532","SOLOMON RIVER BASIN","SC","SC546","4/16/91",1340,39.67353,-99.30924,10260011,1991-04-16 13:40:00,-4579.79994212963,1991,0.24,39.6735240109251,-99.3092492583185,8685.52777777778,106,-47532396,18988942
"1533","SOLOMON RIVER BASIN","SC","SC546","6/18/91",1152,39.67353,-99.30924,10260011,1991-06-18 11:52:00,-4516.87494212963,1991,0.35,39.6735371608315,-99.3092387585076,8748.45277777778,169,-47532391,18988948
"1534","SOLOMON RIVER BASIN","SC","SC546","7/21/92",1420,39.67353,-99.30924,10260011,1992-07-21 14:20:00,-4117.77216435185,1992,1.55,39.6735288519348,-99.3092412463122,9147.55555555555,203,-47532392,18988944
"1535","SOLOMON RIVER BASIN","SC","SC546","9/29/92",1301,39.67353,-99.30924,10260011,1992-09-29 13:01:00,-4047.82702546296,1992,0.2,39.6735280844645,-99.309238045659,9217.50069444444,273,-47532390,18988944
"1536","SOLOMON RIVER BASIN","SC","SC546","11/17/92",1157,39.67353,-99.30924,10260011,1992-11-17 11:57:00,-3998.87146990741,1992,0.18,39.6735305828434,-99.3092367192429,9266.45625,322,-47532390,18988945
"1537","SOLOMON RIVER BASIN","SC","SC546","4/27/93",1130,39.67353,-99.30924,10260011,1993-04-27 11:30:00,-3837.89021990741,1993,0.21,39.6735201381899,-99.3092400030971,9427.4375,117,-47532391,18988940
"1538","SOLOMON RIVER BASIN","SC","SC546","6/22/93",1141,39.67353,-99.30924,10260011,1993-06-22 11:41:00,-3781.88258101852,1993,0.59,39.673534934059,-99.3092348668843,9483.44513888889,173,-47532389,18988947
"1539","SOLOMON RIVER BASIN","SC","SC546","8/24/93",1103,39.67353,-99.30924,10260011,1993-08-24 11:03:00,-3718.90896990741,1993,0.53,39.6735366568112,-99.309230115274,9546.41875,236,-47532386,18988948
"1540","SOLOMON RIVER BASIN","SC","SC546","10/26/93",1123,39.67353,-99.30924,10260011,1993-10-26 11:23:00,-3655.89508101852,1993,0.24,39.6735326289363,-99.3092331637999,9609.43263888889,299,-47532388,18988946
"1541","SOLOMON RIVER BASIN","SC","SC546","1/25/94",1142,39.67353,-99.30924,10260011,1994-01-25 11:42:00,-3564.88188657407,1994,0.16,39.6735365503113,-99.309249966073,9700.44583333333,25,-47532396,18988948
"1542","SOLOMON RIVER BASIN","SC","SC546","3/29/94",1112,39.67353,-99.30924,10260011,1994-03-29 11:12:00,-3501.90271990741,1994,0.25,39.6735371554078,-99.309244061703,9763.425,88,-47532393,18988948
"1543","SOLOMON RIVER BASIN","SC","SC546","5/24/94",1121,39.67353,-99.30924,10260011,1994-05-24 11:21:00,-3445.89646990741,1994,0.48,39.6735372782599,-99.3092416360922,9819.43125,144,-47532392,18988948
"1544","SOLOMON RIVER BASIN","SC","SC546","7/26/94",1127,39.67353,-99.30924,10260011,1994-07-26 11:27:00,-3382.89230324074,1994,0.41,39.6735358575219,-99.3092324730587,9882.43541666667,207,-47532388,18988948
"1545","SOLOMON RIVER BASIN","SC","SC546","9/27/94",1132,39.67353,-99.30924,10260011,1994-09-27 11:32:00,-3319.88883101852,1994,0.12,39.6735384330731,-99.3092302886923,9945.43888888889,270,-47532387,18988949
"1546","SOLOMON RIVER BASIN","SC","SC546","11/29/94",1200,39.67353,-99.30924,10260011,1994-11-29 12:00:00,-3256.86938657407,1994,0.17,39.6735399475159,-99.3092448551953,10008.4583333333,333,-47532394,18988950
"1547","SOLOMON RIVER BASIN","SC","SC546","2/21/95",1132,39.67353,-99.30924,10260011,1995-02-21 11:32:00,-3172.88883101852,1995,0.18,39.6735348042799,-99.3092384426792,10092.4388888889,52,-47532390,18988947
"1548","SOLOMON RIVER BASIN","SC","SC546","4/25/95",1150,39.67353,-99.30924,10260011,1995-04-25 11:50:00,-3109.87633101852,1995,0.17,39.6735275493285,-99.309236402063,10155.4513888889,115,-47532389,18988944
"1549","SOLOMON RIVER BASIN","SC","SC546","6/27/95",1140,39.67353,-99.30924,10260011,1995-06-27 11:40:00,-3046.88327546296,1995,0.32,39.673523524051,-99.309235119744,10218.4444444444,178,-47532389,18988942
"1550","SOLOMON RIVER BASIN","SC","SC546","8/29/95",1056,39.67353,-99.30924,10260011,1995-08-29 10:56:00,-2983.91383101852,1995,0.32,39.6735273289502,-99.3092463649743,10281.4138888889,241,-47532394,18988944
"1551","SOLOMON RIVER BASIN","SC","SC546","10/24/95",1333,39.67353,-99.30924,10260011,1995-10-24 13:33:00,-2927.80480324074,1995,0.085,39.6735260636447,-99.3092496471932,10337.5229166667,297,-47532396,18988943
"1552","SOLOMON RIVER BASIN","SC","SC546","3/26/96",1340,39.67353,-99.30924,10260011,1996-03-26 13:40:00,-2773.79994212963,1996,0.253,39.6735240700195,-99.3092463744005,10491.5277777778,86,-47532394,18988942
"1553","SOLOMON RIVER BASIN","SC","SC546","5/21/96",1235,39.67353,-99.30924,10260011,1996-05-21 12:35:00,-2717.84508101852,1996,0.405,39.6735366408914,-99.3092344016883,10547.4826388889,142,-47532389,18988948
"1554","SOLOMON RIVER BASIN","SC","SC546","7/23/96",1245,39.67353,-99.30924,10260011,1996-07-23 12:45:00,-2654.83813657407,1996,0.465,39.6735219072977,-99.3092356024647,10610.4895833333,205,-47532389,18988941
"1555","SOLOMON RIVER BASIN","SC","SC546","9/24/96",1153,39.67353,-99.30924,10260011,1996-09-24 11:53:00,-2591.87424768519,1996,0.514,39.6735335393039,-99.3092425777357,10673.4534722222,268,-47532392,18988947
"1556","SOLOMON RIVER BASIN","SC","SC546","11/19/96",1235,39.67353,-99.30924,10260011,1996-11-19 12:35:00,-2535.84508101852,1996,0.302,39.6735378127713,-99.3092425879583,10729.4826388889,324,-47532392,18988949
"1557","SOLOMON RIVER BASIN","SC","SC546","2/18/97",1148,39.67353,-99.30924,10260011,1997-02-18 11:48:00,-2444.87771990741,1997,0.187,39.673522300795,-99.3092346781082,10820.45,49,-47532389,18988941
"1558","SOLOMON RIVER BASIN","SC","SC546","4/15/97",1144,39.67353,-99.30924,10260011,1997-04-15 11:44:00,-2388.88049768519,1997,0.252,39.673536648155,-99.3092370911816,10876.4472222222,105,-47532390,18988948
"1559","SOLOMON RIVER BASIN","SC","SC546","6/10/97",1140,39.67353,-99.30924,10260011,1997-06-10 11:40:00,-2332.88327546296,1997,0.371,39.6735301282923,-99.3092487471186,10932.4444444444,161,-47532395,18988945
"1560","SOLOMON RIVER BASIN","SC","SC546","6/10/97",1145,39.67353,-99.30924,10260011,1997-06-10 11:45:00,-2332.87980324074,1997,0.38,39.6735366348454,-99.3092333691541,10932.4479166667,161,-47532388,18988948
"1561","SOLOMON RIVER BASIN","SC","SC546","8/12/97",1200,39.67353,-99.30924,10260011,1997-08-12 12:00:00,-2269.86938657407,1997,0.475,39.6735372221107,-99.3092400728732,10995.4583333333,224,-47532391,18988948
"1562","SOLOMON RIVER BASIN","SC","SC546","10/14/97",1220,39.67353,-99.30924,10260011,1997-10-14 12:20:00,-2206.85549768519,1997,0.269,39.673529693164,-99.3092387640818,11058.4722222222,287,-47532391,18988945
"1563","SOLOMON RIVER BASIN","SC","SC546","5/12/98",1225,39.67353,-99.30924,10260011,1998-05-12 12:25:00,-1996.85202546296,1998,0.32,39.6735210655808,-99.3092395115511,11268.4756944444,132,-47532391,18988941
"1564","SOLOMON RIVER BASIN","SC","SC546","7/14/98",1327,39.67353,-99.30924,10260011,1998-07-14 13:27:00,-1933.80896990741,1998,0.51,39.6735333987469,-99.3092498576118,11331.51875,195,-47532396,18988946
"1565","SOLOMON RIVER BASIN","SC","SC546","9/15/98",1125,39.67353,-99.30924,10260011,1998-09-15 11:25:00,-1870.89369212963,1998,0.127,39.6735228248628,-99.3092434270589,11394.4340277778,258,-47532393,18988941
"1566","SOLOMON RIVER BASIN","SC","SC546","11/17/98",1233,39.67353,-99.30924,10260011,1998-11-17 12:33:00,-1807.84646990741,1998,0.16,39.673527033835,-99.3092484365987,11457.48125,321,-47532395,18988943
"1567","SOLOMON RIVER BASIN","SC","SC546","1/26/99",1206,39.67353,-99.30924,10260011,1999-01-26 12:06:00,-1737.86521990741,1999,0.152,39.6735350583687,-99.3092487590961,11527.4625,26,-47532395,18988947
"1568","SOLOMON RIVER BASIN","SC","SC546","3/23/99",1245,39.67353,-99.30924,10260011,1999-03-23 12:45:00,-1681.83813657407,1999,0.15,39.6735328444332,-99.3092440189233,11583.4895833333,82,-47532393,18988946
"1569","SOLOMON RIVER BASIN","SC","SC546","5/25/99",1305,39.67353,-99.30924,10260011,1999-05-25 13:05:00,-1618.82424768519,1999,0.59,39.6735226487206,-99.3092309487454,11646.5034722222,145,-47532387,18988941
"1570","SOLOMON RIVER BASIN","SC","SC546","7/20/99",1250,39.67353,-99.30924,10260011,1999-07-20 12:50:00,-1562.83466435185,1999,0.789,39.6735280962234,-99.3092477118609,11702.4930555556,201,-47532395,18988944
"1571","SOLOMON RIVER BASIN","SC","SC546","9/21/99",1330,39.67353,-99.30924,10260011,1999-09-21 13:30:00,-1499.80688657407,1999,0.163,39.6735210313617,-99.3092450710443,11765.5208333333,264,-47532394,18988941
"1572","SOLOMON RIVER BASIN","SC","SC546","11/30/99",1305,39.67353,-99.30924,10260011,1999-11-30 13:05:00,-1429.82424768519,1999,0.35,39.6735209273387,-99.3092445363771,11835.5034722222,334,-47532393,18988940
"1573","SOLOMON RIVER BASIN","SC","SC546","2/22/00",1405,39.67353,-99.30924,10260011,2000-02-22 14:05:00,-1345.78258101852,2000,0.17,39.6735392740578,-99.3092490045541,11919.5451388889,53,-47532396,18988949
"1574","SOLOMON RIVER BASIN","SC","SC546","4/25/00",1415,39.67353,-99.30924,10260011,2000-04-25 14:15:00,-1282.77563657407,2000,0.21,39.6735225218009,-99.309238465068,11982.5520833333,116,-47532390,18988941
"1575","SOLOMON RIVER BASIN","SC","SC546","6/27/00",1305,39.67353,-99.30924,10260011,2000-06-27 13:05:00,-1219.82424768519,2000,0.278,39.6735344772427,-99.309232496948,12045.5034722222,179,-47532388,18988947
"1576","SOLOMON RIVER BASIN","SC","SC546","12/20/00",1350,39.67353,-99.30924,10260011,2000-12-20 13:50:00,-1043.79299768519,2000,0.12,39.6735375305578,-99.3092485678715,12221.5347222222,355,-47532395,18988948
"1577","SOLOMON RIVER BASIN","SC","SC546","1/23/01",1150,39.67353,-99.30924,10260011,2001-01-23 11:50:00,-1009.87633101852,2001,0.11,39.6735265581063,-99.3092478157413,12255.4513888889,23,-47532395,18988943
"1578","SOLOMON RIVER BASIN","SC","SC546","3/27/01",1210,39.67353,-99.30924,10260011,2001-03-27 12:10:00,-946.86244212963,2001,0.22,39.6735210808548,-99.3092358730009,12318.4652777778,86,-47532389,18988941
"1579","SOLOMON RIVER BASIN","SC","SC546","5/22/01",1310,39.67353,-99.30924,10260011,2001-05-22 13:10:00,-890.820775462963,2001,0.356,39.6735278893428,-99.3092349098728,12374.5069444444,142,-47532389,18988944
"1580","SOLOMON RIVER BASIN","SC","SC546","7/31/01",1230,39.67353,-99.30924,10260011,2001-07-31 12:30:00,-820.848553240741,2001,0.895,39.6735351527733,-99.3092390850938,12444.4791666667,212,-47532391,18988947
"1581","SOLOMON RIVER BASIN","SC","SC546","9/25/01",1400,39.67353,-99.30924,10260011,2001-09-25 14:00:00,-764.786053240741,2001,0.47,39.67353731662,-99.3092485097658,12500.5416666667,268,-47532395,18988948
"1582","SOLOMON RIVER BASIN","SC","SC546","11/27/01",1235,39.67353,-99.30924,10260011,2001-11-27 12:35:00,-701.845081018518,2001,0.214,39.6735377632791,-99.3092446545176,12563.4826388889,331,-47532393,18988949
"1583","SOLOMON RIVER BASIN","SC","SC546","2/26/02",1350,39.67353,-99.30924,10260011,2002-02-26 13:50:00,-610.792997685185,2002,0.184,39.6735349840806,-99.3092369168905,12654.5347222222,57,-47532390,18988947
"1584","SOLOMON RIVER BASIN","SC","SC546","4/23/02",1255,39.67353,-99.30924,10260011,2002-04-23 12:55:00,-554.83119212963,2002,0.21,39.6735330280131,-99.3092458149599,12710.4965277778,113,-47532394,18988946
"1585","SOLOMON RIVER BASIN","SC","SC546","3/25/03",1408,39.67353,-99.30924,10260011,2003-03-25 14:08:00,-218.780497685185,2003,0.153,39.673531711116,-99.3092460540786,13046.5472222222,84,-47532394,18988946
"1586","SOLOMON RIVER BASIN","SC","SC546","5/20/03",1359,39.67353,-99.30924,10260011,2003-05-20 13:59:00,-162.786747685185,2003,0.192,39.673524105243,-99.309239055605,13102.5409722222,140,-47532391,18988942
"1587","SOLOMON RIVER BASIN","SC","SC546","5/24/05",1208,39.67353,-99.30924,10260011,2005-05-24 12:08:00,572.136168981481,2005,0.256,39.673521408112,-99.3092358093076,13837.4638888889,144,-47532389,18988941
"1588","SOLOMON RIVER BASIN","SC","SC546","7/26/05",1351,39.67353,-99.30924,10260011,2005-07-26 13:51:00,635.207696759259,2005,0.964,39.6735306819036,-99.3092374085742,13900.5354166667,207,-47532390,18988945
"1589","SOLOMON RIVER BASIN","SC","SC546","2/21/06",1143,39.67353,-99.30924,10260011,2006-02-21 11:43:00,845.11880787037,2006,0.035,39.6735284842008,-99.3092466805152,14110.4465277778,52,-47532394,18988944
"1590","SOLOMON RIVER BASIN","SC","SC546","4/25/06",1153,39.67353,-99.30924,10260011,2006-04-25 11:53:00,908.125752314815,2006,0.14,39.6735368914708,-99.3092311415423,14173.4534722222,115,-47532387,18988948
"1591","SOLOMON RIVER BASIN","SC","SC546","6/27/06",1535,39.67353,-99.30924,10260011,2006-06-27 15:35:00,971.279918981482,2006,0.134,39.6735311983587,-99.3092434135804,14236.6076388889,178,-47532393,18988945
"1592","SOLOMON RIVER BASIN","SC","SC546","8/29/06",1153,39.67353,-99.30924,10260011,2006-08-29 11:53:00,1034.12575231481,2006,0.498,39.6735345761796,-99.3092468080329,14299.4534722222,241,-47532394,18988947
"1593","SOLOMON RIVER BASIN","SC","SC546","3/27/07",1212,39.67353,-99.30924,10260011,2007-03-27 12:12:00,1244.13894675926,2007,0.329,39.673529076717,-99.3092300473449,14509.4666666667,86,-47532386,18988944
"1594","SOLOMON RIVER BASIN","SC","SC546","5/22/07",1209,39.67353,-99.30924,10260011,2007-05-22 12:09:00,1300.13686342593,2007,0.374,39.673525734432,-99.3092490110032,14565.4645833333,142,-47532396,18988943
"1595","SOLOMON RIVER BASIN","SC","SC546","7/31/07",1230,39.67353,-99.30924,10260011,2007-07-31 12:30:00,1370.15144675926,2007,0.235,39.6735208561222,-99.3092403737064,14635.4791666667,212,-47532391,18988940
"1596","SOLOMON RIVER BASIN","SC","SC546","2/26/08",1450,39.67353,-99.30924,10260011,2008-02-26 14:50:00,1580.24866898148,2008,0.071,39.6735216575079,-99.3092407380248,14845.5763888889,57,-47532392,18988941
"1597","SOLOMON RIVER BASIN","SC","SC546","4/29/08",1659,39.67353,-99.30924,10260011,2008-04-29 16:59:00,1643.33825231481,2008,0.153,39.6735280331994,-99.3092354513071,14908.6659722222,120,-47532389,18988944
"1598","SOLOMON RIVER BASIN","SC","SC546","6/24/08",1429,39.67353,-99.30924,10260011,2008-06-24 14:29:00,1699.23408564815,2008,0.488,39.6735328102672,-99.3092313433991,14964.5618055556,176,-47532387,18988946
"1599","SOLOMON RIVER BASIN","SC","SC546","8/26/08",1318,39.67353,-99.30924,10260011,2008-08-26 13:18:00,1762.18478009259,2008,0.469,39.673526033893,-99.3092400010309,15027.5125,239,-47532391,18988943
"1600","SOLOMON RIVER BASIN","SC","SC546","10/28/08",1555,39.67353,-99.30924,10260011,2008-10-28 15:55:00,1825.29380787037,2008,0.338,39.673532065231,-99.3092368092919,15090.6215277778,302,-47532390,18988946
"1601","SOLOMON RIVER BASIN","SC","SC546","12/16/08",1438,39.67353,-99.30924,10260011,2008-12-16 14:38:00,1874.24033564815,2008,0.091,39.6735210638903,-99.3092445180602,15139.5680555556,351,-47532393,18988941
"1602","SOLOMON RIVER BASIN","SC","SC546","3/24/09",1216,39.67353,-99.30924,10260011,2009-03-24 12:16:00,1972.14172453704,2009,0.107,39.673521568068,-99.3092385090577,15237.4694444444,83,-47532390,18988941
"1603","SOLOMON RIVER BASIN","SC","SC546","5/19/09",1217,39.67353,-99.30924,10260011,2009-05-19 12:17:00,2028.14241898148,2009,0.334,39.6735243337271,-99.3092473245921,15293.4701388889,139,-47532395,18988942
"1604","SOLOMON RIVER BASIN","SC","SC546","7/27/09",1420,39.67353,-99.30924,10260011,2009-07-27 14:20:00,2097.22783564815,2009,0.466,39.6735394632655,-99.3092389973969,15362.5555555556,208,-47532391,18988949
"1605","SOLOMON RIVER BASIN","SC","SC546","12/1/09",1251,39.67353,-99.30924,10260011,2009-12-01 12:51:00,2224.16603009259,2009,0.13,39.6735274246936,-99.3092490765285,15489.49375,335,-47532396,18988944
"1606","SOLOMON RIVER BASIN","SC","SC546","2/16/10",1208,39.67353,-99.30924,10260011,2010-02-16 12:08:00,2301.13616898148,2010,0.129,39.673525217879,-99.3092473929458,15566.4638888889,47,-47532395,18988943
"1607","SOLOMON RIVER BASIN","SC","SC546","5/18/10",1156,39.67353,-99.30924,10260011,2010-05-18 11:56:00,2392.12783564815,2010,0.524,39.6735332747616,-99.3092474646317,15657.4555555556,138,-47532395,18988946
"1608","SOLOMON RIVER BASIN","SC","SC546","8/17/10",1127,39.67353,-99.30924,10260011,2010-08-17 11:27:00,2483.10769675926,2010,0.211,39.6735355505128,-99.3092488317709,15748.4354166667,229,-47532395,18988947
"1609","SOLOMON RIVER BASIN","SC","SC546","11/16/10",1343,39.67353,-99.30924,10260011,2010-11-16 13:43:00,2574.2021412037,2010,0.131,39.6735221492657,-99.3092388151378,15839.5298611111,320,-47532391,18988941
"1610","SOLOMON RIVER BASIN","SC","SC546","3/22/11",1214,39.67353,-99.30924,10260011,2011-03-22 12:14:00,2700.14033564815,2011,0.173,39.6735208343024,-99.3092423265575,15965.4680555556,81,-47532392,18988940
"1611","SOLOMON RIVER BASIN","SC","SC546","6/21/11",1438,39.67353,-99.30924,10260011,2011-06-21 14:38:00,2791.24033564815,2011,0.261,39.6735389643371,-99.3092467801211,16056.5680555556,172,-47532394,18988949
"1612","SOLOMON RIVER BASIN","SC","SC546","9/20/11",1311,39.67353,-99.30924,10260011,2011-09-20 13:11:00,2882.17991898148,2011,0.163,39.6735225149776,-99.3092407314608,16147.5076388889,263,-47532392,18988941
"1613","SOLOMON RIVER BASIN","SC","SC546","12/6/11",1302,39.67353,-99.30924,10260011,2011-12-06 13:02:00,2959.17366898148,2011,0.278,39.6735323510825,-99.3092351175485,16224.5013888889,340,-47532389,18988946
"1614","SOLOMON RIVER BASIN","SC","SC546","1/24/12",1117,39.67353,-99.30924,10260011,2012-01-24 11:17:00,3008.10075231481,2012,0.124,39.6735374587588,-99.3092495365179,16273.4284722222,24,-47532396,18988948
"1615","SOLOMON RIVER BASIN","SC","SC546","4/10/12",1005,39.67353,-99.30924,10260011,2012-04-10 10:05:00,3085.05075231481,2012,0.332,39.6735207019059,-99.309231909006,16350.3784722222,101,-47532387,18988940
"1616","SOLOMON RIVER BASIN","SC","SC546","10/23/12",952,39.67353,-99.30924,10260011,2012-10-23 09:52:00,3281.04172453704,2012,0.104,39.6735252185399,-99.3092357382028,16546.3694444444,297,-47532389,18988943
"1617","SOLOMON RIVER BASIN","SC","SC546","2/19/13",948,39.67353,-99.30924,10260011,2013-02-19 09:48:00,3400.03894675926,2013,0.072,39.6735393925241,-99.3092356198779,16665.3666666667,50,-47532389,18988949
"1618","SOLOMON RIVER BASIN","SC","SC546","5/21/13",943,39.67353,-99.30924,10260011,2013-05-21 09:43:00,3491.03547453704,2013,0.296,39.6735297185864,-99.3092413117477,16756.3631944444,141,-47532392,18988945
"1619","SOLOMON RIVER BASIN","SC","SC546","3/18/14",1000,39.67353,-99.30924,10260011,2014-03-18 10:00:00,3792.04728009259,2014,0.058,39.6735226274649,-99.3092372797916,17057.375,77,-47532390,18988941
"1620","SOLOMON RIVER BASIN","SC","SC546","6/24/14",936,39.67353,-99.30924,10260011,2014-06-24 09:36:00,3890.03061342593,2014,0.3,39.6735330926368,-99.3092314846718,17155.3583333333,175,-47532387,18988946
"1621","SOLOMON RIVER BASIN","SC","SC546","9/23/14",955,39.67353,-99.30924,10260011,2014-09-23 09:55:00,3981.04380787037,2014,0.25,39.6735221600362,-99.3092372912635,17246.3715277778,266,-47532390,18988941
"1622","SOLOMON RIVER BASIN","SC","SC546","12/16/14",1010,39.67353,-99.30924,10260011,2014-12-16 10:10:00,4065.05422453704,2014,0.091,39.6735292991545,-99.3092319951765,17330.3819444444,350,-47532387,18988944
"1623","SOLOMON RIVER BASIN","SC","SC546","1/27/15",1424,39.67353,-99.30924,10260011,2015-01-27 14:24:00,4107.23061342593,2015,0.12,39.6735362747861,-99.3092475000426,17372.5583333333,27,-47532395,18988948
"1624","SOLOMON RIVER BASIN","SC","SC546","4/7/15",1427,39.67353,-99.30924,10260011,2015-04-07 14:27:00,4177.23269675926,2015,0.17,39.6735271951756,-99.3092443105991,17442.5604166667,97,-47532393,18988943
"1625","SOLOMON RIVER BASIN","SC","SC546","7/7/15",1531,39.67353,-99.30924,10260011,2015-07-07 15:31:00,4268.2771412037,2015,0.16,39.6735363972093,-99.3092326291721,17533.6048611111,188,-47532388,18988948
"1626","SOLOMON RIVER BASIN","SC","SC546","2/16/16",952,39.67353,-99.30924,10260011,2016-02-16 09:52:00,4492.04172453704,2016,0.082,39.6735342563301,-99.3092325172795,17757.3694444444,47,-47532388,18988947
"1627","SOLOMON RIVER BASIN","SC","SC546","5/24/16",1032,39.67353,-99.30924,10260011,2016-05-24 10:32:00,4590.06950231481,2016,1.2,39.673525659688,-99.3092434186548,17855.3972222222,145,-47532393,18988943
"1628","SOLOMON RIVER BASIN","SC","SC546","8/30/16",1001,39.67353,-99.30924,10260011,2016-08-30 10:01:00,4688.04797453704,2016,0.22,39.6735378243407,-99.3092440187223,17953.3756944444,243,-47532393,18988949
"1629","SOLOMON RIVER BASIN","SC","SC546","11/8/16",1018,39.67353,-99.30924,10260011,2016-11-08 10:18:00,4758.05978009259,2016,0.22,39.6735217169141,-99.3092442140735,18023.3875,313,-47532393,18988941
"1630","SOLOMON RIVER BASIN","SC","SC546","3/7/17",956,39.67353,-99.30924,10260011,2017-03-07 09:56:00,4877.04450231481,2017,0.14,39.6735273170407,-99.3092343987937,18142.3722222222,66,-47532389,18988944
"1631","SOLOMON RIVER BASIN","SC","SC546","6/20/17",957,39.67353,-99.30924,10260011,2017-06-20 09:57:00,4982.04519675926,2017,0.4,39.6735353801836,-99.3092320493214,18247.3729166667,171,-47532387,18988947
"1632","SOLOMON RIVER BASIN","SC","SC546","9/19/17",1012,39.67353,-99.30924,10260011,2017-09-19 10:12:00,5073.05561342593,2017,0.14,39.6735371264787,-99.309245913673,18338.3833333333,262,-47532394,18988948
"1633","SOLOMON RIVER BASIN","SC","SC546","12/12/17",1007,39.67353,-99.30924,10260011,2017-12-12 10:07:00,5157.0521412037,2017,0.12,39.6735238487018,-99.3092491612385,18422.3798611111,346,-47532396,18988942
"1634","SOLOMON RIVER BASIN","SC","SC546","1/30/18",1022,39.67353,-99.30924,10260011,2018-01-30 10:22:00,5206.06255787037,2018,0.12,39.6735394530976,-99.309234229814,18471.3902777778,30,-47532388,18988949
"1635","SOLOMON RIVER BASIN","SC","SC546","4/24/18",1000,39.67353,-99.30924,10260011,2018-04-24 10:00:00,5290.04728009259,2018,0.12,39.6735363113409,-99.3092370961606,18555.375,114,-47532390,18988948
"1636","SOLOMON RIVER BASIN","SC","SC546","7/10/18",1011,39.67353,-99.30924,10260011,2018-07-10 10:11:00,5367.05491898148,2018,0.59,39.6735207097676,-99.3092479268056,18632.3826388889,191,-47532395,18988940
"1637","SOLOMON RIVER BASIN","SC","SC546","10/9/18",1219,39.67353,-99.30924,10260011,2018-10-09 12:19:00,5458.14380787037,2018,1.1,39.6735205008105,-99.3092458341465,18723.4715277778,282,-47532394,18988940
"1638","SOLOMON RIVER BASIN","SC","SC546","5/7/19",1333,39.67353,-99.30924,10260011,2019-05-07 13:33:00,5668.19519675926,2019,0.26,39.6735304345025,-99.3092385706267,18933.5229166667,127,-47532391,18988945
"1639","SOLOMON RIVER BASIN","SC","SC546","8/6/19",1043,39.67353,-99.30924,10260011,2019-08-06 10:43:00,5759.0771412037,2019,0.25,39.6735312677494,-99.3092494901431,19024.4048611111,218,-47532396,18988945
"1640","SOLOMON RIVER BASIN","SC","SC546","11/19/19",1340,39.67353,-99.30924,10260011,2019-11-19 13:40:00,5864.20005787037,2019,0.13,39.6735333641899,-99.3092332773465,19129.5277777778,323,-47532388,18988946
"1641","SOLOMON RIVER BASIN","SC","SC546","9/22/20",1009,39.67353,-99.30924,10260011,2020-09-22 10:09:00,6172.05353009259,2020,0.12,39.6735253212385,-99.3092388839439,19437.38125,266,-47532391,18988943
"1642","SOLOMON RIVER BASIN","SC","SC546","12/15/20",1106,39.67353,-99.30924,10260011,2020-12-15 11:06:00,6256.09311342593,2020,0.11,39.6735262610619,-99.3092353007551,19521.4208333333,350,-47532389,18988943
"1643","SOLOMON RIVER BASIN","SC","SC546","1/12/21",1211,39.67353,-99.30924,10260011,2021-01-12 12:11:00,6284.13825231481,2021,0.14,39.6735237858101,-99.3092493008455,19549.4659722222,12,-47532396,18988942
"1644","SOLOMON RIVER BASIN","SC","SC546","4/20/21",733,39.67353,-99.30924,10260011,2021-04-20 07:33:00,6381.94519675926,2021,0.09,39.6735297140389,-99.3092382639471,19647.2729166667,110,-47532390,18988945
"1645","SOLOMON RIVER BASIN","SC","SC546","7/20/21",823,39.67353,-99.30924,10260011,2021-07-20 08:23:00,6472.97991898148,2021,0.21,39.6735334550909,-99.3092382825655,19738.3076388889,201,-47532390,18988946
"1646","SOLOMON RIVER BASIN","SC","SC546","10/26/21",859,39.67353,-99.30924,10260011,2021-10-26 08:59:00,6571.00491898148,2021,0.11,39.6735204041418,-99.309246626788,19836.3326388889,299,-47532394,18988940
"1647","SOLOMON RIVER BASIN","SC","SC546","5/17/22",841,39.67353,-99.30924,10260011,2022-05-17 08:41:00,6773.99241898148,2022,0.24,39.6735215848954,-99.3092341831101,20039.3201388889,137,-47532388,18988941
"1648","SOLOMON RIVER BASIN","SC","SC546","8/9/22",822,39.67353,-99.30924,10260011,2022-08-09 08:22:00,6857.97922453704,2022,0.14,39.6735271215627,-99.3092326219151,20123.3069444444,221,-47532388,18988943
"1649","SOLOMON RIVER BASIN","SC","SC546","11/15/22",912,39.67353,-99.30924,10260011,2022-11-15 09:12:00,6956.01394675926,2022,0.097,39.6735296637695,-99.3092434203536,20221.3416666667,319,-47532393,18988945
"1650","SOLOMON RIVER BASIN","SC","SC546","3/14/23",827,39.67353,-99.30924,10260011,2023-03-14 08:27:00,7074.98269675926,2023,0.058,39.6735203589213,-99.309230780056,20340.3104166667,73,-47532387,18988940
"1651","SOLOMON RIVER BASIN","SC","SC546","6/13/23",903,39.67353,-99.30924,10260011,2023-06-13 09:03:00,7166.00769675926,2023,0.38,39.6735294593141,-99.3092443951296,20431.3354166667,164,-47532393,18988945
"1652","SOLOMON RIVER BASIN","SC","SC546","9/12/23",836,39.67353,-99.30924,10260011,2023-09-12 08:36:00,7256.98894675926,2023,0.18,39.6735269456014,-99.3092368220878,20522.3166666667,255,-47532390,18988943
"1653","SOLOMON RIVER BASIN","SC","SC546","12/12/23",824,39.67353,-99.30924,10260011,2023-12-12 08:24:00,7347.98061342593,2023,0.11,39.6735324458287,-99.3092385520956,20613.3083333333,346,-47532391,18988946
"1654","SOLOMON RIVER BASIN","SC","SC546","1/30/24",814,39.67353,-99.30924,10260011,2024-01-30 08:14:00,7396.97366898148,2024,0.11,39.6735216573722,-99.3092499406931,20662.3013888889,30,-47532396,18988941
"1655","SOLOMON RIVER BASIN","SC","SC546","4/23/24",806,39.67353,-99.30924,10260011,2024-04-23 08:06:00,7480.96811342593,2024,0.15,39.6735206882628,-99.309231838908,20746.2958333333,114,-47532387,18988940
"1656","SOLOMON RIVER BASIN","SC","SC546","7/23/24",831,39.67353,-99.30924,10260011,2024-07-23 08:31:00,7571.98547453704,2024,0.2,39.6735374195095,-99.3092426731313,20837.3131944444,205,-47532392,18988948
"1657","SOLOMON RIVER BASIN","SC","SC546","10/22/24",945,39.67353,-99.30924,10260011,2024-10-22 09:45:00,7663.03686342593,2024,1.4,39.6735325539607,-99.3092461662486,20928.3645833333,296,-47532394,18988946
"1658","SOLOMON RIVER BASIN","SC","SC547","3/27/90",1505,39.37388,-99.58515,10260013,1990-03-27 15:05:00,-4964.74091435185,1990,0.1,39.3738859488256,-99.5851477282464,8300.58680555555,86,-47664449,18845526
"1659","SOLOMON RIVER BASIN","SC","SC547","5/22/90",1545,39.37388,-99.58515,10260013,1990-05-22 15:45:00,-4908.71313657407,1990,0.15,39.3738791493576,-99.5851484569319,8356.61458333333,142,-47664449,18845523
"1660","SOLOMON RIVER BASIN","SC","SC547","5/22/90",1550,39.37388,-99.58515,10260013,1990-05-22 15:50:00,-4908.70966435185,1990,0.12,39.3738713978446,-99.5851536252572,8356.61805555555,142,-47664452,18845519
"1661","SOLOMON RIVER BASIN","SC","SC547","7/31/90",1510,39.37388,-99.58515,10260013,1990-07-31 15:10:00,-4838.73744212963,1990,0.15,39.3738730453744,-99.5851503401566,8426.59027777778,212,-47664450,18845520
"1662","SOLOMON RIVER BASIN","SC","SC547","11/27/90",1450,39.37388,-99.58515,10260013,1990-11-27 14:50:00,-4719.75133101852,1990,0.02,39.3738730553269,-99.5851595240678,8545.57638888889,331,-47664455,18845520
"1663","SOLOMON RIVER BASIN","SC","SC547","2/19/91",1640,39.37388,-99.58515,10260013,1991-02-19 16:40:00,-4635.67494212963,1991,0.04,39.3738756527101,-99.5851599079961,8629.65277777778,50,-47664455,18845521
"1664","SOLOMON RIVER BASIN","SC","SC547","4/16/91",1525,39.37388,-99.58515,10260013,1991-04-16 15:25:00,-4579.72702546296,1991,0.08,39.3738719872666,-99.5851569315775,8685.60069444445,106,-47664453,18845519
"1665","SOLOMON RIVER BASIN","SC","SC547","6/18/91",1335,39.37388,-99.58515,10260013,1991-06-18 13:35:00,-4516.80341435185,1991,0.26,39.3738745086551,-99.5851451991927,8748.52430555555,169,-47664448,18845521
"1666","SOLOMON RIVER BASIN","SC","SC547","1/28/92",1320,39.37388,-99.58515,10260013,1992-01-28 13:20:00,-4292.81383101852,1992,0.05,39.3738753114452,-99.5851406283912,8972.51388888889,28,-47664446,18845521
"1667","SOLOMON RIVER BASIN","SC","SC547","3/24/92",1440,39.37388,-99.58515,10260013,1992-03-24 14:40:00,-4236.75827546296,1992,0.05,39.3738840586253,-99.5851575288599,9028.56944444445,84,-47664454,18845525
"1668","SOLOMON RIVER BASIN","SC","SC547","3/24/92",1445,39.37388,-99.58515,10260013,1992-03-24 14:45:00,-4236.75480324074,1992,0.05,39.3738813990289,-99.5851449344408,9028.57291666667,84,-47664448,18845524
"1669","SOLOMON RIVER BASIN","SC","SC547","5/19/92",1440,39.37388,-99.58515,10260013,1992-05-19 14:40:00,-4180.75827546296,1992,0.13,39.3738736301963,-99.5851530219375,9084.56944444445,140,-47664451,18845520
"1670","SOLOMON RIVER BASIN","SC","SC547","7/21/92",1516,39.37388,-99.58515,10260013,1992-07-21 15:16:00,-4117.73327546296,1992,0.29,39.3738827050177,-99.5851547914928,9147.59444444444,203,-47664452,18845525
"1671","SOLOMON RIVER BASIN","SC","SC547","9/29/92",1355,39.37388,-99.58515,10260013,1992-09-29 13:55:00,-4047.78952546296,1992,0.08,39.3738729906095,-99.5851439659381,9217.53819444445,273,-47664447,18845520
"1672","SOLOMON RIVER BASIN","SC","SC547","11/17/92",1335,39.37388,-99.58515,10260013,1992-11-17 13:35:00,-3998.80341435185,1992,0.1,39.3738873106027,-99.5851549546533,9266.52430555555,322,-47664452,18845527
"1673","SOLOMON RIVER BASIN","SC","SC547","2/23/93",825,39.37388,-99.58515,10260013,1993-02-23 08:25:00,-3901.01869212963,1993,0.11,39.3738810586301,-99.5851504289805,9364.30902777778,54,-47664450,18845524
"1674","SOLOMON RIVER BASIN","SC","SC547","4/27/93",1420,39.37388,-99.58515,10260013,1993-04-27 14:20:00,-3837.77216435185,1993,0.1,39.3738799569896,-99.5851469754585,9427.55555555555,117,-47664449,18845523
"1675","SOLOMON RIVER BASIN","SC","SC547","6/22/93",1419,39.37388,-99.58515,10260013,1993-06-22 14:19:00,-3781.7728587963,1993,0.22,39.3738866549404,-99.5851430363341,9483.55486111111,173,-47664447,18845527
"1676","SOLOMON RIVER BASIN","SC","SC547","8/24/93",1346,39.37388,-99.58515,10260013,1993-08-24 13:46:00,-3718.79577546296,1993,0.61,39.3738860316129,-99.5851515607119,9546.53194444444,236,-47664451,18845526
"1677","SOLOMON RIVER BASIN","SC","SC547","10/26/93",1403,39.37388,-99.58515,10260013,1993-10-26 14:03:00,-3655.78396990741,1993,0.09,39.3738778270772,-99.5851576890322,9609.54375,299,-47664454,18845522
"1678","SOLOMON RIVER BASIN","SC","SC547","1/25/94",1310,39.37388,-99.58515,10260013,1994-01-25 13:10:00,-3564.82077546296,1994,0.27,39.3738777531471,-99.585146448604,9700.50694444445,25,-47664448,18845522
"1679","SOLOMON RIVER BASIN","SC","SC547","3/29/94",1347,39.37388,-99.58515,10260013,1994-03-29 13:47:00,-3501.79508101852,1994,0.08,39.3738866681747,-99.5851576473345,9763.53263888889,88,-47664454,18845527
"1680","SOLOMON RIVER BASIN","SC","SC547","5/24/94",1414,39.37388,-99.58515,10260013,1994-05-24 14:14:00,-3445.77633101852,1994,0.17,39.3738787544459,-99.5851515934347,9819.55138888889,144,-47664451,18845523
"1681","SOLOMON RIVER BASIN","SC","SC547","7/26/94",1409,39.37388,-99.58515,10260013,1994-07-26 14:09:00,-3382.77980324074,1994,0.15,39.3738736566366,-99.5851496002755,9882.54791666667,207,-47664450,18845520
"1682","SOLOMON RIVER BASIN","SC","SC547","9/27/94",1410,39.37388,-99.58515,10260013,1994-09-27 14:10:00,-3319.7791087963,1994,0.03,39.3738833079833,-99.5851434314271,9945.54861111111,270,-47664447,18845525
"1683","SOLOMON RIVER BASIN","SC","SC547","11/29/94",1445,39.37388,-99.58515,10260013,1994-11-29 14:45:00,-3256.75480324074,1994,0.08,39.3738891308621,-99.5851477977183,10008.5729166667,333,-47664449,18845528
"1684","SOLOMON RIVER BASIN","SC","SC547","2/21/95",1400,39.37388,-99.58515,10260013,1995-02-21 14:00:00,-3172.78605324074,1995,0.08,39.3738719622523,-99.5851510148897,10092.5416666667,52,-47664451,18845519
"1685","SOLOMON RIVER BASIN","SC","SC547","4/25/95",1428,39.37388,-99.58515,10260013,1995-04-25 14:28:00,-3109.7666087963,1995,0.11,39.3738813462901,-99.5851490410721,10155.5611111111,115,-47664450,18845524
"1686","SOLOMON RIVER BASIN","SC","SC547","6/27/95",1432,39.37388,-99.58515,10260013,1995-06-27 14:32:00,-3046.76383101852,1995,0.13,39.3738810061797,-99.5851541597604,10218.5638888889,178,-47664452,18845524
"1687","SOLOMON RIVER BASIN","SC","SC547","8/29/95",1320,39.37388,-99.58515,10260013,1995-08-29 13:20:00,-2983.81383101852,1995,0.02,39.3738831362484,-99.585154689885,10281.5138888889,241,-47664452,18845525
"1688","SOLOMON RIVER BASIN","SC","SC547","10/24/95",1428,39.37388,-99.58515,10260013,1995-10-24 14:28:00,-2927.7666087963,1995,0.023,39.3738807869451,-99.5851523929944,10337.5611111111,297,-47664451,18845524
"1689","SOLOMON RIVER BASIN","SC","SC547","3/26/96",1555,39.37388,-99.58515,10260013,1996-03-26 15:55:00,-2773.70619212963,1996,0.158,39.3738862699092,-99.5851544259607,10491.6215277778,86,-47664452,18845526
"1690","SOLOMON RIVER BASIN","SC","SC547","5/21/96",1520,39.37388,-99.58515,10260013,1996-05-21 15:20:00,-2717.73049768519,1996,0.12,39.373882884057,-99.5851584306858,10547.5972222222,142,-47664454,18845525
"1691","SOLOMON RIVER BASIN","SC","SC547","7/23/96",1527,39.37388,-99.58515,10260013,1996-07-23 15:27:00,-2654.72563657407,1996,0.088,39.3738835120019,-99.5851577257662,10610.6020833333,205,-47664454,18845525
"1692","SOLOMON RIVER BASIN","SC","SC547","9/24/96",1423,39.37388,-99.58515,10260013,1996-09-24 14:23:00,-2591.77008101852,1996,0.228,39.3738718781684,-99.5851559927954,10673.5576388889,268,-47664453,18845519
"1693","SOLOMON RIVER BASIN","SC","SC547","11/19/96",1516,39.37388,-99.58515,10260013,1996-11-19 15:16:00,-2535.73327546296,1996,0.145,39.3738836389351,-99.5851593286346,10729.5944444444,324,-47664455,18845525
"1694","SOLOMON RIVER BASIN","SC","SC547","2/18/97",1415,39.37388,-99.58515,10260013,1997-02-18 14:15:00,-2444.77563657407,1997,0.09,39.3738841099033,-99.5851457124703,10820.5520833333,49,-47664448,18845525
"1695","SOLOMON RIVER BASIN","SC","SC547","4/15/97",1505,39.37388,-99.58515,10260013,1997-04-15 15:05:00,-2388.74091435185,1997,0.137,39.373884975257,-99.5851572356609,10876.5868055556,105,-47664454,18845526
"1696","SOLOMON RIVER BASIN","SC","SC547","6/10/97",1450,39.37388,-99.58515,10260013,1997-06-10 14:50:00,-2332.75133101852,1997,0.11,39.373875056816,-99.5851423706637,10932.5763888889,161,-47664446,18845521
"1697","SOLOMON RIVER BASIN","SC","SC547","8/12/97",1520,39.37388,-99.58515,10260013,1997-08-12 15:20:00,-2269.73049768519,1997,0.089,39.373882030671,-99.5851584238306,10995.5972222222,224,-47664454,18845524
"1698","SOLOMON RIVER BASIN","SC","SC547","10/14/97",1525,39.37388,-99.58515,10260013,1997-10-14 15:25:00,-2206.72702546296,1997,0.093,39.3738877026469,-99.5851558483894,11058.6006944444,287,-47664453,18845527
"1699","SOLOMON RIVER BASIN","SC","SC547","5/12/98",1530,39.37388,-99.58515,10260013,1998-05-12 15:30:00,-1996.72355324074,1998,0.159,39.3738766054918,-99.5851519510169,11268.6041666667,132,-47664451,18845522
"1700","SOLOMON RIVER BASIN","SC","SC547","7/14/98",1606,39.37388,-99.58515,10260013,1998-07-14 16:06:00,-1933.69855324074,1998,0.12,39.3738739772574,-99.5851421811536,11331.6291666667,195,-47664446,18845520
"1701","SOLOMON RIVER BASIN","SC","SC547","9/15/98",1435,39.37388,-99.58515,10260013,1998-09-15 14:35:00,-1870.76174768519,1998,0.03,39.3738872603328,-99.5851429839783,11394.5659722222,258,-47664447,18845527
"1702","SOLOMON RIVER BASIN","SC","SC547","11/17/98",1439,39.37388,-99.58515,10260013,1998-11-17 14:39:00,-1807.75896990741,1998,0.08,39.3738772423956,-99.5851593484605,11457.56875,321,-47664455,18845522
"1703","SOLOMON RIVER BASIN","SC","SC547","1/26/99",1431,39.37388,-99.58515,10260013,1999-01-26 14:31:00,-1737.76452546296,1999,0.1,39.3738787602392,-99.5851596732986,11527.5631944444,26,-47664455,18845523
"1704","SOLOMON RIVER BASIN","SC","SC547","3/23/99",1540,39.37388,-99.58515,10260013,1999-03-23 15:40:00,-1681.7166087963,1999,0.05,39.3738750670824,-99.5851476488381,11583.6111111111,82,-47664449,18845521
"1705","SOLOMON RIVER BASIN","SC","SC547","5/25/99",1535,39.37388,-99.58515,10260013,1999-05-25 15:35:00,-1618.72008101852,1999,0.2,39.3738802313244,-99.5851432375732,11646.6076388889,145,-47664447,18845523
"1706","SOLOMON RIVER BASIN","SC","SC547","7/20/99",1530,39.37388,-99.58515,10260013,1999-07-20 15:30:00,-1562.72355324074,1999,0.156,39.3738824924767,-99.5851579159653,11702.6041666667,201,-47664454,18845525
"1707","SOLOMON RIVER BASIN","SC","SC547","9/21/99",1645,39.37388,-99.58515,10260013,1999-09-21 16:45:00,-1499.67146990741,1999,0.071,39.3738803250541,-99.585150569215,11765.65625,264,-47664450,18845523
"1708","SOLOMON RIVER BASIN","SC","SC547","11/30/99",1600,39.37388,-99.58515,10260013,1999-11-30 16:00:00,-1429.70271990741,1999,0.14,39.3738839247254,-99.5851504346706,11835.625,334,-47664450,18845525
"1709","SOLOMON RIVER BASIN","SC","SC547","2/22/00",1635,39.37388,-99.58515,10260013,2000-02-22 16:35:00,-1345.67841435185,2000,0.08,39.3738798301836,-99.5851507907703,11919.6493055556,53,-47664450,18845523
"1710","SOLOMON RIVER BASIN","SC","SC547","4/25/00",1120,39.37388,-99.58515,10260013,2000-04-25 11:20:00,-1282.89716435185,2000,0.14,39.3738893760082,-99.5851540229944,11982.4305555556,116,-47664452,18845528
"1711","SOLOMON RIVER BASIN","SC","SC547","6/27/00",1630,39.37388,-99.58515,10260013,2000-06-27 16:30:00,-1219.68188657407,2000,0.047,39.3738760291395,-99.5851528691629,12045.6458333333,179,-47664451,18845521
"1712","SOLOMON RIVER BASIN","SC","SC547","10/24/00",1505,39.37388,-99.58515,10260013,2000-10-24 15:05:00,-1100.74091435185,2000,0.044,39.3738806558028,-99.5851433299594,12164.5868055556,298,-47664447,18845524
"1713","SOLOMON RIVER BASIN","SC","SC547","12/20/00",1625,39.37388,-99.58515,10260013,2000-12-20 16:25:00,-1043.6853587963,2000,0.59,39.3738829682861,-99.5851536240216,12221.6423611111,355,-47664452,18845525
"1714","SOLOMON RIVER BASIN","SC","SC547","1/23/01",1400,39.37388,-99.58515,10260013,2001-01-23 14:00:00,-1009.78605324074,2001,0.1,39.3738772454086,-99.5851425135426,12255.5416666667,23,-47664446,18845522
"1715","SOLOMON RIVER BASIN","SC","SC547","3/27/01",1440,39.37388,-99.58515,10260013,2001-03-27 14:40:00,-946.758275462963,2001,0.07,39.3738743862325,-99.5851454515171,12318.5694444444,86,-47664448,18845521
"1716","SOLOMON RIVER BASIN","SC","SC547","5/22/01",1620,39.37388,-99.58515,10260013,2001-05-22 16:20:00,-890.688831018518,2001,0.082,39.3738709536912,-99.5851469417588,12374.6388888889,142,-47664449,18845519
"1717","SOLOMON RIVER BASIN","SC","SC547","7/31/01",1505,39.37388,-99.58515,10260013,2001-07-31 15:05:00,-820.740914351852,2001,0.213,39.3738786224915,-99.5851572455369,12444.5868055556,212,-47664454,18845523
"1718","SOLOMON RIVER BASIN","SC","SC547","9/25/01",1505,39.37388,-99.58515,10260013,2001-09-25 15:05:00,-764.740914351852,2001,0.21,39.3738794886025,-99.5851585198829,12500.5868055556,268,-47664454,18845523
"1719","SOLOMON RIVER BASIN","SC","SC547","11/27/01",1525,39.37388,-99.58515,10260013,2001-11-27 15:25:00,-701.727025462963,2001,0.097,39.3738800807176,-99.5851578058883,12563.6006944444,331,-47664454,18845523
"1720","SOLOMON RIVER BASIN","SC","SC547","2/26/02",1610,39.37388,-99.58515,10260013,2002-02-26 16:10:00,-610.695775462963,2002,0.096,39.3738807844302,-99.5851592339177,12654.6319444444,57,-47664454,18845524
"1721","SOLOMON RIVER BASIN","SC","SC547","4/23/02",1540,39.37388,-99.58515,10260013,2002-04-23 15:40:00,-554.716608796296,2002,0.136,39.3738804315564,-99.5851588904734,12710.6111111111,113,-47664454,18845524
"1722","SOLOMON RIVER BASIN","SC","SC547","12/17/02",1538,39.37388,-99.58515,10260013,2002-12-17 15:38:00,-316.717997685185,2002,0.078,39.3738890483418,-99.585141256538,12948.6097222222,351,-47664446,18845528
"1723","SOLOMON RIVER BASIN","SC","SC547","1/28/03",1534,39.37388,-99.58515,10260013,2003-01-28 15:34:00,-274.720775462963,2003,0.047,39.3738797958993,-99.5851545518308,12990.6069444444,28,-47664452,18845523
"1724","SOLOMON RIVER BASIN","SC","SC547","3/26/03",835,39.37388,-99.58515,10260013,2003-03-26 08:35:00,-218.011747685185,2003,0.042,39.3738829346895,-99.585144413223,13047.3159722222,85,-47664447,18845525
"1725","SOLOMON RIVER BASIN","SC","SC547","5/20/03",1642,39.37388,-99.58515,10260013,2003-05-20 16:42:00,-162.673553240741,2003,0.038,39.3738780179071,-99.5851516614631,13102.6541666667,140,-47664451,18845522
"1726","SOLOMON RIVER BASIN","SC","SC547","2/24/04",1534,39.37388,-99.58515,10260013,2004-02-24 15:34:00,117.279224537037,2004,0.03,39.3738761995647,-99.5851564494081,13382.6069444444,55,-47664453,18845522
"1727","SOLOMON RIVER BASIN","SC","SC547","4/27/04",1657,39.37388,-99.58515,10260013,2004-04-27 16:57:00,180.336863425926,2004,0.037,39.3738847708934,-99.5851485115212,13445.6645833333,118,-47664449,18845526
"1728","SOLOMON RIVER BASIN","SC","SC547","1/25/05",1446,39.37388,-99.58515,10260013,2005-01-25 14:46:00,453.245891203704,2005,0.074,39.3738724097098,-99.5851525076388,13718.5736111111,25,-47664451,18845520
"1729","SOLOMON RIVER BASIN","SC","SC547","3/29/05",1715,39.37388,-99.58515,10260013,2005-03-29 17:15:00,516.349363425926,2005,0.037,39.3738836972115,-99.5851557718096,13781.6770833333,88,-47664453,18845525
"1730","SOLOMON RIVER BASIN","SC","SC547","5/24/05",1440,39.37388,-99.58515,10260013,2005-05-24 14:40:00,572.241724537037,2005,0.056,39.3738824782782,-99.5851564199622,13837.5694444444,144,-47664453,18845525
"1731","SOLOMON RIVER BASIN","SC","SC547","7/26/05",1714,39.37388,-99.58515,10260013,2005-07-26 17:14:00,635.348668981482,2005,1.162,39.3738856946957,-99.5851412419219,13900.6763888889,207,-47664446,18845526
"1732","SOLOMON RIVER BASIN","SC","SC547","2/21/06",1451,39.37388,-99.58515,10260013,2006-02-21 14:51:00,845.249363425926,2006,0.02,39.3738818840304,-99.5851481812171,14110.5770833333,52,-47664449,18845524
"1733","SOLOMON RIVER BASIN","SC","SC547","4/25/06",1427,39.37388,-99.58515,10260013,2006-04-25 14:27:00,908.232696759259,2006,0.024,39.3738803960848,-99.5851506650282,14173.5604166667,115,-47664450,18845524
"1734","SOLOMON RIVER BASIN","SC","SC547","6/27/06",1625,39.37388,-99.58515,10260013,2006-06-27 16:25:00,971.314641203704,2006,0.099,39.3738827513834,-99.5851502292704,14236.6423611111,178,-47664450,18845525
"1735","SOLOMON RIVER BASIN","SC","SC547","8/29/06",1639,39.37388,-99.58515,10260013,2006-08-29 16:39:00,1034.32436342593,2006,0.184,39.3738773303195,-99.5851476181728,14299.6520833333,241,-47664449,18845522
"1736","SOLOMON RIVER BASIN","SC","SC547","12/19/06",1334,39.37388,-99.58515,10260013,2006-12-19 13:34:00,1146.1958912037,2006,0.02,39.3738704026424,-99.585145595774,14411.5236111111,353,-47664448,18845519
"1737","SOLOMON RIVER BASIN","SC","SC547","1/30/07",1527,39.37388,-99.58515,10260013,2007-01-30 15:27:00,1188.27436342593,2007,0.032,39.3738720655076,-99.5851554511933,14453.6020833333,30,-47664453,18845520
"1738","SOLOMON RIVER BASIN","SC","SC547","3/27/07",1517,39.37388,-99.58515,10260013,2007-03-27 15:17:00,1244.26741898148,2007,0.136,39.3738712144254,-99.5851507266463,14509.5951388889,86,-47664450,18845519
"1739","SOLOMON RIVER BASIN","SC","SC547","5/22/07",1516,39.37388,-99.58515,10260013,2007-05-22 15:16:00,1300.26672453704,2007,0.087,39.3738791332835,-99.5851592273329,14565.5944444444,142,-47664454,18845523
"1740","SOLOMON RIVER BASIN","SC","SC547","7/31/07",1622,39.37388,-99.58515,10260013,2007-07-31 16:22:00,1370.31255787037,2007,0.154,39.3738774466675,-99.5851542847549,14635.6402777778,212,-47664452,18845522
"1741","SOLOMON RIVER BASIN","SC","SC547","11/27/07",1513,39.37388,-99.58515,10260013,2007-11-27 15:13:00,1489.2646412037,2007,0.025,39.3738887867495,-99.5851495527927,14754.5923611111,331,-47664450,18845528
"1742","SOLOMON RIVER BASIN","SC","SC547","2/26/08",1555,39.37388,-99.58515,10260013,2008-02-26 15:55:00,1580.29380787037,2008,0.04,39.3738797900581,-99.5851535144487,14845.6215277778,57,-47664452,18845523
"1743","SOLOMON RIVER BASIN","SC","SC547","4/29/08",1757,39.37388,-99.58515,10260013,2008-04-29 17:57:00,1643.37853009259,2008,0.092,39.3738767481854,-99.5851496175692,14908.70625,120,-47664450,18845522
"1744","SOLOMON RIVER BASIN","SC","SC547","6/24/08",1538,39.37388,-99.58515,10260013,2008-06-24 15:38:00,1699.28200231481,2008,0.216,39.3738758434371,-99.5851537343123,14964.6097222222,176,-47664452,18845521
"1745","SOLOMON RIVER BASIN","SC","SC547","8/26/08",1601,39.37388,-99.58515,10260013,2008-08-26 16:01:00,1762.29797453704,2008,0.27,39.3738888893083,-99.5851499474491,15027.6256944444,239,-47664450,18845528
"1746","SOLOMON RIVER BASIN","SC","SC547","10/28/08",1714,39.37388,-99.58515,10260013,2008-10-28 17:14:00,1825.34866898148,2008,0.139,39.373881022117,-99.5851492695734,15090.6763888889,302,-47664450,18845524
"1747","SOLOMON RIVER BASIN","SC","SC547","12/16/08",1711,39.37388,-99.58515,10260013,2008-12-16 17:11:00,1874.34658564815,2008,0.089,39.3738770627904,-99.5851522624943,15139.6743055556,351,-47664451,18845522
"1748","SOLOMON RIVER BASIN","SC","SC547","3/24/09",1517,39.37388,-99.58515,10260013,2009-03-24 15:17:00,1972.26741898148,2009,0.121,39.3738774964039,-99.5851547679391,15237.5951388889,83,-47664452,18845522
"1749","SOLOMON RIVER BASIN","SC","SC547","5/19/09",1520,39.37388,-99.58515,10260013,2009-05-19 15:20:00,2028.26950231481,2009,0.113,39.3738800428052,-99.5851402825691,15293.5972222222,139,-47664445,18845523
"1750","SOLOMON RIVER BASIN","SC","SC547","7/27/09",1519,39.37388,-99.58515,10260013,2009-07-27 15:19:00,2097.26880787037,2009,0.167,39.373886355883,-99.5851484347008,15362.5965277778,208,-47664449,18845526
"1751","SOLOMON RIVER BASIN","SC","SC547","12/1/09",1623,39.37388,-99.58515,10260013,2009-12-01 16:23:00,2224.31325231481,2009,0.087,39.3738779660301,-99.5851450644607,15489.6409722222,335,-47664448,18845522
"1752","SOLOMON RIVER BASIN","SC","SC547","2/16/10",1508,39.37388,-99.58515,10260013,2010-02-16 15:08:00,2301.26116898148,2010,0.088,39.3738788202476,-99.5851430636219,15566.5888888889,47,-47664447,18845523
"1753","SOLOMON RIVER BASIN","SC","SC547","5/18/10",1552,39.37388,-99.58515,10260013,2010-05-18 15:52:00,2392.29172453704,2010,0.162,39.3738865421723,-99.5851510171489,15657.6194444444,138,-47664451,18845526
"1754","SOLOMON RIVER BASIN","SC","SC547","8/17/10",1414,39.37388,-99.58515,10260013,2010-08-17 14:14:00,2483.22366898148,2010,0.078,39.3738711814647,-99.5851401083836,15748.5513888889,229,-47664445,18845519
"1755","SOLOMON RIVER BASIN","SC","SC547","11/16/10",1622,39.37388,-99.58515,10260013,2010-11-16 16:22:00,2574.31255787037,2010,0.063,39.3738793554242,-99.5851474411914,15839.6402777778,320,-47664449,18845523
"1756","SOLOMON RIVER BASIN","SC","SC547","3/22/11",1458,39.37388,-99.58515,10260013,2011-03-22 14:58:00,2700.25422453704,2011,0.054,39.373889359286,-99.5851519395229,15965.5819444444,81,-47664451,18845528
"1757","SOLOMON RIVER BASIN","SC","SC547","6/21/11",1541,39.37388,-99.58515,10260013,2011-06-21 15:41:00,2791.28408564815,2011,0.076,39.373885011348,-99.5851410568253,16056.6118055556,172,-47664446,18845526
"1758","SOLOMON RIVER BASIN","SC","SC547","9/20/11",1555,39.37388,-99.58515,10260013,2011-09-20 15:55:00,2882.29380787037,2011,0.053,39.3738814411705,-99.5851493554459,16147.6215277778,263,-47664450,18845524
"1759","SOLOMON RIVER BASIN","SC","SC547","12/6/11",1602,39.37388,-99.58515,10260013,2011-12-06 16:02:00,2959.29866898148,2011,0.249,39.3738760406734,-99.5851434846029,16224.6263888889,340,-47664447,18845521
"1760","SOLOMON RIVER BASIN","SC","SC547","1/24/12",1407,39.37388,-99.58515,10260013,2012-01-24 14:07:00,3008.21880787037,2012,0.086,39.3738827230015,-99.585145913496,16273.5465277778,24,-47664448,18845525
"1761","SOLOMON RIVER BASIN","SC","SC547","4/10/12",903,39.37388,-99.58515,10260013,2012-04-10 09:03:00,3085.00769675926,2012,0.533,39.3738735399351,-99.5851454657186,16350.3354166667,101,-47664448,18845520
"1762","SOLOMON RIVER BASIN","SC","SC547","2/19/13",851,39.37388,-99.58515,10260013,2013-02-19 08:51:00,3399.99936342593,2013,0.02,39.3738757799027,-99.5851525137571,16665.3270833333,50,-47664451,18845521
"1763","SOLOMON RIVER BASIN","SC","SC547","5/21/13",841,39.37388,-99.58515,10260013,2013-05-21 08:41:00,3490.99241898148,2013,0.02,39.3738701992671,-99.5851529868871,16756.3201388889,141,-47664451,18845519
"1764","SOLOMON RIVER BASIN","SC","SC547","11/19/13",848,39.37388,-99.58515,10260013,2013-11-19 08:48:00,3672.99728009259,2013,0.075,39.3738762997767,-99.5851531496092,16938.325,323,-47664452,18845522
"1765","SOLOMON RIVER BASIN","SC","SC547","3/18/14",852,39.37388,-99.58515,10260013,2014-03-18 08:52:00,3792.00005787037,2014,0.021,39.3738734930562,-99.5851451514003,17057.3277777778,77,-47664448,18845520
"1766","SOLOMON RIVER BASIN","SC","SC547","6/24/14",831,39.37388,-99.58515,10260013,2014-06-24 08:31:00,3889.98547453704,2014,0.083,39.3738735466026,-99.5851453399917,17155.3131944444,175,-47664448,18845520
"1767","SOLOMON RIVER BASIN","SC","SC547","9/23/14",853,39.37388,-99.58515,10260013,2014-09-23 08:53:00,3981.00075231481,2014,0.034,39.3738806933376,-99.5851476077316,17246.3284722222,266,-47664449,18845524
"1768","SOLOMON RIVER BASIN","SC","SC547","12/16/14",908,39.37388,-99.58515,10260013,2014-12-16 09:08:00,4065.01116898148,2014,0.02,39.3738894377872,-99.5851598159552,17330.3388888889,350,-47664455,18845528
"1769","SOLOMON RIVER BASIN","SC","SC547","1/27/15",1534,39.37388,-99.58515,10260013,2015-01-27 15:34:00,4107.27922453704,2015,0.025,39.3738703662926,-99.5851444410318,17372.6069444444,27,-47664447,18845519
"1770","SOLOMON RIVER BASIN","SC","SC547","4/7/15",1545,39.37388,-99.58515,10260013,2015-04-07 15:45:00,4177.28686342593,2015,0.036,39.3738817082977,-99.5851506002043,17442.6145833333,97,-47664450,18845524
"1771","SOLOMON RIVER BASIN","SC","SC547","7/7/15",1644,39.37388,-99.58515,10260013,2015-07-07 16:44:00,4268.32783564815,2015,0.085,39.3738863628177,-99.585149722185,17533.6555555556,188,-47664450,18845526
"1772","SOLOMON RIVER BASIN","SC","SC547","10/6/15",1432,39.37388,-99.58515,10260013,2015-10-06 14:32:00,4359.23616898148,2015,0.043,39.3738727978448,-99.5851433049978,17624.5638888889,279,-47664447,18845520
"1773","SOLOMON RIVER BASIN","SC","SC547","2/16/16",853,39.37388,-99.58515,10260013,2016-02-16 08:53:00,4492.00075231482,2016,0.02,39.3738884171223,-99.5851433391996,17757.3284722222,47,-47664447,18845527
"1774","SOLOMON RIVER BASIN","SC","SC547","5/24/16",916,39.37388,-99.58515,10260013,2016-05-24 09:16:00,4590.01672453704,2016,0.39,39.373878457968,-99.5851588119775,17855.3444444444,145,-47664454,18845523
"1775","SOLOMON RIVER BASIN","SC","SC547","8/30/16",903,39.37388,-99.58515,10260013,2016-08-30 09:03:00,4688.00769675926,2016,0.072,39.3738765869169,-99.5851592156698,17953.3354166667,243,-47664454,18845522
"1776","SOLOMON RIVER BASIN","SC","SC547","11/8/16",924,39.37388,-99.58515,10260013,2016-11-08 09:24:00,4758.02228009259,2016,0.074,39.3738823405771,-99.5851416244417,18023.35,313,-47664446,18845524
"1777","SOLOMON RIVER BASIN","SC","SC547","3/7/17",856,39.37388,-99.58515,10260013,2017-03-07 08:56:00,4877.00283564815,2017,0.034,39.3738738657774,-99.5851593229664,18142.3305555556,66,-47664455,18845520
"1778","SOLOMON RIVER BASIN","SC","SC547","6/20/17",851,39.37388,-99.58515,10260013,2017-06-20 08:51:00,4981.99936342593,2017,0.13,39.3738722824093,-99.5851522886531,18247.3270833333,171,-47664451,18845520
"1779","SOLOMON RIVER BASIN","SC","SC547","6/20/17",856,39.37388,-99.58515,10260013,2017-06-20 08:56:00,4982.00283564815,2017,0.13,39.3738871653943,-99.5851562731895,18247.3305555556,171,-47664453,18845527
"1780","SOLOMON RIVER BASIN","SC","SC547","9/19/17",844,39.37388,-99.58515,10260013,2017-09-19 08:44:00,5072.99450231481,2017,0.074,39.3738816924183,-99.5851500766981,18338.3222222222,262,-47664450,18845524
"1781","SOLOMON RIVER BASIN","SC","SC547","9/19/17",849,39.37388,-99.58515,10260013,2017-09-19 08:49:00,5072.99797453704,2017,0.034,39.3738736801838,-99.5851540581762,18338.3256944444,262,-47664452,18845520
"1782","SOLOMON RIVER BASIN","SC","SC547","12/12/17",859,39.37388,-99.58515,10260013,2017-12-12 08:59:00,5157.00491898148,2017,0.06,39.3738898259908,-99.5851529884999,18422.3326388889,346,-47664451,18845528
"1783","SOLOMON RIVER BASIN","SC","SC547","1/30/18",900,39.37388,-99.58515,10260013,2018-01-30 09:00:00,5206.00561342593,2018,0.054,39.3738889203289,-99.5851467440328,18471.3333333333,30,-47664448,18845528
"1784","SOLOMON RIVER BASIN","SC","SC547","4/24/18",842,39.37388,-99.58515,10260013,2018-04-24 08:42:00,5289.99311342593,2018,0.06,39.373874755947,-99.5851508161109,18555.3208333333,114,-47664450,18845521
"1785","SOLOMON RIVER BASIN","SC","SC547","7/10/18",852,39.37388,-99.58515,10260013,2018-07-10 08:52:00,5367.00005787037,2018,0.21,39.3738801846619,-99.5851421141441,18632.3277777778,191,-47664446,18845523
"1786","SOLOMON RIVER BASIN","SC","SC547","10/9/18",1327,39.37388,-99.58515,10260013,2018-10-09 13:27:00,5458.19103009259,2018,0.17,39.3738716736534,-99.5851434937761,18723.51875,282,-47664447,18845519
"1787","SOLOMON RIVER BASIN","SC","SC547","5/7/19",1440,39.37388,-99.58515,10260013,2019-05-07 14:40:00,5668.24172453704,2019,0.18,39.3738894969433,-99.5851489488492,18933.5694444444,127,-47664450,18845528
"1788","SOLOMON RIVER BASIN","SC","SC547","8/6/19",923,39.37388,-99.58515,10260013,2019-08-06 09:23:00,5759.02158564815,2019,0.072,39.3738779860775,-99.5851409175326,19024.3493055556,218,-47664446,18845522
"1789","SOLOMON RIVER BASIN","SC","SC547","11/19/19",1442,39.37388,-99.58515,10260013,2019-11-19 14:42:00,5864.24311342593,2019,0.05,39.3738899616539,-99.5851522390305,19129.5708333333,323,-47664451,18845528
"1790","SOLOMON RIVER BASIN","SC","SC547","9/22/20",1305,39.37388,-99.58515,10260013,2020-09-22 13:05:00,6172.17575231481,2020,0.028,39.3738727974052,-99.585149008951,19437.5034722222,266,-47664450,18845520
"1791","SOLOMON RIVER BASIN","SC","SC547","12/16/20",623,39.37388,-99.58515,10260013,2020-12-16 06:23:00,6256.89658564815,2020,0.031,39.3738703022639,-99.5851583253724,19522.2243055556,351,-47664454,18845519
"1792","SOLOMON RIVER BASIN","SC","SC547","1/12/21",1345,39.37388,-99.58515,10260013,2021-01-12 13:45:00,6284.20353009259,2021,0.037,39.3738708509524,-99.5851561137332,19549.53125,12,-47664453,18845519
"1793","SOLOMON RIVER BASIN","SC","SC547","4/20/21",643,39.37388,-99.58515,10260013,2021-04-20 06:43:00,6381.91047453704,2021,0.023,39.3738709237804,-99.5851419062476,19647.2381944444,110,-47664446,18845519
"1794","SOLOMON RIVER BASIN","SC","SC547","7/20/21",619,39.37388,-99.58515,10260013,2021-07-20 06:19:00,6472.89380787037,2021,0.1,39.3738753901809,-99.5851479368081,19738.2215277778,201,-47664449,18845521
"1795","SOLOMON RIVER BASIN","SC","SC547","10/26/21",608,39.37388,-99.58515,10260013,2021-10-26 06:08:00,6570.88616898148,2021,0.05,39.3738871448066,-99.5851566130728,19836.2138888889,299,-47664453,18845527
"1796","SOLOMON RIVER BASIN","SC","SC547","5/17/22",730,39.37388,-99.58515,10260013,2022-05-17 07:30:00,6773.94311342593,2022,0.068,39.3738742262106,-99.5851522924192,20039.2708333333,137,-47664451,18845521
"1797","SOLOMON RIVER BASIN","SC","SC547","11/15/22",750,39.37388,-99.58515,10260013,2022-11-15 07:50:00,6955.95700231481,2022,0.05,39.3738891639167,-99.5851586897782,20221.2847222222,319,-47664454,18845528
"1798","SOLOMON RIVER BASIN","SC","SC547","3/14/23",703,39.37388,-99.58515,10260013,2023-03-14 07:03:00,7074.92436342593,2023,0.032,39.3738795701979,-99.5851475913606,20340.2520833333,73,-47664449,18845523
"1799","SOLOMON RIVER BASIN","SC","SC547","6/13/23",730,39.37388,-99.58515,10260013,2023-06-13 07:30:00,7165.94311342593,2023,0.1,39.3738801855709,-99.5851577546124,20431.2708333333,164,-47664454,18845523
"1800","SOLOMON RIVER BASIN","SC","SC547","9/12/23",732,39.37388,-99.58515,10260013,2023-09-12 07:32:00,7256.94450231481,2023,0.072,39.373889973945,-99.5851473823261,20522.2722222222,255,-47664449,18845528
"1801","SOLOMON RIVER BASIN","SC","SC547","12/12/23",711,39.37388,-99.58515,10260013,2023-12-12 07:11:00,7347.92991898148,2023,0.057,39.3738815046925,-99.5851538548003,20613.2576388889,346,-47664452,18845524
"1802","SOLOMON RIVER BASIN","SC","SC547","1/30/24",701,39.37388,-99.58515,10260013,2024-01-30 07:01:00,7396.92297453704,2024,0.066,39.373871188629,-99.5851570076909,20662.2506944444,30,-47664453,18845519
"1803","SOLOMON RIVER BASIN","SC","SC547","4/23/24",645,39.37388,-99.58515,10260013,2024-04-23 06:45:00,7480.91186342593,2024,0.031,39.3738701784481,-99.585147000424,20746.2395833333,114,-47664449,18845519
"1804","SOLOMON RIVER BASIN","SC","SC651","4/19/93",1502,39.1442,-97.70614,10260015,1993-04-19 15:02:00,-3845.74299768519,1993,0.09,39.1441997897428,-97.7061479692212,9419.58472222222,109,-46765103,18735591
"1805","SOLOMON RIVER BASIN","SC","SC651","6/14/93",1610,39.1442,-97.70614,10260015,1993-06-14 16:10:00,-3789.69577546296,1993,0.18,39.144198416159,-97.7061389601666,9475.63194444445,165,-46765099,18735591
"1806","SOLOMON RIVER BASIN","SC","SC651","8/16/93",1618,39.1442,-97.70614,10260015,1993-08-16 16:18:00,-3726.69021990741,1993,0.25,39.1441979954324,-97.7061355243012,9538.6375,228,-46765097,18735591
"1807","SOLOMON RIVER BASIN","SC","SC651","10/18/93",1434,39.1442,-97.70614,10260015,1993-10-18 14:34:00,-3663.76244212963,1993,0.19,39.1442013130327,-97.7061398163316,9601.56527777778,291,-46765099,18735592
"1808","SOLOMON RIVER BASIN","SC","SC651","12/13/93",1445,39.1442,-97.70614,10260015,1993-12-13 14:45:00,-3607.75480324074,1993,0.06,39.1442009599175,-97.7061329896928,9657.57291666667,347,-46765096,18735592
"1809","SOLOMON RIVER BASIN","SC","SC651","2/24/97",1642,39.1442,-97.70614,10260015,1997-02-24 16:42:00,-2438.67355324074,1997,0.149,39.1441945308063,-97.7061339019409,10826.6541666667,55,-46765096,18735589
"1810","SOLOMON RIVER BASIN","SC","SC651","4/28/97",1615,39.1442,-97.70614,10260015,1997-04-28 16:15:00,-2375.69230324074,1997,0.13,39.1441913228903,-97.7061431871685,10889.6354166667,118,-46765101,18735587
"1811","SOLOMON RIVER BASIN","SC","SC651","6/23/97",1640,39.1442,-97.70614,10260015,1997-06-23 16:40:00,-2319.67494212963,1997,0.85,39.144209098674,-97.7061448105249,10945.6527777778,174,-46765102,18735596
"1812","SOLOMON RIVER BASIN","SC","SC651","8/25/97",1630,39.1442,-97.70614,10260015,1997-08-25 16:30:00,-2256.68188657407,1997,0.263,39.1441998179602,-97.7061414677006,11008.6458333333,237,-46765100,18735591
"1813","SOLOMON RIVER BASIN","SC","SC651","10/27/97",1755,39.1442,-97.70614,10260015,1997-10-27 17:55:00,-2193.6228587963,1997,0.746,39.1442026094833,-97.7061312622488,11071.7048611111,300,-46765095,18735593
"1814","SOLOMON RIVER BASIN","SC","SC651","12/15/97",1655,39.1442,-97.70614,10260015,1997-12-15 16:55:00,-2144.66452546296,1997,0.102,39.1441903970158,-97.7061425322946,11120.6631944444,349,-46765101,18735587
"1815","SOLOMON RIVER BASIN","SC","SC651","2/13/01",1500,39.1442,-97.70614,10260015,2001-02-13 15:00:00,-988.744386574074,2001,0.08,39.1442066988284,-97.7061443027081,12276.5833333333,44,-46765101,18735595
"1816","SOLOMON RIVER BASIN","SC","SC651","4/17/01",1415,39.1442,-97.70614,10260015,2001-04-17 14:15:00,-925.775636574074,2001,0.223,39.1442028332055,-97.7061336776093,12339.5520833333,107,-46765096,18735593
"1817","SOLOMON RIVER BASIN","SC","SC651","6/19/01",1415,39.1442,-97.70614,10260015,2001-06-19 14:15:00,-862.775636574074,2001,0.239,39.1441914633542,-97.7061428905908,12402.5520833333,170,-46765101,18735587
"1818","SOLOMON RIVER BASIN","SC","SC651","8/21/01",1405,39.1442,-97.70614,10260015,2001-08-21 14:05:00,-799.782581018518,2001,0.189,39.1442012052198,-97.7061301905802,12465.5451388889,233,-46765095,18735592
"1819","SOLOMON RIVER BASIN","SC","SC651","10/16/01",1400,39.1442,-97.70614,10260015,2001-10-16 14:00:00,-743.786053240741,2001,0.17,39.1442024642255,-97.7061348804959,12521.5416666667,289,-46765097,18735593
"1820","SOLOMON RIVER BASIN","SC","SC651","12/18/01",1405,39.1442,-97.70614,10260015,2001-12-18 14:05:00,-680.782581018518,2001,0.082,39.1441965051513,-97.7061485535919,12584.5451388889,352,-46765103,18735590
"1821","SOLOMON RIVER BASIN","SC","SC651","3/16/04",1131,39.1442,-97.70614,10260015,2004-03-16 11:31:00,138.110474537037,2004,0.212,39.1441907423944,-97.7061484543545,13403.4381944444,76,-46765103,18735587
"1822","SOLOMON RIVER BASIN","SC","SC651","5/18/04",1151,39.1442,-97.70614,10260015,2004-05-18 11:51:00,201.124363425926,2004,0.135,39.1441998645947,-97.7061377062685,13466.4520833333,139,-46765098,18735591
"1823","SOLOMON RIVER BASIN","SC","SC651","7/20/04",1046,39.1442,-97.70614,10260015,2004-07-20 10:46:00,264.079224537037,2004,0.414,39.14419113932,-97.7061404216778,13529.4069444444,202,-46765100,18735587
"1824","SOLOMON RIVER BASIN","SC","SC651","9/21/04",1154,39.1442,-97.70614,10260015,2004-09-21 11:54:00,327.126446759259,2004,0.173,39.1442074486552,-97.706139395934,13592.4541666667,265,-46765099,18735595
"1825","SOLOMON RIVER BASIN","SC","SC651","11/16/04",1043,39.1442,-97.70614,10260015,2004-11-16 10:43:00,383.077141203704,2004,0.194,39.1442038336629,-97.7061412459651,13648.4048611111,321,-46765100,18735593
"1826","SOLOMON RIVER BASIN","SC","SC651","1/29/08",1009,39.1442,-97.70614,10260015,2008-01-29 10:09:00,1552.05353009259,2008,0.09,39.1441972982576,-97.7061316982197,14817.38125,29,-46765095,18735590
"1827","SOLOMON RIVER BASIN","SC","SC651","3/18/08",950,39.1442,-97.70614,10260015,2008-03-18 09:50:00,1601.04033564815,2008,0.08,39.14420752575,-97.7061368901725,14866.3680555556,78,-46765098,18735595
"1828","SOLOMON RIVER BASIN","SC","SC651","5/20/08",945,39.1442,-97.70614,10260015,2008-05-20 09:45:00,1664.03686342593,2008,0.155,39.1442051574965,-97.7061327434496,14929.3645833333,141,-46765096,18735594
"1829","SOLOMON RIVER BASIN","SC","SC651","7/22/08",948,39.1442,-97.70614,10260015,2008-07-22 09:48:00,1727.03894675926,2008,0.318,39.1442055522349,-97.7061423448025,14992.3666666667,204,-46765100,18735594
"1830","SOLOMON RIVER BASIN","SC","SC651","7/22/08",953,39.1442,-97.70614,10260015,2008-07-22 09:53:00,1727.04241898148,2008,0.36,39.1442047702576,-97.7061398987415,14992.3701388889,204,-46765099,18735594
"1831","SOLOMON RIVER BASIN","SC","SC651","9/16/08",946,39.1442,-97.70614,10260015,2008-09-16 09:46:00,1783.03755787037,2008,0.391,39.1442035891065,-97.7061342052085,15048.3652777778,260,-46765097,18735593
"1832","SOLOMON RIVER BASIN","SC","SC651","11/18/08",952,39.1442,-97.70614,10260015,2008-11-18 09:52:00,1846.04172453704,2008,0.167,39.1442008498441,-97.7061447230659,15111.3694444444,323,-46765102,18735592
"1833","SOLOMON RIVER BASIN","SC","SC651","1/10/12",1201,39.1442,-97.70614,10260015,2012-01-10 12:01:00,2994.13130787037,2012,0.083,39.1442076319304,-97.7061410907649,16259.4590277778,10,-46765100,18735595
"1834","SOLOMON RIVER BASIN","SC","SC651","4/24/12",823,39.1442,-97.70614,10260015,2012-04-24 08:23:00,3098.97991898148,2012,0.324,39.1441990490951,-97.70613673154,16364.3076388889,115,-46765098,18735591
"1835","SOLOMON RIVER BASIN","SC","SC651","7/10/12",903,39.1442,-97.70614,10260015,2012-07-10 09:03:00,3176.00769675926,2012,0.317,39.1442088471007,-97.7061399181333,16441.3354166667,192,-46765099,18735596
"1836","SOLOMON RIVER BASIN","SC","SC651","10/9/12",814,39.1442,-97.70614,10260015,2012-10-09 08:14:00,3266.97366898148,2012,0.127,39.1442077517385,-97.7061336166289,16532.3013888889,283,-46765096,18735595
"1837","SOLOMON RIVER BASIN","SC","SC651","2/23/16",851,39.1442,-97.70614,10260015,2016-02-23 08:51:00,4498.99936342593,2016,0.08,39.1442014068416,-97.7061416900986,17764.3270833333,54,-46765100,18735592
"1838","SOLOMON RIVER BASIN","SC","SC651","5/17/16",1120,39.1442,-97.70614,10260015,2016-05-17 11:20:00,4583.10283564815,2016,0.46,39.1442000004201,-97.7061410545372,17848.4305555556,138,-46765100,18735592
"1839","SOLOMON RIVER BASIN","SC","SC651","8/16/16",1102,39.1442,-97.70614,10260015,2016-08-16 11:02:00,4674.09033564815,2016,0.27,39.1442095697464,-97.7061441734704,17939.4180555556,229,-46765101,18735596
"1840","SOLOMON RIVER BASIN","SC","SC651","11/15/16",1056,39.1442,-97.70614,10260015,2016-11-15 10:56:00,4765.08616898148,2016,0.17,39.1441993819647,-97.7061408296531,18030.4138888889,320,-46765100,18735591
"1841","SOLOMON RIVER BASIN","SC","SC651","3/3/20",1030,39.1442,-97.70614,10260015,2020-03-03 10:30:00,5969.06811342593,2020,0.061,39.1442010826323,-97.7061337745612,19234.3958333333,63,-46765096,18735592
"1842","SOLOMON RIVER BASIN","SC","SC651","9/14/20",1408,39.1442,-97.70614,10260015,2020-09-14 14:08:00,6164.21950231482,2020,0.21,39.1442098364667,-97.7061325459595,19429.5472222222,258,-46765096,18735596
"1843","SOLOMON RIVER BASIN","SC","SC651","12/8/20",933,39.1442,-97.70614,10260015,2020-12-08 09:33:00,6249.02853009259,2020,0.14,39.1441942709696,-97.7061365846262,19514.35625,343,-46765098,18735589
"1844","SOLOMON RIVER BASIN","SC","SC651","1/23/24",858,39.1442,-97.70614,10260015,2024-01-23 08:58:00,7390.00422453704,2024,0.033,39.1442054906212,-97.7061439581588,20655.3319444444,23,-46765101,18735594
"1845","SOLOMON RIVER BASIN","SC","SC651","4/9/24",824,39.1442,-97.70614,10260015,2024-04-09 08:24:00,7466.98061342593,2024,0.097,39.1441915134344,-97.7061312406663,20732.3083333333,100,-46765095,18735587
"1846","SOLOMON RIVER BASIN","SC","SC651","7/8/24",1822,39.1442,-97.70614,10260015,2024-07-08 18:22:00,7557.3958912037,2024,0.53,39.1441932218786,-97.7061325303632,20822.7236111111,190,-46765096,18735588
"1847","SOLOMON RIVER BASIN","SC","SC651","10/8/24",940,39.1442,-97.70614,10260015,2024-10-08 09:40:00,7649.0333912037,2024,0.2,39.1442087138931,-97.7061325662151,20914.3611111111,282,-46765096,18735596
"1848","SOLOMON RIVER BASIN","SC","SC665","2/21/95",854,39.42354,-98.78386,10260014,1995-02-21 08:54:00,-3172.99855324074,1995,0.04,39.4235442627079,-98.7838568000325,10092.3291666667,52,-47280927,18869294
"1849","SOLOMON RIVER BASIN","SC","SC665","4/25/95",911,39.42354,-98.78386,10260014,1995-04-25 09:11:00,-3109.98674768519,1995,0.03,39.4235384498213,-98.7838688188013,10155.3409722222,115,-47280933,18869291
"1850","SOLOMON RIVER BASIN","SC","SC665","6/27/95",900,39.42354,-98.78386,10260014,1995-06-27 09:00:00,-3046.99438657407,1995,0.21,39.42354217772,-98.7838649869245,10218.3333333333,178,-47280931,18869293
"1851","SOLOMON RIVER BASIN","SC","SC665","8/29/95",958,39.42354,-98.78386,10260014,1995-08-29 09:58:00,-2983.9541087963,1995,0.1,39.4235495584043,-98.7838520549017,10281.3736111111,241,-47280925,18869297
"1852","SOLOMON RIVER BASIN","SC","SC665","10/24/95",853,39.42354,-98.78386,10260014,1995-10-24 08:53:00,-2927.99924768519,1995,0.074,39.4235352543763,-98.7838530632965,10337.3284722222,297,-47280925,18869290
"1853","SOLOMON RIVER BASIN","SC","SC665","1/26/99",903,39.42354,-98.78386,10260014,1999-01-26 09:03:00,-1737.99230324074,1999,0.045,39.4235312416257,-98.7838662468422,11527.3354166667,26,-47280932,18869288
"1854","SOLOMON RIVER BASIN","SC","SC665","3/23/99",930,39.42354,-98.78386,10260014,1999-03-23 09:30:00,-1681.97355324074,1999,0.198,39.4235468380191,-98.7838526162854,11583.3541666667,82,-47280925,18869295
"1855","SOLOMON RIVER BASIN","SC","SC665","5/25/99",940,39.42354,-98.78386,10260014,1999-05-25 09:40:00,-1618.9666087963,1999,0.38,39.4235478575975,-98.783856345153,11646.3611111111,145,-47280927,18869296
"1856","SOLOMON RIVER BASIN","SC","SC665","7/20/99",1015,39.42354,-98.78386,10260014,1999-07-20 10:15:00,-1562.94230324074,1999,0.29,39.4235498570492,-98.7838647872276,11702.3854166667,201,-47280931,18869297
"1857","SOLOMON RIVER BASIN","SC","SC665","9/21/99",1005,39.42354,-98.78386,10260014,1999-09-21 10:05:00,-1499.94924768519,1999,0.08,39.4235492679933,-98.7838590170165,11765.3784722222,264,-47280928,18869297
"1858","SOLOMON RIVER BASIN","SC","SC665","11/30/99",1005,39.42354,-98.78386,10260014,1999-11-30 10:05:00,-1429.94924768519,1999,0.07,39.4235461545832,-98.7838622450834,11835.3784722222,334,-47280930,18869295
"1859","SOLOMON RIVER BASIN","SC","SC665","3/25/03",954,39.42354,-98.78386,10260014,2003-03-25 09:54:00,-218.956886574074,2003,0.122,39.4235471777309,-98.7838569118172,13046.3708333333,84,-47280927,18869296
"1860","SOLOMON RIVER BASIN","SC","SC665","5/20/03",1004,39.42354,-98.78386,10260014,2003-05-20 10:04:00,-162.94994212963,2003,0.056,39.4235327511294,-98.7838628795041,13102.3777777778,140,-47280930,18869289
"1861","SOLOMON RIVER BASIN","SC","SC665","7/31/07",909,39.42354,-98.78386,10260014,2007-07-31 09:09:00,1370.01186342593,2007,0.283,39.4235373835152,-98.7838693051832,14635.3395833333,212,-47280933,18869291
"1862","SOLOMON RIVER BASIN","SC","SC665","3/22/11",938,39.42354,-98.78386,10260014,2011-03-22 09:38:00,2700.03200231481,2011,0.092,39.4235498111672,-98.7838584911597,15965.3597222222,81,-47280928,18869297
"1863","SOLOMON RIVER BASIN","SC","SC665","6/21/11",921,39.42354,-98.78386,10260014,2011-06-21 09:21:00,2791.02019675926,2011,0.11,39.4235431571297,-98.7838687585481,16056.3479166667,172,-47280933,18869294
"1864","SOLOMON RIVER BASIN","SC","SC665","9/20/11",939,39.42354,-98.78386,10260014,2011-09-20 09:39:00,2882.03269675926,2011,0.099,39.4235490602616,-98.7838674799168,16147.3604166667,263,-47280932,18869296
"1865","SOLOMON RIVER BASIN","SC","SC665","12/6/11",941,39.42354,-98.78386,10260014,2011-12-06 09:41:00,2959.03408564815,2011,0.112,39.4235305635529,-98.7838521603534,16224.3618055556,340,-47280925,18869288
"1866","SOLOMON RIVER BASIN","SC","SC665","5/7/19",927,39.42354,-98.78386,10260014,2019-05-07 09:27:00,5668.02436342593,2019,0.12,39.4235403260265,-98.7838515298812,18933.3520833333,127,-47280924,18869292
"1867","SOLOMON RIVER BASIN","SC","SC665","8/6/19",1540,39.42354,-98.78386,10260014,2019-08-06 15:40:00,5759.2833912037,2019,0.098,39.4235494987854,-98.7838603614409,19024.6111111111,218,-47280929,18869297
"1868","SOLOMON RIVER BASIN","SC","SC665","11/19/19",935,39.42354,-98.78386,10260014,2019-11-19 09:35:00,5864.02991898148,2019,0.059,39.423542801864,-98.7838638678535,19129.3576388889,323,-47280930,18869293
"1869","SOLOMON RIVER BASIN","SC","SC665","3/14/23",1237,39.42354,-98.78386,10260014,2023-03-14 12:37:00,7075.15630787037,2023,0.069,39.4235411379037,-98.7838595522004,20340.4840277778,73,-47280928,18869293
"1870","SOLOMON RIVER BASIN","SC","SC665","6/13/23",1349,39.42354,-98.78386,10260014,2023-06-13 13:49:00,7166.20630787037,2023,0.23,39.4235385240205,-98.7838553834367,20431.5340277778,164,-47280926,18869291
"1871","SOLOMON RIVER BASIN","SC","SC666","2/21/95",839,39.42387,-98.71132,10260014,1995-02-21 08:39:00,-3173.00896990741,1995,0.02,39.4238610000519,-98.7113248094901,10092.31875,52,-47246211,18869446
"1872","SOLOMON RIVER BASIN","SC","SC666","4/25/95",900,39.42387,-98.71132,10260014,1995-04-25 09:00:00,-3109.99438657407,1995,0.05,39.4238702089137,-98.7113107196954,10155.3333333333,115,-47246204,18869450
"1873","SOLOMON RIVER BASIN","SC","SC666","6/27/95",850,39.42387,-98.71132,10260014,1995-06-27 08:50:00,-3047.00133101852,1995,0.23,39.4238688065743,-98.7113237209135,10218.3263888889,178,-47246210,18869449
"1874","SOLOMON RIVER BASIN","SC","SC666","8/29/95",748,39.42387,-98.71132,10260014,1995-08-29 07:48:00,-2984.04438657407,1995,0.09,39.4238614689161,-98.7113168196392,10281.2833333333,241,-47246207,18869446
"1875","SOLOMON RIVER BASIN","SC","SC666","10/24/95",840,39.42387,-98.71132,10260014,1995-10-24 08:40:00,-2928.00827546296,1995,0.082,39.4238637117268,-98.7113287338169,10337.3194444444,297,-47246213,18869447
"1876","SOLOMON RIVER BASIN","SC","SC666","1/26/99",922,39.42387,-98.71132,10260014,1999-01-26 09:22:00,-1737.9791087963,1999,0.064,39.4238642862033,-98.7113125306232,11527.3486111111,26,-47246205,18869447
"1877","SOLOMON RIVER BASIN","SC","SC666","3/23/99",910,39.42387,-98.71132,10260014,1999-03-23 09:10:00,-1681.98744212963,1999,0.046,39.4238637795046,-98.7113255313898,11583.3402777778,82,-47246211,18869447
"1878","SOLOMON RIVER BASIN","SC","SC666","5/25/99",930,39.42387,-98.71132,10260014,1999-05-25 09:30:00,-1618.97355324074,1999,0.5,39.4238645373624,-98.7113271257541,11646.3541666667,145,-47246212,18869447
"1879","SOLOMON RIVER BASIN","SC","SC666","7/20/99",950,39.42387,-98.71132,10260014,1999-07-20 09:50:00,-1562.95966435185,1999,0.24,39.4238776709494,-98.7113121713795,11702.3680555556,201,-47246205,18869454
"1880","SOLOMON RIVER BASIN","SC","SC666","9/21/99",1025,39.42387,-98.71132,10260014,1999-09-21 10:25:00,-1499.9353587963,1999,0.1,39.4238720783357,-98.7113177501081,11765.3923611111,264,-47246208,18869451
"1881","SOLOMON RIVER BASIN","SC","SC666","11/30/99",950,39.42387,-98.71132,10260014,1999-11-30 09:50:00,-1429.95966435185,1999,0.13,39.4238782671097,-98.7113143156491,11835.3680555556,334,-47246206,18869454
"1882","SOLOMON RIVER BASIN","SC","SC666","3/25/03",1014,39.42387,-98.71132,10260014,2003-03-25 10:14:00,-218.942997685185,2003,0.047,39.4238675468434,-98.711313903785,13046.3847222222,84,-47246206,18869449
"1883","SOLOMON RIVER BASIN","SC","SC666","5/20/03",1023,39.42387,-98.71132,10260014,2003-05-20 10:23:00,-162.936747685185,2003,0.093,39.42386375503,-98.7113211258151,13102.3909722222,140,-47246209,18869447
"1884","SOLOMON RIVER BASIN","SC","SC666","5/22/07",936,39.42387,-98.71132,10260014,2007-05-22 09:36:00,1300.03061342593,2007,0.38,39.4238759744641,-98.71132792788,14565.3583333333,142,-47246212,18869453
"1885","SOLOMON RIVER BASIN","SC","SC666","7/31/07",941,39.42387,-98.71132,10260014,2007-07-31 09:41:00,1370.03408564815,2007,0.508,39.423869638723,-98.7113273863114,14635.3618055556,212,-47246212,18869450
"1886","SOLOMON RIVER BASIN","SC","SC666","3/22/11",952,39.42387,-98.71132,10260014,2011-03-22 09:52:00,2700.04172453704,2011,0.069,39.4238758673957,-98.711324118307,15965.3694444444,81,-47246211,18869453
"1887","SOLOMON RIVER BASIN","SC","SC666","6/21/11",935,39.42387,-98.71132,10260014,2011-06-21 09:35:00,2791.02991898148,2011,0.209,39.4238772350593,-98.7113239579136,16056.3576388889,172,-47246211,18869454
"1888","SOLOMON RIVER BASIN","SC","SC666","9/20/11",954,39.42387,-98.71132,10260014,2011-09-20 09:54:00,2882.04311342593,2011,0.131,39.4238601775465,-98.7113178869287,16147.3708333333,263,-47246208,18869445
"1889","SOLOMON RIVER BASIN","SC","SC666","12/6/11",1000,39.42387,-98.71132,10260014,2011-12-06 10:00:00,2959.04728009259,2011,0.121,39.4238739169475,-98.7113203336624,16224.375,340,-47246209,18869452
"1890","SOLOMON RIVER BASIN","SC","SC666","5/7/19",941,39.42387,-98.71132,10260014,2019-05-07 09:41:00,5668.03408564815,2019,1,39.4238711005829,-98.7113140137393,18933.3618055556,127,-47246206,18869451
"1891","SOLOMON RIVER BASIN","SC","SC666","8/6/19",1525,39.42387,-98.71132,10260014,2019-08-06 15:25:00,5759.27297453704,2019,0.11,39.4238686360313,-98.7113175096252,19024.6006944444,218,-47246208,18869449
"1892","SOLOMON RIVER BASIN","SC","SC666","11/19/19",949,39.42387,-98.71132,10260014,2019-11-19 09:49:00,5864.0396412037,2019,0.055,39.4238794251172,-98.7113105168214,19129.3673611111,323,-47246204,18869455
"1893","SOLOMON RIVER BASIN","SC","SC666","3/14/23",1218,39.42387,-98.71132,10260014,2023-03-14 12:18:00,7075.14311342593,2023,0.06,39.4238709715829,-98.7113227466797,20340.4708333333,73,-47246210,18869451
"1894","SOLOMON RIVER BASIN","SC","SC666","9/12/23",1231,39.42387,-98.71132,10260014,2023-09-12 12:31:00,7257.1521412037,2023,0.084,39.4238652335381,-98.7113176724906,20522.4798611111,255,-47246208,18869448
"1895","SOLOMON RIVER BASIN","SC","SC666","12/12/23",1258,39.42387,-98.71132,10260014,2023-12-12 12:58:00,7348.1708912037,2023,0.082,39.4238619736009,-98.7113152004249,20613.4986111111,346,-47246206,18869446
"1896","SOLOMON RIVER BASIN","SC","SC667","2/19/91",1025,39.50563,-98.30574,10260015,1991-02-19 10:25:00,-4635.9353587963,1991,0.3,39.5056340176302,-98.3057308158925,8629.39236111111,50,-47052082,18908585
"1897","SOLOMON RIVER BASIN","SC","SC667","4/16/91",1032,39.50563,-98.30574,10260015,1991-04-16 10:32:00,-4579.93049768519,1991,2.98,39.5056391382801,-98.3057331602042,8685.39722222222,106,-47052083,18908587
"1898","SOLOMON RIVER BASIN","SC","SC667","6/18/91",1011,39.50563,-98.30574,10260015,1991-06-18 10:11:00,-4516.94508101852,1991,2.7,39.50563436497,-98.3057403822633,8748.38263888889,169,-47052086,18908585
"1899","SOLOMON RIVER BASIN","SC","SC667","3/24/92",1058,39.50563,-98.30574,10260015,1992-03-24 10:58:00,-4236.91244212963,1992,0.67,39.5056362792137,-98.3057418630785,9028.41527777778,84,-47052087,18908586
"1900","SOLOMON RIVER BASIN","SC","SC667","5/19/92",1008,39.50563,-98.30574,10260015,1992-05-19 10:08:00,-4180.94716435185,1992,1.08,39.5056350470998,-98.3057437074597,9084.38055555556,140,-47052088,18908585
"1901","SOLOMON RIVER BASIN","SC","SC667","7/21/92",1010,39.50563,-98.30574,10260015,1992-07-21 10:10:00,-4117.94577546296,1992,1.72,39.50563498048,-98.3057354541356,9147.38194444445,203,-47052084,18908585
"1902","SOLOMON RIVER BASIN","SC","SC667","9/29/92",1019,39.50563,-98.30574,10260015,1992-09-29 10:19:00,-4047.93952546296,1992,0.37,39.5056283154872,-98.3057474414523,9217.38819444444,273,-47052089,18908582
"1903","SOLOMON RIVER BASIN","SC","SC667","11/17/92",948,39.50563,-98.30574,10260015,1992-11-17 09:48:00,-3998.96105324074,1992,0.49,39.5056209335735,-98.3057386780071,9266.36666666667,322,-47052085,18908578
"1904","SOLOMON RIVER BASIN","SC","SC667","2/23/93",1127,39.50563,-98.30574,10260015,1993-02-23 11:27:00,-3900.89230324074,1993,0.21,39.5056259934298,-98.305744716625,9364.43541666667,54,-47052088,18908581
"1905","SOLOMON RIVER BASIN","SC","SC667","4/27/93",927,39.50563,-98.30574,10260015,1993-04-27 09:27:00,-3837.97563657407,1993,0.1,39.505636119618,-98.3057436900037,9427.35208333333,117,-47052088,18908586
"1906","SOLOMON RIVER BASIN","SC","SC667","6/22/93",938,39.50563,-98.30574,10260015,1993-06-22 09:38:00,-3781.96799768519,1993,0.48,39.5056396638679,-98.3057469004625,9483.35972222222,173,-47052089,18908587
"1907","SOLOMON RIVER BASIN","SC","SC667","8/24/93",912,39.50563,-98.30574,10260015,1993-08-24 09:12:00,-3718.98605324074,1993,1.57,39.5056256483808,-98.3057437457591,9546.34166666667,236,-47052088,18908581
"1908","SOLOMON RIVER BASIN","SC","SC667","10/26/93",938,39.50563,-98.30574,10260015,1993-10-26 09:38:00,-3655.96799768519,1993,0.13,39.5056236973158,-98.3057428163233,9609.35972222222,299,-47052087,18908580
"1909","SOLOMON RIVER BASIN","SC","SC667","1/25/94",1018,39.50563,-98.30574,10260015,1994-01-25 10:18:00,-3564.94021990741,1994,0.07,39.5056329921974,-98.3057337310867,9700.3875,25,-47052083,18908584
"1910","SOLOMON RIVER BASIN","SC","SC667","3/29/94",930,39.50563,-98.30574,10260015,1994-03-29 09:30:00,-3501.97355324074,1994,0.16,39.5056342623332,-98.3057480578903,9763.35416666667,88,-47052090,18908585
"1911","SOLOMON RIVER BASIN","SC","SC667","5/24/94",941,39.50563,-98.30574,10260015,1994-05-24 09:41:00,-3445.96591435185,1994,0.43,39.5056269197822,-98.3057452209317,9819.36180555556,144,-47052088,18908581
"1912","SOLOMON RIVER BASIN","SC","SC667","7/26/94",954,39.50563,-98.30574,10260015,1994-07-26 09:54:00,-3382.95688657407,1994,0.58,39.5056380819969,-98.3057408750846,9882.37083333333,207,-47052086,18908587
"1913","SOLOMON RIVER BASIN","SC","SC667","9/27/94",945,39.50563,-98.30574,10260015,1994-09-27 09:45:00,-3319.96313657407,1994,0.3,39.5056307559468,-98.3057360427155,9945.36458333333,270,-47052084,18908583
"1914","SOLOMON RIVER BASIN","SC","SC667","11/29/94",1001,39.50563,-98.30574,10260015,1994-11-29 10:01:00,-3256.95202546296,1994,0.16,39.5056230428766,-98.3057419024756,10008.3756944444,333,-47052087,18908580
"1915","SOLOMON RIVER BASIN","SC","SC667","2/21/95",954,39.50563,-98.30574,10260015,1995-02-21 09:54:00,-3172.95688657407,1995,0.11,39.5056256894499,-98.3057454312162,10092.3708333333,52,-47052089,18908581
"1916","SOLOMON RIVER BASIN","SC","SC667","4/25/95",1012,39.50563,-98.30574,10260015,1995-04-25 10:12:00,-3109.94438657407,1995,0.12,39.5056380066807,-98.3057368744767,10155.3833333333,115,-47052084,18908587
"1917","SOLOMON RIVER BASIN","SC","SC667","6/27/95",1010,39.50563,-98.30574,10260015,1995-06-27 10:10:00,-3046.94577546296,1995,0.32,39.5056361361948,-98.3057391404427,10218.3819444444,178,-47052086,18908586
"1918","SOLOMON RIVER BASIN","SC","SC667","8/29/95",923,39.50563,-98.30574,10260015,1995-08-29 09:23:00,-2983.97841435185,1995,0.35,39.5056376618189,-98.305740319022,10281.3493055556,241,-47052086,18908587
"1919","SOLOMON RIVER BASIN","SC","SC667","10/24/95",948,39.50563,-98.30574,10260015,1995-10-24 09:48:00,-2927.96105324074,1995,0.188,39.5056229787379,-98.3057315953879,10337.3666666667,297,-47052082,18908579
"1920","SOLOMON RIVER BASIN","SC","SC667","3/26/96",1120,39.50563,-98.30574,10260015,1996-03-26 11:20:00,-2773.89716435185,1996,0.061,39.5056236284281,-98.3057344170859,10491.4305555556,86,-47052083,18908580
"1921","SOLOMON RIVER BASIN","SC","SC667","5/21/96",1028,39.50563,-98.30574,10260015,1996-05-21 10:28:00,-2717.93327546296,1996,0.318,39.5056397688602,-98.3057481306954,10547.3944444444,142,-47052090,18908588
"1922","SOLOMON RIVER BASIN","SC","SC667","7/23/96",1045,39.50563,-98.30574,10260015,1996-07-23 10:45:00,-2654.92146990741,1996,0.424,39.5056372972488,-98.3057426376651,10610.40625,205,-47052087,18908586
"1923","SOLOMON RIVER BASIN","SC","SC667","9/24/96",1002,39.50563,-98.30574,10260015,1996-09-24 10:02:00,-2591.95133101852,1996,0.48,39.5056235043544,-98.3057392286732,10673.3763888889,268,-47052086,18908580
"1924","SOLOMON RIVER BASIN","SC","SC667","11/19/96",1040,39.50563,-98.30574,10260015,1996-11-19 10:40:00,-2535.92494212963,1996,0.72,39.5056260469889,-98.3057436065339,10729.4027777778,324,-47052088,18908581
"1925","SOLOMON RIVER BASIN","SC","SC667","2/18/97",945,39.50563,-98.30574,10260015,1997-02-18 09:45:00,-2444.96313657407,1997,0.043,39.5056303119252,-98.3057309019547,10820.3645833333,49,-47052082,18908583
"1926","SOLOMON RIVER BASIN","SC","SC667","4/15/97",956,39.50563,-98.30574,10260015,1997-04-15 09:56:00,-2388.95549768519,1997,0.061,39.505633253963,-98.3057343215209,10876.3722222222,105,-47052083,18908584
"1927","SOLOMON RIVER BASIN","SC","SC667","6/10/97",945,39.50563,-98.30574,10260015,1997-06-10 09:45:00,-2332.96313657407,1997,0.273,39.5056343801694,-98.3057483732079,10932.3645833333,161,-47052090,18908585
"1928","SOLOMON RIVER BASIN","SC","SC667","8/12/97",1028,39.50563,-98.30574,10260015,1997-08-12 10:28:00,-2269.93327546296,1997,0.184,39.5056232126944,-98.3057319660702,10995.3944444444,224,-47052082,18908580
"1929","SOLOMON RIVER BASIN","SC","SC667","1/26/99",1017,39.50563,-98.30574,10260015,1999-01-26 10:17:00,-1737.94091435185,1999,0.032,39.5056351182462,-98.3057342549703,11527.3868055556,26,-47052083,18908585
"1930","SOLOMON RIVER BASIN","SC","SC667","3/23/99",1100,39.50563,-98.30574,10260015,1999-03-23 11:00:00,-1681.91105324074,1999,0.043,39.5056386576834,-98.3057431002414,11583.4166666667,82,-47052087,18908587
"1931","SOLOMON RIVER BASIN","SC","SC667","5/25/99",1050,39.50563,-98.30574,10260015,1999-05-25 10:50:00,-1618.91799768519,1999,0.97,39.505628723318,-98.3057445228317,11646.4097222222,145,-47052088,18908582
"1932","SOLOMON RIVER BASIN","SC","SC667","7/20/99",1115,39.50563,-98.30574,10260015,1999-07-20 11:15:00,-1562.90063657407,1999,0.28,39.5056343819058,-98.3057451616218,11702.4270833333,201,-47052088,18908585
"1933","SOLOMON RIVER BASIN","SC","SC667","9/21/99",1135,39.50563,-98.30574,10260015,1999-09-21 11:35:00,-1499.88674768519,1999,0.36,39.5056337258863,-98.3057465038105,11765.4409722222,264,-47052089,18908585
"1934","SOLOMON RIVER BASIN","SC","SC667","11/30/99",1115,39.50563,-98.30574,10260015,1999-11-30 11:15:00,-1429.90063657407,1999,1,39.5056237752859,-98.305746139577,11835.4270833333,334,-47052089,18908580
"1935","SOLOMON RIVER BASIN","SC","SC667","3/27/01",1010,39.50563,-98.30574,10260015,2001-03-27 10:10:00,-946.945775462963,2001,0.3,39.505621510607,-98.3057435786111,12318.3819444444,86,-47052088,18908579
"1936","SOLOMON RIVER BASIN","SC","SC667","5/22/01",1020,39.50563,-98.30574,10260015,2001-05-22 10:20:00,-890.938831018518,2001,0.378,39.5056271536656,-98.3057317007381,12374.3888888889,142,-47052082,18908581
"1937","SOLOMON RIVER BASIN","SC","SC667","7/31/01",1005,39.50563,-98.30574,10260015,2001-07-31 10:05:00,-820.949247685185,2001,0.587,39.5056379542751,-98.3057310133615,12444.3784722222,212,-47052082,18908587
"1938","SOLOMON RIVER BASIN","SC","SC667","6/24/08",1020,39.50563,-98.30574,10260015,2008-06-24 10:20:00,1699.06116898148,2008,0.809,39.5056220723554,-98.3057303306343,14964.3888888889,176,-47052081,18908579
"1939","SOLOMON RIVER BASIN","SC","SC667","8/26/08",1107,39.50563,-98.30574,10260015,2008-08-26 11:07:00,1762.09380787037,2008,0.37,39.5056214088556,-98.3057469479999,15027.4215277778,239,-47052089,18908579
"1940","SOLOMON RIVER BASIN","SC","SC667","10/28/08",1143,39.50563,-98.30574,10260015,2008-10-28 11:43:00,1825.11880787037,2008,0.498,39.5056337532106,-98.305747996383,15090.4465277778,302,-47052090,18908585
"1941","SOLOMON RIVER BASIN","SC","SC667","12/16/08",1152,39.50563,-98.30574,10260015,2008-12-16 11:52:00,1874.12505787037,2008,0.029,39.5056293908805,-98.3057393993455,15139.4527777778,351,-47052086,18908583
"1942","SOLOMON RIVER BASIN","SC","SC667","2/16/16",1310,39.50563,-98.30574,10260015,2016-02-16 13:10:00,4492.17922453704,2016,0.036,39.5056398257925,-98.3057377918333,17757.5069444444,47,-47052085,18908588
"1943","SOLOMON RIVER BASIN","SC","SC667","5/24/16",1352,39.50563,-98.30574,10260015,2016-05-24 13:52:00,4590.2083912037,2016,0.63,39.5056399315766,-98.3057316997332,17855.5361111111,145,-47052082,18908588
"1944","SOLOMON RIVER BASIN","SC","SC667","8/30/16",1312,39.50563,-98.30574,10260015,2016-08-30 13:12:00,4688.18061342593,2016,1.7,39.505639846114,-98.305743152755,17953.5083333333,243,-47052087,18908588
"1945","SOLOMON RIVER BASIN","SC","SC667","11/8/16",1307,39.50563,-98.30574,10260015,2016-11-08 13:07:00,4758.1771412037,2016,0.33,39.5056227820845,-98.3057312896767,18023.5048611111,313,-47052082,18908579
"1946","SOLOMON RIVER BASIN","SC","SC667","9/21/20",1311,39.50563,-98.30574,10260015,2020-09-21 13:11:00,6171.17991898148,2020,0.24,39.5056370525638,-98.3057473842777,19436.5076388889,265,-47052089,18908586
"1947","SOLOMON RIVER BASIN","SC","SC667","12/15/20",857,39.50563,-98.30574,10260015,2020-12-15 08:57:00,6256.00353009259,2020,0.087,39.5056332242421,-98.3057315768093,19521.33125,350,-47052082,18908584
"1948","SOLOMON RIVER BASIN","SC","SC667","1/30/24",1155,39.50563,-98.30574,10260015,2024-01-30 11:55:00,7397.1271412037,2024,1.4,39.5056306433237,-98.3057438928513,20662.4548611111,30,-47052088,18908583
"1949","SOLOMON RIVER BASIN","SC","SC668","3/24/92",940,39.423204,-98.545467,10260014,1992-03-24 09:40:00,-4236.9666087963,1992,0.07,39.4231977832553,-98.545475240282,9028.36111111111,84,-47166830,18869128
"1950","SOLOMON RIVER BASIN","SC","SC668","7/21/92",925,39.423204,-98.545467,10260014,1992-07-21 09:25:00,-4117.97702546296,1992,1.07,39.4232000366692,-98.5454701796896,9147.35069444445,203,-47166828,18869129
"1951","SOLOMON RIVER BASIN","SC","SC668","3/26/96",920,39.423204,-98.545467,10260014,1996-03-26 09:20:00,-2773.98049768519,1996,0.037,39.4231960585663,-98.5454615875313,10491.3472222222,86,-47166824,18869127
"1952","SOLOMON RIVER BASIN","SC","SC668","5/21/96",920,39.423204,-98.545467,10260014,1996-05-21 09:20:00,-2717.98049768519,1996,0.284,39.4232107055924,-98.5454766011092,10547.3472222222,142,-47166831,18869134
"1953","SOLOMON RIVER BASIN","SC","SC668","7/23/96",941,39.423204,-98.545467,10260014,1996-07-23 09:41:00,-2654.96591435185,1996,0.178,39.423205721781,-98.5454590910754,10610.3618055556,205,-47166823,18869132
"1954","SOLOMON RIVER BASIN","SC","SC668","9/24/96",900,39.423204,-98.545467,10260014,1996-09-24 09:00:00,-2591.99438657407,1996,0.064,39.4232021476347,-98.5454641020248,10673.3333333333,268,-47166825,18869130
"1955","SOLOMON RIVER BASIN","SC","SC668","11/19/96",938,39.423204,-98.545467,10260014,1996-11-19 09:38:00,-2535.96799768519,1996,0.304,39.4232045238731,-98.5454769689166,10729.3597222222,324,-47166831,18869132
"1956","SOLOMON RIVER BASIN","SC","SC668","2/22/00",1005,39.423204,-98.545467,10260014,2000-02-22 10:05:00,-1345.94924768519,2000,0.05,39.4232125471784,-98.5454707774679,11919.3784722222,53,-47166828,18869135
"1957","SOLOMON RIVER BASIN","SC","SC668","4/24/00",1315,39.423204,-98.545467,10260014,2000-04-24 13:15:00,-1283.81730324074,2000,0.177,39.4232094739414,-98.5454658896029,11981.5104166667,115,-47166826,18869134
"1958","SOLOMON RIVER BASIN","SC","SC668","4/24/00",1320,39.423204,-98.545467,10260014,2000-04-24 13:20:00,-1283.81383101852,2000,0.06,39.4231964980455,-98.5454765508863,11981.5138888889,115,-47166831,18869128
"1959","SOLOMON RIVER BASIN","SC","SC668","6/27/00",920,39.423204,-98.545467,10260014,2000-06-27 09:20:00,-1219.98049768519,2000,0.32,39.4232095801869,-98.5454765296032,12045.3472222222,179,-47166831,18869134
"1960","SOLOMON RIVER BASIN","SC","SC668","6/29/04",1020,39.423204,-98.545467,10260014,2004-06-29 10:20:00,243.061168981481,2004,0.948,39.4231993224842,-98.5454680405381,13508.3888888889,181,-47166827,18869129
"1961","SOLOMON RIVER BASIN","SC","SC668","2/26/08",1008,39.423204,-98.545467,10260014,2008-02-26 10:08:00,1580.05283564815,2008,0.13,39.4232025167237,-98.5454752561321,14845.3805555556,57,-47166830,18869131
"1962","SOLOMON RIVER BASIN","SC","SC668","4/29/08",1020,39.423204,-98.545467,10260014,2008-04-29 10:20:00,1643.06116898148,2008,0.23,39.4232020582038,-98.5454582579917,14908.3888888889,120,-47166822,18869130
"1963","SOLOMON RIVER BASIN","SC","SC668","8/26/08",1008,39.423204,-98.545467,10260014,2008-08-26 10:08:00,1762.05283564815,2008,0.616,39.4232069274577,-98.5454682213018,15027.3805555556,239,-47166827,18869133
"1964","SOLOMON RIVER BASIN","SC","SC668","10/28/08",1032,39.423204,-98.545467,10260014,2008-10-28 10:32:00,1825.06950231481,2008,0.189,39.4231997358215,-98.5454688413807,15090.3972222222,302,-47166827,18869129
"1965","SOLOMON RIVER BASIN","SC","SC668","12/16/08",1019,39.423204,-98.545467,10260014,2008-12-16 10:19:00,1874.06047453704,2008,0.034,39.423199659597,-98.5454656387001,15139.3881944444,351,-47166826,18869129
"1966","SOLOMON RIVER BASIN","SC","SC668","2/16/16",1403,39.423204,-98.545467,10260014,2016-02-16 14:03:00,4492.21603009259,2016,0.12,39.4232003932522,-98.5454577459166,17757.54375,47,-47166822,18869130
"1967","SOLOMON RIVER BASIN","SC","SC668","5/24/16",1452,39.423204,-98.545467,10260014,2016-05-24 14:52:00,4590.25005787037,2016,2.3,39.4232012553777,-98.5454756441789,17855.5777777778,145,-47166831,18869130
"1968","SOLOMON RIVER BASIN","SC","SC668","8/30/16",1404,39.423204,-98.545467,10260014,2016-08-30 14:04:00,4688.21672453704,2016,0.62,39.4231940779595,-98.5454668849375,17953.5444444444,243,-47166826,18869127
"1969","SOLOMON RIVER BASIN","SC","SC668","11/8/16",1358,39.423204,-98.545467,10260014,2016-11-08 13:58:00,4758.21255787037,2016,1,39.4232120709534,-98.5454751443381,18023.5402777778,313,-47166830,18869135
"1970","SOLOMON RIVER BASIN","SC","SC668","9/21/20",1150,39.423204,-98.545467,10260014,2020-09-21 11:50:00,6171.12366898148,2020,0.091,39.4232063629935,-98.5454665264467,19436.4513888889,265,-47166826,18869132
"1971","SOLOMON RIVER BASIN","SC","SC668","12/16/20",804,39.423204,-98.545467,10260014,2020-12-16 08:04:00,6256.96672453704,2020,0.036,39.4231964766907,-98.5454702403419,19522.2944444444,351,-47166828,18869128
"1972","SOLOMON RIVER BASIN","SC","SC668","1/30/24",1307,39.423204,-98.545467,10260014,2024-01-30 13:07:00,7397.1771412037,2024,0.12,39.4232130651739,-98.5454646960819,20662.5048611111,30,-47166825,18869136
"1973","SOLOMON RIVER BASIN","SC","SC669","7/21/92",945,39.422727,-98.452653,10260014,1992-07-21 09:45:00,-4117.96313657407,1992,0.96,39.4227335414675,-98.4526481087898,9147.36458333333,203,-47122401,18868906
"1974","SOLOMON RIVER BASIN","SC","SC669","9/29/92",953,39.422727,-98.452653,10260014,1992-09-29 09:53:00,-4047.95758101852,1992,0.13,39.422722418487,-98.4526545209766,9217.37013888889,273,-47122404,18868901
"1975","SOLOMON RIVER BASIN","SC","SC669","11/17/92",920,39.422727,-98.452653,10260014,1992-11-17 09:20:00,-3998.98049768519,1992,0.07,39.4227284878621,-98.4526584546077,9266.34722222222,322,-47122406,18868904
"1976","SOLOMON RIVER BASIN","SC","SC669","3/26/96",945,39.422727,-98.452653,10260014,1996-03-26 09:45:00,-2773.96313657407,1996,0.062,39.4227308149749,-98.4526558569247,10491.3645833333,86,-47122404,18868905
"1977","SOLOMON RIVER BASIN","SC","SC669","5/21/96",936,39.422727,-98.452653,10260014,1996-05-21 09:36:00,-2717.96938657407,1996,0.26,39.4227314254109,-98.4526545647865,10547.3583333333,142,-47122404,18868905
"1978","SOLOMON RIVER BASIN","SC","SC669","7/23/96",1000,39.422727,-98.452653,10260014,1996-07-23 10:00:00,-2654.95271990741,1996,0.242,39.4227223303321,-98.4526567119181,10610.375,205,-47122405,18868901
"1979","SOLOMON RIVER BASIN","SC","SC669","9/24/96",921,39.422727,-98.452653,10260014,1996-09-24 09:21:00,-2591.97980324074,1996,0.159,39.4227217281335,-98.45265600468,10673.3479166667,268,-47122404,18868900
"1980","SOLOMON RIVER BASIN","SC","SC669","11/19/96",956,39.422727,-98.452653,10260014,1996-11-19 09:56:00,-2535.95549768519,1996,0.372,39.422717927325,-98.4526611678591,10729.3722222222,324,-47122407,18868899
"1981","SOLOMON RIVER BASIN","SC","SC669","2/22/00",1020,39.422727,-98.452653,10260014,2000-02-22 10:20:00,-1345.93883101852,2000,0.03,39.4227328351113,-98.4526551612709,11919.3888888889,53,-47122404,18868906
"1982","SOLOMON RIVER BASIN","SC","SC669","4/24/00",1255,39.422727,-98.452653,10260014,2000-04-24 12:55:00,-1283.83119212963,2000,0.16,39.4227293856909,-98.4526535565162,11981.4965277778,115,-47122403,18868904
"1983","SOLOMON RIVER BASIN","SC","SC669","6/27/00",940,39.422727,-98.452653,10260014,2000-06-27 09:40:00,-1219.9666087963,2000,0.23,39.4227243476766,-98.4526575629556,12045.3611111111,179,-47122405,18868902
"1984","SOLOMON RIVER BASIN","SC","SC669","6/27/00",945,39.422727,-98.452653,10260014,2000-06-27 09:45:00,-1219.96313657407,2000,0.216,39.4227348822065,-98.4526578874573,12045.3645833333,179,-47122405,18868907
"1985","SOLOMON RIVER BASIN","SC","SC669","2/24/04",1104,39.422727,-98.452653,10260014,2004-02-24 11:04:00,117.091724537037,2004,0.234,39.4227317481774,-98.4526553244101,13382.4194444444,55,-47122404,18868905
"1986","SOLOMON RIVER BASIN","SC","SC669","4/27/04",1044,39.422727,-98.452653,10260014,2004-04-27 10:44:00,180.077835648148,2004,0.084,39.4227350469905,-98.4526619817771,13445.4055555556,118,-47122407,18868907
"1987","SOLOMON RIVER BASIN","SC","SC669","6/29/04",1045,39.422727,-98.452653,10260014,2004-06-29 10:45:00,243.078530092593,2004,0.801,39.422734018862,-98.452647410671,13508.40625,181,-47122400,18868906
"1988","SOLOMON RIVER BASIN","SC","SC669","8/24/04",1054,39.422727,-98.452653,10260014,2004-08-24 10:54:00,299.084780092593,2004,0.279,39.4227230946821,-98.4526615619177,13564.4125,237,-47122407,18868901
"1989","SOLOMON RIVER BASIN","SC","SC669","2/26/08",1038,39.422727,-98.452653,10260014,2008-02-26 10:38:00,1580.07366898148,2008,0.146,39.4227335403161,-98.4526527593466,14845.4013888889,57,-47122403,18868906
"1990","SOLOMON RIVER BASIN","SC","SC669","2/26/08",1043,39.422727,-98.452653,10260014,2008-02-26 10:43:00,1580.0771412037,2008,0.15,39.422735264549,-98.4526576686167,14845.4048611111,57,-47122405,18868907
"1991","SOLOMON RIVER BASIN","SC","SC669","4/29/08",1046,39.422727,-98.452653,10260014,2008-04-29 10:46:00,1643.07922453704,2008,0.279,39.4227346621839,-98.4526572058786,14908.4069444444,120,-47122405,18868907
"1992","SOLOMON RIVER BASIN","SC","SC669","6/24/08",941,39.422727,-98.452653,10260014,2008-06-24 09:41:00,1699.03408564815,2008,0.244,39.4227206486461,-98.4526486655843,14964.3618055556,176,-47122401,18868900
"1993","SOLOMON RIVER BASIN","SC","SC669","8/26/08",1028,39.422727,-98.452653,10260014,2008-08-26 10:28:00,1762.06672453704,2008,0.623,39.4227317026768,-98.452660201591,15027.3944444444,239,-47122406,18868905
"1994","SOLOMON RIVER BASIN","SC","SC669","10/28/08",1057,39.422727,-98.452653,10260014,2008-10-28 10:57:00,1825.08686342593,2008,0.27,39.4227254660592,-98.452653162393,15090.4145833333,302,-47122403,18868902
"1995","SOLOMON RIVER BASIN","SC","SC669","12/16/08",1053,39.422727,-98.452653,10260014,2008-12-16 10:53:00,1874.08408564815,2008,0.037,39.4227213085811,-98.452660833048,15139.4118055556,351,-47122407,18868900
"1996","SOLOMON RIVER BASIN","SC","SC669","2/16/16",1338,39.422727,-98.452653,10260014,2016-02-16 13:38:00,4492.19866898148,2016,0.065,39.4227301765004,-98.4526532023302,17757.5263888889,47,-47122403,18868904
"1997","SOLOMON RIVER BASIN","SC","SC669","5/24/16",1421,39.422727,-98.452653,10260014,2016-05-24 14:21:00,4590.22853009259,2016,2.4,39.4227358569457,-98.4526627771208,17855.55625,145,-47122408,18868907
"1998","SOLOMON RIVER BASIN","SC","SC669","8/30/16",1336,39.422727,-98.452653,10260014,2016-08-30 13:36:00,4688.19728009259,2016,0.6,39.4227352902655,-98.4526434387368,17953.525,243,-47122398,18868907
"1999","SOLOMON RIVER BASIN","SC","SC669","11/8/16",1331,39.422727,-98.452653,10260014,2016-11-08 13:31:00,4758.19380787037,2016,0.18,39.4227315460852,-98.452649808235,18023.5215277778,313,-47122401,18868905
"2000","SOLOMON RIVER BASIN","SC","SC669","9/21/20",1217,39.422727,-98.452653,10260014,2020-09-21 12:17:00,6171.14241898148,2020,0.067,39.422722939439,-98.4526460232078,19436.4701388889,265,-47122400,18868901
"2001","SOLOMON RIVER BASIN","SC","SC669","12/16/20",842,39.422727,-98.452653,10260014,2020-12-16 08:42:00,6256.99311342593,2020,0.11,39.4227268440062,-98.4526629238421,19522.3208333333,351,-47122408,18868903
"2002","SOLOMON RIVER BASIN","SC","SC669","1/30/24",1231,39.422727,-98.452653,10260014,2024-01-30 12:31:00,7397.1521412037,2024,0.19,39.422735211227,-98.4526626248448,20662.4798611111,30,-47122408,18868907
"2003","SOLOMON RIVER BASIN","SC","SC669","4/23/24",1547,39.422727,-98.452653,10260014,2024-04-23 15:47:00,7481.28825231481,2024,0.18,39.422735740607,-98.4526478394199,20746.6159722222,114,-47122400,18868907
"2004","SOLOMON RIVER BASIN","SC","SC669","7/23/24",1546,39.422727,-98.452653,10260014,2024-07-23 15:46:00,7572.28755787037,2024,0.15,39.4227216529624,-98.45264897658,20837.6152777778,205,-47122401,18868900
"2005","SOLOMON RIVER BASIN","SC","SC669","10/22/24",1528,39.422727,-98.452653,10260014,2024-10-22 15:28:00,7663.27505787037,2024,0.22,39.4227196814067,-98.4526533543325,20928.6027777778,296,-47122403,18868899
"2006","SOLOMON RIVER BASIN","SC","SC670","1/28/92",1130,39.68026,-98.86048,10260012,1992-01-28 11:30:00,-4292.89021990741,1992,0.07,39.6802571331692,-98.8604833608766,8972.4375,28,-47317603,18992165
"2007","SOLOMON RIVER BASIN","SC","SC670","3/24/92",1231,39.68026,-98.86048,10260012,1992-03-24 12:31:00,-4236.8478587963,1992,0.13,39.6802507932857,-98.8604821324362,9028.47986111111,84,-47317602,18992162
"2008","SOLOMON RIVER BASIN","SC","SC670","5/19/92",1155,39.68026,-98.86048,10260012,1992-05-19 11:55:00,-4180.8728587963,1992,0.43,39.6802567389568,-98.860471259862,9084.45486111111,140,-47317597,18992164
"2009","SOLOMON RIVER BASIN","SC","SC670","7/21/92",1145,39.68026,-98.86048,10260012,1992-07-21 11:45:00,-4117.87980324074,1992,1.32,39.6802668468921,-98.8604737412406,9147.44791666667,203,-47317598,18992169
"2010","SOLOMON RIVER BASIN","SC","SC670","9/29/92",1136,39.68026,-98.86048,10260012,1992-09-29 11:36:00,-4047.88605324074,1992,0.32,39.6802672318816,-98.8604861463142,9217.44166666667,273,-47317604,18992169
"2011","SOLOMON RIVER BASIN","SC","SC670","11/17/92",1109,39.68026,-98.86048,10260012,1992-11-17 11:09:00,-3998.90480324074,1992,0.3,39.6802551375436,-98.8604830602456,9266.42291666667,322,-47317603,18992164
"2012","SOLOMON RIVER BASIN","SC","SC670","11/17/92",1114,39.68026,-98.86048,10260012,1992-11-17 11:14:00,-3998.90133101852,1992,0.3,39.6802596626713,-98.860470592337,9266.42638888889,322,-47317597,18992166
"2013","SOLOMON RIVER BASIN","SC","SC670","3/26/96",1300,39.68026,-98.86048,10260012,1996-03-26 13:00:00,-2773.82771990741,1996,0.052,39.6802508551104,-98.8604714501446,10491.5,86,-47317597,18992162
"2014","SOLOMON RIVER BASIN","SC","SC670","5/21/96",1155,39.68026,-98.86048,10260012,1996-05-21 11:55:00,-2717.8728587963,1996,0.442,39.6802634518676,-98.860481216425,10547.4548611111,142,-47317602,18992168
"2015","SOLOMON RIVER BASIN","SC","SC670","7/23/96",1210,39.68026,-98.86048,10260012,1996-07-23 12:10:00,-2654.86244212963,1996,0.452,39.6802543046393,-98.8604743571778,10610.4652777778,205,-47317598,18992163
"2016","SOLOMON RIVER BASIN","SC","SC670","9/24/96",1119,39.68026,-98.86048,10260012,1996-09-24 11:19:00,-2591.8978587963,1996,0.393,39.6802669587907,-98.8604842371461,10673.4298611111,268,-47317603,18992169
"2017","SOLOMON RIVER BASIN","SC","SC670","11/19/96",1202,39.68026,-98.86048,10260012,1996-11-19 12:02:00,-2535.86799768519,1996,0.629,39.6802635235464,-98.8604848649229,10729.4597222222,324,-47317603,18992168
"2018","SOLOMON RIVER BASIN","SC","SC670","2/22/00",1225,39.68026,-98.86048,10260012,2000-02-22 12:25:00,-1345.85202546296,2000,0.06,39.6802589313604,-98.860473957407,11919.4756944444,53,-47317598,18992165
"2019","SOLOMON RIVER BASIN","SC","SC670","4/24/00",1430,39.68026,-98.86048,10260012,2000-04-24 14:30:00,-1283.76521990741,2000,0.15,39.680253283137,-98.8604807945024,11981.5625,115,-47317602,18992163
"2020","SOLOMON RIVER BASIN","SC","SC670","6/27/00",1210,39.68026,-98.86048,10260012,2000-06-27 12:10:00,-1219.86244212963,2000,0.37,39.6802507631736,-98.8604719917244,12045.4652777778,179,-47317597,18992162
"2021","SOLOMON RIVER BASIN","SC","SC670","10/24/00",1130,39.68026,-98.86048,10260012,2000-10-24 11:30:00,-1100.89021990741,2000,0.26,39.6802500276421,-98.8604894514523,12164.4375,298,-47317606,18992161
"2022","SOLOMON RIVER BASIN","SC","SC670","10/24/00",1135,39.68026,-98.86048,10260012,2000-10-24 11:35:00,-1100.88674768519,2000,0.17,39.680266052202,-98.8604808524538,12164.4409722222,298,-47317602,18992169
"2023","SOLOMON RIVER BASIN","SC","SC670","2/24/04",1249,39.68026,-98.86048,10260012,2004-02-24 12:49:00,117.164641203704,2004,0.508,39.6802560165448,-98.8604720414972,13382.4923611111,55,-47317597,18992164
"2024","SOLOMON RIVER BASIN","SC","SC670","4/27/04",1250,39.68026,-98.86048,10260012,2004-04-27 12:50:00,180.165335648148,2004,0.197,39.6802632351087,-98.8604755100375,13445.4930555556,118,-47317599,18992168
"2025","SOLOMON RIVER BASIN","SC","SC670","6/29/04",1249,39.68026,-98.86048,10260012,2004-06-29 12:49:00,243.164641203704,2004,1.873,39.6802553027181,-98.8604797250737,13508.4923611111,181,-47317601,18992164
"2026","SOLOMON RIVER BASIN","SC","SC670","2/26/08",1237,39.68026,-98.86048,10260012,2008-02-26 12:37:00,1580.15630787037,2008,0.201,39.6802666252866,-98.8604793520092,14845.4840277778,57,-47317601,18992169
"2027","SOLOMON RIVER BASIN","SC","SC670","4/29/08",1248,39.68026,-98.86048,10260012,2008-04-29 12:48:00,1643.16394675926,2008,0.278,39.6802606492552,-98.8604759185193,14908.4916666667,120,-47317599,18992166
"2028","SOLOMON RIVER BASIN","SC","SC670","6/24/08",1140,39.68026,-98.86048,10260012,2008-06-24 11:40:00,1699.11672453704,2008,0.377,39.6802661286291,-98.8604759794034,14964.4444444444,176,-47317599,18992169
"2029","SOLOMON RIVER BASIN","SC","SC670","8/26/08",1233,39.68026,-98.86048,10260012,2008-08-26 12:33:00,1762.15353009259,2008,0.755,39.6802582705229,-98.8604846749122,15027.48125,239,-47317603,18992165
"2030","SOLOMON RIVER BASIN","SC","SC670","10/28/08",1307,39.68026,-98.86048,10260012,2008-10-28 13:07:00,1825.1771412037,2008,0.353,39.6802691719565,-98.8604767763675,15090.5048611111,302,-47317600,18992170
"2031","SOLOMON RIVER BASIN","SC","SC670","10/28/08",1312,39.68026,-98.86048,10260012,2008-10-28 13:12:00,1825.18061342593,2008,0.335,39.6802548717887,-98.8604748632875,15090.5083333333,302,-47317599,18992164
"2032","SOLOMON RIVER BASIN","SC","SC670","12/16/08",1343,39.68026,-98.86048,10260012,2008-12-16 13:43:00,1874.2021412037,2008,0.097,39.680255169593,-98.8604819034442,15139.5298611111,351,-47317602,18992164
"2033","SOLOMON RIVER BASIN","SC","SC670","1/24/12",1022,39.68026,-98.86048,10260012,2012-01-24 10:22:00,3008.06255787037,2012,0.076,39.6802633995424,-98.8604847266629,16273.3902777778,24,-47317603,18992168
"2034","SOLOMON RIVER BASIN","SC","SC670","4/10/12",1234,39.68026,-98.86048,10260012,2012-04-10 12:34:00,3085.15422453704,2012,0.275,39.6802633893366,-98.8604824220086,16350.4819444444,101,-47317602,18992168
"2035","SOLOMON RIVER BASIN","SC","SC670","7/24/12",1215,39.68026,-98.86048,10260012,2012-07-24 12:15:00,3190.14103009259,2012,0.3,39.6802571482957,-98.8604776008986,16455.46875,206,-47317600,18992165
"2036","SOLOMON RIVER BASIN","SC","SC670","10/23/12",1209,39.68026,-98.86048,10260012,2012-10-23 12:09:00,3281.13686342593,2012,0.1,39.6802623411054,-98.8604750518077,16546.4645833333,297,-47317599,18992167
"2037","SOLOMON RIVER BASIN","SC","SC670","2/16/16",1203,39.68026,-98.86048,10260012,2016-02-16 12:03:00,4492.13269675926,2016,0.031,39.6802605636491,-98.8604726084937,17757.4604166667,47,-47317598,18992166
"2038","SOLOMON RIVER BASIN","SC","SC670","5/24/16",1246,39.68026,-98.86048,10260012,2016-05-24 12:46:00,4590.16255787037,2016,0.75,39.6802628360055,-98.860487834036,17855.4902777778,145,-47317605,18992167
"2039","SOLOMON RIVER BASIN","SC","SC670","8/30/16",1212,39.68026,-98.86048,10260012,2016-08-30 12:12:00,4688.13894675926,2016,0.42,39.6802566830042,-98.8604794474141,17953.4666666667,243,-47317601,18992164
"2040","SOLOMON RIVER BASIN","SC","SC670","11/8/16",1208,39.68026,-98.86048,10260012,2016-11-08 12:08:00,4758.13616898148,2016,0.33,39.6802563220915,-98.8604792134569,18023.4638888889,313,-47317601,18992164
"2041","SOLOMON RIVER BASIN","SC","SC670","9/22/20",903,39.68026,-98.86048,10260012,2020-09-22 09:03:00,6172.00769675926,2020,0.11,39.6802602406964,-98.8604830766024,19437.3354166667,266,-47317603,18992166
"2042","SOLOMON RIVER BASIN","SC","SC670","9/22/20",908,39.68026,-98.86048,10260012,2020-09-22 09:08:00,6172.01116898148,2020,0.16,39.6802627632411,-98.860483003328,19437.3388888889,266,-47317603,18992167
"2043","SOLOMON RIVER BASIN","SC","SC670","12/15/20",1017,39.68026,-98.86048,10260012,2020-12-15 10:17:00,6256.05908564815,2020,0.077,39.6802673456054,-98.8604805389565,19521.3868055556,350,-47317601,18992170
"2044","SOLOMON RIVER BASIN","SC","SC670","4/23/24",1154,39.68026,-98.86048,10260012,2024-04-23 11:54:00,7481.12644675926,2024,0.13,39.6802593774244,-98.860484957604,20746.4541666667,114,-47317604,18992166
"2045","SOLOMON RIVER BASIN","SC","SC670","7/23/24",1147,39.68026,-98.86048,10260012,2024-07-23 11:47:00,7572.12158564815,2024,0.6,39.6802529531817,-98.8604749586188,20837.4493055556,205,-47317599,18992163
"2046","SOLOMON RIVER BASIN","SC","SC674","4/27/93",1010,39.553154,-98.602307,10260012,1993-04-27 10:10:00,-3837.94577546296,1993,0.06,39.553146843013,-98.6023091026178,9427.38194444445,117,-47194033,18931326
"2047","SOLOMON RIVER BASIN","SC","SC674","6/22/93",1023,39.553154,-98.602307,10260012,1993-06-22 10:23:00,-3781.93674768519,1993,0.24,39.5531451489211,-98.6023105387723,9483.39097222222,173,-47194033,18931325
"2048","SOLOMON RIVER BASIN","SC","SC674","2/18/97",1035,39.553154,-98.602307,10260012,1997-02-18 10:35:00,-2444.92841435185,1997,0.051,39.5531634418409,-98.602299517267,10820.3993055556,49,-47194028,18931334
"2049","SOLOMON RIVER BASIN","SC","SC674","6/10/97",1035,39.553154,-98.602307,10260012,1997-06-10 10:35:00,-2332.92841435185,1997,0.242,39.5531619914391,-98.6023165012931,10932.3993055556,161,-47194036,18931333
"2050","SOLOMON RIVER BASIN","SC","SC674","5/22/01",1140,39.553154,-98.602307,10260012,2001-05-22 11:40:00,-890.883275462963,2001,0.202,39.5531609324886,-98.6023027769337,12374.4444444444,142,-47194030,18931333
"2051","SOLOMON RIVER BASIN","SC","SC674","7/31/01",1115,39.553154,-98.602307,10260012,2001-07-31 11:15:00,-820.900636574074,2001,0.462,39.5531475086508,-98.6023041789626,12444.4270833333,212,-47194030,18931326
"2052","SOLOMON RIVER BASIN","SC","SC674","9/25/01",1050,39.553154,-98.602307,10260012,2001-09-25 10:50:00,-764.917997685185,2001,0.364,39.5531451509338,-98.6023071761621,12500.4097222222,268,-47194032,18931325
"2053","SOLOMON RIVER BASIN","SC","SC674","11/27/01",1120,39.553154,-98.602307,10260012,2001-11-27 11:20:00,-701.897164351852,2001,0.576,39.5531566752309,-98.6023143478182,12563.4305555556,331,-47194035,18931331
"2054","SOLOMON RIVER BASIN","SC","SC674","3/24/09",1053,39.553154,-98.602307,10260012,2009-03-24 10:53:00,1972.08408564815,2009,0.075,39.553163612373,-98.6023120797557,15237.4118055556,83,-47194034,18931334
"2055","SOLOMON RIVER BASIN","SC","SC674","5/19/09",1101,39.553154,-98.602307,10260012,2009-05-19 11:01:00,2028.0896412037,2009,0.301,39.5531635275226,-98.602303358832,15293.4173611111,139,-47194030,18931334
"2056","SOLOMON RIVER BASIN","SC","SC674","7/27/09",1103,39.553154,-98.602307,10260012,2009-07-27 11:03:00,2097.09103009259,2009,0.363,39.5531518968128,-98.6023108317394,15362.41875,208,-47194034,18931328
"2057","SOLOMON RIVER BASIN","SC","SC674","12/1/09",1119,39.553154,-98.602307,10260012,2009-12-01 11:19:00,2224.1021412037,2009,0.085,39.5531480339978,-98.6023062581916,15489.4298611111,335,-47194031,18931326
"2058","SOLOMON RIVER BASIN","SC","SC721","5/25/99",1245,39.673585,-99.103037,10260012,1999-05-25 12:45:00,-1618.83813657407,1999,1.71,39.6735936036022,-99.1030430472389,11646.4895833333,145,-47433699,18988975
"2059","SOLOMON RIVER BASIN","SC","SC721","9/21/99",1310,39.673585,-99.103037,10260012,1999-09-21 13:10:00,-1499.82077546296,1999,0.48,39.6735867945574,-99.1030440551634,11765.5069444444,264,-47433700,18988972
"2060","SOLOMON RIVER BASIN","SC","SC721","11/30/99",1245,39.673585,-99.103037,10260012,1999-11-30 12:45:00,-1429.83813657407,1999,0.29,39.6735834848287,-99.1030434078202,11835.4895833333,334,-47433699,18988970
"2061","SOLOMON RIVER BASIN","SC","SC721","2/22/00",1255,39.673585,-99.103037,10260012,2000-02-22 12:55:00,-1345.83119212963,2000,0.19,39.6735754422491,-99.1030412517168,11919.4965277778,53,-47433698,18988967
"2062","SOLOMON RIVER BASIN","SC","SC721","4/25/00",1320,39.673585,-99.103037,10260012,2000-04-25 13:20:00,-1282.81383101852,2000,0.27,39.6735883633094,-99.1030417645278,11982.5138888889,116,-47433699,18988973
"2063","SOLOMON RIVER BASIN","SC","SC721","6/27/00",1240,39.673585,-99.103037,10260012,2000-06-27 12:40:00,-1219.8416087963,2000,0.83,39.6735797693225,-99.1030428090154,12045.4861111111,179,-47433699,18988969
"2064","SOLOMON RIVER BASIN","SC","SC721","8/29/00",1235,39.673585,-99.103037,10260012,2000-08-29 12:35:00,-1156.84508101852,2000,0.5,39.6735949354554,-99.1030322259046,12108.4826388889,242,-47433694,18988976
"2065","SOLOMON RIVER BASIN","SC","SC721","10/24/00",1205,39.673585,-99.103037,10260012,2000-10-24 12:05:00,-1100.86591435185,2000,0.57,39.6735890014241,-99.1030371685624,12164.4618055556,298,-47433696,18988973
"2066","SOLOMON RIVER BASIN","SC","SC721","12/20/00",1250,39.673585,-99.103037,10260012,2000-12-20 12:50:00,-1043.83466435185,2000,0.32,39.6735858445973,-99.1030415489393,12221.4930555556,355,-47433698,18988972
"2067","SOLOMON RIVER BASIN","SC","SC721","1/23/01",1130,39.673585,-99.103037,10260012,2001-01-23 11:30:00,-1009.89021990741,2001,0.33,39.6735851092536,-99.103045507872,12255.4375,23,-47433700,18988971
"2068","SOLOMON RIVER BASIN","SC","SC721","3/27/01",1150,39.673585,-99.103037,10260012,2001-03-27 11:50:00,-946.876331018518,2001,0.34,39.6735858115711,-99.1030277852608,12318.4513888889,86,-47433692,18988972
"2069","SOLOMON RIVER BASIN","SC","SC721","5/22/01",1250,39.673585,-99.103037,10260012,2001-05-22 12:50:00,-890.834664351852,2001,0.436,39.673588857592,-99.1030382038636,12374.4930555556,142,-47433697,18988973
"2070","SOLOMON RIVER BASIN","SC","SC721","7/31/01",1205,39.673585,-99.103037,10260012,2001-07-31 12:05:00,-820.865914351852,2001,0.907,39.6735918776954,-99.1030275985534,12444.4618055556,212,-47433692,18988974
"2071","SOLOMON RIVER BASIN","SC","SC721","9/25/01",1150,39.673585,-99.103037,10260012,2001-09-25 11:50:00,-764.876331018518,2001,0.508,39.6735828765849,-99.1030435584497,12500.4513888889,268,-47433699,18988970
"2072","SOLOMON RIVER BASIN","SC","SC721","11/27/01",1210,39.673585,-99.103037,10260012,2001-11-27 12:10:00,-701.86244212963,2001,0.252,39.673580736783,-99.103035987314,12563.4652777778,331,-47433696,18988969
"2073","SOLOMON RIVER BASIN","SC","SC721","2/26/02",1325,39.673585,-99.103037,10260012,2002-02-26 13:25:00,-610.810358796296,2002,0.233,39.6735817829152,-99.1030349097187,12654.5173611111,57,-47433695,18988970
"2074","SOLOMON RIVER BASIN","SC","SC721","4/23/02",1235,39.673585,-99.103037,10260012,2002-04-23 12:35:00,-554.845081018518,2002,0.491,39.6735831956006,-99.1030389788595,12710.4826388889,113,-47433697,18988970
"2075","SOLOMON RIVER BASIN","SC","SC721","6/25/02",1205,39.673585,-99.103037,10260012,2002-06-25 12:05:00,-491.865914351852,2002,0.911,39.6735890274221,-99.1030326438601,12773.4618055556,176,-47433694,18988973
"2076","SOLOMON RIVER BASIN","SC","SC721","8/27/02",1358,39.673585,-99.103037,10260012,2002-08-27 13:58:00,-428.78744212963,2002,1.256,39.6735799329964,-99.1030353259479,12836.5402777778,239,-47433695,18988969
"2077","SOLOMON RIVER BASIN","SC","SC721","10/29/02",1229,39.673585,-99.103037,10260012,2002-10-29 12:29:00,-365.849247685185,2002,0.763,39.6735812904475,-99.1030321293587,12899.4784722222,302,-47433694,18988969
"2078","SOLOMON RIVER BASIN","SC","SC721","12/17/02",1149,39.673585,-99.103037,10260012,2002-12-17 11:49:00,-316.877025462963,2002,0.309,39.6735819521164,-99.1030384357661,12948.4506944444,351,-47433697,18988970
"2079","SOLOMON RIVER BASIN","SC","SC721","1/28/03",1231,39.673585,-99.103037,10260012,2003-01-28 12:31:00,-274.847858796296,2003,0.534,39.6735753286181,-99.1030380191373,12990.4798611111,28,-47433697,18988967
"2080","SOLOMON RIVER BASIN","SC","SC721","3/25/03",1328,39.673585,-99.103037,10260012,2003-03-25 13:28:00,-218.808275462963,2003,0.438,39.6735879115504,-99.1030332199328,13046.5194444444,84,-47433694,18988973
"2081","SOLOMON RIVER BASIN","SC","SC721","5/20/03",1340,39.673585,-99.103037,10260012,2003-05-20 13:40:00,-162.79994212963,2003,0.273,39.6735829818448,-99.1030452616848,13102.5277777778,140,-47433700,18988970
"2082","SOLOMON RIVER BASIN","SC","SC721","7/29/03",1258,39.673585,-99.103037,10260012,2003-07-29 12:58:00,-92.8291087962963,2003,0.696,39.6735787941869,-99.1030356184751,13172.4986111111,210,-47433696,18988968
"2083","SOLOMON RIVER BASIN","SC","SC721","9/30/03",1316,39.673585,-99.103037,10260012,2003-09-30 13:16:00,-29.8166087962963,2003,0.5,39.6735881354494,-99.1030414747388,13235.5111111111,273,-47433698,18988973
"2084","SOLOMON RIVER BASIN","SC","SC721","12/2/03",1254,39.673585,-99.103037,10260012,2003-12-02 12:54:00,33.1681134259259,2003,0.5,39.6735794466262,-99.1030325960316,13298.4958333333,336,-47433694,18988968
"2085","SOLOMON RIVER BASIN","SC","SC721","2/24/04",1318,39.673585,-99.103037,10260012,2004-02-24 13:18:00,117.184780092593,2004,0.568,39.6735832317521,-99.1030408009635,13382.5125,55,-47433698,18988970
"2086","SOLOMON RIVER BASIN","SC","SC721","4/27/04",1323,39.673585,-99.103037,10260012,2004-04-27 13:23:00,180.188252314815,2004,0.385,39.6735767796387,-99.1030444477128,13445.5159722222,118,-47433700,18988967
"2087","SOLOMON RIVER BASIN","SC","SC721","6/29/04",1319,39.673585,-99.103037,10260012,2004-06-29 13:19:00,243.185474537037,2004,0.593,39.6735778425689,-99.1030446990393,13508.5131944444,181,-47433700,18988968
"2088","SOLOMON RIVER BASIN","SC","SC721","1/25/05",1212,39.673585,-99.103037,10260012,2005-01-25 12:12:00,453.138946759259,2005,0.964,39.6735892373137,-99.1030380707026,13718.4666666667,25,-47433697,18988973
"2089","SOLOMON RIVER BASIN","SC","SC721","3/29/05",1251,39.673585,-99.103037,10260012,2005-03-29 12:51:00,516.166030092593,2005,0.636,39.673588398502,-99.1030397585283,13781.49375,88,-47433698,18988973
"2090","SOLOMON RIVER BASIN","SC","SC721","5/24/05",1146,39.673585,-99.103037,10260012,2005-05-24 11:46:00,572.120891203704,2005,0.655,39.6735880412096,-99.103031840146,13837.4486111111,144,-47433694,18988973
"2091","SOLOMON RIVER BASIN","SC","SC721","7/26/05",1329,39.673585,-99.103037,10260012,2005-07-26 13:29:00,635.192418981482,2005,0.805,39.6735939418625,-99.1030422893147,13900.5201388889,207,-47433699,18988975
"2092","SOLOMON RIVER BASIN","SC","SC721","9/27/05",1226,39.673585,-99.103037,10260012,2005-09-27 12:26:00,698.148668981481,2005,0.532,39.6735831375502,-99.1030351117419,13963.4763888889,270,-47433695,18988970
"2093","SOLOMON RIVER BASIN","SC","SC721","2/21/06",1116,39.673585,-99.103037,10260012,2006-02-21 11:16:00,845.10005787037,2006,0.168,39.6735889160654,-99.1030465241924,14110.4277777778,52,-47433701,18988973
"2094","SOLOMON RIVER BASIN","SC","SC721","4/25/06",1131,39.673585,-99.103037,10260012,2006-04-25 11:31:00,908.110474537037,2006,1.093,39.6735814864088,-99.1030389059397,14173.4381944444,115,-47433697,18988969
"2095","SOLOMON RIVER BASIN","SC","SC721","6/27/06",1404,39.673585,-99.103037,10260012,2006-06-27 14:04:00,971.216724537037,2006,1.933,39.6735896854392,-99.103031267778,14236.5444444444,178,-47433694,18988973
"2096","SOLOMON RIVER BASIN","SC","SC721","8/29/06",1123,39.673585,-99.103037,10260012,2006-08-29 11:23:00,1034.10491898148,2006,0.87,39.6735773174285,-99.1030298748096,14299.4326388889,241,-47433693,18988967
"2097","SOLOMON RIVER BASIN","SC","SC721","12/19/06",1038,39.673585,-99.103037,10260012,2006-12-19 10:38:00,1146.07366898148,2006,0.301,39.673588663143,-99.103036995012,14411.4013888889,353,-47433696,18988973
"2098","SOLOMON RIVER BASIN","SC","SC721","1/30/07",1159,39.673585,-99.103037,10260012,2007-01-30 11:59:00,1188.12991898148,2007,0.941,39.6735847927798,-99.103041099774,14453.4576388889,30,-47433698,18988971
"2099","SOLOMON RIVER BASIN","SC","SC721","3/27/07",1152,39.673585,-99.103037,10260012,2007-03-27 11:52:00,1244.12505787037,2007,1.02,39.6735778009419,-99.103044447272,14509.4527777778,86,-47433700,18988968
"2100","SOLOMON RIVER BASIN","SC","SC721","5/22/07",1138,39.673585,-99.103037,10260012,2007-05-22 11:38:00,1300.11533564815,2007,0.965,39.6735764322353,-99.1030288704895,14565.4430555556,142,-47433692,18988967
"2101","SOLOMON RIVER BASIN","SC","SC721","7/31/07",1207,39.673585,-99.103037,10260012,2007-07-31 12:07:00,1370.13547453704,2007,1.552,39.67357723987,-99.1030368790862,14635.4631944444,212,-47433696,18988967
"2102","SOLOMON RIVER BASIN","SC","SC721","9/25/07",1315,39.673585,-99.103037,10260012,2007-09-25 13:15:00,1426.18269675926,2007,0.933,39.6735910871671,-99.1030369767874,14691.5104166667,268,-47433696,18988974
"2103","SOLOMON RIVER BASIN","SC","SC721","11/27/07",1154,39.673585,-99.103037,10260012,2007-11-27 11:54:00,1489.12644675926,2007,0.511,39.6735824766832,-99.1030405420449,14754.4541666667,331,-47433698,18988970
"2104","SOLOMON RIVER BASIN","SC","SC721","2/26/08",1303,39.673585,-99.103037,10260012,2008-02-26 13:03:00,1580.17436342593,2008,0.36,39.6735764367898,-99.1030305297552,14845.5020833333,57,-47433693,18988967
"2105","SOLOMON RIVER BASIN","SC","SC721","4/29/08",1357,39.673585,-99.103037,10260012,2008-04-29 13:57:00,1643.21186342593,2008,0.435,39.6735779705178,-99.1030447410361,14908.5395833333,120,-47433700,18988968
"2106","SOLOMON RIVER BASIN","SC","SC721","6/24/08",1208,39.673585,-99.103037,10260012,2008-06-24 12:08:00,1699.13616898148,2008,0.614,39.6735805175299,-99.1030380202658,14964.4638888889,176,-47433697,18988969
"2107","SOLOMON RIVER BASIN","SC","SC721","8/26/08",1259,39.673585,-99.103037,10260012,2008-08-26 12:59:00,1762.17158564815,2008,1.437,39.6735766844474,-99.1030396426452,15027.4993055556,239,-47433698,18988967
"2108","SOLOMON RIVER BASIN","SC","SC721","10/28/08",1341,39.673585,-99.103037,10260012,2008-10-28 13:41:00,1825.20075231481,2008,0.505,39.6735882348018,-99.1030465463626,15090.5284722222,302,-47433701,18988973
"2109","SOLOMON RIVER BASIN","SC","SC721","12/16/08",1411,39.673585,-99.103037,10260012,2008-12-16 14:11:00,1874.22158564815,2008,0.16,39.6735875648518,-99.1030368419072,15139.5493055556,351,-47433696,18988972
"2110","SOLOMON RIVER BASIN","SC","SC721","3/24/09",1154,39.673585,-99.103037,10260012,2009-03-24 11:54:00,1972.12644675926,2009,0.145,39.6735777654964,-99.1030377316868,15237.4541666667,83,-47433697,18988968
"2111","SOLOMON RIVER BASIN","SC","SC721","5/19/09",1155,39.673585,-99.103037,10260012,2009-05-19 11:55:00,2028.1271412037,2009,0.488,39.6735776738333,-99.103027309822,15293.4548611111,139,-47433692,18988968
"2112","SOLOMON RIVER BASIN","SC","SC721","7/27/09",1313,39.673585,-99.103037,10260012,2009-07-27 13:13:00,2097.18130787037,2009,0.645,39.6735893995335,-99.1030376184139,15362.5090277778,208,-47433697,18988973
"2113","SOLOMON RIVER BASIN","SC","SC721","12/1/09",1226,39.673585,-99.103037,10260012,2009-12-01 12:26:00,2224.14866898148,2009,0.276,39.6735883288152,-99.1030319820975,15489.4763888889,335,-47433694,18988973
"2114","SOLOMON RIVER BASIN","SC","SC721","2/16/10",1146,39.673585,-99.103037,10260012,2010-02-16 11:46:00,2301.1208912037,2010,0.231,39.6735935053374,-99.1030336569002,15566.4486111111,47,-47433695,18988975
"2115","SOLOMON RIVER BASIN","SC","SC721","5/18/10",1131,39.673585,-99.103037,10260012,2010-05-18 11:31:00,2392.11047453704,2010,1.07,39.6735915926503,-99.1030424114714,15657.4381944444,138,-47433699,18988974
"2116","SOLOMON RIVER BASIN","SC","SC721","8/17/10",1103,39.673585,-99.103037,10260012,2010-08-17 11:03:00,2483.09103009259,2010,0.634,39.6735785530347,-99.1030273819795,15748.41875,229,-47433692,18988968
"2117","SOLOMON RIVER BASIN","SC","SC721","11/16/10",1318,39.673585,-99.103037,10260012,2010-11-16 13:18:00,2574.18478009259,2010,0.232,39.6735904396108,-99.1030323137952,15839.5125,320,-47433694,18988974
"2118","SOLOMON RIVER BASIN","SC","SC721","3/22/11",1155,39.673585,-99.103037,10260012,2011-03-22 11:55:00,2700.1271412037,2011,0.171,39.6735835104726,-99.1030331072571,15965.4548611111,81,-47433694,18988970
"2119","SOLOMON RIVER BASIN","SC","SC721","6/21/11",1222,39.673585,-99.103037,10260012,2011-06-21 12:22:00,2791.1458912037,2011,0.662,39.6735939373358,-99.1030411703715,16056.4736111111,172,-47433698,18988975
"2120","SOLOMON RIVER BASIN","SC","SC721","9/20/11",1239,39.673585,-99.103037,10260012,2011-09-20 12:39:00,2882.15769675926,2011,0.576,39.6735861864333,-99.1030299434889,16147.4854166667,263,-47433693,18988972
"2121","SOLOMON RIVER BASIN","SC","SC721","12/6/11",1238,39.673585,-99.103037,10260012,2011-12-06 12:38:00,2959.15700231481,2011,0.312,39.6735840556469,-99.1030438034041,16224.4847222222,340,-47433700,18988971
"2122","SOLOMON RIVER BASIN","SC","SC721","1/24/12",1052,39.673585,-99.103037,10260012,2012-01-24 10:52:00,3008.0833912037,2012,0.203,39.6735798978326,-99.1030421775395,16273.4111111111,24,-47433699,18988969
"2123","SOLOMON RIVER BASIN","SC","SC721","4/10/12",1206,39.673585,-99.103037,10260012,2012-04-10 12:06:00,3085.13478009259,2012,0.62,39.6735812187053,-99.1030463612365,16350.4625,101,-47433701,18988969
"2124","SOLOMON RIVER BASIN","SC","SC721","7/24/12",1135,39.673585,-99.103037,10260012,2012-07-24 11:35:00,3190.11325231481,2012,0.675,39.6735911205739,-99.1030413289189,16455.4409722222,206,-47433698,18988974
"2125","SOLOMON RIVER BASIN","SC","SC721","10/23/12",1141,39.673585,-99.103037,10260012,2012-10-23 11:41:00,3281.11741898148,2012,0.285,39.6735752137723,-99.1030431872017,16546.4451388889,297,-47433699,18988966
"2126","SOLOMON RIVER BASIN","SC","SC721","2/19/13",1121,39.673585,-99.103037,10260012,2013-02-19 11:21:00,3400.10353009259,2013,0.204,39.6735824429286,-99.1030332707667,16665.43125,50,-47433694,18988970
"2127","SOLOMON RIVER BASIN","SC","SC721","5/21/13",1140,39.673585,-99.103037,10260012,2013-05-21 11:40:00,3491.11672453704,2013,0.527,39.6735783507041,-99.1030428781796,16756.4444444444,141,-47433699,18988968
"2128","SOLOMON RIVER BASIN","SC","SC721","8/20/13",1148,39.673585,-99.103037,10260012,2013-08-20 11:48:00,3582.12228009259,2013,0.703,39.6735875434599,-99.1030451158189,16847.45,232,-47433700,18988972
"2129","SOLOMON RIVER BASIN","SC","SC721","11/19/13",1202,39.673585,-99.103037,10260012,2013-11-19 12:02:00,3673.13200231481,2013,0.386,39.6735906989564,-99.1030335874715,16938.4597222222,323,-47433695,18988974
"2130","SOLOMON RIVER BASIN","SC","SC721","3/18/14",1220,39.673585,-99.103037,10260012,2014-03-18 12:20:00,3792.14450231481,2014,0.21,39.6735761942493,-99.1030401682237,17057.4722222222,77,-47433698,18988967
"2131","SOLOMON RIVER BASIN","SC","SC721","3/18/14",1225,39.673585,-99.103037,10260012,2014-03-18 12:25:00,3792.14797453704,2014,0.19,39.6735899774517,-99.1030427333948,17057.4756944444,77,-47433699,18988974
"2132","SOLOMON RIVER BASIN","SC","SC721","6/24/14",1136,39.673585,-99.103037,10260012,2014-06-24 11:36:00,3890.11394675926,2014,0.97,39.67357642557,-99.1030409607213,17155.4416666667,175,-47433698,18988967
"2133","SOLOMON RIVER BASIN","SC","SC721","9/23/14",1150,39.673585,-99.103037,10260012,2014-09-23 11:50:00,3981.12366898148,2014,0.4,39.6735782071588,-99.1030421969839,17246.4513888889,266,-47433699,18988968
"2134","SOLOMON RIVER BASIN","SC","SC721","12/16/14",1204,39.673585,-99.103037,10260012,2014-12-16 12:04:00,4065.1333912037,2014,0.3,39.6735792338274,-99.1030433848873,17330.4611111111,350,-47433699,18988968
"2135","SOLOMON RIVER BASIN","SC","SC721","1/27/15",1221,39.673585,-99.103037,10260012,2015-01-27 12:21:00,4107.14519675926,2015,0.17,39.6735904720571,-99.1030284523061,17372.4729166667,27,-47433692,18988974
"2136","SOLOMON RIVER BASIN","SC","SC721","4/7/15",1219,39.673585,-99.103037,10260012,2015-04-07 12:19:00,4177.14380787037,2015,0.4,39.6735813372305,-99.1030394972768,17442.4715277778,97,-47433697,18988969
"2137","SOLOMON RIVER BASIN","SC","SC721","7/7/15",1321,39.673585,-99.103037,10260012,2015-07-07 13:21:00,4268.18686342593,2015,1.6,39.673588965075,-99.1030416949772,17533.5145833333,188,-47433698,18988973
"2138","SOLOMON RIVER BASIN","SC","SC721","10/6/15",1123,39.673585,-99.103037,10260012,2015-10-06 11:23:00,4359.10491898148,2015,0.36,39.6735922903462,-99.103036463785,17624.4326388889,279,-47433696,18988975
"2139","SOLOMON RIVER BASIN","SC","SC721","2/16/16",1130,39.673585,-99.103037,10260012,2016-02-16 11:30:00,4492.10978009259,2016,0.16,39.6735940360801,-99.1030306094444,17757.4375,47,-47433693,18988975
"2140","SOLOMON RIVER BASIN","SC","SC721","5/24/16",1212,39.673585,-99.103037,10260012,2016-05-24 12:12:00,4590.13894675926,2016,0.93,39.6735766380516,-99.103046521327,17855.4666666667,145,-47433701,18988967
"2141","SOLOMON RIVER BASIN","SC","SC721","8/30/16",1147,39.673585,-99.103037,10260012,2016-08-30 11:47:00,4688.12158564815,2016,0.66,39.673592988737,-99.1030300750737,17953.4493055556,243,-47433693,18988975
"2142","SOLOMON RIVER BASIN","SC","SC721","11/8/16",1142,39.673585,-99.103037,10260012,2016-11-08 11:42:00,4758.11811342593,2016,0.59,39.6735779649705,-99.1030429062019,18023.4458333333,313,-47433699,18988968
"2143","SOLOMON RIVER BASIN","SC","SC721","3/7/17",1132,39.673585,-99.103037,10260012,2017-03-07 11:32:00,4877.11116898148,2017,0.36,39.6735903204958,-99.1030344029034,18142.4388888889,66,-47433695,18988974
"2144","SOLOMON RIVER BASIN","SC","SC721","6/20/17",1138,39.673585,-99.103037,10260012,2017-06-20 11:38:00,4982.11533564815,2017,0.74,39.6735834040068,-99.1030420848489,18247.4430555556,171,-47433699,18988970
"2145","SOLOMON RIVER BASIN","SC","SC721","9/19/17",1148,39.673585,-99.103037,10260012,2017-09-19 11:48:00,5073.12228009259,2017,0.43,39.6735864771631,-99.1030285904731,18338.45,262,-47433692,18988972
"2146","SOLOMON RIVER BASIN","SC","SC721","12/12/17",1149,39.673585,-99.103037,10260012,2017-12-12 11:49:00,5157.12297453704,2017,0.17,39.6735877315912,-99.1030426206089,18422.4506944444,346,-47433699,18988972
"2147","SOLOMON RIVER BASIN","SC","SC721","1/30/18",1232,39.673585,-99.103037,10260012,2018-01-30 12:32:00,5206.15283564815,2018,0.17,39.6735849187972,-99.1030370933101,18471.4805555556,30,-47433696,18988971
"2148","SOLOMON RIVER BASIN","SC","SC721","4/24/18",1152,39.673585,-99.103037,10260012,2018-04-24 11:52:00,5290.12505787037,2018,0.32,39.6735926565779,-99.1030283569427,18555.4527777778,114,-47433692,18988975
"2149","SOLOMON RIVER BASIN","SC","SC721","7/10/18",1144,39.673585,-99.103037,10260012,2018-07-10 11:44:00,5367.11950231481,2018,0.6,39.6735943994175,-99.1030469059356,18632.4472222222,191,-47433701,18988976
"2150","SOLOMON RIVER BASIN","SC","SC721","10/9/18",1029,39.673585,-99.103037,10260012,2018-10-09 10:29:00,5458.06741898148,2018,0.65,39.6735844275223,-99.1030429529826,18723.3951388889,282,-47433699,18988971
"2151","SOLOMON RIVER BASIN","SC","SC721","5/7/19",1128,39.673585,-99.103037,10260012,2019-05-07 11:28:00,5668.1083912037,2019,0.37,39.6735880551172,-99.1030350045787,18933.4361111111,127,-47433695,18988973
"2152","SOLOMON RIVER BASIN","SC","SC721","8/6/19",1245,39.673585,-99.103037,10260012,2019-08-06 12:45:00,5759.16186342593,2019,0.32,39.6735921187704,-99.1030461154693,19024.4895833333,218,-47433701,18988975
"2153","SOLOMON RIVER BASIN","SC","SC721","11/19/19",1133,39.673585,-99.103037,10260012,2019-11-19 11:33:00,5864.11186342593,2019,0.19,39.6735784100947,-99.1030411195229,19129.4395833333,323,-47433698,18988968
"2154","SOLOMON RIVER BASIN","SC","SC721","9/22/20",945,39.673585,-99.103037,10260012,2020-09-22 09:45:00,6172.03686342593,2020,0.23,39.673590854139,-99.1030423216943,19437.3645833333,266,-47433699,18988974
"2155","SOLOMON RIVER BASIN","SC","SC721","12/15/20",1045,39.673585,-99.103037,10260012,2020-12-15 10:45:00,6256.07853009259,2020,0.2,39.6735853426868,-99.1030275830462,19521.40625,350,-47433692,18988971
"2156","SOLOMON RIVER BASIN","SC","SC721","1/12/21",1029,39.673585,-99.103037,10260012,2021-01-12 10:29:00,6284.06741898148,2021,0.19,39.6735781999869,-99.1030303012728,19549.3951388889,12,-47433693,18988968
"2157","SOLOMON RIVER BASIN","SC","SC721","4/20/21",944,39.673585,-99.103037,10260012,2021-04-20 09:44:00,6382.03616898148,2021,0.13,39.6735837028538,-99.1030367449797,19647.3638888889,110,-47433696,18988971
"2158","SOLOMON RIVER BASIN","SC","SC721","7/20/21",913,39.673585,-99.103037,10260012,2021-07-20 09:13:00,6473.0146412037,2021,0.33,39.6735832596902,-99.1030446941058,19738.3423611111,201,-47433700,18988970
"2159","SOLOMON RIVER BASIN","SC","SC721","10/26/21",918,39.673585,-99.103037,10260012,2021-10-26 09:18:00,6571.01811342593,2021,0.34,39.6735891422559,-99.1030455854532,19836.3458333333,299,-47433700,18988973
"2160","SOLOMON RIVER BASIN","SC","SC721","2/22/22",939,39.673585,-99.103037,10260012,2022-02-22 09:39:00,6690.03269675926,2022,0.12,39.6735935846039,-99.103039653458,19955.3604166667,53,-47433698,18988975
"2161","SOLOMON RIVER BASIN","SC","SC721","5/17/22",1131,39.673585,-99.103037,10260012,2022-05-17 11:31:00,6774.11047453704,2022,0.38,39.673580999987,-99.1030310327226,20039.4381944444,137,-47433693,18988969
"2162","SOLOMON RIVER BASIN","SC","SC721","8/9/22",1026,39.673585,-99.103037,10260012,2022-08-09 10:26:00,6858.06533564815,2022,0.65,39.6735899477349,-99.1030335814327,20123.3930555556,221,-47433695,18988974
"2163","SOLOMON RIVER BASIN","SC","SC721","11/15/22",1101,39.673585,-99.103037,10260012,2022-11-15 11:01:00,6956.0896412037,2022,1.1,39.6735928214357,-99.1030300423209,20221.4173611111,319,-47433693,18988975
"2164","SOLOMON RIVER BASIN","SC","SC721","3/14/23",1019,39.673585,-99.103037,10260012,2023-03-14 10:19:00,7075.06047453704,2023,0.17,39.6735919717386,-99.103041785649,20340.3881944444,73,-47433699,18988974
"2165","SOLOMON RIVER BASIN","SC","SC721","6/13/23",1110,39.673585,-99.103037,10260012,2023-06-13 11:10:00,7166.0958912037,2023,0.75,39.6735815558421,-99.103034416955,20431.4236111111,164,-47433695,18988970
"2166","SOLOMON RIVER BASIN","SC","SC721","9/12/23",1034,39.673585,-99.103037,10260012,2023-09-12 10:34:00,7257.0708912037,2023,0.42,39.6735787778413,-99.1030327533488,20522.3986111111,255,-47433694,18988968
"2167","SOLOMON RIVER BASIN","SC","SC721","12/12/23",1037,39.673585,-99.103037,10260012,2023-12-12 10:37:00,7348.07297453704,2023,0.43,39.6735928727459,-99.103030566095,20613.4006944444,346,-47433693,18988975
"2168","SOLOMON RIVER BASIN","SC","SC721","1/30/24",1019,39.673585,-99.103037,10260012,2024-01-30 10:19:00,7397.06047453704,2024,0.32,39.6735840982404,-99.1030291104341,20662.3881944444,30,-47433692,18988971
"2169","SOLOMON RIVER BASIN","SC","SC721","4/23/24",948,39.673585,-99.103037,10260012,2024-04-23 09:48:00,7481.03894675926,2024,0.38,39.6735845237205,-99.1030272935317,20746.3666666667,114,-47433692,18988971
"2170","SOLOMON RIVER BASIN","SC","SC721","7/23/24",1038,39.673585,-99.103037,10260012,2024-07-23 10:38:00,7572.07366898148,2024,0.46,39.6735803562978,-99.103028709521,20837.4013888889,205,-47433692,18988969
"2171","SOLOMON RIVER BASIN","SC","SC721","10/22/24",1211,39.673585,-99.103037,10260012,2024-10-22 12:11:00,7663.13825231481,2024,0.4,39.6735796566538,-99.1030442336945,20928.4659722222,296,-47433700,18988969
"2172","SOLOMON RIVER BASIN","SC","SC737","2/26/02",1020,39.43919,-99.101685,10260014,2002-02-26 10:20:00,-610.938831018518,2002,0.079,39.439190026122,-99.1016909586899,12654.3888888889,57,-47433052,18876783
"2173","SOLOMON RIVER BASIN","SC","SC737","4/23/02",940,39.43919,-99.101685,10260014,2002-04-23 09:40:00,-554.966608796296,2002,0.144,39.4391938234462,-99.1016774952288,12710.3611111111,113,-47433046,18876784
"2174","SOLOMON RIVER BASIN","SC","SC737","6/25/02",920,39.43919,-99.101685,10260014,2002-06-25 09:20:00,-491.980497685185,2002,0.261,39.4391983408324,-99.1016944039915,12773.3472222222,176,-47433054,18876787
"2175","SOLOMON RIVER BASIN","SC","SC737","8/27/02",1005,39.43919,-99.101685,10260014,2002-08-27 10:05:00,-428.949247685185,2002,0.197,39.4391923560095,-99.1016764226171,12836.3784722222,239,-47433045,18876784
"2176","SOLOMON RIVER BASIN","SC","SC737","10/29/02",926,39.43919,-99.101685,10260014,2002-10-29 09:26:00,-365.976331018519,2002,0.05,39.439193270755,-99.1016790767035,12899.3513888889,302,-47433046,18876784
"2177","SOLOMON RIVER BASIN","SC","SC737","10/29/02",931,39.43919,-99.101685,10260014,2002-10-29 09:31:00,-365.972858796296,2002,0.08,39.4391885202177,-99.1016897513757,12899.3548611111,302,-47433051,18876782
"2178","SOLOMON RIVER BASIN","SC","SC737","12/17/02",908,39.43919,-99.101685,10260014,2002-12-17 09:08:00,-316.988831018519,2002,0.066,39.4391910169929,-99.1016810100383,12948.3388888889,351,-47433047,18876783
"2179","SOLOMON RIVER BASIN","SC","SC737","1/28/03",927,39.43919,-99.101685,10260014,2003-01-28 09:27:00,-274.975636574074,2003,0.065,39.4391837274949,-99.1016761209043,12990.3520833333,28,-47433045,18876780
"2180","SOLOMON RIVER BASIN","SC","SC737","3/25/03",910,39.43919,-99.101685,10260014,2003-03-25 09:10:00,-218.98744212963,2003,0.107,39.4391971903374,-99.101694755772,13046.3402777778,84,-47433054,18876786
"2181","SOLOMON RIVER BASIN","SC","SC737","5/20/03",929,39.43919,-99.101685,10260014,2003-05-20 09:29:00,-162.974247685185,2003,0.113,39.4391824230273,-99.1016947098648,13102.3534722222,140,-47433054,18876779
"2182","SOLOMON RIVER BASIN","SC","SC737","7/29/03",915,39.43919,-99.101685,10260014,2003-07-29 09:15:00,-92.9839699074074,2003,0.184,39.4391951490775,-99.1016911102296,13172.34375,210,-47433052,18876785
"2183","SOLOMON RIVER BASIN","SC","SC737","9/30/03",952,39.43919,-99.101685,10260014,2003-09-30 09:52:00,-29.958275462963,2003,0.095,39.439182747306,-99.1016778839305,13235.3694444444,273,-47433046,18876779
"2184","SOLOMON RIVER BASIN","SC","SC737","12/2/03",927,39.43919,-99.101685,10260014,2003-12-02 09:27:00,33.0243634259259,2003,0.06,39.4391835756005,-99.1016835242703,13298.3520833333,336,-47433048,18876780
"2185","SOLOMON RIVER BASIN","SC","SC737","2/24/04",949,39.43919,-99.101685,10260014,2004-02-24 09:49:00,117.039641203704,2004,0.073,39.4391949924527,-99.1016791755097,13382.3673611111,55,-47433046,18876785
"2186","SOLOMON RIVER BASIN","SC","SC737","4/27/04",920,39.43919,-99.101685,10260014,2004-04-27 09:20:00,180.019502314815,2004,0.114,39.4391889932211,-99.1016941466932,13445.3472222222,118,-47433054,18876782
"2187","SOLOMON RIVER BASIN","SC","SC737","6/29/04",907,39.43919,-99.101685,10260014,2004-06-29 09:07:00,243.010474537037,2004,0.159,39.439182069817,-99.1016812381644,13508.3381944444,181,-47433047,18876779
"2188","SOLOMON RIVER BASIN","SC","SC737","8/24/04",912,39.43919,-99.101685,10260014,2004-08-24 09:12:00,299.013946759259,2004,0.139,39.4391919489477,-99.1016830428911,13564.3416666667,237,-47433048,18876784
"2189","SOLOMON RIVER BASIN","SC","SC737","10/26/04",942,39.43919,-99.101685,10260014,2004-10-26 09:42:00,362.034780092593,2004,0.056,39.43919234682,-99.1016844261599,13627.3625,300,-47433049,18876784
"2190","SOLOMON RIVER BASIN","SC","SC737","12/21/04",1002,39.43919,-99.101685,10260014,2004-12-21 10:02:00,418.048668981481,2004,0.058,39.4391962398384,-99.101692491039,13683.3763888889,356,-47433053,18876786
"2191","SOLOMON RIVER BASIN","SC","SC737","1/25/05",927,39.43919,-99.101685,10260014,2005-01-25 09:27:00,453.024363425926,2005,0.124,39.4391917378494,-99.101681852284,13718.3520833333,25,-47433048,18876783
"2192","SOLOMON RIVER BASIN","SC","SC737","3/29/05",934,39.43919,-99.101685,10260014,2005-03-29 09:34:00,516.029224537037,2005,0.089,39.4391840094626,-99.1016773294531,13781.3569444444,88,-47433045,18876780
"2193","SOLOMON RIVER BASIN","SC","SC737","5/24/05",915,39.43919,-99.101685,10260014,2005-05-24 09:15:00,572.016030092593,2005,0.189,39.4391840761356,-99.1016859111567,13837.34375,144,-47433050,18876780
"2194","SOLOMON RIVER BASIN","SC","SC737","7/26/05",840,39.43919,-99.101685,10260014,2005-07-26 08:40:00,634.991724537037,2005,0.229,39.4391808250104,-99.1016831146999,13900.3194444444,207,-47433048,18876778
"2195","SOLOMON RIVER BASIN","SC","SC737","9/27/05",1004,39.43919,-99.101685,10260014,2005-09-27 10:04:00,698.05005787037,2005,0.099,39.4391913473751,-99.101682806328,13963.3777777778,270,-47433048,18876783
"2196","SOLOMON RIVER BASIN","SC","SC737","2/21/06",837,39.43919,-99.101685,10260014,2006-02-21 08:37:00,844.989641203704,2006,0.067,39.4391839786381,-99.1016801202135,14110.3173611111,52,-47433047,18876780
"2197","SOLOMON RIVER BASIN","SC","SC737","4/25/06",835,39.43919,-99.101685,10260014,2006-04-25 08:35:00,907.988252314815,2006,0.271,39.4391876709657,-99.1016845296088,14173.3159722222,115,-47433049,18876782
"2198","SOLOMON RIVER BASIN","SC","SC737","6/27/06",817,39.43919,-99.101685,10260014,2006-06-27 08:17:00,970.975752314815,2006,0.34,39.4391849843929,-99.1016913485685,14236.3034722222,178,-47433052,18876780
"2199","SOLOMON RIVER BASIN","SC","SC737","8/29/06",823,39.43919,-99.101685,10260014,2006-08-29 08:23:00,1033.97991898148,2006,0.151,39.43918007977,-99.1016948505923,14299.3076388889,241,-47433054,18876778
"2200","SOLOMON RIVER BASIN","SC","SC737","10/24/06",902,39.43919,-99.101685,10260014,2006-10-24 09:02:00,1090.00700231481,2006,0.045,39.439189849256,-99.101681462079,14355.3347222222,297,-47433047,18876783
"2201","SOLOMON RIVER BASIN","SC","SC737","12/19/06",815,39.43919,-99.101685,10260014,2006-12-19 08:15:00,1145.97436342593,2006,0.183,39.4391809218029,-99.1016938840458,14411.3020833333,353,-47433053,18876778
"2202","SOLOMON RIVER BASIN","SC","SC737","1/30/07",904,39.43919,-99.101685,10260014,2007-01-30 09:04:00,1188.0083912037,2007,0.286,39.4391881058997,-99.101690395775,14453.3361111111,30,-47433052,18876782
"2203","SOLOMON RIVER BASIN","SC","SC737","3/27/07",900,39.43919,-99.101685,10260014,2007-03-27 09:00:00,1244.00561342593,2007,2.156,39.4391924512117,-99.1016838044389,14509.3333333333,86,-47433049,18876784
"2204","SOLOMON RIVER BASIN","SC","SC737","5/22/07",836,39.43919,-99.101685,10260014,2007-05-22 08:36:00,1299.98894675926,2007,0.238,39.4391875036964,-99.101694988085,14565.3166666667,142,-47433054,18876781
"2205","SOLOMON RIVER BASIN","SC","SC737","7/31/07",832,39.43919,-99.101685,10260014,2007-07-31 08:32:00,1369.98616898148,2007,0.373,39.4391848002637,-99.1016792232788,14635.3138888889,212,-47433046,18876780
"2206","SOLOMON RIVER BASIN","SC","SC737","9/25/07",917,39.43919,-99.101685,10260014,2007-09-25 09:17:00,1426.01741898148,2007,0.193,39.4391868752796,-99.1016768480698,14691.3451388889,268,-47433045,18876781
"2207","SOLOMON RIVER BASIN","SC","SC737","11/27/07",843,39.43919,-99.101685,10260014,2007-11-27 08:43:00,1488.99380787037,2007,0.083,39.4391804366345,-99.1016833428689,14754.3215277778,331,-47433048,18876778
"2208","SOLOMON RIVER BASIN","SC","SC737","11/27/07",848,39.43919,-99.101685,10260014,2007-11-27 08:48:00,1488.99728009259,2007,0.087,39.4391891546465,-99.1016886094227,14754.325,331,-47433051,18876782
"2209","SOLOMON RIVER BASIN","SC","SC737","2/26/08",854,39.43919,-99.101685,10260014,2008-02-26 08:54:00,1580.00144675926,2008,0.034,39.4391895621456,-99.1016841004397,14845.3291666667,57,-47433049,18876782
"2210","SOLOMON RIVER BASIN","SC","SC737","4/29/08",851,39.43919,-99.101685,10260014,2008-04-29 08:51:00,1642.99936342593,2008,0.085,39.4391845828432,-99.1016753835744,14908.3270833333,120,-47433045,18876780
"2211","SOLOMON RIVER BASIN","SC","SC737","6/24/08",828,39.43919,-99.101685,10260014,2008-06-24 08:28:00,1698.9833912037,2008,0.179,39.4391823638804,-99.101689933415,14964.3111111111,176,-47433052,18876779
"2212","SOLOMON RIVER BASIN","SC","SC737","8/26/08",845,39.43919,-99.101685,10260014,2008-08-26 08:45:00,1761.99519675926,2008,0.451,39.4391809233367,-99.1016848435506,15027.3229166667,239,-47433049,18876778
"2213","SOLOMON RIVER BASIN","SC","SC737","10/28/08",907,39.43919,-99.101685,10260014,2008-10-28 09:07:00,1825.01047453704,2008,0.199,39.439187489766,-99.1016888892087,15090.3381944444,302,-47433051,18876781
"2214","SOLOMON RIVER BASIN","SC","SC737","12/16/08",909,39.43919,-99.101685,10260014,2008-12-16 09:09:00,1874.01186342593,2008,0.053,39.4391981573264,-99.1016886574395,15139.3395833333,351,-47433051,18876787
"2215","SOLOMON RIVER BASIN","SC","SC737","3/24/09",900,39.43919,-99.101685,10260014,2009-03-24 09:00:00,1972.00561342593,2009,0.101,39.4391857862649,-99.1016877287596,15237.3333333333,83,-47433050,18876781
"2216","SOLOMON RIVER BASIN","SC","SC737","5/19/09",906,39.43919,-99.101685,10260014,2009-05-19 09:06:00,2028.00978009259,2009,0.093,39.4391849986671,-99.1016805622196,15293.3375,139,-47433047,18876780
"2217","SOLOMON RIVER BASIN","SC","SC737","7/27/09",1240,39.43919,-99.101685,10260014,2009-07-27 12:40:00,2097.1583912037,2009,0.224,39.4391912344229,-99.1016843752187,15362.4861111111,208,-47433049,18876783
"2218","SOLOMON RIVER BASIN","SC","SC737","12/1/09",908,39.43919,-99.101685,10260014,2009-12-01 09:08:00,2224.01116898148,2009,0.083,39.4391933794597,-99.1016886304047,15489.3388888889,335,-47433051,18876784
"2219","SOLOMON RIVER BASIN","SC","SC737","2/16/10",850,39.43919,-99.101685,10260014,2010-02-16 08:50:00,2300.99866898148,2010,0.061,39.439197547607,-99.1016879201506,15566.3263888889,47,-47433051,18876786
"2220","SOLOMON RIVER BASIN","SC","SC737","5/18/10",901,39.43919,-99.101685,10260014,2010-05-18 09:01:00,2392.00630787037,2010,0.104,39.4391938136079,-99.1016872663867,15657.3340277778,138,-47433050,18876784
"2221","SOLOMON RIVER BASIN","SC","SC737","8/17/10",845,39.43919,-99.101685,10260014,2010-08-17 08:45:00,2482.99519675926,2010,0.167,39.4391951972569,-99.1016947335501,15748.3229166667,229,-47433054,18876785
"2222","SOLOMON RIVER BASIN","SC","SC737","11/16/10",1027,39.43919,-99.101685,10260014,2010-11-16 10:27:00,2574.06603009259,2010,0.075,39.4391904190038,-99.1016764038134,15839.39375,320,-47433045,18876783
"2223","SOLOMON RIVER BASIN","SC","SC737","3/22/11",858,39.43919,-99.101685,10260014,2011-03-22 08:58:00,2700.00422453704,2011,0.137,39.4391923165923,-99.1016873664301,15965.3319444444,81,-47433050,18876784
"2224","SOLOMON RIVER BASIN","SC","SC737","6/21/11",840,39.43919,-99.101685,10260014,2011-06-21 08:40:00,2790.99172453704,2011,0.119,39.4391852631555,-99.1016892417343,16056.3194444444,172,-47433051,18876780
"2225","SOLOMON RIVER BASIN","SC","SC737","9/20/11",856,39.43919,-99.101685,10260014,2011-09-20 08:56:00,2882.00283564815,2011,0.102,39.4391908713155,-99.1016898242435,16147.3305555556,263,-47433051,18876783
"2226","SOLOMON RIVER BASIN","SC","SC737","12/6/11",851,39.43919,-99.101685,10260014,2011-12-06 08:51:00,2958.99936342593,2011,0.121,39.4391822736413,-99.1016854523443,16224.3270833333,340,-47433049,18876779
"2227","SOLOMON RIVER BASIN","SC","SC737","1/24/12",846,39.43919,-99.101685,10260014,2012-01-24 08:46:00,3007.9958912037,2012,0.049,39.4391829530397,-99.1016918377769,16273.3236111111,24,-47433052,18876779
"2228","SOLOMON RIVER BASIN","SC","SC737","4/10/12",1429,39.43919,-99.101685,10260014,2012-04-10 14:29:00,3085.23408564815,2012,0.166,39.4391918218496,-99.101683666398,16350.5618055556,101,-47433049,18876784
"2229","SOLOMON RIVER BASIN","SC","SC737","7/24/12",1429,39.43919,-99.101685,10260014,2012-07-24 14:29:00,3190.23408564815,2012,0.151,39.4391907295268,-99.1016896935352,16455.5618055556,206,-47433051,18876783
"2230","SOLOMON RIVER BASIN","SC","SC737","10/23/12",1348,39.43919,-99.101685,10260014,2012-10-23 13:48:00,3281.20561342593,2012,0.073,39.4391940942133,-99.1016870657169,16546.5333333333,297,-47433050,18876785
"2231","SOLOMON RIVER BASIN","SC","SC737","2/19/13",1413,39.43919,-99.101685,10260014,2013-02-19 14:13:00,3400.22297453704,2013,0.091,39.4391894310878,-99.1016921118926,16665.5506944444,50,-47433053,18876782
"2232","SOLOMON RIVER BASIN","SC","SC737","5/21/13",1419,39.43919,-99.101685,10260014,2013-05-21 14:19:00,3491.2271412037,2013,0.113,39.439198311489,-99.1016804786887,16756.5548611111,141,-47433047,18876787
"2233","SOLOMON RIVER BASIN","SC","SC737","8/20/13",1456,39.43919,-99.101685,10260014,2013-08-20 14:56:00,3582.25283564815,2013,0.176,39.4391839186495,-99.1016892535562,16847.5805555556,232,-47433051,18876780
"2234","SOLOMON RIVER BASIN","SC","SC737","11/19/13",1502,39.43919,-99.101685,10260014,2013-11-19 15:02:00,3673.25700231481,2013,0.055,39.4391867135436,-99.1016911437552,16938.5847222222,323,-47433052,18876781
"2235","SOLOMON RIVER BASIN","SC","SC737","3/18/14",1425,39.43919,-99.101685,10260014,2014-03-18 14:25:00,3792.23130787037,2014,0.16,39.4391934484169,-99.1016844650318,17057.5590277778,77,-47433049,18876784
"2236","SOLOMON RIVER BASIN","SC","SC737","6/24/14",1320,39.43919,-99.101685,10260014,2014-06-24 13:20:00,3890.18616898148,2014,0.3,39.4391948810634,-99.1016865818101,17155.5138888889,175,-47433050,18876785
"2237","SOLOMON RIVER BASIN","SC","SC737","9/23/14",1350,39.43919,-99.101685,10260014,2014-09-23 13:50:00,3981.20700231481,2014,0.11,39.4391825612398,-99.1016786849705,17246.5347222222,266,-47433046,18876779
"2238","SOLOMON RIVER BASIN","SC","SC737","12/16/14",1402,39.43919,-99.101685,10260014,2014-12-16 14:02:00,4065.21533564815,2014,0.09,39.4391992075453,-99.1016896467,17330.5430555556,350,-47433051,18876787
"2239","SOLOMON RIVER BASIN","SC","SC737","1/27/15",951,39.43919,-99.101685,10260014,2015-01-27 09:51:00,4107.04103009259,2015,0.056,39.4391992032546,-99.1016783944797,17372.36875,27,-47433046,18876787
"2240","SOLOMON RIVER BASIN","SC","SC737","4/7/15",911,39.43919,-99.101685,10260014,2015-04-07 09:11:00,4177.01325231481,2015,0.12,39.4391970507019,-99.1016821209888,17442.3409722222,97,-47433048,18876786
"2241","SOLOMON RIVER BASIN","SC","SC737","7/7/15",858,39.43919,-99.101685,10260014,2015-07-07 08:58:00,4268.00422453704,2015,0.22,39.43918303867,-99.101690407215,17533.3319444444,188,-47433052,18876779
"2242","SOLOMON RIVER BASIN","SC","SC737","10/6/15",905,39.43919,-99.101685,10260014,2015-10-06 09:05:00,4359.00908564815,2015,0.15,39.4391845281059,-99.1016868506136,17624.3368055556,279,-47433050,18876780
"2243","SOLOMON RIVER BASIN","SC","SC737","2/16/16",1500,39.43919,-99.101685,10260014,2016-02-16 15:00:00,4492.25561342593,2016,0.065,39.4391817309468,-99.1016901338904,17757.5833333333,47,-47433052,18876779
"2244","SOLOMON RIVER BASIN","SC","SC737","5/24/16",1552,39.43919,-99.101685,10260014,2016-05-24 15:52:00,4590.29172453704,2016,0.62,39.4391869128048,-99.1016761829699,17855.6194444444,145,-47433045,18876781
"2245","SOLOMON RIVER BASIN","SC","SC737","8/30/16",1458,39.43919,-99.101685,10260014,2016-08-30 14:58:00,4688.25422453704,2016,0.13,39.4391820772758,-99.1016901199516,17953.5819444444,243,-47433052,18876779
"2246","SOLOMON RIVER BASIN","SC","SC737","11/8/16",1450,39.43919,-99.101685,10260014,2016-11-08 14:50:00,4758.24866898148,2016,0.094,39.4391856954948,-99.1016750004226,18023.5763888889,313,-47433044,18876781
"2247","SOLOMON RIVER BASIN","SC","SC737","3/7/17",1357,39.43919,-99.101685,10260014,2017-03-07 13:57:00,4877.21186342593,2017,0.063,39.4391872402047,-99.1016868863808,18142.5395833333,66,-47433050,18876781
"2248","SOLOMON RIVER BASIN","SC","SC737","6/20/17",1407,39.43919,-99.101685,10260014,2017-06-20 14:07:00,4982.21880787037,2017,0.14,39.4391866789854,-99.10167990054,18247.5465277778,171,-47433047,18876781
"2249","SOLOMON RIVER BASIN","SC","SC737","9/19/17",1429,39.43919,-99.101685,10260014,2017-09-19 14:29:00,5073.23408564815,2017,0.11,39.4391876918878,-99.1016835454122,18338.5618055556,262,-47433048,18876782
"2250","SOLOMON RIVER BASIN","SC","SC737","12/12/17",1444,39.43919,-99.101685,10260014,2017-12-12 14:44:00,5157.24450231481,2017,0.043,39.4391934467105,-99.1016919853215,18422.5722222222,346,-47433052,18876784
"2251","SOLOMON RIVER BASIN","SC","SC737","1/30/18",1518,39.43919,-99.101685,10260014,2018-01-30 15:18:00,5206.26811342593,2018,0.046,39.4391963051522,-99.101679500741,18471.5958333333,30,-47433047,18876786
"2252","SOLOMON RIVER BASIN","SC","SC737","1/30/18",1523,39.43919,-99.101685,10260014,2018-01-30 15:23:00,5206.27158564815,2018,0.044,39.4391912754408,-99.1016805308577,18471.5993055556,30,-47433047,18876783
"2253","SOLOMON RIVER BASIN","SC","SC737","4/24/18",1420,39.43919,-99.101685,10260014,2018-04-24 14:20:00,5290.22783564815,2018,0.08,39.4391987199305,-99.1016922069335,18555.5555555556,114,-47433053,18876787
"2254","SOLOMON RIVER BASIN","SC","SC737","7/10/18",1415,39.43919,-99.101685,10260014,2018-07-10 14:15:00,5367.22436342593,2018,0.16,39.4391938374147,-99.1016827585334,18632.5520833333,191,-47433048,18876784
"2255","SOLOMON RIVER BASIN","SC","SC737","10/9/18",839,39.43919,-99.101685,10260014,2018-10-09 08:39:00,5457.99103009259,2018,0.13,39.4391840491837,-99.101689912761,18723.31875,282,-47433051,18876780
"2256","SOLOMON RIVER BASIN","SC","SC737","5/7/19",842,39.43919,-99.101685,10260014,2019-05-07 08:42:00,5667.99311342593,2019,0.072,39.4391867234625,-99.101688995364,18933.3208333333,127,-47433051,18876781
"2257","SOLOMON RIVER BASIN","SC","SC737","8/6/19",1632,39.43919,-99.101685,10260014,2019-08-06 16:32:00,5759.31950231481,2019,0.083,39.4391812964564,-99.1016929853635,19024.6472222222,218,-47433053,18876778
"2258","SOLOMON RIVER BASIN","SC","SC737","11/19/19",846,39.43919,-99.101685,10260014,2019-11-19 08:46:00,5863.9958912037,2019,0.078,39.4391872653462,-99.101692329083,19129.3236111111,323,-47433053,18876781
"2259","SOLOMON RIVER BASIN","SC","SC737","9/22/20",1225,39.43919,-99.101685,10260014,2020-09-22 12:25:00,6172.14797453704,2020,0.093,39.4391964599375,-99.1016923786678,19437.4756944444,266,-47433053,18876786
"2260","SOLOMON RIVER BASIN","SC","SC737","12/16/20",708,39.43919,-99.101685,10260014,2020-12-16 07:08:00,6256.92783564815,2020,0.069,39.4391816049972,-99.1016934263906,19522.2555555556,351,-47433053,18876779
"2261","SOLOMON RIVER BASIN","SC","SC737","1/12/21",1306,39.43919,-99.101685,10260014,2021-01-12 13:06:00,6284.17644675926,2021,0.049,39.439192263751,-99.101691974125,19549.5041666667,12,-47433052,18876784
"2262","SOLOMON RIVER BASIN","SC","SC737","4/20/21",1018,39.43919,-99.101685,10260014,2021-04-20 10:18:00,6382.05978009259,2021,0.03,39.439182514491,-99.1016851210332,19647.3875,110,-47433049,18876779
"2263","SOLOMON RIVER BASIN","SC","SC737","7/20/21",945,39.43919,-99.101685,10260014,2021-07-20 09:45:00,6473.03686342593,2021,0.12,39.4391935645231,-99.1016947842072,19738.3645833333,201,-47433054,18876784
"2264","SOLOMON RIVER BASIN","SC","SC737","10/26/21",952,39.43919,-99.101685,10260014,2021-10-26 09:52:00,6571.04172453704,2021,0.62,39.4391806837329,-99.1016892480625,19836.3694444444,299,-47433051,18876778
"2265","SOLOMON RIVER BASIN","SC","SC737","2/22/22",1121,39.43919,-99.101685,10260014,2022-02-22 11:21:00,6690.10353009259,2022,0.053,39.4391916635503,-99.1016859099933,19955.43125,53,-47433050,18876783
"2266","SOLOMON RIVER BASIN","SC","SC737","5/17/22",1320,39.43919,-99.101685,10260014,2022-05-17 13:20:00,6774.18616898148,2022,0.13,39.4391879985525,-99.101693651453,20039.5138888889,137,-47433053,18876782
"2267","SOLOMON RIVER BASIN","SC","SC737","8/9/22",1257,39.43919,-99.101685,10260014,2022-08-09 12:57:00,6858.17019675926,2022,0.074,39.4391985513067,-99.1016823361499,20123.4979166667,221,-47433048,18876787
"2268","SOLOMON RIVER BASIN","SC","SC737","11/15/22",1300,39.43919,-99.101685,10260014,2022-11-15 13:00:00,6956.17228009259,2022,0.12,39.4391989705417,-99.1016808659648,20221.5,319,-47433047,18876787
"2269","SOLOMON RIVER BASIN","SC","SC737","3/14/23",1328,39.43919,-99.101685,10260014,2023-03-14 13:28:00,7075.19172453704,2023,0.064,39.4391981627622,-99.1016774419201,20340.5194444444,73,-47433046,18876787
"2270","SOLOMON RIVER BASIN","SC","SC737","6/13/23",1514,39.43919,-99.101685,10260014,2023-06-13 15:14:00,7166.26533564815,2023,0.16,39.439199536022,-99.1016852129827,20431.5930555556,164,-47433049,18876787
"2271","SOLOMON RIVER BASIN","SC","SC737","9/12/23",1334,39.43919,-99.101685,10260014,2023-09-12 13:34:00,7257.1958912037,2023,0.099,39.4391917030881,-99.1016820290735,20522.5236111111,255,-47433048,18876783
"2272","SOLOMON RIVER BASIN","SC","SC737","12/12/23",1354,39.43919,-99.101685,10260014,2023-12-12 13:54:00,7348.20978009259,2023,0.091,39.4391981904396,-99.1016781531559,20613.5375,346,-47433046,18876787
"2273","SOLOMON RIVER BASIN","SC","SC737","1/30/24",1421,39.43919,-99.101685,10260014,2024-01-30 14:21:00,7397.22853009259,2024,0.078,39.4391807286452,-99.1016800456414,20662.55625,30,-47433047,18876778
"2274","SOLOMON RIVER BASIN","SC","SC737","4/23/24",1730,39.43919,-99.101685,10260014,2024-04-23 17:30:00,7481.35978009259,2024,0.06,39.4391958947111,-99.1016903746564,20746.6875,114,-47433052,18876785
"2275","SOLOMON RIVER BASIN","SC","SC737","7/23/24",1740,39.43919,-99.101685,10260014,2024-07-23 17:40:00,7572.36672453704,2024,0.092,39.439182859594,-99.1016863065668,20837.6944444444,205,-47433050,18876779
"2276","SOLOMON RIVER BASIN","SC","SC737","10/22/24",1701,39.43919,-99.101685,10260014,2024-10-22 17:01:00,7663.3396412037,2024,0.08,39.4391971352666,-99.1016872089501,20928.6673611111,296,-47433050,18876786
"2277","SOLOMON RIVER BASIN","SC","SC753","3/22/11",1137,39.659111,-98.914778,10260012,2011-03-22 11:37:00,2700.1146412037,2011,0.26,39.6591149509149,-98.9147850433991,15965.4423611111,81,-47343593,18982045
"2278","SOLOMON RIVER BASIN","SC","SC753","6/21/11",1156,39.659111,-98.914778,10260012,2011-06-21 11:56:00,2791.12783564815,2011,0.68,39.6591073772588,-98.9147759673141,16056.4555555556,172,-47343589,18982042
"2279","SOLOMON RIVER BASIN","SC","SC753","6/21/11",1201,39.659111,-98.914778,10260012,2011-06-21 12:01:00,2791.13130787037,2011,0.694,39.6591154512162,-98.9147753844008,16056.4590277778,172,-47343589,18982046
"2280","SOLOMON RIVER BASIN","SC","SC753","9/20/11",1220,39.659111,-98.914778,10260012,2011-09-20 12:20:00,2882.14450231481,2011,0.344,39.65910421195,-98.914784536915,16147.4722222222,263,-47343593,18982040
"2281","SOLOMON RIVER BASIN","SC","SC753","12/6/11",1219,39.659111,-98.914778,10260012,2011-12-06 12:19:00,2959.14380787037,2011,0.247,39.6591145605114,-98.9147847866875,16224.4715277778,340,-47343593,18982045
"2282","SOLOMON RIVER BASIN","SC","SC753","1/27/15",1200,39.659111,-98.914778,10260012,2015-01-27 12:00:00,4107.13061342593,2015,0.11,39.6591141455176,-98.9147869470206,17372.4583333333,27,-47343594,18982045
"2283","SOLOMON RIVER BASIN","SC","SC753","4/7/15",1159,39.659111,-98.914778,10260012,2015-04-07 11:59:00,4177.12991898148,2015,0.35,39.6591150022601,-98.9147719870889,17442.4576388889,97,-47343587,18982045
"2284","SOLOMON RIVER BASIN","SC","SC753","7/7/15",1300,39.659111,-98.914778,10260012,2015-07-07 13:00:00,4268.17228009259,2015,0.55,39.6591021559032,-98.9147791791549,17533.5,188,-47343590,18982039
"2285","SOLOMON RIVER BASIN","SC","SC753","10/6/15",1101,39.659111,-98.914778,10260012,2015-10-06 11:01:00,4359.0896412037,2015,0.28,39.6591197659502,-98.9147742691092,17624.4173611111,279,-47343588,18982048
"2286","SOLOMON RIVER BASIN","SC","SC753","5/7/19",1111,39.659111,-98.914778,10260012,2019-05-07 11:11:00,5668.09658564815,2019,0.35,39.6591122105322,-98.9147852157854,18933.4243055556,127,-47343593,18982044
"2287","SOLOMON RIVER BASIN","SC","SC753","8/6/19",1311,39.659111,-98.914778,10260012,2019-08-06 13:11:00,5759.17991898148,2019,0.51,39.659114419205,-98.9147737335623,19024.5076388889,218,-47343588,18982045
"2288","SOLOMON RIVER BASIN","SC","SC753","11/19/19",1114,39.659111,-98.914778,10260012,2019-11-19 11:14:00,5864.09866898148,2019,0.15,39.659102440487,-98.9147796471112,19129.4263888889,323,-47343591,18982039
"2289","SOLOMON RIVER BASIN","SC","SC753","3/14/23",1046,39.659111,-98.914778,10260012,2023-03-14 10:46:00,7075.07922453704,2023,0.08,39.6591148580872,-98.9147691117921,20340.4069444444,73,-47343586,18982045
"2290","SOLOMON RIVER BASIN","SC","SC753","6/13/23",1151,39.659111,-98.914778,10260012,2023-06-13 11:51:00,7166.12436342593,2023,0.84,39.6591113945581,-98.9147753641117,20431.4520833333,164,-47343589,18982044
"2291","SOLOMON RIVER BASIN","SC","SC753","9/12/23",1105,39.659111,-98.914778,10260012,2023-09-12 11:05:00,7257.09241898148,2023,0.36,39.6591140248102,-98.9147683246621,20522.4201388889,255,-47343585,18982045
"2292","SOLOMON RIVER BASIN","SC","SC753","12/12/23",1134,39.659111,-98.914778,10260012,2023-12-12 11:34:00,7348.11255787037,2023,0.15,39.6591125333891,-98.9147861375547,20613.4402777778,346,-47343594,18982044
